ts,size,pool_a,pool_b,spread_bps,corridor_bps,exit_bps,dev_a,dev_b,suspect,slot_a,slot_b,slot_now,blockhash8,state
2026-08-24 01:28:06 UTC,0.1,Raydium,Raydium CLMM,4.7,35,-30.3,0.0,4.7,False,441285616,441285648,441285621,EmPRq4MV,ok
2026-08-24 01:28:06 UTC,1,Raydium,Quantum,6.1,60,-53.9,0.0,6.1,False,441285616,441285648,441285621,EmPRq4MV,ok
2026-08-24 01:28:06 UTC,10,Raydium,Quantum,7.3,60,-52.7,0.0,7.3,False,441285616,441285649,441285621,EmPRq4MV,ok
2026-08-24 01:28:06 UTC,100,Raydium,Quantum,19.9,60,-40.1,0.0,19.9,False,441285616,441285650,441285621,EmPRq4MV,ok
2026-08-24 01:28:06 UTC,100,Raydium,BisonFi,19.6,60,-40.4,0.0,19.6,False,441285616,441285650,441285621,EmPRq4MV,ok
2026-08-24 01:28:06 UTC,100,Raydium,Flux,20.3,60,-39.7,0.0,20.3,False,441285616,441285650,441285621,EmPRq4MV,ok
2026-08-24 01:28:06 UTC,100,Quantum,BisonFi,-0.3,60,-59.7,19.9,19.6,False,441285650,441285650,441285621,EmPRq4MV,ok
2026-08-24 01:28:06 UTC,100,Quantum,Flux,0.4,60,-59.6,19.9,20.3,False,441285650,441285650,441285621,EmPRq4MV,ok
2026-08-24 01:28:06 UTC,100,BisonFi,Flux,0.7,60,-59.3,19.6,20.3,False,441285650,441285650,441285621,EmPRq4MV,ok
2026-08-24 01:28:09 UTC,0.1,Raydium,Raydium CLMM,2.9,35,-32.1,0.0,2.9,False,441285625,441285657,441285631,EdJNdNbN,ok
2026-08-24 01:30:24 UTC,0.1,Raydium,Byreal,11.6,60,-48.4,0.0,11.6,False,441285994,441286025,441285999,HaMSyvYJ,ok
2026-08-24 01:30:24 UTC,1,Raydium,PancakeSwap,8.6,60,-51.4,0.0,8.6,False,441285994,441286027,441285999,HaMSyvYJ,ok
2026-08-24 01:30:24 UTC,10,Raydium,ZeroFi,9.7,60,-50.3,0.0,9.7,False,441285994,441286027,441285999,HaMSyvYJ,ok
2026-08-24 01:30:24 UTC,100,Raydium,Scorch,24.1,60,-35.9,0.0,24.1,False,441285994,441286028,441285999,HaMSyvYJ,ok
2026-08-24 01:30:24 UTC,100,Raydium,BisonFi,23.8,60,-36.2,0.0,23.8,False,441285994,441286028,441285999,HaMSyvYJ,ok
2026-08-24 01:30:24 UTC,100,Scorch,BisonFi,-0.3,60,-59.7,24.1,23.8,False,441286028,441286028,441285999,HaMSyvYJ,ok
2026-08-24 02:00:28 UTC,0.1,Raydium,Quantum,34.9,60,-25.1,0.0,34.9,False,441290967,441290998,441290972,DAX5PAQo,ok
2026-08-24 02:30:35 UTC,0.1,Raydium,Scorch,47.4,60,-12.6,0.0,47.4,False,441295900,441295932,441295906,HB15bVs1,ok
2026-08-24 02:30:35 UTC,1,Raydium,Whirlpool,45.8,35,10.8,0.0,45.8,False,441295900,441295933,441295906,HB15bVs1,ok
2026-08-24 02:30:35 UTC,10,Raydium,Meteora DLMM,46.3,55,-8.7,0.0,46.3,False,441295900,441295934,441295906,HB15bVs1,ok
2026-08-24 02:30:35 UTC,100,Raydium,Scorch,59.4,60,-0.6,0.0,59.4,False,441295900,441295935,441295906,HB15bVs1,ok
2026-08-24 02:30:35 UTC,100,Raydium,Whirlpool,59.5,35,24.5,0.0,59.5,False,441295900,441295935,441295906,HB15bVs1,ok
2026-08-24 02:30:35 UTC,100,Raydium,Scorch,60.0,60,-0.0,0.0,60.0,False,441295900,441295935,441295906,HB15bVs1,ok
2026-08-24 02:30:35 UTC,100,Scorch,Whirlpool,0.1,35,-34.9,59.4,59.5,False,441295935,441295935,441295906,HB15bVs1,ok
2026-08-24 02:30:35 UTC,100,Whirlpool,Scorch,0.5,35,-34.5,59.5,60.0,False,441295935,441295935,441295906,HB15bVs1,ok
2026-08-24 03:30:49 UTC,0.1,Raydium,Deriverse,-1.6,60,-58.4,0.0,1.6,False,441305786,441305818,441305792,96uzK8wD,ok
2026-08-24 03:30:49 UTC,1,Raydium,Raydium CLMM,-2.8,35,-32.2,0.0,2.8,False,441305786,441305819,441305792,96uzK8wD,ok
2026-08-24 03:30:49 UTC,10,Raydium,BisonFi,-1.6,60,-58.4,0.0,1.6,False,441305786,441305820,441305792,96uzK8wD,ok
2026-08-24 03:30:49 UTC,100,Raydium,Scorch,14.1,60,-45.9,0.0,14.1,False,441305786,441305821,441305792,96uzK8wD,ok
2026-08-24 03:30:49 UTC,100,Raydium,Scorch,14.8,60,-45.2,0.0,14.8,False,441305786,441305821,441305792,96uzK8wD,ok
2026-08-24 04:00:05 UTC,0.1,Raydium,Flux,57.4,60,-2.6,0.0,57.4,False,441310580,441310612,441310585,4Z1wbzwy,ok
2026-08-24 04:30:11 UTC,0.1,Raydium,Quantum,29.2,60,-30.8,0.0,29.2,False,441315546,441315579,441315556,BUGrJQtW,ok
2026-08-24 04:30:11 UTC,1,Raydium,Flux,30.9,60,-29.1,0.0,30.9,False,441315546,441315581,441315556,BUGrJQtW,ok
2026-08-24 04:30:11 UTC,10,Raydium,Scorch,31.8,60,-28.2,0.0,31.8,False,441315546,441315583,441315556,BUGrJQtW,ok
2026-08-24 04:30:11 UTC,100,Raydium,TesseraV,44.2,60,-15.8,0.0,44.2,False,441315546,441315585,441315556,BUGrJQtW,ok
2026-08-24 04:30:11 UTC,100,Raydium,Scorch,44.5,60,-15.5,0.0,44.5,False,441315546,441315585,441315556,BUGrJQtW,ok
2026-08-24 04:30:11 UTC,100,Raydium,Scorch,44.4,60,-15.6,0.0,44.4,False,441315546,441315585,441315556,BUGrJQtW,ok
2026-08-24 04:30:11 UTC,100,TesseraV,Scorch,0.3,60,-59.7,44.2,44.5,False,441315585,441315585,441315556,BUGrJQtW,ok
2026-08-24 04:30:11 UTC,100,TesseraV,Scorch,0.2,60,-59.8,44.2,44.4,False,441315585,441315585,441315556,BUGrJQtW,ok
2026-08-24 05:00:16 UTC,0.1,Raydium,Scorch,54.3,60,-5.7,0.0,54.3,False,441320497,441320528,441320502,DRhm4QT4,ok
2026-08-24 06:32:31 UTC,0.1,Raydium,Quantum,28.7,60,-31.3,0.0,28.7,False,441335675,441335707,441335680,3RAZdRyD,ok
2026-08-24 06:32:31 UTC,1,Raydium,Flux,28.4,60,-31.6,0.0,28.4,False,441335675,441335708,441335680,3RAZdRyD,ok
2026-08-24 06:32:31 UTC,10,Raydium,Quantum,29.7,60,-30.3,0.0,29.7,False,441335675,441335709,441335680,3RAZdRyD,ok
2026-08-24 06:32:31 UTC,100,Raydium,Quantum,42.2,60,-17.8,0.0,42.2,False,441335675,441335710,441335680,3RAZdRyD,ok
2026-08-24 06:32:31 UTC,100,Raydium,Flux,42.2,60,-17.8,0.0,42.2,False,441335675,441335710,441335680,3RAZdRyD,ok
2026-08-24 06:32:31 UTC,100,Raydium,TesseraV,41.7,60,-18.3,0.0,41.7,False,441335675,441335710,441335680,3RAZdRyD,ok
2026-08-24 06:32:31 UTC,100,Quantum,Flux,0.0,60,-60.0,42.2,42.2,False,441335710,441335710,441335680,3RAZdRyD,ok
2026-08-24 06:32:31 UTC,100,Quantum,TesseraV,-0.5,60,-59.5,42.2,41.7,False,441335710,441335710,441335680,3RAZdRyD,ok
2026-08-24 06:32:31 UTC,100,Flux,TesseraV,-0.5,60,-59.5,42.2,41.7,False,441335710,441335710,441335680,3RAZdRyD,ok
2026-08-24 07:38:28 UTC,0.1,Raydium,BisonFi,22.3,60,-37.7,0.0,22.3,False,441346514,441346546,441346521,6dgofmDt,ok
2026-08-24 07:38:28 UTC,1,Raydium,BisonFi,22.7,60,-37.3,0.0,22.7,False,441346514,441346547,441346521,6dgofmDt,ok
2026-08-24 07:38:28 UTC,10,Raydium,BisonFi,23.6,60,-36.4,0.0,23.6,False,441346514,441346548,441346521,6dgofmDt,ok
2026-08-24 07:38:28 UTC,100,Raydium,Quantum,36.9,60,-23.1,0.0,36.9,False,441346514,441346549,441346521,6dgofmDt,ok
2026-08-24 07:38:28 UTC,100,Raydium,BisonFi,36.7,60,-23.3,0.0,36.7,False,441346514,441346549,441346521,6dgofmDt,ok
2026-08-24 07:38:28 UTC,100,Raydium,BisonFi,37.5,60,-22.5,0.0,37.5,False,441346514,441346549,441346521,6dgofmDt,ok
2026-08-24 07:38:28 UTC,100,Quantum,BisonFi,-0.2,60,-59.8,36.9,36.7,False,441346549,441346549,441346521,6dgofmDt,ok
2026-08-24 07:38:28 UTC,100,Quantum,BisonFi,0.6,60,-59.4,36.9,37.5,False,441346549,441346549,441346521,6dgofmDt,ok
2026-08-24 11:40:23 UTC,0.1,Raydium,BisonFi,47.8,60,-12.2,0.0,47.8,False,441386331,441386362,441386338,6wqgqqmf,ok
2026-08-24 12:30:45 UTC,0.1,Raydium,Aquifer,51.9,60,-8.1,0.0,51.9,False,441394646,441394678,441394651,u2pYRsEe,ok
2026-08-24 12:30:45 UTC,1,Raydium,BisonFi,52.1,60,-7.9,0.0,52.1,False,441394646,441394679,441394651,u2pYRsEe,ok
2026-08-24 12:30:45 UTC,10,Raydium,BisonFi,55.2,60,-4.8,0.0,55.2,False,441394646,441394679,441394651,u2pYRsEe,ok
2026-08-24 12:30:45 UTC,100,Raydium,TesseraV,66.8,60,6.8,0.0,66.8,False,441394646,441394680,441394651,u2pYRsEe,ok
2026-08-24 12:30:45 UTC,100,Raydium,BisonFi,68.5,60,8.5,0.0,68.5,False,441394646,441394680,441394651,u2pYRsEe,ok
2026-08-24 12:30:45 UTC,100,TesseraV,BisonFi,1.8,60,-58.2,66.8,68.5,False,441394680,441394680,441394651,u2pYRsEe,ok
2026-08-24 13:00:53 UTC,0.1,Raydium,BisonFi,30.2,60,-29.8,0.0,30.2,False,441399590,441399622,441399595,263kuP1h,ok
2026-08-24 14:38:07 UTC,0.1,Raydium,Flux,32.0,60,-28.0,0.0,32.0,False,441415571,441415607,441415583,CXEFjMSF,ok
2026-08-24 14:38:07 UTC,1,Raydium,Scorch,34.4,60,-25.6,0.0,34.4,False,441415571,441415608,441415583,CXEFjMSF,ok
2026-08-24 14:38:07 UTC,10,Raydium,Quantum,33.5,60,-26.5,0.0,33.5,False,441415571,441415609,441415583,CXEFjMSF,ok
2026-08-24 14:38:07 UTC,100,Raydium,Scorch,46.3,60,-13.7,0.0,46.3,False,441415571,441415611,441415583,CXEFjMSF,ok
2026-08-24 14:38:07 UTC,100,Raydium,TesseraV,46.0,60,-14.0,0.0,46.0,False,441415571,441415611,441415583,CXEFjMSF,ok
2026-08-24 14:38:07 UTC,100,Raydium,Scorch,48.4,60,-11.6,0.0,48.4,False,441415571,441415611,441415583,CXEFjMSF,ok
2026-08-24 14:38:07 UTC,100,Scorch,TesseraV,-0.3,60,-59.7,46.3,46.0,False,441415611,441415611,441415583,CXEFjMSF,ok
2026-08-24 14:38:07 UTC,100,TesseraV,Scorch,2.4,60,-57.6,46.0,48.4,False,441415611,441415611,441415583,CXEFjMSF,ok
2026-08-24 15:45:05 UTC,0.1,Raydium,Byreal,53.1,60,-6.9,0.0,53.1,False,441426506,441426538,441426514,6XTRZpzC,ok
2026-08-24 15:45:05 UTC,1,Raydium,ZeroFi,52.0,60,-8.0,0.0,52.0,False,441426506,441426541,441426514,6XTRZpzC,ok
2026-08-24 15:45:05 UTC,10,Raydium,ZeroFi,53.2,60,-6.8,0.0,53.2,False,441426506,441426542,441426514,6XTRZpzC,ok
2026-08-24 15:45:05 UTC,100,Raydium,Raydium CLMM,63.6,35,28.6,0.0,63.6,False,441426506,441426544,441426514,6XTRZpzC,ok
2026-08-24 15:45:05 UTC,100,Raydium,Raydium CLMM,64.7,35,29.7,0.0,64.7,False,441426506,441426544,441426514,6XTRZpzC,ok
2026-08-24 15:45:05 UTC,100,Raydium,ZeroFi,62.9,60,2.9,0.0,62.9,False,441426506,441426544,441426514,6XTRZpzC,ok
2026-08-24 15:45:05 UTC,100,Raydium CLMM,ZeroFi,-0.6,35,-34.4,63.6,62.9,False,441426544,441426544,441426514,6XTRZpzC,ok
2026-08-24 15:45:05 UTC,100,Raydium CLMM,ZeroFi,-1.7,35,-33.3,64.7,62.9,False,441426544,441426544,441426514,6XTRZpzC,ok
2026-08-24 16:46:39 UTC,0.1,Raydium,BisonFi,38.4,60,-21.6,0.0,38.4,False,441436592,441436625,441436615,H2d3bETP,ok
2026-08-24 16:46:39 UTC,1,Raydium,BisonFi,41.8,60,-18.2,0.0,41.8,False,441436592,441436631,441436615,H2d3bETP,ok
2026-08-24 16:46:39 UTC,10,Raydium,Scorch,47.7,60,-12.3,0.0,47.7,False,441436592,441436638,441436615,H2d3bETP,ok
2026-08-24 16:46:39 UTC,100,Raydium,TesseraV,60.9,60,0.9,0.0,60.9,False,441436592,441436641,441436615,H2d3bETP,ok
2026-08-24 16:46:39 UTC,100,Raydium,Scorch,61.0,60,1.0,0.0,61.0,False,441436592,441436641,441436615,H2d3bETP,ok
2026-08-24 16:46:39 UTC,100,Raydium,Scorch,62.4,60,2.4,0.0,62.4,False,441436592,441436641,441436615,H2d3bETP,ok
2026-08-24 16:46:39 UTC,100,TesseraV,Scorch,0.1,60,-59.9,60.9,61.0,False,441436641,441436641,441436615,H2d3bETP,ok
2026-08-24 16:46:39 UTC,100,TesseraV,Scorch,1.6,60,-58.4,60.9,62.4,False,441436641,441436641,441436615,H2d3bETP,ok
2026-08-24 17:34:48 UTC,0.1,Raydium,Byreal,41.7,60,-18.3,0.0,41.7,False,441444493,441444525,441444504,HvbSFJxH,ok
2026-08-24 17:34:48 UTC,1,Raydium,BisonFi,37.9,60,-22.1,0.0,37.9,False,441444493,441444527,441444504,HvbSFJxH,ok
2026-08-24 17:34:48 UTC,10,Raydium,BisonFi,37.6,60,-22.4,0.0,37.6,False,441444493,441444529,441444504,HvbSFJxH,ok
2026-08-24 17:34:48 UTC,100,Raydium,BisonFi,51.8,60,-8.2,0.0,51.8,False,441444493,441444531,441444504,HvbSFJxH,ok
2026-08-24 17:34:48 UTC,100,Raydium,BisonFi,52.8,60,-7.2,0.0,52.8,False,441444493,441444531,441444504,HvbSFJxH,ok
2026-08-24 18:07:46 UTC,0.1,Raydium,Raydium CLMM,47.5,35,12.5,0.0,47.5,False,441449877,441449910,441449890,4i1fnGHn,ok
2026-08-24 18:07:46 UTC,1,Raydium,BisonFi,47.4,60,-12.6,0.0,47.4,False,441449877,441449912,441449890,4i1fnGHn,ok
2026-08-24 18:07:46 UTC,10,Raydium,TesseraV,47.4,60,-12.6,0.0,47.4,False,441449877,441449914,441449890,4i1fnGHn,ok
2026-08-24 19:12:56 UTC,0.1,Raydium,Scorch,54.8,60,-5.2,0.0,54.8,False,441460512,441460547,441460528,GTv5KSsv,ok
2026-08-24 20:59:56 UTC,0.1,Raydium,Byreal,40.0,60,-20.0,0.0,40.0,False,441478045,441478077,441478056,GPbMZutf,ok
2026-08-24 20:59:56 UTC,1,Raydium,BisonFi,39.3,60,-20.7,0.0,39.3,False,441478045,441478079,441478056,GPbMZutf,ok
2026-08-24 20:59:56 UTC,10,Raydium,TesseraV,40.7,60,-19.3,0.0,40.7,False,441478045,441478081,441478056,GPbMZutf,ok
2026-08-24 20:59:56 UTC,100,Raydium,BisonFi,55.7,60,-4.3,0.0,55.7,False,441478045,441478083,441478056,GPbMZutf,ok
2026-08-24 20:59:56 UTC,100,Raydium,BisonFi,56.0,60,-4.0,0.0,56.0,False,441478045,441478083,441478056,GPbMZutf,ok
2026-08-24 20:59:56 UTC,100,Raydium,BisonFi,54.4,60,-5.6,0.0,54.4,False,441478045,441478083,441478056,GPbMZutf,ok
2026-08-24 21:16:39 UTC,1,Raydium,BisonFi,37.3,60,-22.7,0.0,37.3,False,441480786,441480823,441480798,DcUAh1CT,ok
2026-08-24 21:16:39 UTC,10,Raydium,BisonFi,39.9,60,-20.1,0.0,39.9,False,441480786,441480825,441480798,DcUAh1CT,ok
2026-08-24 21:16:39 UTC,100,Raydium,BisonFi,51.6,60,-8.4,0.0,51.6,False,441480786,441480826,441480798,DcUAh1CT,ok
2026-08-24 21:16:39 UTC,100,Raydium,BisonFi,53.1,60,-6.9,0.0,53.1,False,441480786,441480826,441480798,DcUAh1CT,ok
2026-08-24 21:33:05 UTC,0.1,Raydium,Aquifer,41.0,60,-19.0,0.0,41.0,False,441483481,441483512,441483487,7jM43j96,ok
2026-08-24 21:33:05 UTC,1,Raydium,Scorch,42.7,60,-17.3,0.0,42.7,False,441483481,441483513,441483487,7jM43j96,ok
2026-08-24 21:33:05 UTC,10,Raydium,Scorch,44.1,60,-15.9,0.0,44.1,False,441483481,441483513,441483487,7jM43j96,ok
2026-08-24 21:33:05 UTC,100,Raydium,Scorch,55.9,60,-4.1,0.0,55.9,False,441483481,441483514,441483487,7jM43j96,ok
2026-08-24 21:33:05 UTC,100,Raydium,Aquifer,55.6,60,-4.4,0.0,55.6,False,441483481,441483514,441483487,7jM43j96,ok
2026-08-24 21:33:05 UTC,100,Raydium,Scorch,57.2,60,-2.8,0.0,57.2,False,441483481,441483514,441483487,7jM43j96,ok
2026-08-24 21:33:05 UTC,100,Scorch,Aquifer,-0.2,60,-59.8,55.9,55.6,False,441483514,441483514,441483487,7jM43j96,ok
2026-08-24 21:33:05 UTC,100,Aquifer,Scorch,1.6,60,-58.4,55.6,57.2,False,441483514,441483514,441483487,7jM43j96,ok
2026-08-24 23:46:26 UTC,0.1,Raydium,Quantum,26.8,60,-33.2,0.0,26.8,False,441505348,441505380,441505355,9bnYLG1v,ok
2026-08-24 23:46:26 UTC,1,Raydium,Quantum,26.9,60,-33.1,0.0,26.9,False,441505348,441505382,441505355,9bnYLG1v,ok
2026-08-24 23:46:26 UTC,10,Raydium,BisonFi,30.1,60,-29.9,0.0,30.1,False,441505348,441505383,441505355,9bnYLG1v,ok
2026-08-24 23:46:26 UTC,100,Raydium,Quantum,42.4,60,-17.6,0.0,42.4,False,441505348,441505384,441505355,9bnYLG1v,ok
2026-08-24 23:46:26 UTC,100,Raydium,Scorch,42.2,60,-17.8,0.0,42.2,False,441505348,441505384,441505355,9bnYLG1v,ok
2026-08-24 23:46:26 UTC,100,Raydium,Scorch,43.5,60,-16.5,0.0,43.5,False,441505348,441505384,441505355,9bnYLG1v,ok
2026-08-24 23:46:26 UTC,100,Quantum,Scorch,-0.2,60,-59.8,42.4,42.2,False,441505384,441505384,441505355,9bnYLG1v,ok
2026-08-24 23:46:26 UTC,100,Quantum,Scorch,1.1,60,-58.9,42.4,43.5,False,441505384,441505384,441505355,9bnYLG1v,ok
2026-08-25 00:23:23 UTC,0.1,Raydium,Flux,87.1,60,27.1,0.0,87.1,True,441508799,441508840,441511383,CNSsGY6w,stale
2026-08-25 00:23:23 UTC,10,Raydium,Quantum,83.5,60,23.5,0.0,83.5,True,441508799,441508854,441511383,CNSsGY6w,stale
2026-08-25 03:00:47 UTC,0.1,Raydium,Aquifer,56.0,60,-4.0,0.0,56.0,False,441537152,441537184,441537159,A7F3bWzL,ok
2026-08-25 03:34:36 UTC,0.1,Raydium,Flux,48.0,60,-12.0,0.0,48.0,False,441542692,441542724,441542700,7Wxs1hzW,ok
2026-08-25 03:34:36 UTC,1,Raydium,Quantum,47.0,60,-13.0,0.0,47.0,False,441542692,441542725,441542700,7Wxs1hzW,ok
2026-08-25 03:34:36 UTC,10,Raydium,Scorch,49.7,60,-10.3,0.0,49.7,False,441542692,441542726,441542700,7Wxs1hzW,ok
2026-08-25 03:34:36 UTC,100,Raydium,ZeroFi,61.5,60,1.5,0.0,61.5,False,441542692,441542727,441542700,7Wxs1hzW,ok
2026-08-25 03:34:36 UTC,100,Raydium,BisonFi,62.9,60,2.9,0.0,62.9,False,441542692,441542727,441542700,7Wxs1hzW,ok
2026-08-25 03:34:36 UTC,100,ZeroFi,BisonFi,1.4,60,-58.6,61.5,62.9,False,441542727,441542727,441542700,7Wxs1hzW,ok
2026-08-25 04:04:01 UTC,0.1,Raydium,Scorch,20.7,60,-39.3,0.0,20.7,False,441547515,441547546,441547521,3gaQtSbo,ok
2026-08-25 04:04:01 UTC,1,Raydium,Scorch,21.1,60,-38.9,0.0,21.1,False,441547515,441547548,441547521,3gaQtSbo,ok
2026-08-25 04:04:01 UTC,10,Raydium,BisonFi,21.1,60,-38.9,0.0,21.1,False,441547515,441547548,441547521,3gaQtSbo,ok
2026-08-25 04:04:01 UTC,10,Raydium,BisonFi,22.5,60,-37.5,0.0,22.5,False,441547515,441547548,441547521,3gaQtSbo,ok
2026-08-25 04:04:01 UTC,100,Raydium,BisonFi,34.9,60,-25.1,0.0,34.9,False,441547515,441547550,441547521,3gaQtSbo,ok
2026-08-25 04:04:01 UTC,100,Raydium,BisonFi,34.1,60,-25.9,0.0,34.1,False,441547515,441547550,441547521,3gaQtSbo,ok
2026-08-25 04:35:11 UTC,0.1,Raydium,Flux,16.7,60,-43.3,0.0,16.7,False,441552628,441552660,441552634,Dmkoyof7,ok
2026-08-25 04:35:11 UTC,1,Raydium,Raydium CLMM,14.2,35,-20.8,0.0,14.2,False,441552628,441552661,441552634,Dmkoyof7,ok
2026-08-25 04:35:11 UTC,10,Raydium,Raydium CLMM,15.3,35,-19.7,0.0,15.3,False,441552628,441552662,441552634,Dmkoyof7,ok
2026-08-25 04:35:11 UTC,10,Raydium,PancakeSwap,13.2,60,-46.8,0.0,13.2,False,441552628,441552662,441552634,Dmkoyof7,ok
2026-08-25 04:35:11 UTC,10,Raydium,GoonFi V2,12.9,60,-47.1,0.0,12.9,False,441552628,441552662,441552634,Dmkoyof7,ok
2026-08-25 04:35:11 UTC,10,Raydium CLMM,PancakeSwap,-2.2,35,-32.8,15.3,13.2,False,441552662,441552662,441552634,Dmkoyof7,ok
2026-08-25 04:35:11 UTC,10,Raydium CLMM,GoonFi V2,-2.4,35,-32.6,15.3,12.9,False,441552662,441552662,441552634,Dmkoyof7,ok
2026-08-25 04:35:11 UTC,10,PancakeSwap,GoonFi V2,-0.2,60,-59.8,13.2,12.9,False,441552662,441552662,441552634,Dmkoyof7,ok
2026-08-25 04:35:11 UTC,100,Raydium,Scorch,26.5,60,-33.5,0.0,26.5,False,441552628,441552663,441552634,Dmkoyof7,ok
2026-08-25 04:35:11 UTC,100,Raydium,PancakeSwap,24.5,60,-35.5,0.0,24.5,False,441552628,441552663,441552634,Dmkoyof7,ok
2026-08-25 04:35:11 UTC,100,Raydium,BisonFi,26.1,60,-33.9,0.0,26.1,False,441552628,441552663,441552634,Dmkoyof7,ok
2026-08-25 04:35:11 UTC,100,Scorch,PancakeSwap,-2.0,60,-58.0,26.5,24.5,False,441552663,441552663,441552634,Dmkoyof7,ok
2026-08-25 04:35:11 UTC,100,Scorch,BisonFi,-0.3,60,-59.7,26.5,26.1,False,441552663,441552663,441552634,Dmkoyof7,ok
2026-08-25 04:35:11 UTC,100,PancakeSwap,BisonFi,1.7,60,-58.3,24.5,26.1,False,441552663,441552663,441552634,Dmkoyof7,ok
2026-08-25 07:30:57 UTC,0.1,Raydium,Quantum,11.6,60,-48.4,0.0,11.6,False,441581512,441581543,441581519,35ge69cW,ok
2026-08-25 07:30:57 UTC,1,Raydium,Flux,13.5,60,-46.5,0.0,13.5,False,441581512,441581545,441581519,35ge69cW,ok
2026-08-25 07:30:57 UTC,10,Raydium,BisonFi,14.5,60,-45.5,0.0,14.5,False,441581512,441581546,441581519,35ge69cW,ok
2026-08-25 07:30:57 UTC,10,Raydium,BisonFi,11.6,60,-48.4,0.0,11.6,False,441581512,441581546,441581519,35ge69cW,ok
2026-08-25 07:30:57 UTC,100,Raydium,BisonFi,24.1,60,-35.9,0.0,24.1,False,441581512,441581548,441581519,35ge69cW,ok
2026-08-25 07:30:57 UTC,100,Raydium,BisonFi,26.5,60,-33.5,0.0,26.5,False,441581512,441581548,441581519,35ge69cW,ok
2026-08-25 08:30:14 UTC,0.1,Raydium,Quantum,51.4,60,-8.6,0.0,51.4,False,441591223,441591254,441591243,HJ15vViZ,ok
2026-08-25 08:30:14 UTC,10,Raydium,Flux,58.5,60,-1.5,0.0,58.5,False,441591223,441591270,441591243,HJ15vViZ,ok
2026-08-25 08:30:14 UTC,10,Raydium,GoonFi V2,58.6,60,-1.4,0.0,58.6,False,441591223,441591270,441591243,HJ15vViZ,ok
2026-08-25 08:30:14 UTC,10,Raydium,GoonFi V2,55.8,60,-4.2,0.0,55.8,False,441591223,441591270,441591243,HJ15vViZ,ok
2026-08-25 08:30:14 UTC,10,Flux,GoonFi V2,0.1,60,-59.9,58.5,58.6,False,441591270,441591270,441591243,HJ15vViZ,ok
2026-08-25 08:30:14 UTC,10,Flux,GoonFi V2,-2.6,60,-57.4,58.5,55.8,False,441591270,441591270,441591243,HJ15vViZ,ok
2026-08-25 08:30:14 UTC,100,Raydium,TesseraV,68.8,60,8.8,0.0,68.8,False,441591223,441591271,441591243,HJ15vViZ,ok
2026-08-25 08:30:14 UTC,100,Raydium,Scorch,71.8,60,11.8,0.0,71.8,False,441591223,441591271,441591243,HJ15vViZ,ok
2026-08-25 08:30:14 UTC,100,Raydium,Scorch,69.0,60,9.0,0.0,69.0,False,441591223,441591271,441591243,HJ15vViZ,ok
2026-08-25 08:30:14 UTC,100,TesseraV,Scorch,3.0,60,-57.0,68.8,71.8,False,441591271,441591271,441591243,HJ15vViZ,ok
2026-08-25 08:30:14 UTC,100,TesseraV,Scorch,0.3,60,-59.7,68.8,69.0,False,441591271,441591271,441591243,HJ15vViZ,ok
2026-08-25 09:00:16 UTC,0.1,Raydium,Quantum,41.9,60,-18.1,0.0,41.9,False,441596184,441596216,441596190,97NY8J4K,ok
2026-08-25 09:30:23 UTC,0.1,Raydium,BisonFi,20.0,60,-40.0,0.0,20.0,False,441601153,441601184,441601159,EqhzWG3G,ok
2026-08-25 09:30:23 UTC,1,Raydium,Quantum,20.7,60,-39.3,0.0,20.7,False,441601153,441601186,441601159,EqhzWG3G,ok
2026-08-25 09:30:23 UTC,10,Raydium,Quantum,23.8,60,-36.2,0.0,23.8,False,441601153,441601188,441601159,EqhzWG3G,ok
2026-08-25 09:30:23 UTC,100,Raydium,Scorch,36.0,60,-24.0,0.0,36.0,False,441601153,441601188,441601159,EqhzWG3G,ok
2026-08-25 09:30:23 UTC,100,Raydium,Quantum,37.0,60,-23.0,0.0,37.0,False,441601153,441601188,441601159,EqhzWG3G,ok
2026-08-25 09:30:23 UTC,100,Raydium,Flux,39.3,60,-20.7,0.0,39.3,False,441601153,441601188,441601159,EqhzWG3G,ok
2026-08-25 09:30:23 UTC,100,Scorch,Quantum,0.9,60,-59.1,36.0,37.0,False,441601188,441601188,441601159,EqhzWG3G,ok
2026-08-25 09:30:23 UTC,100,Scorch,Flux,3.3,60,-56.7,36.0,39.3,False,441601188,441601188,441601159,EqhzWG3G,ok
2026-08-25 09:30:23 UTC,100,Quantum,Flux,2.4,60,-57.6,37.0,39.3,False,441601188,441601188,441601159,EqhzWG3G,ok
2026-08-25 10:00:30 UTC,0.1,Raydium,Quantum,54.7,60,-5.3,0.0,54.7,False,441606101,441606133,441606107,3ZmgKrcA,ok
2026-08-25 10:30:37 UTC,0.1,Raydium,Deriverse,26.6,60,-33.4,0.0,26.6,False,441611070,441611102,441611077,4YLA4HPd,ok
2026-08-25 10:30:37 UTC,1,Raydium,Quantum,26.3,60,-33.7,0.0,26.3,False,441611070,441611102,441611077,4YLA4HPd,ok
2026-08-25 10:30:37 UTC,10,Raydium,Quantum,27.5,60,-32.5,0.0,27.5,False,441611070,441611103,441611077,4YLA4HPd,ok
2026-08-25 10:30:37 UTC,100,Raydium,Scorch,42.3,60,-17.7,0.0,42.3,False,441611070,441611104,441611077,4YLA4HPd,ok
2026-08-25 10:30:37 UTC,100,Raydium,Scorch,44.6,60,-15.4,0.0,44.6,False,441611070,441611104,441611077,4YLA4HPd,ok
2026-08-25 10:30:37 UTC,100,Raydium,Quantum,42.9,60,-17.1,0.0,42.9,False,441611070,441611104,441611077,4YLA4HPd,ok
2026-08-25 10:30:37 UTC,100,Scorch,Quantum,0.6,60,-59.4,42.3,42.9,False,441611104,441611104,441611077,4YLA4HPd,ok
2026-08-25 10:30:37 UTC,100,Scorch,Quantum,-1.7,60,-58.3,44.6,42.9,False,441611104,441611104,441611077,4YLA4HPd,ok
2026-08-25 11:30:57 UTC,0.1,Raydium,BisonFi,41.8,60,-18.2,0.0,41.8,False,441620976,441621009,441620988,GTQBGnXX,ok
2026-08-25 11:30:57 UTC,1,Raydium,BisonFi,42.4,60,-17.6,0.0,42.4,False,441620976,441621012,441620988,GTQBGnXX,ok
2026-08-25 11:30:57 UTC,10,Raydium,TesseraV,42.4,60,-17.6,0.0,42.4,False,441620976,441621016,441620988,GTQBGnXX,ok
2026-08-25 11:30:57 UTC,100,Raydium,Quantum,56.1,60,-3.9,0.0,56.1,False,441620976,441621017,441620988,GTQBGnXX,ok
2026-08-25 11:30:57 UTC,100,Raydium,TesseraV,56.1,60,-3.9,0.0,56.1,False,441620976,441621017,441620988,GTQBGnXX,ok
2026-08-25 11:30:57 UTC,100,Quantum,TesseraV,0.0,60,-60.0,56.1,56.1,False,441621017,441621017,441620988,GTQBGnXX,ok
2026-08-25 12:01:01 UTC,0.1,Raydium,BisonFi,16.0,60,-44.0,0.0,16.0,False,441625931,441625963,441625936,2iFXSk97,ok
2026-08-25 12:30:09 UTC,0.1,Raydium,Whirlpool,47.6,35,12.6,0.0,47.6,False,441630725,441630757,441630731,FR9KYGwy,ok
2026-08-25 12:30:09 UTC,1,Raydium,Quantum,49.1,60,-10.9,0.0,49.1,False,441630725,441630757,441630731,FR9KYGwy,ok
2026-08-25 12:30:09 UTC,10,Raydium,Scorch,51.9,60,-8.1,0.0,51.9,False,441630725,441630758,441630731,FR9KYGwy,ok
2026-08-25 12:30:09 UTC,100,Raydium,Aquifer,63.2,60,3.2,0.0,63.2,False,441630725,441630759,441630731,FR9KYGwy,ok
2026-08-25 12:30:09 UTC,100,Raydium,BisonFi,65.0,60,5.0,0.0,65.0,False,441630725,441630759,441630731,FR9KYGwy,ok
2026-08-25 12:30:09 UTC,100,Aquifer,BisonFi,1.8,60,-58.2,63.2,65.0,False,441630759,441630759,441630731,FR9KYGwy,ok
2026-08-25 13:30:22 UTC,0.1,Raydium,BisonFi,64.1,60,4.1,0.0,64.1,False,441640580,441640612,441640586,23bTGqjP,ok
2026-08-25 13:30:22 UTC,1,Raydium,GoonFi V2,61.1,60,1.1,0.0,61.1,False,441640580,441640613,441640586,23bTGqjP,ok
2026-08-25 13:30:22 UTC,10,Raydium,BisonFi,58.8,60,-1.2,0.0,58.8,False,441640580,441640614,441640586,23bTGqjP,ok
2026-08-25 13:30:22 UTC,100,Raydium,Meteora DAMM v2,70.0,60,10.0,0.0,70.0,False,441640580,441640615,441640586,23bTGqjP,ok
2026-08-25 13:30:22 UTC,100,Raydium,PancakeSwap,69.6,60,9.6,0.0,69.6,False,441640580,441640615,441640586,23bTGqjP,ok
2026-08-25 13:30:22 UTC,100,Raydium,BisonFi,70.7,60,10.7,0.0,70.7,False,441640580,441640615,441640586,23bTGqjP,ok
2026-08-25 13:30:22 UTC,100,Meteora DAMM v2,PancakeSwap,-0.4,60,-59.6,70.0,69.6,False,441640615,441640615,441640586,23bTGqjP,ok
2026-08-25 13:30:22 UTC,100,Meteora DAMM v2,BisonFi,0.6,60,-59.4,70.0,70.7,False,441640615,441640615,441640586,23bTGqjP,ok
2026-08-25 13:30:22 UTC,100,PancakeSwap,BisonFi,1.0,60,-59.0,69.6,70.7,False,441640615,441640615,441640586,23bTGqjP,ok
2026-08-25 14:00:29 UTC,0.1,Raydium,BisonFi,50.8,60,-9.2,0.0,50.8,False,441645483,441645514,441645488,47pXmqSu,ok
2026-08-25 14:30:37 UTC,0.1,Raydium,BisonFi,3.3,60,-56.7,0.0,3.3,False,441650410,441650442,441650417,Gc53HZAH,ok
2026-08-25 14:30:37 UTC,1,Raydium,Aquifer,3.9,60,-56.1,0.0,3.9,False,441650410,441650443,441650417,Gc53HZAH,ok
2026-08-25 14:30:37 UTC,10,Raydium,BisonFi,9.3,60,-50.7,0.0,9.3,False,441650410,441650444,441650417,Gc53HZAH,ok
2026-08-25 14:30:37 UTC,100,Raydium,Flux,20.6,60,-39.4,0.0,20.6,False,441650410,441650446,441650417,Gc53HZAH,ok
2026-08-25 14:30:37 UTC,100,Raydium,TesseraV,17.8,60,-42.2,0.0,17.8,False,441650410,441650446,441650417,Gc53HZAH,ok
2026-08-25 14:30:37 UTC,100,Raydium,Aquifer,17.9,60,-42.1,0.0,17.9,False,441650410,441650446,441650417,Gc53HZAH,ok
2026-08-25 14:30:37 UTC,100,Flux,TesseraV,-2.8,60,-57.2,20.6,17.8,False,441650446,441650446,441650417,Gc53HZAH,ok
2026-08-25 14:30:37 UTC,100,Flux,Aquifer,-2.7,60,-57.3,20.6,17.9,False,441650446,441650446,441650417,Gc53HZAH,ok
2026-08-25 14:30:37 UTC,100,TesseraV,Aquifer,0.1,60,-59.9,17.8,17.9,False,441650446,441650446,441650417,Gc53HZAH,ok
2026-08-25 16:52:36 UTC,0.1,Raydium,Quantum,9.2,60,-50.8,0.0,9.2,False,441673639,441673672,441673662,6sGB6HJz,ok
2026-08-25 16:52:36 UTC,1,Raydium,Quantum,9.3,60,-50.7,0.0,9.3,False,441673639,441673677,441673662,6sGB6HJz,ok
2026-08-25 16:52:36 UTC,10,Raydium,Aquifer,13.7,60,-46.3,0.0,13.7,False,441673639,441673679,441673662,6sGB6HJz,ok
2026-08-25 16:52:36 UTC,100,Raydium,Quantum,22.8,60,-37.2,0.0,22.8,False,441673639,441673685,441673662,6sGB6HJz,ok
2026-08-25 16:52:36 UTC,100,Raydium,BisonFi,22.7,60,-37.3,0.0,22.7,False,441673639,441673685,441673662,6sGB6HJz,ok
2026-08-25 16:52:36 UTC,100,Raydium,BisonFi,22.9,60,-37.1,0.0,22.9,False,441673639,441673685,441673662,6sGB6HJz,ok
2026-08-25 16:52:36 UTC,100,Quantum,BisonFi,-0.1,60,-59.9,22.8,22.7,False,441673685,441673685,441673662,6sGB6HJz,ok
2026-08-25 16:52:36 UTC,100,Quantum,BisonFi,0.2,60,-59.8,22.8,22.9,False,441673685,441673685,441673662,6sGB6HJz,ok
2026-08-25 18:13:53 UTC,0.1,Raydium,Scorch,53.8,60,-6.2,0.0,53.8,False,441686954,441686988,441686971,DUVcvLao,ok
2026-08-25 18:30:12 UTC,0.1,Raydium,Deriverse,16.8,60,-43.2,0.0,16.8,False,441689644,441689677,441689656,JZR5TCrH,ok
2026-08-25 18:30:12 UTC,1,Raydium,BisonFi,15.0,60,-45.0,0.0,15.0,False,441689644,441689679,441689656,JZR5TCrH,ok
2026-08-25 18:30:12 UTC,10,Raydium,Scorch,16.9,60,-43.1,0.0,16.9,False,441689644,441689681,441689656,JZR5TCrH,ok
2026-08-25 18:30:12 UTC,100,Raydium,TesseraV,29.2,60,-30.8,0.0,29.2,False,441689644,441689683,441689656,JZR5TCrH,ok
2026-08-25 18:30:12 UTC,100,Raydium,Scorch,29.2,60,-30.8,0.0,29.2,False,441689644,441689683,441689656,JZR5TCrH,ok
2026-08-25 18:30:12 UTC,100,Raydium,BisonFi,29.9,60,-30.1,0.0,29.9,False,441689644,441689683,441689656,JZR5TCrH,ok
2026-08-25 18:30:12 UTC,100,TesseraV,Scorch,0.0,60,-60.0,29.2,29.2,False,441689683,441689683,441689656,JZR5TCrH,ok
2026-08-25 18:30:12 UTC,100,TesseraV,BisonFi,0.7,60,-59.3,29.2,29.9,False,441689683,441689683,441689656,JZR5TCrH,ok
2026-08-25 18:30:12 UTC,100,Scorch,BisonFi,0.7,60,-59.3,29.2,29.9,False,441689683,441689683,441689656,JZR5TCrH,ok
2026-08-25 20:19:36 UTC,0.1,Raydium,Flux,36.4,60,-23.6,0.0,36.4,False,441707625,441707657,441707631,pmbYDWKa,ok
2026-08-25 20:19:36 UTC,1,Raydium,Quantum,36.0,60,-24.0,0.0,36.0,False,441707625,441707658,441707631,pmbYDWKa,ok
2026-08-25 20:36:09 UTC,0.1,Raydium,Whirlpool,42.6,35,7.6,0.0,42.6,False,441710320,441710351,441710329,FnwQC6E5,ok
2026-08-25 20:36:09 UTC,1,Raydium,BisonFi,42.8,60,-17.2,0.0,42.8,False,441710320,441710354,441710329,FnwQC6E5,ok
2026-08-25 20:36:09 UTC,10,Raydium,Quantum,43.5,60,-16.5,0.0,43.5,False,441710320,441710355,441710329,FnwQC6E5,ok
2026-08-25 20:36:09 UTC,100,Raydium,BisonFi,57.3,60,-2.7,0.0,57.3,False,441710320,441710357,441710329,FnwQC6E5,ok
2026-08-25 22:34:48 UTC,0.1,Raydium,Byreal,56.4,60,-3.6,0.0,56.4,False,441729814,441729846,441729820,E276fMhV,ok
2026-08-25 22:34:48 UTC,1,Raydium,ZeroFi,55.1,60,-4.9,0.0,55.1,False,441729814,441729847,441729820,E276fMhV,ok
2026-08-25 22:34:48 UTC,10,Raydium,Aquifer,56.3,60,-3.7,0.0,56.3,False,441729814,441729847,441729820,E276fMhV,ok
2026-08-25 22:34:48 UTC,100,Raydium,GoonFi V2,69.1,60,9.1,0.0,69.1,False,441729814,441729848,441729820,E276fMhV,ok
2026-08-25 22:34:48 UTC,100,Raydium,ZeroFi,69.0,60,9.0,0.0,69.0,False,441729814,441729848,441729820,E276fMhV,ok
2026-08-25 22:34:48 UTC,100,Raydium,Meteora DLMM,69.2,55,14.2,0.0,69.2,False,441729814,441729848,441729820,E276fMhV,ok
2026-08-25 22:34:48 UTC,100,GoonFi V2,ZeroFi,-0.1,60,-59.9,69.1,69.0,False,441729848,441729848,441729820,E276fMhV,ok
2026-08-25 22:34:48 UTC,100,GoonFi V2,Meteora DLMM,0.0,55,-55.0,69.1,69.2,False,441729848,441729848,441729820,E276fMhV,ok
2026-08-25 22:34:48 UTC,100,ZeroFi,Meteora DLMM,0.1,55,-54.9,69.0,69.2,False,441729848,441729848,441729820,E276fMhV,ok
2026-08-25 23:07:41 UTC,0.1,Raydium,Quantum,45.5,60,-14.5,0.0,45.5,False,441735209,441735240,441735217,G3S3yZWB,ok
2026-08-26 00:41:29 UTC,0.1,Raydium,Quantum,47.7,60,-12.3,0.0,47.7,False,441750606,441750638,441750613,2wpiFAKA,ok
2026-08-26 00:41:29 UTC,1,Raydium,Whirlpool,46.8,35,11.8,0.0,46.8,False,441750606,441750639,441750613,2wpiFAKA,ok
2026-08-26 00:41:29 UTC,10,Raydium,Whirlpool,48.1,35,13.1,0.0,48.1,False,441750606,441750640,441750613,2wpiFAKA,ok
2026-08-26 00:41:29 UTC,100,Raydium,Raydium CLMM,61.0,35,26.0,0.0,61.0,False,441750606,441750641,441750613,2wpiFAKA,ok
2026-08-26 00:41:29 UTC,100,Raydium,Whirlpool,61.0,35,26.0,0.0,61.0,False,441750606,441750641,441750613,2wpiFAKA,ok
2026-08-26 00:41:29 UTC,100,Raydium,Aquifer,61.8,60,1.8,0.0,61.8,False,441750606,441750641,441750613,2wpiFAKA,ok
2026-08-26 00:41:29 UTC,100,Raydium CLMM,Whirlpool,0.0,10,-10.0,61.0,61.0,False,441750641,441750641,441750613,2wpiFAKA,ok
2026-08-26 00:41:29 UTC,100,Raydium CLMM,Aquifer,0.7,35,-34.3,61.0,61.8,False,441750641,441750641,441750613,2wpiFAKA,ok
2026-08-26 00:41:29 UTC,100,Whirlpool,Aquifer,0.7,35,-34.3,61.0,61.8,False,441750641,441750641,441750613,2wpiFAKA,ok
2026-08-26 03:30:24 UTC,0.1,Raydium,Flux,47.8,60,-12.2,0.0,47.8,False,441778318,441778352,441778344,EePiW2k5,ok
2026-08-26 03:30:24 UTC,1,Raydium,BisonFi,47.0,60,-13.0,0.0,47.0,False,441778318,441778356,441778344,EePiW2k5,ok
2026-08-26 03:30:24 UTC,10,Raydium,TesseraV,48.7,60,-11.3,0.0,48.7,False,441778318,441778359,441778344,EePiW2k5,ok
2026-08-26 03:30:24 UTC,100,Raydium,TesseraV,61.0,60,1.0,0.0,61.0,False,441778318,441778364,441778344,EePiW2k5,ok
2026-08-26 03:30:24 UTC,100,Raydium,Scorch,62.6,60,2.6,0.0,62.6,False,441778318,441778364,441778344,EePiW2k5,ok
2026-08-26 03:30:24 UTC,100,Raydium,Scorch,61.2,60,1.2,0.0,61.2,False,441778318,441778364,441778344,EePiW2k5,ok
2026-08-26 03:30:24 UTC,100,TesseraV,Scorch,1.6,60,-58.4,61.0,62.6,False,441778364,441778364,441778344,EePiW2k5,ok
2026-08-26 03:30:24 UTC,100,TesseraV,Scorch,0.2,60,-59.8,61.0,61.2,False,441778364,441778364,441778344,EePiW2k5,ok
2026-08-26 04:00:41 UTC,0.1,Raydium,BisonFi,28.4,60,-31.6,0.0,28.4,False,441783311,441783345,441783328,ATLmc8UB,ok
2026-08-26 04:00:41 UTC,1,Raydium,BisonFi,28.6,60,-31.4,0.0,28.6,False,441783311,441783347,441783328,ATLmc8UB,ok
2026-08-26 04:00:41 UTC,10,Raydium,Quantum,30.1,60,-29.9,0.0,30.1,False,441783311,441783349,441783328,ATLmc8UB,ok
2026-08-26 04:00:41 UTC,100,Raydium,Aquifer,43.1,60,-16.9,0.0,43.1,False,441783311,441783350,441783328,ATLmc8UB,ok
2026-08-26 04:00:41 UTC,100,Raydium,Scorch,43.2,60,-16.8,0.0,43.2,False,441783311,441783350,441783328,ATLmc8UB,ok
2026-08-26 04:00:41 UTC,100,Raydium,BisonFi,41.7,60,-18.3,0.0,41.7,False,441783311,441783350,441783328,ATLmc8UB,ok
2026-08-26 04:00:41 UTC,100,Aquifer,Scorch,0.1,60,-59.9,43.1,43.2,False,441783350,441783350,441783328,ATLmc8UB,ok
2026-08-26 04:00:41 UTC,100,Aquifer,BisonFi,-1.4,60,-58.6,43.1,41.7,False,441783350,441783350,441783328,ATLmc8UB,ok
2026-08-26 04:00:41 UTC,100,Scorch,BisonFi,-1.4,60,-58.6,43.2,41.7,False,441783350,441783350,441783328,ATLmc8UB,ok
2026-08-26 04:30:55 UTC,0.1,Raydium,Raydium CLMM,12.1,35,-22.9,0.0,12.1,False,441788277,441788318,441788305,5QL5BTk2,ok
2026-08-26 04:30:55 UTC,1,Raydium,BisonFi,11.5,60,-48.5,0.0,11.5,False,441788277,441788322,441788305,5QL5BTk2,ok
2026-08-26 04:30:55 UTC,10,Raydium,BisonFi,12.8,60,-47.2,0.0,12.8,False,441788277,441788324,441788305,5QL5BTk2,ok
2026-08-26 04:30:55 UTC,100,Raydium,Aquifer,25.8,60,-34.2,0.0,25.8,False,441788277,441788328,441788305,5QL5BTk2,ok
2026-08-26 04:30:55 UTC,100,Raydium,Scorch,26.6,60,-33.4,0.0,26.6,False,441788277,441788328,441788305,5QL5BTk2,ok
2026-08-26 04:30:55 UTC,100,Raydium,TesseraV,25.6,60,-34.4,0.0,25.6,False,441788277,441788328,441788305,5QL5BTk2,ok
2026-08-26 04:30:55 UTC,100,Aquifer,Scorch,0.9,60,-59.1,25.8,26.6,False,441788328,441788328,441788305,5QL5BTk2,ok
2026-08-26 04:30:55 UTC,100,Aquifer,TesseraV,-0.1,60,-59.9,25.8,25.6,False,441788328,441788328,441788305,5QL5BTk2,ok
2026-08-26 04:30:55 UTC,100,Scorch,TesseraV,-1.0,60,-59.0,26.6,25.6,False,441788328,441788328,441788305,5QL5BTk2,ok
2026-08-26 05:00:56 UTC,0.1,Raydium,Raydium CLMM,25.1,35,-9.9,0.0,25.1,False,441793239,441793274,441793259,3ggVyK4k,ok
2026-08-26 05:00:56 UTC,1,Raydium,Flux,25.3,60,-34.7,0.0,25.3,False,441793239,441793278,441793259,3ggVyK4k,ok
2026-08-26 05:00:56 UTC,10,Raydium,Quantum,26.2,60,-33.8,0.0,26.2,False,441793239,441793281,441793259,3ggVyK4k,ok
2026-08-26 05:00:56 UTC,100,Raydium,TesseraV,37.9,60,-22.1,0.0,37.9,False,441793239,441793284,441793259,3ggVyK4k,ok
2026-08-26 05:00:56 UTC,100,Raydium,Quantum,38.1,60,-21.9,0.0,38.1,False,441793239,441793284,441793259,3ggVyK4k,ok
2026-08-26 05:00:56 UTC,100,Raydium,Aquifer,38.0,60,-22.0,0.0,38.0,False,441793239,441793284,441793259,3ggVyK4k,ok
2026-08-26 05:00:56 UTC,100,TesseraV,Quantum,0.2,60,-59.8,37.9,38.1,False,441793284,441793284,441793259,3ggVyK4k,ok
2026-08-26 05:00:56 UTC,100,TesseraV,Aquifer,0.1,60,-59.9,37.9,38.0,False,441793284,441793284,441793259,3ggVyK4k,ok
2026-08-26 05:00:56 UTC,100,Quantum,Aquifer,-0.1,60,-59.9,38.1,38.0,False,441793284,441793284,441793259,3ggVyK4k,ok
2026-08-26 05:31:13 UTC,0.1,Raydium,Flux,56.1,60,-3.9,0.0,56.1,False,441798193,441798229,441798235,GaLHJe4t,ok
2026-08-26 05:31:13 UTC,1,Raydium,Quantum,57.4,60,-2.6,0.0,57.4,False,441798193,441798238,441798235,GaLHJe4t,ok
2026-08-26 05:31:13 UTC,10,Raydium,Scorch,61.9,60,1.9,0.0,61.9,False,441798193,441798243,441798235,GaLHJe4t,ok
2026-08-26 05:31:13 UTC,100,Raydium,Quantum,72.6,60,12.6,0.0,72.6,False,441798193,441798249,441798235,GaLHJe4t,ok
2026-08-26 05:31:13 UTC,100,Raydium,TesseraV,72.2,60,12.2,0.0,72.2,False,441798193,441798249,441798235,GaLHJe4t,ok
2026-08-26 05:31:13 UTC,100,Raydium,ZeroFi,72.3,60,12.3,0.0,72.3,False,441798193,441798249,441798235,GaLHJe4t,ok
2026-08-26 05:31:13 UTC,100,Quantum,TesseraV,-0.5,60,-59.5,72.6,72.2,False,441798249,441798249,441798235,GaLHJe4t,ok
2026-08-26 05:31:13 UTC,100,Quantum,ZeroFi,-0.4,60,-59.6,72.6,72.3,False,441798249,441798249,441798235,GaLHJe4t,ok
2026-08-26 05:31:13 UTC,100,TesseraV,ZeroFi,0.1,60,-59.9,72.2,72.3,False,441798249,441798249,441798235,GaLHJe4t,ok
2026-08-26 06:01:21 UTC,0.1,Raydium,BisonFi,52.3,60,-7.7,0.0,52.3,False,441803151,441803189,441803193,71LBqE1c,ok
2026-08-26 06:01:21 UTC,1,Raydium,Quantum,53.2,60,-6.8,0.0,53.2,False,441803151,441803198,441803193,71LBqE1c,ok
2026-08-26 06:01:21 UTC,10,Raydium,Scorch,55.7,60,-4.3,0.0,55.7,False,441803151,441803203,441803193,71LBqE1c,ok
2026-08-26 06:01:21 UTC,100,Raydium,ZeroFi,68.5,60,8.5,0.0,68.5,False,441803151,441803208,441803193,71LBqE1c,ok
2026-08-26 06:01:21 UTC,100,Raydium,BisonFi,69.4,60,9.4,0.0,69.4,False,441803151,441803208,441803193,71LBqE1c,ok
2026-08-26 06:01:21 UTC,100,ZeroFi,BisonFi,0.9,60,-59.1,68.5,69.4,False,441803208,441803208,441803193,71LBqE1c,ok
2026-08-26 06:30:24 UTC,0.1,Raydium,Byreal,35.3,60,-24.7,0.0,35.3,False,441807959,441807997,441807992,AcAX2dEL,ok
2026-08-26 06:30:24 UTC,1,Raydium,Aquifer,39.0,60,-21.0,0.0,39.0,False,441807959,441808001,441807992,AcAX2dEL,ok
2026-08-26 06:30:24 UTC,10,Raydium,BisonFi,39.0,60,-21.0,0.0,39.0,False,441807959,441808005,441807992,AcAX2dEL,ok
2026-08-26 06:30:24 UTC,100,Raydium,BisonFi,50.9,60,-9.1,0.0,50.9,False,441807959,441808009,441807992,AcAX2dEL,ok
2026-08-26 06:30:24 UTC,100,Raydium,Aquifer,51.1,60,-8.9,0.0,51.1,False,441807959,441808009,441807992,AcAX2dEL,ok
2026-08-26 06:30:24 UTC,100,Raydium,ZeroFi,51.1,60,-8.9,0.0,51.1,False,441807959,441808009,441807992,AcAX2dEL,ok
2026-08-26 06:30:24 UTC,100,BisonFi,Aquifer,0.2,60,-59.8,50.9,51.1,False,441808009,441808009,441807992,AcAX2dEL,ok
2026-08-26 06:30:24 UTC,100,BisonFi,ZeroFi,0.2,60,-59.8,50.9,51.1,False,441808009,441808009,441807992,AcAX2dEL,ok
2026-08-26 06:30:24 UTC,100,Aquifer,ZeroFi,0.0,60,-60.0,51.1,51.1,False,441808009,441808009,441807992,AcAX2dEL,ok
2026-08-26 07:00:34 UTC,0.1,Raydium,Quantum,46.7,60,-13.3,0.0,46.7,False,441812933,441812969,441812974,7HeUc8EJ,ok
2026-08-26 07:00:34 UTC,1,Raydium,GoonFi V2,46.5,60,-13.5,0.0,46.5,False,441812933,441812972,441812974,7HeUc8EJ,ok
2026-08-26 07:00:34 UTC,10,Raydium,Aquifer,47.2,60,-12.8,0.0,47.2,False,441812933,441812979,441812974,7HeUc8EJ,ok
2026-08-26 07:00:34 UTC,100,Raydium,TesseraV,60.5,60,0.5,0.0,60.5,False,441812933,441812987,441812974,7HeUc8EJ,ok
2026-08-26 07:00:34 UTC,100,Raydium,Scorch,61.0,60,1.0,0.0,61.0,False,441812933,441812987,441812974,7HeUc8EJ,ok
2026-08-26 07:00:34 UTC,100,Raydium,Scorch,61.9,60,1.9,0.0,61.9,False,441812933,441812987,441812974,7HeUc8EJ,ok
2026-08-26 07:00:34 UTC,100,TesseraV,Scorch,0.5,60,-59.5,60.5,61.0,False,441812987,441812987,441812974,7HeUc8EJ,ok
2026-08-26 07:00:34 UTC,100,TesseraV,Scorch,1.4,60,-58.6,60.5,61.9,False,441812987,441812987,441812974,7HeUc8EJ,ok
2026-08-26 07:30:38 UTC,0.1,Raydium,Byreal,29.8,60,-30.2,0.0,29.8,False,441817885,441817919,441817925,7WpQUw81,ok
2026-08-26 07:30:38 UTC,1,Raydium,Aquifer,29.6,60,-30.4,0.0,29.6,False,441817885,441817922,441817925,7WpQUw81,ok
2026-08-26 07:30:38 UTC,100,Raydium,Flux,46.9,60,-13.1,0.0,46.9,False,441817885,441817941,441817925,7WpQUw81,ok
2026-08-26 07:30:38 UTC,100,Raydium,Aquifer,46.8,60,-13.2,0.0,46.8,False,441817885,441817941,441817925,7WpQUw81,ok
2026-08-26 07:30:38 UTC,100,Raydium,Scorch,48.2,60,-11.8,0.0,48.2,False,441817885,441817941,441817925,7WpQUw81,ok
2026-08-26 07:30:38 UTC,100,Flux,Aquifer,-0.2,60,-59.8,46.9,46.8,False,441817941,441817941,441817925,7WpQUw81,ok
2026-08-26 07:30:38 UTC,100,Flux,Scorch,1.2,60,-58.8,46.9,48.2,False,441817941,441817941,441817925,7WpQUw81,ok
2026-08-26 07:30:38 UTC,100,Aquifer,Scorch,1.4,60,-58.6,46.8,48.2,False,441817941,441817941,441817925,7WpQUw81,ok
2026-08-26 08:00:51 UTC,0.1,Raydium,BisonFi,36.3,60,-23.7,0.0,36.3,False,441822866,441822905,441822911,D7P7bL5y,ok
2026-08-26 08:00:51 UTC,1,Raydium,BisonFi,37.2,60,-22.8,0.0,37.2,False,441822866,441822913,441822911,D7P7bL5y,ok
2026-08-26 08:00:51 UTC,10,Raydium,BisonFi,37.3,60,-22.7,0.0,37.3,False,441822866,441822918,441822911,D7P7bL5y,ok
2026-08-26 08:00:51 UTC,100,Raydium,BisonFi,51.1,60,-8.9,0.0,51.1,False,441822866,441822922,441822911,D7P7bL5y,ok
2026-08-26 08:00:51 UTC,100,Raydium,BisonFi,50.1,60,-9.9,0.0,50.1,False,441822866,441822922,441822911,D7P7bL5y,ok
2026-08-26 08:30:47 UTC,0.1,Raydium,Whirlpool,16.6,35,-18.4,0.0,16.6,False,441827800,441827834,441827825,8fRdR5F4,ok
2026-08-26 08:30:47 UTC,1,Raydium,Quantum,19.0,60,-41.0,0.0,19.0,False,441827800,441827838,441827825,8fRdR5F4,ok
2026-08-26 08:30:47 UTC,10,Raydium,BisonFi,22.7,60,-37.3,0.0,22.7,False,441827800,441827842,441827825,8fRdR5F4,ok
2026-08-26 08:30:47 UTC,100,Raydium,Scorch,34.7,60,-25.3,0.0,34.7,False,441827800,441827845,441827825,8fRdR5F4,ok
2026-08-26 08:30:47 UTC,100,Raydium,Aquifer,34.2,60,-25.8,0.0,34.2,False,441827800,441827845,441827825,8fRdR5F4,ok
2026-08-26 08:30:47 UTC,100,Raydium,Scorch,35.5,60,-24.5,0.0,35.5,False,441827800,441827845,441827825,8fRdR5F4,ok
2026-08-26 08:30:47 UTC,100,Scorch,Aquifer,-0.5,60,-59.5,34.7,34.2,False,441827845,441827845,441827825,8fRdR5F4,ok
2026-08-26 08:30:47 UTC,100,Aquifer,Scorch,1.4,60,-58.6,34.2,35.5,False,441827845,441827845,441827825,8fRdR5F4,ok
2026-08-26 09:00:54 UTC,0.1,Raydium,Flux,29.6,60,-30.4,0.0,29.6,False,441832758,441832793,441832785,EsgGnZSB,ok
2026-08-26 09:00:54 UTC,1,Raydium,BisonFi,27.7,60,-32.3,0.0,27.7,False,441832758,441832797,441832785,EsgGnZSB,ok
2026-08-26 09:00:54 UTC,10,Raydium,Scorch,30.2,60,-29.8,0.0,30.2,False,441832758,441832800,441832785,EsgGnZSB,ok
2026-08-26 09:00:54 UTC,100,Raydium,BisonFi,43.4,60,-16.6,0.0,43.4,False,441832758,441832804,441832785,EsgGnZSB,ok
2026-08-26 09:00:54 UTC,100,Raydium,Scorch,43.4,60,-16.6,0.0,43.4,False,441832758,441832804,441832785,EsgGnZSB,ok
2026-08-26 09:00:54 UTC,100,Raydium,BisonFi,42.2,60,-17.8,0.0,42.2,False,441832758,441832804,441832785,EsgGnZSB,ok
2026-08-26 09:00:54 UTC,100,BisonFi,Scorch,0.0,60,-60.0,43.4,43.4,False,441832804,441832804,441832785,EsgGnZSB,ok
2026-08-26 09:00:54 UTC,100,Scorch,BisonFi,-1.3,60,-58.7,43.4,42.2,False,441832804,441832804,441832785,EsgGnZSB,ok
2026-08-26 09:31:01 UTC,0.1,Raydium,TesseraV,4.6,60,-55.4,0.0,4.6,False,441837715,441837751,441837743,9V4uohDD,ok
2026-08-26 09:31:01 UTC,1,Raydium,BisonFi,3.7,60,-56.3,0.0,3.7,False,441837715,441837755,441837743,9V4uohDD,ok
2026-08-26 09:31:01 UTC,10,Raydium,Flux,7.0,60,-53.0,0.0,7.0,False,441837715,441837759,441837743,9V4uohDD,ok
2026-08-26 09:31:01 UTC,100,Raydium,Whirlpool,16.7,35,-18.3,0.0,16.7,False,441837715,441837762,441837743,9V4uohDD,ok
2026-08-26 09:31:01 UTC,100,Raydium,ZeroFi,16.6,60,-43.4,0.0,16.6,False,441837715,441837762,441837743,9V4uohDD,ok
2026-08-26 09:31:01 UTC,100,Raydium,Flux,18.7,60,-41.3,0.0,18.7,False,441837715,441837762,441837743,9V4uohDD,ok
2026-08-26 09:31:01 UTC,100,Whirlpool,ZeroFi,-0.1,35,-34.9,16.7,16.6,False,441837762,441837762,441837743,9V4uohDD,ok
2026-08-26 09:31:01 UTC,100,Whirlpool,Flux,2.0,35,-33.0,16.7,18.7,False,441837762,441837762,441837743,9V4uohDD,ok
2026-08-26 09:31:01 UTC,100,ZeroFi,Flux,2.2,60,-57.8,16.6,18.7,False,441837762,441837762,441837743,9V4uohDD,ok
2026-08-26 10:01:02 UTC,0.1,Raydium,ZeroFi,23.5,60,-36.5,0.0,23.5,False,441842664,441842698,441842682,Bv6UMYES,ok
2026-08-26 10:01:02 UTC,1,Raydium,BisonFi,23.7,60,-36.3,0.0,23.7,False,441842664,441842699,441842682,Bv6UMYES,ok
2026-08-26 10:01:02 UTC,10,Raydium,BisonFi,24.8,60,-35.2,0.0,24.8,False,441842664,441842701,441842682,Bv6UMYES,ok
2026-08-26 10:01:02 UTC,100,Raydium,Scorch,37.5,60,-22.5,0.0,37.5,False,441842664,441842703,441842682,Bv6UMYES,ok
2026-08-26 10:01:02 UTC,100,Raydium,Flux,37.7,60,-22.3,0.0,37.7,False,441842664,441842703,441842682,Bv6UMYES,ok
2026-08-26 10:01:02 UTC,100,Raydium,ZeroFi,37.5,60,-22.5,0.0,37.5,False,441842664,441842703,441842682,Bv6UMYES,ok
2026-08-26 10:01:02 UTC,100,Scorch,Flux,0.2,60,-59.8,37.5,37.7,False,441842703,441842703,441842682,Bv6UMYES,ok
2026-08-26 10:01:02 UTC,100,Scorch,ZeroFi,-0.0,60,-60.0,37.5,37.5,False,441842703,441842703,441842682,Bv6UMYES,ok
2026-08-26 10:01:02 UTC,100,Flux,ZeroFi,-0.3,60,-59.7,37.7,37.5,False,441842703,441842703,441842682,Bv6UMYES,ok
2026-08-26 10:31:07 UTC,0.1,Raydium,Quantum,33.4,60,-26.6,0.0,33.4,False,441847612,441847645,441847625,BcH2wVaA,ok
2026-08-26 10:31:07 UTC,1,Raydium,GoonFi V2,34.3,60,-25.7,0.0,34.3,False,441847612,441847646,441847625,BcH2wVaA,ok
2026-08-26 10:31:07 UTC,10,Raydium,Flux,33.7,60,-26.3,0.0,33.7,False,441847612,441847647,441847625,BcH2wVaA,ok
2026-08-26 10:31:07 UTC,100,Raydium,BisonFi,48.0,60,-12.0,0.0,48.0,False,441847612,441847649,441847625,BcH2wVaA,ok
2026-08-26 11:00:16 UTC,0.1,Raydium,Byreal,26.6,60,-33.4,0.0,26.6,False,441852391,441852426,441852407,C7rxfSSq,ok
2026-08-26 11:00:16 UTC,1,Raydium,BisonFi,26.5,60,-33.5,0.0,26.5,False,441852391,441852427,441852407,C7rxfSSq,ok
2026-08-26 11:00:16 UTC,10,Raydium,BisonFi,29.2,60,-30.8,0.0,29.2,False,441852391,441852428,441852407,C7rxfSSq,ok
2026-08-26 11:00:16 UTC,100,Raydium,Flux,41.6,60,-18.4,0.0,41.6,False,441852391,441852431,441852407,C7rxfSSq,ok
2026-08-26 11:00:16 UTC,100,Raydium,Quantum,40.6,60,-19.4,0.0,40.6,False,441852391,441852431,441852407,C7rxfSSq,ok
2026-08-26 11:00:16 UTC,100,Raydium,BisonFi,40.3,60,-19.7,0.0,40.3,False,441852391,441852431,441852407,C7rxfSSq,ok
2026-08-26 11:00:16 UTC,100,Flux,Quantum,-1.0,60,-59.0,41.6,40.6,False,441852431,441852431,441852407,C7rxfSSq,ok
2026-08-26 11:00:16 UTC,100,Flux,BisonFi,-1.3,60,-58.7,41.6,40.3,False,441852431,441852431,441852407,C7rxfSSq,ok
2026-08-26 11:00:16 UTC,100,Quantum,BisonFi,-0.3,60,-59.7,40.6,40.3,False,441852431,441852431,441852407,C7rxfSSq,ok
2026-08-26 11:30:29 UTC,0.1,Raydium,Byreal,28.5,60,-31.5,0.0,28.5,False,441857320,441857353,441857349,7pnvgacf,ok
2026-08-26 11:30:29 UTC,1,Raydium,Scorch,31.4,60,-28.6,0.0,31.4,False,441857320,441857357,441857349,7pnvgacf,ok
2026-08-26 11:30:29 UTC,10,Raydium,BisonFi,32.9,60,-27.1,0.0,32.9,False,441857320,441857360,441857349,7pnvgacf,ok
2026-08-26 11:30:29 UTC,100,Raydium,Flux,44.5,60,-15.5,0.0,44.5,False,441857320,441857364,441857349,7pnvgacf,ok
2026-08-26 11:30:29 UTC,100,Raydium,Scorch,45.4,60,-14.6,0.0,45.4,False,441857320,441857364,441857349,7pnvgacf,ok
2026-08-26 11:30:29 UTC,100,Raydium,Aquifer,43.9,60,-16.1,0.0,43.9,False,441857320,441857364,441857349,7pnvgacf,ok
2026-08-26 11:30:29 UTC,100,Flux,Scorch,1.0,60,-59.0,44.5,45.4,False,441857364,441857364,441857349,7pnvgacf,ok
2026-08-26 11:30:29 UTC,100,Flux,Aquifer,-0.5,60,-59.5,44.5,43.9,False,441857364,441857364,441857349,7pnvgacf,ok
2026-08-26 11:30:29 UTC,100,Scorch,Aquifer,-1.5,60,-58.5,45.4,43.9,False,441857364,441857364,441857349,7pnvgacf,ok
2026-08-26 12:00:31 UTC,0.1,Raydium,Byreal,10.9,60,-49.1,0.0,10.9,False,441862252,441862286,441862278,Lv5NqSwa,ok
2026-08-26 12:00:31 UTC,1,Raydium,Quantum,10.7,60,-49.3,0.0,10.7,False,441862252,441862289,441862278,Lv5NqSwa,ok
2026-08-26 12:00:31 UTC,10,Raydium,BisonFi,11.8,60,-48.2,0.0,11.8,False,441862252,441862294,441862278,Lv5NqSwa,ok
2026-08-26 12:00:31 UTC,100,Raydium,BisonFi,26.2,60,-33.8,0.0,26.2,False,441862252,441862298,441862278,Lv5NqSwa,ok
2026-08-26 12:00:31 UTC,100,Raydium,Quantum,26.7,60,-33.3,0.0,26.7,False,441862252,441862298,441862278,Lv5NqSwa,ok
2026-08-26 12:00:31 UTC,100,Raydium,Aquifer,26.5,60,-33.5,0.0,26.5,False,441862252,441862298,441862278,Lv5NqSwa,ok
2026-08-26 12:00:31 UTC,100,BisonFi,Quantum,0.5,60,-59.5,26.2,26.7,False,441862298,441862298,441862278,Lv5NqSwa,ok
2026-08-26 12:00:31 UTC,100,BisonFi,Aquifer,0.3,60,-59.7,26.2,26.5,False,441862298,441862298,441862278,Lv5NqSwa,ok
2026-08-26 12:00:31 UTC,100,Quantum,Aquifer,-0.2,60,-59.8,26.7,26.5,False,441862298,441862298,441862278,Lv5NqSwa,ok
2026-08-26 12:30:42 UTC,0.1,Raydium,1DEX,-52.7,60,-7.3,0.0,52.7,False,441867212,441867246,441867247,HnPH4MQt,ok
2026-08-26 12:30:42 UTC,1,Raydium,BisonFi,-42.4,60,-17.6,0.0,42.4,False,441867212,441867252,441867247,HnPH4MQt,ok
2026-08-26 12:30:42 UTC,10,Raydium,BisonFi,-38.5,60,-21.5,0.0,38.5,False,441867212,441867257,441867247,HnPH4MQt,ok
2026-08-26 12:30:42 UTC,100,Raydium,Scorch,-19.3,60,-40.7,0.0,19.3,False,441867212,441867261,441867247,HnPH4MQt,ok
2026-08-26 12:30:42 UTC,100,Raydium,Scorch,-17.5,60,-42.5,0.0,17.5,False,441867212,441867261,441867247,HnPH4MQt,ok
2026-08-26 13:00:40 UTC,0.1,Raydium,Whirlpool,22.0,35,-13.0,0.0,22.0,False,441872142,441872175,441872165,GZiqHCgK,ok
2026-08-26 13:00:40 UTC,1,Raydium,Aquifer,20.9,60,-39.1,0.0,20.9,False,441872142,441872178,441872165,GZiqHCgK,ok
2026-08-26 13:00:40 UTC,10,Raydium,Aquifer,22.5,60,-37.5,0.0,22.5,False,441872142,441872181,441872165,GZiqHCgK,ok
2026-08-26 13:00:40 UTC,100,Raydium,Scorch,38.4,60,-21.6,0.0,38.4,False,441872142,441872185,441872165,GZiqHCgK,ok
2026-08-26 13:00:40 UTC,100,Raydium,BisonFi,36.5,60,-23.5,0.0,36.5,False,441872142,441872185,441872165,GZiqHCgK,ok
2026-08-26 13:00:40 UTC,100,Raydium,Scorch,37.0,60,-23.0,0.0,37.0,False,441872142,441872185,441872165,GZiqHCgK,ok
2026-08-26 13:00:40 UTC,100,Scorch,BisonFi,-1.9,60,-58.1,38.4,36.5,False,441872185,441872185,441872165,GZiqHCgK,ok
2026-08-26 13:00:40 UTC,100,BisonFi,Scorch,0.5,60,-59.5,36.5,37.0,False,441872185,441872185,441872165,GZiqHCgK,ok
2026-08-26 13:30:55 UTC,0.1,Raydium,Flux,34.7,60,-25.3,0.0,34.7,False,441877094,441877129,441877132,CB9K3j9q,ok
2026-08-26 13:30:55 UTC,1,Raydium,Meteora DLMM,33.7,55,-21.3,0.0,33.7,False,441877094,441877132,441877132,CB9K3j9q,ok
2026-08-26 13:30:55 UTC,10,Raydium,BisonFi,38.8,60,-21.2,0.0,38.8,False,441877094,441877138,441877132,CB9K3j9q,ok
2026-08-26 13:30:55 UTC,100,Raydium,GoonFi V2,53.5,60,-6.5,0.0,53.5,False,441877094,441877148,441877132,CB9K3j9q,ok
2026-08-26 13:30:55 UTC,100,Raydium,BisonFi,52.8,60,-7.2,0.0,52.8,False,441877094,441877148,441877132,CB9K3j9q,ok
2026-08-26 13:30:55 UTC,100,GoonFi V2,BisonFi,-0.7,60,-59.3,53.5,52.8,False,441877148,441877148,441877132,CB9K3j9q,ok
2026-08-26 14:01:08 UTC,0.1,Raydium,Scorch,43.9,60,-16.1,0.0,43.9,False,441882022,441882066,441882075,23fQCsus,ok
2026-08-26 14:01:08 UTC,1,Raydium,Aquifer,41.9,60,-18.1,0.0,41.9,False,441882022,441882076,441882075,23fQCsus,ok
2026-08-26 14:01:08 UTC,10,Raydium,Scorch,45.4,60,-14.6,0.0,45.4,False,441882022,441882084,441882075,23fQCsus,ok
2026-08-26 14:01:08 UTC,100,Raydium,Scorch,57.0,60,-3.0,0.0,57.0,False,441882022,441882089,441882075,23fQCsus,ok
2026-08-26 14:01:08 UTC,100,Raydium,Scorch,56.1,60,-3.9,0.0,56.1,False,441882022,441882089,441882075,23fQCsus,ok
2026-08-26 14:01:08 UTC,100,Raydium,TesseraV,56.0,60,-4.0,0.0,56.0,False,441882022,441882089,441882075,23fQCsus,ok
2026-08-26 14:01:08 UTC,100,Scorch,TesseraV,-1.0,60,-59.0,57.0,56.0,False,441882089,441882089,441882075,23fQCsus,ok
2026-08-26 14:01:08 UTC,100,Scorch,TesseraV,-0.1,60,-59.9,56.1,56.0,False,441882089,441882089,441882075,23fQCsus,ok
2026-08-26 15:01:13 UTC,0.1,Raydium,BisonFi,51.4,60,-8.6,0.0,51.4,False,441891835,441891872,441891874,4EMk6Heb,ok
2026-08-26 15:01:13 UTC,1,Raydium,BisonFi,53.7,60,-6.3,0.0,53.7,False,441891835,441891877,441891874,4EMk6Heb,ok
2026-08-26 15:01:13 UTC,10,Raydium,GoonFi V2,53.0,60,-7.0,0.0,53.0,False,441891835,441891883,441891874,4EMk6Heb,ok
2026-08-26 15:01:13 UTC,100,Raydium,Kipseli,64.8,60,4.8,0.0,64.8,False,441891835,441891888,441891874,4EMk6Heb,ok
2026-08-26 15:01:13 UTC,100,Raydium,TesseraV,64.6,60,4.6,0.0,64.6,False,441891835,441891888,441891874,4EMk6Heb,ok
2026-08-26 15:01:13 UTC,100,Raydium,Aquifer,65.4,60,5.4,0.0,65.4,False,441891835,441891888,441891874,4EMk6Heb,ok
2026-08-26 15:01:13 UTC,100,Kipseli,TesseraV,-0.1,60,-59.9,64.8,64.6,False,441891888,441891888,441891874,4EMk6Heb,ok
2026-08-26 15:01:13 UTC,100,Kipseli,Aquifer,0.6,60,-59.4,64.8,65.4,False,441891888,441891888,441891874,4EMk6Heb,ok
2026-08-26 15:01:13 UTC,100,TesseraV,Aquifer,0.8,60,-59.2,64.6,65.4,False,441891888,441891888,441891874,4EMk6Heb,ok
2026-08-26 15:31:18 UTC,0.1,Raydium,Kipseli,23.3,60,-36.7,0.0,23.3,False,441896754,441896791,441896794,7aJxP3Ae,ok
2026-08-26 15:31:18 UTC,1,Raydium,Kipseli,24.4,60,-35.6,0.0,24.4,False,441896754,441896796,441896794,7aJxP3Ae,ok
2026-08-26 15:31:18 UTC,10,Raydium,Flux,25.9,60,-34.1,0.0,25.9,False,441896754,441896803,441896794,7aJxP3Ae,ok
2026-08-26 15:31:18 UTC,100,Raydium,BisonFi,37.7,60,-22.3,0.0,37.7,False,441896754,441896812,441896794,7aJxP3Ae,ok
2026-08-26 15:31:18 UTC,100,Raydium,Scorch,38.3,60,-21.7,0.0,38.3,False,441896754,441896812,441896794,7aJxP3Ae,ok
2026-08-26 15:31:18 UTC,100,Raydium,Scorch,37.7,60,-22.3,0.0,37.7,False,441896754,441896812,441896794,7aJxP3Ae,ok
2026-08-26 15:31:18 UTC,100,BisonFi,Scorch,0.5,60,-59.5,37.7,38.3,False,441896812,441896812,441896794,7aJxP3Ae,ok
2026-08-26 15:31:18 UTC,100,BisonFi,Scorch,-0.0,60,-60.0,37.7,37.7,False,441896812,441896812,441896794,7aJxP3Ae,ok
2026-08-26 16:24:00 UTC,0.1,Raydium,Raydium CLMM,44.1,35,9.1,0.0,44.1,False,441905418,441905452,441905459,A4f1thHw,ok
2026-08-26 16:24:00 UTC,1,Raydium,BisonFi,45.0,60,-15.0,0.0,45.0,False,441905418,441905458,441905459,A4f1thHw,ok
2026-08-26 16:24:00 UTC,10,Raydium,BisonFi,46.6,60,-13.4,0.0,46.6,False,441905418,441905470,441905459,A4f1thHw,ok
2026-08-26 16:24:00 UTC,100,Raydium,BisonFi,60.6,60,0.6,0.0,60.6,False,441905418,441905478,441905459,A4f1thHw,ok
2026-08-26 16:40:18 UTC,0.1,Raydium,BisonFi,6.4,60,-53.6,0.0,6.4,False,441908090,441908127,441908127,vbsFfWSb,ok
2026-08-26 16:40:18 UTC,1,Raydium,PancakeSwap,5.9,60,-54.1,0.0,5.9,False,441908090,441908134,441908127,vbsFfWSb,ok
2026-08-26 16:40:18 UTC,10,Raydium,BisonFi,9.2,60,-50.8,0.0,9.2,False,441908090,441908138,441908127,vbsFfWSb,ok
2026-08-26 16:40:18 UTC,100,Raydium,TesseraV,21.0,60,-39.0,0.0,21.0,False,441908090,441908140,441908127,vbsFfWSb,ok
2026-08-26 16:40:18 UTC,100,Raydium,BisonFi,21.3,60,-38.7,0.0,21.3,False,441908090,441908140,441908127,vbsFfWSb,ok
2026-08-26 16:40:18 UTC,100,Raydium,Quantum,21.1,60,-38.9,0.0,21.1,False,441908090,441908140,441908127,vbsFfWSb,ok
2026-08-26 16:40:18 UTC,100,TesseraV,BisonFi,0.3,60,-59.7,21.0,21.3,False,441908140,441908140,441908127,vbsFfWSb,ok
2026-08-26 16:40:18 UTC,100,TesseraV,Quantum,0.1,60,-59.9,21.0,21.1,False,441908140,441908140,441908127,vbsFfWSb,ok
2026-08-26 16:40:18 UTC,100,BisonFi,Quantum,-0.2,60,-59.8,21.3,21.1,False,441908140,441908140,441908127,vbsFfWSb,ok
2026-08-26 17:28:32 UTC,0.1,Raydium,Raydium CLMM,50.6,35,15.6,0.0,50.6,False,441916031,441916065,441916058,E2sURsKz,ok
2026-08-26 17:28:32 UTC,1,Raydium,Quantum,51.7,60,-8.3,0.0,51.7,False,441916031,441916068,441916058,E2sURsKz,ok
2026-08-26 17:28:32 UTC,10,Raydium,Whirlpool,49.1,35,14.1,0.0,49.1,False,441916031,441916074,441916058,E2sURsKz,ok
2026-08-26 17:28:32 UTC,100,Raydium,TesseraV,61.9,60,1.9,0.0,61.9,False,441916031,441916078,441916058,E2sURsKz,ok
2026-08-26 17:28:32 UTC,100,Raydium,Whirlpool,62.0,35,27.0,0.0,62.0,False,441916031,441916078,441916058,E2sURsKz,ok
2026-08-26 17:28:32 UTC,100,Raydium,Kipseli,61.9,60,1.9,0.0,61.9,False,441916031,441916078,441916058,E2sURsKz,ok
2026-08-26 17:28:32 UTC,100,TesseraV,Whirlpool,0.1,35,-34.9,61.9,62.0,False,441916078,441916078,441916058,E2sURsKz,ok
2026-08-26 17:28:32 UTC,100,TesseraV,Kipseli,0.0,60,-60.0,61.9,61.9,False,441916078,441916078,441916058,E2sURsKz,ok
2026-08-26 17:28:32 UTC,100,Whirlpool,Kipseli,-0.1,35,-34.9,62.0,61.9,False,441916078,441916078,441916058,E2sURsKz,ok
2026-08-26 17:35:07 UTC,0.1,Raydium,Quantum,55.9,60,-4.1,0.0,55.9,False,441917109,441917146,441917136,4rnwny9o,ok
2026-08-26 17:35:07 UTC,1,Raydium,Quantum,55.0,60,-5.0,0.0,55.0,False,441917109,441917150,441917136,4rnwny9o,ok
2026-08-26 17:35:07 UTC,10,Raydium,PancakeSwap,53.5,60,-6.5,0.0,53.5,False,441917109,441917153,441917136,4rnwny9o,ok
2026-08-26 17:35:07 UTC,100,Raydium,GoonFi V2,66.8,60,6.8,0.0,66.8,False,441917109,441917159,441917136,4rnwny9o,ok
2026-08-26 17:35:07 UTC,100,Raydium,Aquifer,66.4,60,6.4,0.0,66.4,False,441917109,441917159,441917136,4rnwny9o,ok
2026-08-26 17:35:07 UTC,100,Raydium,TesseraV,66.4,60,6.4,0.0,66.4,False,441917109,441917159,441917136,4rnwny9o,ok
2026-08-26 17:35:07 UTC,100,GoonFi V2,Aquifer,-0.3,60,-59.7,66.8,66.4,False,441917159,441917159,441917136,4rnwny9o,ok
2026-08-26 17:35:07 UTC,100,GoonFi V2,TesseraV,-0.3,60,-59.7,66.8,66.4,False,441917159,441917159,441917136,4rnwny9o,ok
2026-08-26 17:35:07 UTC,100,Aquifer,TesseraV,0.0,60,-60.0,66.4,66.4,False,441917159,441917159,441917136,4rnwny9o,ok
2026-08-26 18:07:58 UTC,0.1,Raydium,Quantum,7.0,60,-53.0,0.0,7.0,False,441922502,441922537,441922526,EzunemUe,ok
2026-08-26 18:07:58 UTC,1,Raydium,Aquifer,6.9,60,-53.1,0.0,6.9,False,441922502,441922540,441922526,EzunemUe,ok
2026-08-26 18:07:58 UTC,10,Raydium,TesseraV,8.1,60,-51.9,0.0,8.1,False,441922502,441922544,441922526,EzunemUe,ok
2026-08-26 18:07:58 UTC,100,Raydium,BisonFi,20.9,60,-39.1,0.0,20.9,False,441922502,441922548,441922526,EzunemUe,ok
2026-08-26 18:42:09 UTC,0.1,Raydium,TesseraV,8.9,60,-51.1,0.0,8.9,False,441928124,441928157,441928139,8YZfbs1D,ok
2026-08-26 18:42:09 UTC,1,Raydium,TesseraV,9.0,60,-51.0,0.0,9.0,False,441928124,441928158,441928139,8YZfbs1D,ok
2026-08-26 18:42:09 UTC,10,Raydium,Quantum,10.5,60,-49.5,0.0,10.5,False,441928124,441928161,441928139,8YZfbs1D,ok
2026-08-26 18:42:09 UTC,100,Raydium,BisonFi,23.3,60,-36.7,0.0,23.3,False,441928124,441928163,441928139,8YZfbs1D,ok
2026-08-26 18:42:09 UTC,100,Raydium,Quantum,23.5,60,-36.5,0.0,23.5,False,441928124,441928163,441928139,8YZfbs1D,ok
2026-08-26 18:42:09 UTC,100,Raydium,Quantum,23.6,60,-36.4,0.0,23.6,False,441928124,441928163,441928139,8YZfbs1D,ok
2026-08-26 18:42:09 UTC,100,BisonFi,Quantum,0.1,60,-59.9,23.3,23.5,False,441928163,441928163,441928139,8YZfbs1D,ok
2026-08-26 18:42:09 UTC,100,BisonFi,Quantum,0.2,60,-59.8,23.3,23.6,False,441928163,441928163,441928139,8YZfbs1D,ok
2026-08-26 19:12:01 UTC,0.1,Raydium,Quantum,23.1,60,-36.9,0.0,23.1,False,441933014,441933048,441933033,8MFS8GPM,ok
2026-08-26 19:12:01 UTC,1,Raydium,PancakeSwap,23.1,60,-36.9,0.0,23.1,False,441933014,441933050,441933033,8MFS8GPM,ok
2026-08-26 19:12:01 UTC,10,Raydium,Quantum,23.3,60,-36.7,0.0,23.3,False,441933014,441933051,441933033,8MFS8GPM,ok
2026-08-26 19:12:01 UTC,100,Raydium,BisonFi,36.3,60,-23.7,0.0,36.3,False,441933014,441933051,441933033,8MFS8GPM,ok
2026-08-26 19:12:01 UTC,100,Raydium,Quantum,36.4,60,-23.6,0.0,36.4,False,441933014,441933051,441933033,8MFS8GPM,ok
2026-08-26 19:12:01 UTC,100,Raydium,Aquifer,36.3,60,-23.7,0.0,36.3,False,441933014,441933051,441933033,8MFS8GPM,ok
2026-08-26 19:12:01 UTC,100,BisonFi,Quantum,0.2,60,-59.8,36.3,36.4,False,441933051,441933051,441933033,8MFS8GPM,ok
2026-08-26 19:12:01 UTC,100,BisonFi,Aquifer,0.0,60,-60.0,36.3,36.3,False,441933051,441933051,441933033,8MFS8GPM,ok
2026-08-26 19:12:01 UTC,100,Quantum,Aquifer,-0.1,60,-59.9,36.4,36.3,False,441933051,441933051,441933033,8MFS8GPM,ok
2026-08-26 19:45:06 UTC,0.1,Raydium,GoonFi V2,14.0,60,-46.0,0.0,14.0,False,441938431,441938464,441938446,GGtKinSe,ok
2026-08-26 19:45:06 UTC,1,Raydium,GoonFi V2,14.3,60,-45.7,0.0,14.3,False,441938431,441938465,441938446,GGtKinSe,ok
2026-08-26 19:45:06 UTC,10,Raydium,Flux,15.2,60,-44.8,0.0,15.2,False,441938431,441938467,441938446,GGtKinSe,ok
2026-08-26 19:45:06 UTC,100,Raydium,GoonFi V2,28.7,60,-31.3,0.0,28.7,False,441938431,441938468,441938446,GGtKinSe,ok
2026-08-26 19:45:06 UTC,100,Raydium,BisonFi,28.1,60,-31.9,0.0,28.1,False,441938431,441938468,441938446,GGtKinSe,ok
2026-08-26 19:45:06 UTC,100,Raydium,Quantum,28.3,60,-31.7,0.0,28.3,False,441938431,441938468,441938446,GGtKinSe,ok
2026-08-26 19:45:06 UTC,100,GoonFi V2,BisonFi,-0.5,60,-59.5,28.7,28.1,False,441938468,441938468,441938446,GGtKinSe,ok
2026-08-26 19:45:06 UTC,100,GoonFi V2,Quantum,-0.4,60,-59.6,28.7,28.3,False,441938468,441938468,441938446,GGtKinSe,ok
2026-08-26 19:45:06 UTC,100,BisonFi,Quantum,0.2,60,-59.8,28.1,28.3,False,441938468,441938468,441938446,GGtKinSe,ok
2026-08-26 20:17:01 UTC,0.1,Raydium,Whirlpool,16.2,35,-18.8,0.0,16.2,True,441941117,441941149,441943657,YWakanYc,stale
2026-08-26 20:17:01 UTC,1,Raydium,Quantum,14.1,60,-45.9,0.0,14.1,True,441941117,441941151,441943657,YWakanYc,stale
2026-08-26 20:17:01 UTC,10,Raydium,Quantum,15.2,60,-44.8,0.0,15.2,True,441941117,441941153,441943657,YWakanYc,stale
2026-08-26 20:17:01 UTC,100,Raydium,Flux,49.5,60,-10.5,0.0,49.5,True,441941117,441943681,441943657,YWakanYc,stale
2026-08-26 20:17:01 UTC,100,Raydium,BisonFi,51.4,60,-8.6,0.0,51.4,True,441941117,441943681,441943657,YWakanYc,stale
2026-08-26 20:17:01 UTC,100,Raydium,Quantum,48.7,60,-11.3,0.0,48.7,True,441941117,441943681,441943657,YWakanYc,stale
2026-08-26 20:17:01 UTC,100,Flux,BisonFi,1.8,60,-58.2,49.5,51.4,False,441943681,441943681,441943657,YWakanYc,ok
2026-08-26 20:17:01 UTC,100,Flux,Quantum,-0.8,60,-59.2,49.5,48.7,False,441943681,441943681,441943657,YWakanYc,ok
2026-08-26 20:17:01 UTC,100,BisonFi,Quantum,-2.6,60,-57.4,51.4,48.7,False,441943681,441943681,441943657,YWakanYc,ok
2026-08-26 21:13:42 UTC,0.1,Raydium,Whirlpool,50.7,35,15.7,0.0,50.7,False,441952889,441952930,441952913,58wTfCE4,ok
2026-08-26 21:13:42 UTC,1,Raydium,Quantum,49.0,60,-11.0,0.0,49.0,False,441952889,441952933,441952913,58wTfCE4,ok
2026-08-26 21:13:42 UTC,10,Raydium,Quantum,49.1,60,-10.9,0.0,49.1,False,441952889,441952935,441952913,58wTfCE4,ok
2026-08-26 21:13:42 UTC,100,Raydium,Scorch,61.4,60,1.4,0.0,61.4,False,441952889,441952938,441952913,58wTfCE4,ok
2026-08-26 21:13:42 UTC,100,Raydium,Whirlpool,61.2,35,26.2,0.0,61.2,False,441952889,441952938,441952913,58wTfCE4,ok
2026-08-26 21:13:42 UTC,100,Raydium,Scorch,62.0,60,2.0,0.0,62.0,False,441952889,441952938,441952913,58wTfCE4,ok
2026-08-26 21:13:42 UTC,100,Scorch,Whirlpool,-0.1,35,-34.9,61.4,61.2,False,441952938,441952938,441952913,58wTfCE4,ok
2026-08-26 21:13:42 UTC,100,Whirlpool,Scorch,0.8,35,-34.2,61.2,62.0,False,441952938,441952938,441952913,58wTfCE4,ok
2026-08-26 21:33:43 UTC,0.1,Raydium,Scorch,15.3,60,-44.7,0.0,15.3,False,441956150,441956184,441956169,HgKZ57HN,ok
2026-08-26 21:33:43 UTC,1,Raydium,Scorch,15.6,60,-44.4,0.0,15.6,False,441956150,441956185,441956169,HgKZ57HN,ok
2026-08-26 21:33:43 UTC,10,Raydium,Scorch,16.7,60,-43.3,0.0,16.7,False,441956150,441956188,441956169,HgKZ57HN,ok
2026-08-26 21:33:43 UTC,100,Raydium,Scorch,29.6,60,-30.4,0.0,29.6,False,441956150,441956191,441956169,HgKZ57HN,ok
2026-08-26 21:33:43 UTC,100,Raydium,BisonFi,29.6,60,-30.4,0.0,29.6,False,441956150,441956191,441956169,HgKZ57HN,ok
2026-08-26 21:33:43 UTC,100,Raydium,Scorch,29.7,60,-30.3,0.0,29.7,False,441956150,441956191,441956169,HgKZ57HN,ok
2026-08-26 21:33:43 UTC,100,Scorch,BisonFi,-0.1,60,-59.9,29.6,29.6,False,441956191,441956191,441956169,HgKZ57HN,ok
2026-08-26 21:33:43 UTC,100,BisonFi,Scorch,0.1,60,-59.9,29.6,29.7,False,441956191,441956191,441956169,HgKZ57HN,ok
2026-08-26 22:31:16 UTC,0.1,Raydium,Quantum,28.8,60,-31.2,0.0,28.8,False,441965566,441965598,441965587,5ymEb2F7,ok
2026-08-26 22:31:16 UTC,1,Raydium,TesseraV,28.3,60,-31.7,0.0,28.3,False,441965566,441965601,441965587,5ymEb2F7,ok
2026-08-26 22:31:16 UTC,10,Raydium,TesseraV,34.2,60,-25.8,0.0,34.2,False,441965566,441965607,441965587,5ymEb2F7,ok
2026-08-26 22:31:16 UTC,100,Raydium,BisonFi,51.2,60,-8.8,0.0,51.2,False,441965566,441965610,441965587,5ymEb2F7,ok
2026-08-26 22:31:16 UTC,100,Raydium,TesseraV,48.7,60,-11.3,0.0,48.7,False,441965566,441965610,441965587,5ymEb2F7,ok
2026-08-26 22:31:16 UTC,100,Raydium,Quantum,49.3,60,-10.7,0.0,49.3,False,441965566,441965610,441965587,5ymEb2F7,ok
2026-08-26 22:31:16 UTC,100,BisonFi,TesseraV,-2.4,60,-57.6,51.2,48.7,False,441965610,441965610,441965587,5ymEb2F7,ok
2026-08-26 22:31:16 UTC,100,BisonFi,Quantum,-1.8,60,-58.2,51.2,49.3,False,441965610,441965610,441965587,5ymEb2F7,ok
2026-08-26 22:31:16 UTC,100,TesseraV,Quantum,0.6,60,-59.4,48.7,49.3,False,441965610,441965610,441965587,5ymEb2F7,ok
2026-08-26 23:34:32 UTC,0.1,Raydium,Flux,26.8,60,-33.2,0.0,26.8,False,441975965,441975998,441975978,5UAGVX4A,ok
2026-08-26 23:34:32 UTC,1,Raydium,Flux,27.0,60,-33.0,0.0,27.0,False,441975965,441975999,441975978,5UAGVX4A,ok
2026-08-26 23:34:32 UTC,10,Raydium,Flux,28.0,60,-32.0,0.0,28.0,False,441975965,441976001,441975978,5UAGVX4A,ok
2026-08-26 23:34:32 UTC,10,Raydium,BisonFi,27.5,60,-32.5,0.0,27.5,False,441975965,441976001,441975978,5UAGVX4A,ok
2026-08-26 23:34:32 UTC,10,Flux,BisonFi,-0.5,60,-59.5,28.0,27.5,False,441976001,441976001,441975978,5UAGVX4A,ok
2026-08-26 23:34:32 UTC,100,Raydium,Scorch,41.1,60,-18.9,0.0,41.1,False,441975965,441976002,441975978,5UAGVX4A,ok
2026-08-26 23:34:32 UTC,100,Raydium,BisonFi,40.8,60,-19.2,0.0,40.8,False,441975965,441976002,441975978,5UAGVX4A,ok
2026-08-26 23:34:32 UTC,100,Raydium,Scorch,41.1,60,-18.9,0.0,41.1,False,441975965,441976002,441975978,5UAGVX4A,ok
2026-08-26 23:34:32 UTC,100,Scorch,BisonFi,-0.3,60,-59.7,41.1,40.8,False,441976002,441976002,441975978,5UAGVX4A,ok
2026-08-26 23:34:32 UTC,100,BisonFi,Scorch,0.3,60,-59.7,40.8,41.1,False,441976002,441976002,441975978,5UAGVX4A,ok
2026-08-27 00:12:26 UTC,0.1,Raydium,Quantum,10.7,60,-49.3,0.0,10.7,False,441982198,441982231,441982213,yKsmAeSF,ok
2026-08-27 00:12:26 UTC,1,Raydium,BisonFi,10.2,60,-49.8,0.0,10.2,False,441982198,441982232,441982213,yKsmAeSF,ok
2026-08-27 00:12:26 UTC,10,Raydium,Flux,12.3,60,-47.7,0.0,12.3,False,441982198,441982234,441982213,yKsmAeSF,ok
2026-08-27 00:12:26 UTC,10,Raydium,Quantum,11.7,60,-48.3,0.0,11.7,False,441982198,441982234,441982213,yKsmAeSF,ok
2026-08-27 00:12:26 UTC,10,Flux,Quantum,-0.7,60,-59.3,12.3,11.7,False,441982234,441982234,441982213,yKsmAeSF,ok
2026-08-27 00:12:26 UTC,100,Raydium,BisonFi,25.0,60,-35.0,0.0,25.0,False,441982198,441982235,441982213,yKsmAeSF,ok
2026-08-27 00:12:26 UTC,100,Raydium,Quantum,25.1,60,-34.9,0.0,25.1,False,441982198,441982235,441982213,yKsmAeSF,ok
2026-08-27 00:12:26 UTC,100,BisonFi,Quantum,0.1,60,-59.9,25.0,25.1,False,441982235,441982235,441982213,yKsmAeSF,ok
2026-08-27 00:51:28 UTC,0.1,Raydium,Whirlpool,57.0,35,22.0,0.0,57.0,False,441988581,441988614,441988595,5DMWeUxp,ok
2026-08-27 00:51:28 UTC,1,Raydium,Scorch,56.7,60,-3.3,0.0,56.7,False,441988581,441988615,441988595,5DMWeUxp,ok
2026-08-27 00:51:28 UTC,10,Raydium,Whirlpool,58.1,35,23.1,0.0,58.1,False,441988581,441988615,441988595,5DMWeUxp,ok
2026-08-27 00:51:28 UTC,10,Raydium,TesseraV,57.9,60,-2.1,0.0,57.9,False,441988581,441988615,441988595,5DMWeUxp,ok
2026-08-27 00:51:28 UTC,10,Raydium,ZeroFi,58.0,60,-2.0,0.0,58.0,False,441988581,441988615,441988595,5DMWeUxp,ok
2026-08-27 00:51:28 UTC,10,Whirlpool,TesseraV,-0.2,35,-34.8,58.1,57.9,False,441988615,441988615,441988595,5DMWeUxp,ok
2026-08-27 00:51:28 UTC,10,Whirlpool,ZeroFi,-0.1,35,-34.9,58.1,58.0,False,441988615,441988615,441988595,5DMWeUxp,ok
2026-08-27 00:51:28 UTC,10,TesseraV,ZeroFi,0.2,60,-59.8,57.9,58.0,False,441988615,441988615,441988595,5DMWeUxp,ok
2026-08-27 00:51:28 UTC,100,Raydium,ZeroFi,70.7,60,10.7,0.0,70.7,False,441988581,441988618,441988595,5DMWeUxp,ok
2026-08-27 00:51:28 UTC,100,Raydium,Quantum,70.9,60,10.9,0.0,70.9,False,441988581,441988618,441988595,5DMWeUxp,ok
2026-08-27 00:51:28 UTC,100,ZeroFi,Quantum,0.3,60,-59.7,70.7,70.9,False,441988618,441988618,441988595,5DMWeUxp,ok
2026-08-27 01:08:12 UTC,0.1,Raydium,BisonFi,30.4,60,-29.6,0.0,30.4,False,441991301,441991335,441991323,DCnvjXri,ok
2026-08-27 01:08:12 UTC,1,Raydium,GoonFi V2,28.7,60,-31.3,0.0,28.7,False,441991301,441991340,441991323,DCnvjXri,ok
2026-08-27 01:08:12 UTC,10,Raydium,ZeroFi,28.6,60,-31.4,0.0,28.6,False,441991301,441991342,441991323,DCnvjXri,ok
2026-08-27 01:08:12 UTC,10,Raydium,Raydium CLMM,28.6,35,-6.4,0.0,28.6,False,441991301,441991342,441991323,DCnvjXri,ok
2026-08-27 01:08:12 UTC,10,Raydium,Quantum,28.7,60,-31.3,0.0,28.7,False,441991301,441991342,441991323,DCnvjXri,ok
2026-08-27 01:08:12 UTC,10,ZeroFi,Raydium CLMM,-0.0,35,-35.0,28.6,28.6,False,441991342,441991342,441991323,DCnvjXri,ok
2026-08-27 01:08:12 UTC,10,ZeroFi,Quantum,0.1,60,-59.9,28.6,28.7,False,441991342,441991342,441991323,DCnvjXri,ok
2026-08-27 01:08:12 UTC,10,Raydium CLMM,Quantum,0.1,35,-34.9,28.6,28.7,False,441991342,441991342,441991323,DCnvjXri,ok
2026-08-27 01:08:12 UTC,100,Raydium,Quantum,38.4,60,-21.6,0.0,38.4,False,441991301,441991345,441991323,DCnvjXri,ok
2026-08-27 01:08:12 UTC,100,Raydium,Whirlpool,38.2,35,3.2,0.0,38.2,False,441991301,441991345,441991323,DCnvjXri,ok
2026-08-27 01:08:12 UTC,100,Raydium,ZeroFi,38.4,60,-21.6,0.0,38.4,False,441991301,441991345,441991323,DCnvjXri,ok
2026-08-27 01:08:12 UTC,100,Quantum,Whirlpool,-0.2,35,-34.8,38.4,38.2,False,441991345,441991345,441991323,DCnvjXri,ok
2026-08-27 01:08:12 UTC,100,Quantum,ZeroFi,0.0,60,-60.0,38.4,38.4,False,441991345,441991345,441991323,DCnvjXri,ok
2026-08-27 01:08:12 UTC,100,Whirlpool,ZeroFi,0.2,35,-34.8,38.2,38.4,False,441991345,441991345,441991323,DCnvjXri,ok
2026-08-27 01:36:37 UTC,0.1,Raydium,Raydium CLMM,29.1,35,-5.9,0.0,29.1,False,441995959,441995996,441995989,7HJHPmGK,ok
2026-08-27 01:36:37 UTC,1,Raydium,BisonFi,28.7,60,-31.3,0.0,28.7,False,441995959,441995999,441995989,7HJHPmGK,ok
2026-08-27 01:36:37 UTC,10,Raydium,Quantum,31.9,60,-28.1,0.0,31.9,False,441995959,441996004,441995989,7HJHPmGK,ok
2026-08-27 01:36:37 UTC,10,Raydium,Quantum,31.9,60,-28.1,0.0,31.9,False,441995959,441996004,441995989,7HJHPmGK,ok
2026-08-27 01:36:37 UTC,100,Raydium,Whirlpool,42.1,35,7.1,0.0,42.1,False,441995959,441996009,441995989,7HJHPmGK,ok
2026-08-27 01:36:37 UTC,100,Raydium,ZeroFi,42.2,60,-17.8,0.0,42.2,False,441995959,441996009,441995989,7HJHPmGK,ok
2026-08-27 01:36:37 UTC,100,Raydium,TesseraV,42.1,60,-17.9,0.0,42.1,False,441995959,441996009,441995989,7HJHPmGK,ok
2026-08-27 01:36:37 UTC,100,Whirlpool,ZeroFi,0.1,35,-34.9,42.1,42.2,False,441996009,441996009,441995989,7HJHPmGK,ok
2026-08-27 01:36:37 UTC,100,Whirlpool,TesseraV,0.0,35,-35.0,42.1,42.1,False,441996009,441996009,441995989,7HJHPmGK,ok
2026-08-27 01:36:37 UTC,100,ZeroFi,TesseraV,-0.1,60,-59.9,42.2,42.1,False,441996009,441996009,441995989,7HJHPmGK,ok
2026-08-27 03:10:02 UTC,0.1,Raydium,Deriverse,17.9,60,-42.1,0.0,17.9,False,442011257,442011299,442011292,D57pm3XB,ok
2026-08-27 03:10:02 UTC,1,Raydium,BisonFi,17.4,60,-42.6,0.0,17.4,False,442011257,442011298,442011292,D57pm3XB,ok
2026-08-27 03:10:02 UTC,10,Raydium,ZeroFi,16.9,60,-43.1,0.0,16.9,False,442011257,442011308,442011292,D57pm3XB,ok
2026-08-27 03:10:02 UTC,10,Raydium,Raydium CLMM,18.3,35,-16.7,0.0,18.3,False,442011257,442011308,442011292,D57pm3XB,ok
2026-08-27 03:10:02 UTC,10,Raydium,Kipseli,16.8,60,-43.2,0.0,16.8,False,442011257,442011308,442011292,D57pm3XB,ok
2026-08-27 03:10:02 UTC,10,ZeroFi,Raydium CLMM,1.4,35,-33.6,16.9,18.3,False,442011308,442011308,442011292,D57pm3XB,ok
2026-08-27 03:10:02 UTC,10,ZeroFi,Kipseli,-0.0,60,-60.0,16.9,16.8,False,442011308,442011308,442011292,D57pm3XB,ok
2026-08-27 03:10:02 UTC,10,Raydium CLMM,Kipseli,-1.4,35,-33.6,18.3,16.8,False,442011308,442011308,442011292,D57pm3XB,ok
2026-08-27 03:10:02 UTC,100,Raydium,BisonFi,33.1,60,-26.9,0.0,33.1,False,442011257,442011310,442011292,D57pm3XB,ok
2026-08-27 03:10:02 UTC,100,Raydium,BisonFi,32.8,60,-27.2,0.0,32.8,False,442011257,442011310,442011292,D57pm3XB,ok
2026-08-27 04:11:06 UTC,0.1,Raydium,Deriverse,51.8,60,-8.2,0.0,51.8,False,442021306,442021340,442021334,BAadchXZ,ok
2026-08-27 04:11:06 UTC,1,Raydium,Quantum,51.6,60,-8.4,0.0,51.6,False,442021306,442021345,442021334,BAadchXZ,ok
2026-08-27 04:11:06 UTC,10,Raydium,Quantum,52.9,60,-7.1,0.0,52.9,False,442021306,442021349,442021334,BAadchXZ,ok
2026-08-27 04:11:06 UTC,10,Raydium,TesseraV,52.9,60,-7.1,0.0,52.9,False,442021306,442021349,442021334,BAadchXZ,ok
2026-08-27 04:11:06 UTC,10,Quantum,TesseraV,-0.0,60,-60.0,52.9,52.9,False,442021349,442021349,442021334,BAadchXZ,ok
2026-08-27 04:11:06 UTC,100,Raydium,ZeroFi,67.4,60,7.4,0.0,67.4,False,442021306,442021353,442021334,BAadchXZ,ok
2026-08-27 04:11:06 UTC,100,Raydium,BisonFi,68.3,60,8.3,0.0,68.3,False,442021306,442021353,442021334,BAadchXZ,ok
2026-08-27 04:11:06 UTC,100,Raydium,TesseraV,67.3,60,7.3,0.0,67.3,False,442021306,442021353,442021334,BAadchXZ,ok
2026-08-27 04:11:06 UTC,100,ZeroFi,BisonFi,0.9,60,-59.1,67.4,68.3,False,442021353,442021353,442021334,BAadchXZ,ok
2026-08-27 04:11:06 UTC,100,ZeroFi,TesseraV,-0.1,60,-59.9,67.4,67.3,False,442021353,442021353,442021334,BAadchXZ,ok
2026-08-27 04:11:06 UTC,100,BisonFi,TesseraV,-1.0,60,-59.0,68.3,67.3,False,442021353,442021353,442021334,BAadchXZ,ok
2026-08-27 05:40:37 UTC,0.1,Raydium,BisonFi,26.6,60,-33.4,0.0,26.6,False,442036021,442036057,442036062,ASc2GHjJ,ok
2026-08-27 05:40:37 UTC,1,Raydium,BisonFi,28.0,60,-32.0,0.0,28.0,False,442036021,442036067,442036062,ASc2GHjJ,ok
2026-08-27 05:40:37 UTC,10,Raydium,Aquifer,26.0,60,-34.0,0.0,26.0,False,442036021,442036071,442036062,ASc2GHjJ,ok
2026-08-27 05:40:37 UTC,10,Raydium,Quantum,26.3,60,-33.7,0.0,26.3,False,442036021,442036071,442036062,ASc2GHjJ,ok
2026-08-27 05:40:37 UTC,10,Raydium,GoonFi V2,26.3,60,-33.7,0.0,26.3,False,442036021,442036071,442036062,ASc2GHjJ,ok
2026-08-27 05:40:37 UTC,10,Aquifer,Quantum,0.3,60,-59.7,26.0,26.3,False,442036071,442036071,442036062,ASc2GHjJ,ok
2026-08-27 05:40:37 UTC,10,Aquifer,GoonFi V2,0.3,60,-59.7,26.0,26.3,False,442036071,442036071,442036062,ASc2GHjJ,ok
2026-08-27 05:40:37 UTC,10,Quantum,GoonFi V2,0.0,60,-60.0,26.3,26.3,False,442036071,442036071,442036062,ASc2GHjJ,ok
2026-08-27 05:40:37 UTC,100,Raydium,Aquifer,38.4,60,-21.6,0.0,38.4,False,442036021,442036075,442036062,ASc2GHjJ,ok
2026-08-27 05:40:37 UTC,100,Raydium,Scorch,40.3,60,-19.7,0.0,40.3,False,442036021,442036075,442036062,ASc2GHjJ,ok
2026-08-27 05:40:37 UTC,100,Raydium,Scorch,38.4,60,-21.6,0.0,38.4,False,442036021,442036075,442036062,ASc2GHjJ,ok
2026-08-27 05:40:37 UTC,100,Aquifer,Scorch,1.9,60,-58.1,38.4,40.3,False,442036075,442036075,442036062,ASc2GHjJ,ok
2026-08-27 05:40:37 UTC,100,Aquifer,Scorch,0.0,60,-60.0,38.4,38.4,False,442036075,442036075,442036062,ASc2GHjJ,ok
2026-08-27 06:29:03 UTC,0.1,Raydium,BisonFi,-15.3,60,-44.7,0.0,15.3,False,442043988,442044022,442044041,DhrVrs7C,ok
2026-08-27 06:29:03 UTC,1,Raydium,Quantum,-14.0,60,-46.0,0.0,14.0,False,442043988,442044037,442044041,DhrVrs7C,ok
2026-08-27 06:29:03 UTC,10,Raydium,Quantum,-13.1,60,-46.9,0.0,13.1,False,442043988,442044043,442044041,DhrVrs7C,ok
2026-08-27 06:29:03 UTC,100,Raydium,BisonFi,1.8,60,-58.2,0.0,1.8,False,442043988,442044049,442044041,DhrVrs7C,ok
2026-08-27 06:29:03 UTC,100,Raydium,BisonFi,-1.0,60,-59.0,0.0,1.0,False,442043988,442044049,442044041,DhrVrs7C,ok
2026-08-27 06:41:47 UTC,0.1,Raydium,GoonFi V2,35.3,60,-24.7,0.0,35.3,False,442046082,442046118,442046135,7xcximgp,ok
2026-08-27 06:41:47 UTC,1,Raydium,BisonFi,35.3,60,-24.7,0.0,35.3,False,442046082,442046125,442046135,7xcximgp,ok
2026-08-27 06:41:47 UTC,10,Raydium,Quantum,36.4,60,-23.6,0.0,36.4,False,442046082,442046130,442046135,7xcximgp,ok
2026-08-27 06:41:47 UTC,10,Raydium,GoonFi V2,36.5,60,-23.5,0.0,36.5,False,442046082,442046130,442046135,7xcximgp,ok
2026-08-27 06:41:47 UTC,10,Raydium,BisonFi,35.9,60,-24.1,0.0,35.9,False,442046082,442046130,442046135,7xcximgp,ok
2026-08-27 06:41:47 UTC,10,Quantum,GoonFi V2,0.0,60,-60.0,36.4,36.5,False,442046130,442046130,442046135,7xcximgp,ok
2026-08-27 06:41:47 UTC,10,Quantum,BisonFi,-0.5,60,-59.5,36.4,35.9,False,442046130,442046130,442046135,7xcximgp,ok
2026-08-27 06:41:47 UTC,10,GoonFi V2,BisonFi,-0.6,60,-59.4,36.5,35.9,False,442046130,442046130,442046135,7xcximgp,ok
2026-08-27 06:41:47 UTC,100,Raydium,TesseraV,51.4,60,-8.6,0.0,51.4,False,442046082,442046134,442046135,7xcximgp,ok
2026-08-27 06:41:47 UTC,100,Raydium,TesseraV,49.9,60,-10.1,0.0,49.9,False,442046082,442046134,442046135,7xcximgp,ok
2026-08-27 07:01:02 UTC,0.1,Raydium,Quantum,45.4,60,-14.6,0.0,45.4,False,442049278,442049314,442049312,AEzHaE9F,ok
2026-08-27 07:01:02 UTC,1,Raydium,Flux,45.9,60,-14.1,0.0,45.9,False,442049278,442049320,442049312,AEzHaE9F,ok
2026-08-27 07:01:02 UTC,10,Raydium,BisonFi,47.4,60,-12.6,0.0,47.4,False,442049278,442049326,442049312,AEzHaE9F,ok
2026-08-27 07:01:02 UTC,100,Raydium,TesseraV,60.4,60,0.4,0.0,60.4,False,442049278,442049332,442049312,AEzHaE9F,ok
2026-08-27 07:01:02 UTC,100,Raydium,Scorch,61.9,60,1.9,0.0,61.9,False,442049278,442049332,442049312,AEzHaE9F,ok
2026-08-27 07:01:02 UTC,100,Raydium,BisonFi,60.3,60,0.3,0.0,60.3,False,442049278,442049332,442049312,AEzHaE9F,ok
2026-08-27 07:01:02 UTC,100,TesseraV,Scorch,1.6,60,-58.4,60.4,61.9,False,442049332,442049332,442049312,AEzHaE9F,ok
2026-08-27 07:01:02 UTC,100,TesseraV,BisonFi,-0.1,60,-59.9,60.4,60.3,False,442049332,442049332,442049312,AEzHaE9F,ok
2026-08-27 07:01:02 UTC,100,Scorch,BisonFi,-1.6,60,-58.4,61.9,60.3,False,442049332,442049332,442049312,AEzHaE9F,ok
2026-08-27 09:32:15 UTC,0.1,Raydium,Whirlpool,15.6,35,-19.4,0.0,15.6,False,442074116,442074156,442074160,6Cvvy2vf,ok
2026-08-27 09:32:15 UTC,1,Raydium,Whirlpool,9.1,35,-25.9,0.0,9.1,False,442074116,442074162,442074160,6Cvvy2vf,ok
2026-08-27 09:32:15 UTC,10,Raydium,Quantum,7.8,60,-52.2,0.0,7.8,False,442074116,442074166,442074160,6Cvvy2vf,ok
2026-08-27 09:32:15 UTC,10,Raydium,Kipseli,8.7,60,-51.3,0.0,8.7,False,442074116,442074166,442074160,6Cvvy2vf,ok
2026-08-27 09:32:15 UTC,10,Quantum,Kipseli,0.8,60,-59.2,7.8,8.7,False,442074166,442074166,442074160,6Cvvy2vf,ok
2026-08-27 09:32:15 UTC,100,Raydium,Flux,21.1,60,-38.9,0.0,21.1,False,442074116,442074172,442074160,6Cvvy2vf,ok
2026-08-27 09:32:15 UTC,100,Raydium,Quantum,19.6,60,-40.4,0.0,19.6,False,442074116,442074172,442074160,6Cvvy2vf,ok
2026-08-27 09:32:15 UTC,100,Raydium,BisonFi,19.1,60,-40.9,0.0,19.1,False,442074116,442074172,442074160,6Cvvy2vf,ok
2026-08-27 09:32:15 UTC,100,Flux,Quantum,-1.6,60,-58.4,21.1,19.6,False,442074172,442074172,442074160,6Cvvy2vf,ok
2026-08-27 09:32:15 UTC,100,Flux,BisonFi,-2.0,60,-58.0,21.1,19.1,False,442074172,442074172,442074160,6Cvvy2vf,ok
2026-08-27 09:32:15 UTC,100,Quantum,BisonFi,-0.5,60,-59.5,19.6,19.1,False,442074172,442074172,442074160,6Cvvy2vf,ok
2026-08-27 10:45:45 UTC,0.1,Raydium,Meteora DLMM,56.7,55,1.7,0.0,56.7,False,442086204,442086241,442086250,2gz3nAkN,ok
2026-08-27 10:45:45 UTC,1,Raydium,Quantum,59.5,60,-0.5,0.0,59.5,False,442086204,442086248,442086250,2gz3nAkN,ok
2026-08-27 10:45:45 UTC,10,Raydium,BisonFi,62.0,60,2.0,0.0,62.0,False,442086204,442086255,442086250,2gz3nAkN,ok
2026-08-27 10:45:45 UTC,10,Raydium,Quantum,61.6,60,1.6,0.0,61.6,False,442086204,442086255,442086250,2gz3nAkN,ok
2026-08-27 10:45:45 UTC,10,BisonFi,Quantum,-0.4,60,-59.6,62.0,61.6,False,442086255,442086255,442086250,2gz3nAkN,ok
2026-08-27 10:45:45 UTC,100,Raydium,Quantum,73.0,60,13.0,0.0,73.0,False,442086204,442086262,442086250,2gz3nAkN,ok
2026-08-27 10:45:45 UTC,100,Raydium,TesseraV,72.9,60,12.9,0.0,72.9,False,442086204,442086262,442086250,2gz3nAkN,ok
2026-08-27 10:45:45 UTC,100,Raydium,Aquifer,73.0,60,13.0,0.0,73.0,False,442086204,442086262,442086250,2gz3nAkN,ok
2026-08-27 10:45:45 UTC,100,Quantum,TesseraV,-0.1,60,-59.9,73.0,72.9,False,442086262,442086262,442086250,2gz3nAkN,ok
2026-08-27 10:45:45 UTC,100,Quantum,Aquifer,0.1,60,-59.9,73.0,73.0,False,442086262,442086262,442086250,2gz3nAkN,ok
2026-08-27 10:45:45 UTC,100,TesseraV,Aquifer,0.2,60,-59.8,72.9,73.0,False,442086262,442086262,442086250,2gz3nAkN,ok
2026-08-27 11:02:00 UTC,0.1,Raydium,Flux,19.6,60,-40.4,0.0,19.6,False,442088899,442088935,442088932,7vwC6Qxc,ok
2026-08-27 11:02:00 UTC,1,Raydium,Kipseli,18.5,60,-41.5,0.0,18.5,False,442088899,442088938,442088932,7vwC6Qxc,ok
2026-08-27 11:02:00 UTC,10,Raydium,GoonFi V2,20.2,60,-39.8,0.0,20.2,False,442088899,442088944,442088932,7vwC6Qxc,ok
2026-08-27 11:02:00 UTC,10,Raydium,Kipseli,19.8,60,-40.2,0.0,19.8,False,442088899,442088944,442088932,7vwC6Qxc,ok
2026-08-27 11:02:00 UTC,10,Raydium,Flux,20.0,60,-40.0,0.0,20.0,False,442088899,442088944,442088932,7vwC6Qxc,ok
2026-08-27 11:02:00 UTC,10,GoonFi V2,Kipseli,-0.4,60,-59.6,20.2,19.8,False,442088944,442088944,442088932,7vwC6Qxc,ok
2026-08-27 11:02:00 UTC,10,GoonFi V2,Flux,-0.1,60,-59.9,20.2,20.0,False,442088944,442088944,442088932,7vwC6Qxc,ok
2026-08-27 11:02:00 UTC,10,Kipseli,Flux,0.3,60,-59.7,19.8,20.0,False,442088944,442088944,442088932,7vwC6Qxc,ok
2026-08-27 11:02:00 UTC,100,Raydium,BisonFi,35.4,60,-24.6,0.0,35.4,False,442088899,442088952,442088932,7vwC6Qxc,ok
2026-08-27 11:02:00 UTC,100,Raydium,GoonFi V2,35.5,60,-24.5,0.0,35.5,False,442088899,442088952,442088932,7vwC6Qxc,ok
2026-08-27 11:02:00 UTC,100,BisonFi,GoonFi V2,0.1,60,-59.9,35.4,35.5,False,442088952,442088952,442088932,7vwC6Qxc,ok
2026-08-27 11:38:20 UTC,0.1,Raydium,Scorch,24.6,60,-35.4,0.0,24.6,False,442094856,442094892,442094905,J7Ba3has,ok
2026-08-27 11:38:20 UTC,1,Raydium,Flux,26.7,60,-33.3,0.0,26.7,False,442094856,442094901,442094905,J7Ba3has,ok
2026-08-27 11:38:20 UTC,10,Raydium,Scorch,30.1,60,-29.9,0.0,30.1,False,442094856,442094908,442094905,J7Ba3has,ok
2026-08-27 11:38:20 UTC,10,Raydium,Quantum,29.9,60,-30.1,0.0,29.9,False,442094856,442094908,442094905,J7Ba3has,ok
2026-08-27 11:38:20 UTC,10,Scorch,Quantum,-0.2,60,-59.8,30.1,29.9,False,442094908,442094908,442094905,J7Ba3has,ok
2026-08-27 11:38:20 UTC,100,Raydium,BisonFi,43.0,60,-17.0,0.0,43.0,False,442094856,442094914,442094905,J7Ba3has,ok
2026-08-27 11:38:20 UTC,100,Raydium,BisonFi,44.5,60,-15.5,0.0,44.5,False,442094856,442094914,442094905,J7Ba3has,ok
2026-08-27 11:38:20 UTC,100,Raydium,BisonFi,42.8,60,-17.2,0.0,42.8,False,442094856,442094914,442094905,J7Ba3has,ok
2026-08-27 12:18:42 UTC,1,Raydium,Quantum,39.8,60,-20.2,0.0,39.8,True,442098963,442101547,442101540,DkDX1N4B,stale
2026-08-27 12:18:42 UTC,10,Raydium,PancakeSwap,40.5,60,-19.5,0.0,40.5,True,442098963,442101550,442101540,DkDX1N4B,stale
2026-08-27 12:18:42 UTC,10,Raydium,Whirlpool,39.2,35,4.2,0.0,39.2,True,442098963,442101550,442101540,DkDX1N4B,stale
2026-08-27 12:18:42 UTC,10,Raydium,Flux,40.3,60,-19.7,0.0,40.3,True,442098963,442101550,442101540,DkDX1N4B,stale
2026-08-27 12:18:42 UTC,10,PancakeSwap,Whirlpool,-1.3,35,-33.7,40.5,39.2,False,442101550,442101550,442101540,DkDX1N4B,ok
2026-08-27 12:18:42 UTC,10,PancakeSwap,Flux,-0.2,60,-59.8,40.5,40.3,False,442101550,442101550,442101540,DkDX1N4B,ok
2026-08-27 12:18:42 UTC,10,Whirlpool,Flux,1.0,35,-34.0,39.2,40.3,False,442101550,442101550,442101540,DkDX1N4B,ok
2026-08-27 12:18:42 UTC,100,Raydium,BisonFi,54.4,60,-5.6,0.0,54.4,True,442098963,442101555,442101540,DkDX1N4B,stale
2026-08-27 12:18:42 UTC,100,Raydium,Scorch,54.4,60,-5.6,0.0,54.4,True,442098963,442101555,442101540,DkDX1N4B,stale
2026-08-27 12:18:42 UTC,100,BisonFi,Scorch,0.0,60,-60.0,54.4,54.4,False,442101555,442101555,442101540,DkDX1N4B,ok
2026-08-27 12:35:09 UTC,0.1,Raydium,Quantum,14.2,60,-45.8,0.0,14.2,False,442104199,442104234,442104243,BQ4WhnFs,ok
2026-08-27 12:35:09 UTC,1,Raydium,Flux,14.5,60,-45.5,0.0,14.5,False,442104199,442104238,442104243,BQ4WhnFs,ok
2026-08-27 12:35:09 UTC,10,Raydium,BisonFi,16.1,60,-43.9,0.0,16.1,False,442104199,442104247,442104243,BQ4WhnFs,ok
2026-08-27 12:35:09 UTC,10,Raydium,Flux,16.4,60,-43.6,0.0,16.4,False,442104199,442104247,442104243,BQ4WhnFs,ok
2026-08-27 12:35:09 UTC,10,BisonFi,Flux,0.3,60,-59.7,16.1,16.4,False,442104247,442104247,442104243,BQ4WhnFs,ok
2026-08-27 12:35:09 UTC,100,Raydium,Quantum,29.3,60,-30.7,0.0,29.3,False,442104199,442104263,442104243,BQ4WhnFs,ok
2026-08-27 12:35:09 UTC,100,Raydium,BisonFi,29.6,60,-30.4,0.0,29.6,False,442104199,442104263,442104243,BQ4WhnFs,ok
2026-08-27 12:35:09 UTC,100,Raydium,Flux,30.0,60,-30.0,0.0,30.0,False,442104199,442104263,442104243,BQ4WhnFs,ok
2026-08-27 12:35:09 UTC,100,Quantum,BisonFi,0.3,60,-59.7,29.3,29.6,False,442104263,442104263,442104243,BQ4WhnFs,ok
2026-08-27 12:35:09 UTC,100,Quantum,Flux,0.7,60,-59.3,29.3,30.0,False,442104263,442104263,442104243,BQ4WhnFs,ok
2026-08-27 12:35:09 UTC,100,BisonFi,Flux,0.5,60,-59.5,29.6,30.0,False,442104263,442104263,442104243,BQ4WhnFs,ok
2026-08-27 13:48:40 UTC,0.1,Raydium,SolFi V2,34.5,60,-25.5,0.0,34.5,False,442116247,442116284,442116296,BCVyHEEX,ok
2026-08-27 13:48:40 UTC,1,Raydium,TesseraV,35.2,60,-24.8,0.0,35.2,False,442116247,442116292,442116296,BCVyHEEX,ok
2026-08-27 13:48:40 UTC,10,Raydium,Flux,38.3,60,-21.7,0.0,38.3,False,442116247,442116297,442116296,BCVyHEEX,ok
2026-08-27 14:04:25 UTC,0.1,Raydium,GoonFi V2,94.3,60,34.3,0.0,94.3,False,442118858,442118893,442118890,FPRZnxhB,ok
2026-08-27 14:04:25 UTC,1,Raydium,Flux,92.0,60,32.0,0.0,92.0,False,442118858,442118897,442118890,FPRZnxhB,ok
2026-08-27 14:04:25 UTC,10,Raydium,PancakeSwap,87.5,60,27.5,0.0,87.5,False,442118858,442118902,442118890,FPRZnxhB,ok
2026-08-27 14:04:25 UTC,10,Raydium,BisonFi,87.7,60,27.7,0.0,87.7,False,442118858,442118902,442118890,FPRZnxhB,ok
2026-08-27 14:04:25 UTC,10,Raydium,Kipseli,88.3,60,28.3,0.0,88.3,False,442118858,442118902,442118890,FPRZnxhB,ok
2026-08-27 14:04:25 UTC,10,PancakeSwap,BisonFi,0.1,60,-59.9,87.5,87.7,False,442118902,442118902,442118890,FPRZnxhB,ok
2026-08-27 14:04:25 UTC,10,PancakeSwap,Kipseli,0.8,60,-59.2,87.5,88.3,False,442118902,442118902,442118890,FPRZnxhB,ok
2026-08-27 14:04:25 UTC,10,BisonFi,Kipseli,0.7,60,-59.3,87.7,88.3,False,442118902,442118902,442118890,FPRZnxhB,ok
2026-08-27 14:04:25 UTC,100,Raydium,Meteora DLMM,86.0,55,31.0,0.0,86.0,False,442118858,442118911,442118890,FPRZnxhB,ok
2026-08-27 14:04:25 UTC,100,Raydium,Raydium CLMM,86.4,35,51.4,0.0,86.4,False,442118858,442118911,442118890,FPRZnxhB,ok
2026-08-27 14:04:25 UTC,100,Raydium,Quantum,87.7,60,27.7,0.0,87.7,False,442118858,442118911,442118890,FPRZnxhB,ok
2026-08-27 14:04:25 UTC,100,Meteora DLMM,Raydium CLMM,0.4,30,-29.6,86.0,86.4,False,442118911,442118911,442118890,FPRZnxhB,ok
2026-08-27 14:04:25 UTC,100,Meteora DLMM,Quantum,1.6,55,-53.4,86.0,87.7,False,442118911,442118911,442118890,FPRZnxhB,ok
2026-08-27 14:04:25 UTC,100,Raydium CLMM,Quantum,1.2,35,-33.8,86.4,87.7,False,442118911,442118911,442118890,FPRZnxhB,ok
2026-08-27 14:30:32 UTC,0.1,Raydium,Quantum,29.1,60,-30.9,0.0,29.1,False,442123129,442123163,442123166,ErExWkoc,ok
2026-08-27 14:30:32 UTC,1,Raydium,Quantum,32.4,60,-27.6,0.0,32.4,False,442123129,442123166,442123166,ErExWkoc,ok
2026-08-27 14:30:32 UTC,10,Raydium,Aquifer,37.2,60,-22.8,0.0,37.2,False,442123129,442123175,442123166,ErExWkoc,ok
2026-08-27 14:30:32 UTC,10,Raydium,GoonFi V2,37.8,60,-22.2,0.0,37.8,False,442123129,442123175,442123166,ErExWkoc,ok
2026-08-27 14:30:32 UTC,10,Raydium,Flux,38.0,60,-22.0,0.0,38.0,False,442123129,442123175,442123166,ErExWkoc,ok
2026-08-27 14:30:32 UTC,10,Aquifer,GoonFi V2,0.5,60,-59.5,37.2,37.8,False,442123175,442123175,442123166,ErExWkoc,ok
2026-08-27 14:30:32 UTC,10,Aquifer,Flux,0.7,60,-59.3,37.2,38.0,False,442123175,442123175,442123166,ErExWkoc,ok
2026-08-27 14:30:32 UTC,10,GoonFi V2,Flux,0.2,60,-59.8,37.8,38.0,False,442123175,442123175,442123166,ErExWkoc,ok
2026-08-27 14:30:32 UTC,100,Raydium,Quantum,44.8,60,-15.2,0.0,44.8,False,442123129,442123186,442123166,ErExWkoc,ok
2026-08-27 14:30:32 UTC,100,Raydium,BisonFi,45.9,60,-14.1,0.0,45.9,False,442123129,442123186,442123166,ErExWkoc,ok
2026-08-27 14:30:32 UTC,100,Raydium,BisonFi,44.6,60,-15.4,0.0,44.6,False,442123129,442123186,442123166,ErExWkoc,ok
2026-08-27 14:30:32 UTC,100,Quantum,BisonFi,1.0,60,-59.0,44.8,45.9,False,442123186,442123186,442123166,ErExWkoc,ok
2026-08-27 14:30:32 UTC,100,Quantum,BisonFi,-0.2,60,-59.8,44.8,44.6,False,442123186,442123186,442123166,ErExWkoc,ok
2026-08-27 15:18:00 UTC,0.1,Raydium,Quantum,42.2,60,-17.8,0.0,42.2,True,442128336,442128371,442130946,7enVEY5y,stale
2026-08-27 15:18:00 UTC,1,Raydium,Quantum,41.3,60,-18.7,0.0,41.3,True,442128336,442128377,442130946,7enVEY5y,stale
2026-08-27 15:18:00 UTC,100,Raydium,BisonFi,82.2,60,22.2,0.0,82.2,True,442128336,442130955,442130946,7enVEY5y,stale
2026-08-27 15:18:00 UTC,100,Raydium,PancakeSwap,82.3,60,22.3,0.0,82.3,True,442128336,442130955,442130946,7enVEY5y,stale
2026-08-27 15:18:00 UTC,100,BisonFi,PancakeSwap,0.2,60,-59.8,82.2,82.3,False,442130955,442130955,442130946,7enVEY5y,ok
2026-08-27 16:39:03 UTC,0.1,Raydium,Raydium CLMM,39.6,35,4.6,0.0,39.6,False,442144191,442144227,442144223,BhY7XamR,ok
2026-08-27 16:39:03 UTC,1,Raydium,BisonFi,40.5,60,-19.5,0.0,40.5,False,442144191,442144232,442144223,BhY7XamR,ok
2026-08-27 16:39:03 UTC,10,Raydium,BisonFi,42.6,60,-17.4,0.0,42.6,False,442144191,442144238,442144223,BhY7XamR,ok
2026-08-27 16:39:03 UTC,10,Raydium,BisonFi,43.4,60,-16.6,0.0,43.4,False,442144191,442144238,442144223,BhY7XamR,ok
2026-08-27 16:39:03 UTC,100,Raydium,TesseraV,53.8,60,-6.2,0.0,53.8,False,442144191,442144242,442144223,BhY7XamR,ok
2026-08-27 16:39:03 UTC,100,Raydium,Scorch,53.9,60,-6.1,0.0,53.9,False,442144191,442144242,442144223,BhY7XamR,ok
2026-08-27 16:39:03 UTC,100,TesseraV,Scorch,0.2,60,-59.8,53.8,53.9,False,442144242,442144242,442144223,BhY7XamR,ok
2026-08-27 17:16:34 UTC,0.1,Raydium,BisonFi,42.3,60,-17.7,0.0,42.3,True,442147747,442147782,442150305,4NJo9jXd,stale
2026-08-27 17:16:34 UTC,1,Raydium,Kipseli,37.5,60,-22.5,0.0,37.5,True,442147747,442147787,442150305,4NJo9jXd,stale
2026-08-27 17:16:34 UTC,100,Raydium,BisonFi,75.7,60,15.7,0.0,75.7,True,442147747,442150319,442150305,4NJo9jXd,stale
2026-08-27 17:16:34 UTC,100,Raydium,BisonFi,75.8,60,15.8,0.0,75.8,True,442147747,442150319,442150305,4NJo9jXd,stale
2026-08-27 17:35:14 UTC,0.1,Raydium,Raydium CLMM,11.0,35,-24.0,0.0,11.0,False,442153304,442153339,442153336,DEjB2gm3,ok
2026-08-27 17:35:14 UTC,1,Raydium,Flux,14.2,60,-45.8,0.0,14.2,False,442153304,442153343,442153336,DEjB2gm3,ok
2026-08-27 17:35:14 UTC,10,Raydium,BisonFi,15.0,60,-45.0,0.0,15.0,False,442153304,442153348,442153336,DEjB2gm3,ok
2026-08-27 17:35:14 UTC,10,Raydium,Deriverse,15.3,60,-44.7,0.0,15.3,False,442153304,442153348,442153336,DEjB2gm3,ok
2026-08-27 17:35:14 UTC,10,Raydium,TesseraV,14.9,60,-45.1,0.0,14.9,False,442153304,442153348,442153336,DEjB2gm3,ok
2026-08-27 17:35:14 UTC,10,BisonFi,Deriverse,0.3,60,-59.7,15.0,15.3,False,442153348,442153348,442153336,DEjB2gm3,ok
2026-08-27 17:35:14 UTC,10,BisonFi,TesseraV,-0.1,60,-59.9,15.0,14.9,False,442153348,442153348,442153336,DEjB2gm3,ok
2026-08-27 17:35:14 UTC,10,Deriverse,TesseraV,-0.4,60,-59.6,15.3,14.9,False,442153348,442153348,442153336,DEjB2gm3,ok
2026-08-27 17:35:14 UTC,100,Raydium,BisonFi,26.7,60,-33.3,0.0,26.7,False,442153304,442153353,442153336,DEjB2gm3,ok
2026-08-27 17:35:14 UTC,100,Raydium,TesseraV,26.8,60,-33.2,0.0,26.8,False,442153304,442153353,442153336,DEjB2gm3,ok
2026-08-27 17:35:14 UTC,100,Raydium,GoonFi V2,27.5,60,-32.5,0.0,27.5,False,442153304,442153353,442153336,DEjB2gm3,ok
2026-08-27 17:35:14 UTC,100,BisonFi,TesseraV,0.1,60,-59.9,26.7,26.8,False,442153353,442153353,442153336,DEjB2gm3,ok
2026-08-27 17:35:14 UTC,100,BisonFi,GoonFi V2,0.8,60,-59.2,26.7,27.5,False,442153353,442153353,442153336,DEjB2gm3,ok
2026-08-27 17:35:14 UTC,100,TesseraV,GoonFi V2,0.7,60,-59.3,26.8,27.5,False,442153353,442153353,442153336,DEjB2gm3,ok
2026-08-27 19:14:56 UTC,0.1,Raydium,Quantum,53.2,60,-6.8,0.0,53.2,False,442169610,442169644,442169626,jkbF8QZM,ok
2026-08-27 19:14:56 UTC,1,Raydium,PancakeSwap,51.8,60,-8.2,0.0,51.8,False,442169610,442169645,442169626,jkbF8QZM,ok
2026-08-27 19:14:56 UTC,10,Raydium,Whirlpool,50.8,35,15.8,0.0,50.8,False,442169610,442169648,442169626,jkbF8QZM,ok
2026-08-27 19:14:56 UTC,10,Raydium,Raydium CLMM,50.8,35,15.8,0.0,50.8,False,442169610,442169648,442169626,jkbF8QZM,ok
2026-08-27 19:14:56 UTC,10,Raydium,Deriverse,52.5,60,-7.5,0.0,52.5,False,442169610,442169648,442169626,jkbF8QZM,ok
2026-08-27 19:14:56 UTC,10,Whirlpool,Raydium CLMM,0.1,10,-9.9,50.8,50.8,False,442169648,442169648,442169626,jkbF8QZM,ok
2026-08-27 19:14:56 UTC,10,Whirlpool,Deriverse,1.7,35,-33.3,50.8,52.5,False,442169648,442169648,442169626,jkbF8QZM,ok
2026-08-27 19:14:56 UTC,10,Raydium CLMM,Deriverse,1.7,35,-33.3,50.8,52.5,False,442169648,442169648,442169626,jkbF8QZM,ok
2026-08-27 19:14:56 UTC,100,Raydium,BisonFi,69.6,60,9.6,0.0,69.6,False,442169610,442169649,442169626,jkbF8QZM,ok
2026-08-27 19:14:56 UTC,100,Raydium,BisonFi,72.3,60,12.3,0.0,72.3,False,442169610,442169649,442169626,jkbF8QZM,ok
2026-08-27 19:14:56 UTC,100,Raydium,TesseraV,69.5,60,9.5,0.0,69.5,False,442169610,442169649,442169626,jkbF8QZM,ok
2026-08-27 19:14:56 UTC,100,BisonFi,TesseraV,-0.1,60,-59.9,69.6,69.5,False,442169649,442169649,442169626,jkbF8QZM,ok
2026-08-27 19:14:56 UTC,100,BisonFi,TesseraV,-2.8,60,-57.2,72.3,69.5,False,442169649,442169649,442169626,jkbF8QZM,ok
2026-08-27 19:30:52 UTC,0.1,Raydium,Deriverse,25.9,60,-34.1,0.0,25.9,False,442172195,442172228,442172213,4utbDm3z,ok
2026-08-27 19:30:52 UTC,1,Raydium,Scorch,25.3,60,-34.7,0.0,25.3,False,442172195,442172230,442172213,4utbDm3z,ok
2026-08-27 19:30:52 UTC,10,Raydium,Flux,25.7,60,-34.3,0.0,25.7,False,442172195,442172233,442172213,4utbDm3z,ok
2026-08-27 19:30:52 UTC,100,Raydium,BisonFi,33.5,60,-26.5,0.0,33.5,False,442172195,442172237,442172213,4utbDm3z,ok
2026-08-27 20:11:06 UTC,0.1,Raydium,BisonFi,29.8,60,-30.2,0.0,29.8,False,442178800,442178832,442178814,CH8VSVkp,ok
2026-08-27 20:11:06 UTC,1,Raydium,Quantum,30.8,60,-29.2,0.0,30.8,False,442178800,442178833,442178814,CH8VSVkp,ok
2026-08-27 20:11:06 UTC,10,Raydium,Quantum,31.8,60,-28.2,0.0,31.8,False,442178800,442178835,442178814,CH8VSVkp,ok
2026-08-27 20:11:06 UTC,100,Raydium,Flux,43.5,60,-16.5,0.0,43.5,False,442178800,442178836,442178814,CH8VSVkp,ok
2026-08-27 20:11:06 UTC,100,Raydium,GoonFi V2,44.6,60,-15.4,0.0,44.6,False,442178800,442178836,442178814,CH8VSVkp,ok
2026-08-27 20:11:06 UTC,100,Raydium,BisonFi,42.8,60,-17.2,0.0,42.8,False,442178800,442178836,442178814,CH8VSVkp,ok
2026-08-27 20:11:06 UTC,100,Flux,GoonFi V2,1.1,60,-58.9,43.5,44.6,False,442178836,442178836,442178814,CH8VSVkp,ok
2026-08-27 20:11:06 UTC,100,Flux,BisonFi,-0.7,60,-59.3,43.5,42.8,False,442178836,442178836,442178814,CH8VSVkp,ok
2026-08-27 20:11:06 UTC,100,GoonFi V2,BisonFi,-1.8,60,-58.2,44.6,42.8,False,442178836,442178836,442178814,CH8VSVkp,ok
2026-08-27 20:42:51 UTC,0.1,Raydium,BisonFi,50.2,60,-9.8,0.0,50.2,False,442183999,442184031,442184014,Gt8YZXTQ,ok
2026-08-27 20:42:51 UTC,1,Raydium,BisonFi,56.7,60,-3.3,0.0,56.7,False,442183999,442184033,442184014,Gt8YZXTQ,ok
2026-08-27 20:42:51 UTC,10,Raydium,Quantum,54.8,60,-5.2,0.0,54.8,False,442183999,442184035,442184014,Gt8YZXTQ,ok
2026-08-27 20:42:51 UTC,10,Raydium,Raydium CLMM,54.0,35,19.0,0.0,54.0,False,442183999,442184035,442184014,Gt8YZXTQ,ok
2026-08-27 20:42:51 UTC,10,Quantum,Raydium CLMM,-0.8,35,-34.2,54.8,54.0,False,442184035,442184035,442184014,Gt8YZXTQ,ok
2026-08-27 20:42:51 UTC,100,Raydium,BisonFi,70.9,60,10.9,0.0,70.9,False,442183999,442184036,442184014,Gt8YZXTQ,ok
2026-08-27 20:42:51 UTC,100,Raydium,Scorch,69.0,60,9.0,0.0,69.0,False,442183999,442184036,442184014,Gt8YZXTQ,ok
2026-08-27 20:42:51 UTC,100,BisonFi,Scorch,-1.9,60,-58.1,70.9,69.0,False,442184036,442184036,442184014,Gt8YZXTQ,ok
2026-08-27 21:37:21 UTC,0.1,Raydium,Quantum,38.9,60,-21.1,0.0,38.9,False,442192910,442192942,442192924,6gFH5kUd,ok
2026-08-27 21:37:21 UTC,1,Raydium,Aquifer,39.6,60,-20.4,0.0,39.6,False,442192910,442192944,442192924,6gFH5kUd,ok
2026-08-27 21:37:21 UTC,10,Raydium,Aquifer,40.8,60,-19.2,0.0,40.8,False,442192910,442192946,442192924,6gFH5kUd,ok
2026-08-27 21:37:21 UTC,10,Raydium,BisonFi,40.5,60,-19.5,0.0,40.5,False,442192910,442192946,442192924,6gFH5kUd,ok
2026-08-27 21:37:21 UTC,10,Aquifer,BisonFi,-0.4,60,-59.6,40.8,40.5,False,442192946,442192946,442192924,6gFH5kUd,ok
2026-08-27 21:37:21 UTC,100,Raydium,Quantum,56.1,60,-3.9,0.0,56.1,False,442192910,442192947,442192924,6gFH5kUd,ok
2026-08-27 21:37:21 UTC,100,Raydium,BisonFi,57.3,60,-2.7,0.0,57.3,False,442192910,442192947,442192924,6gFH5kUd,ok
2026-08-27 21:37:21 UTC,100,Raydium,BisonFi,54.2,60,-5.8,0.0,54.2,False,442192910,442192947,442192924,6gFH5kUd,ok
2026-08-27 21:37:21 UTC,100,Quantum,BisonFi,1.2,60,-58.8,56.1,57.3,False,442192947,442192947,442192924,6gFH5kUd,ok
2026-08-27 21:37:21 UTC,100,Quantum,BisonFi,-1.9,60,-58.1,56.1,54.2,False,442192947,442192947,442192924,6gFH5kUd,ok
2026-08-27 22:25:56 UTC,0.1,Raydium,Whirlpool,32.4,35,-2.6,0.0,32.4,False,442200840,442200873,442200855,6GQsK9qQ,ok
2026-08-27 22:25:56 UTC,1,Raydium,Flux,32.3,60,-27.7,0.0,32.3,False,442200840,442200875,442200855,6GQsK9qQ,ok
2026-08-27 22:25:56 UTC,10,Raydium,BisonFi,32.2,60,-27.8,0.0,32.2,False,442200840,442200876,442200855,6GQsK9qQ,ok
2026-08-27 22:25:56 UTC,100,Raydium,BisonFi,47.2,60,-12.8,0.0,47.2,False,442200840,442200878,442200855,6GQsK9qQ,ok
2026-08-27 22:32:13 UTC,0.1,Raydium,BisonFi,34.3,60,-25.7,0.0,34.3,False,442201854,442201888,442201872,EoeHfSju,ok
2026-08-27 22:32:13 UTC,1,Raydium,Quantum,37.7,60,-22.3,0.0,37.7,False,442201854,442201890,442201872,EoeHfSju,ok
2026-08-27 22:32:13 UTC,10,Raydium,Flux,36.5,60,-23.5,0.0,36.5,False,442201854,442201893,442201872,EoeHfSju,ok
2026-08-27 22:32:13 UTC,100,Raydium,BisonFi,49.8,60,-10.2,0.0,49.8,False,442201854,442201896,442201872,EoeHfSju,ok
2026-08-27 22:32:13 UTC,100,Raydium,Quantum,51.5,60,-8.5,0.0,51.5,False,442201854,442201896,442201872,EoeHfSju,ok
2026-08-27 22:32:13 UTC,100,BisonFi,Quantum,1.7,60,-58.3,49.8,51.5,False,442201896,442201896,442201872,EoeHfSju,ok
2026-08-27 23:00:48 UTC,0.1,Raydium,BisonFi,16.0,60,-44.0,0.0,16.0,False,442206545,442206579,442206567,6VU8Vx9z,ok
2026-08-27 23:00:48 UTC,1,Raydium,Kipseli,15.8,60,-44.2,0.0,15.8,False,442206545,442206583,442206567,6VU8Vx9z,ok
2026-08-27 23:00:48 UTC,10,Raydium,Deriverse,16.8,60,-43.2,0.0,16.8,False,442206545,442206586,442206567,6VU8Vx9z,ok
2026-08-27 23:00:48 UTC,10,Raydium,Kipseli,16.6,60,-43.4,0.0,16.6,False,442206545,442206586,442206567,6VU8Vx9z,ok
2026-08-27 23:00:48 UTC,10,Raydium,Flux,14.9,60,-45.1,0.0,14.9,False,442206545,442206586,442206567,6VU8Vx9z,ok
2026-08-27 23:00:48 UTC,10,Deriverse,Kipseli,-0.2,60,-59.8,16.8,16.6,False,442206586,442206586,442206567,6VU8Vx9z,ok
2026-08-27 23:00:48 UTC,10,Deriverse,Flux,-1.9,60,-58.1,16.8,14.9,False,442206586,442206586,442206567,6VU8Vx9z,ok
2026-08-27 23:00:48 UTC,10,Kipseli,Flux,-1.7,60,-58.3,16.6,14.9,False,442206586,442206586,442206567,6VU8Vx9z,ok
2026-08-27 23:00:48 UTC,100,Raydium,GoonFi V2,30.2,60,-29.8,0.0,30.2,False,442206545,442206591,442206567,6VU8Vx9z,ok
2026-08-27 23:00:48 UTC,100,Raydium,BisonFi,29.4,60,-30.6,0.0,29.4,False,442206545,442206591,442206567,6VU8Vx9z,ok
2026-08-27 23:00:48 UTC,100,Raydium,Scorch,30.0,60,-30.0,0.0,30.0,False,442206545,442206591,442206567,6VU8Vx9z,ok
2026-08-27 23:00:48 UTC,100,GoonFi V2,BisonFi,-0.8,60,-59.2,30.2,29.4,False,442206591,442206591,442206567,6VU8Vx9z,ok
2026-08-27 23:00:48 UTC,100,GoonFi V2,Scorch,-0.2,60,-59.8,30.2,30.0,False,442206591,442206591,442206567,6VU8Vx9z,ok
2026-08-27 23:00:48 UTC,100,BisonFi,Scorch,0.7,60,-59.3,29.4,30.0,False,442206591,442206591,442206567,6VU8Vx9z,ok
2026-08-27 23:34:56 UTC,0.1,Raydium,BisonFi,9.5,60,-50.5,0.0,9.5,False,442212155,442212191,442212177,BDYjPh39,ok
2026-08-27 23:34:56 UTC,1,Raydium,Kipseli,8.9,60,-51.1,0.0,8.9,False,442212155,442212193,442212177,BDYjPh39,ok
2026-08-27 23:34:56 UTC,10,Raydium,BisonFi,9.5,60,-50.5,0.0,9.5,False,442212155,442212194,442212177,BDYjPh39,ok
2026-08-27 23:34:56 UTC,10,Raydium,Aquifer,9.1,60,-50.9,0.0,9.1,False,442212155,442212194,442212177,BDYjPh39,ok
2026-08-27 23:34:56 UTC,10,Raydium,Kipseli,9.3,60,-50.7,0.0,9.3,False,442212155,442212194,442212177,BDYjPh39,ok
2026-08-27 23:34:56 UTC,10,BisonFi,Aquifer,-0.4,60,-59.6,9.5,9.1,False,442212194,442212194,442212177,BDYjPh39,ok
2026-08-27 23:34:56 UTC,10,BisonFi,Kipseli,-0.2,60,-59.8,9.5,9.3,False,442212194,442212194,442212177,BDYjPh39,ok
2026-08-27 23:34:56 UTC,10,Aquifer,Kipseli,0.2,60,-59.8,9.1,9.3,False,442212194,442212194,442212177,BDYjPh39,ok
2026-08-27 23:34:56 UTC,100,Raydium,Scorch,22.9,60,-37.1,0.0,22.9,False,442212155,442212198,442212177,BDYjPh39,ok
2026-08-27 23:34:56 UTC,100,Raydium,TesseraV,22.9,60,-37.1,0.0,22.9,False,442212155,442212198,442212177,BDYjPh39,ok
2026-08-27 23:34:56 UTC,100,Raydium,Aquifer,22.9,60,-37.1,0.0,22.9,False,442212155,442212198,442212177,BDYjPh39,ok
2026-08-27 23:34:56 UTC,100,Scorch,TesseraV,-0.0,60,-60.0,22.9,22.9,False,442212198,442212198,442212177,BDYjPh39,ok
2026-08-27 23:34:56 UTC,100,Scorch,Aquifer,0.0,60,-60.0,22.9,22.9,False,442212198,442212198,442212177,BDYjPh39,ok
2026-08-27 23:34:56 UTC,100,TesseraV,Aquifer,0.0,60,-60.0,22.9,22.9,False,442212198,442212198,442212177,BDYjPh39,ok
2026-08-28 00:18:19 UTC,0.1,Raydium,Quantum,52.2,60,-7.8,0.0,52.2,False,442219275,442219308,442219292,3wy6twY7,ok
2026-08-28 00:18:19 UTC,1,Raydium,Deriverse,50.0,60,-10.0,0.0,50.0,False,442219275,442219311,442219292,3wy6twY7,ok
2026-08-28 00:18:19 UTC,10,Raydium,GoonFi V2,45.1,60,-14.9,0.0,45.1,False,442219275,442219313,442219292,3wy6twY7,ok
2026-08-28 00:18:19 UTC,10,Raydium,GoonFi V2,42.8,60,-17.2,0.0,42.8,False,442219275,442219313,442219292,3wy6twY7,ok
2026-08-28 00:18:19 UTC,10,Raydium,TesseraV,44.4,60,-15.6,0.0,44.4,False,442219275,442219313,442219292,3wy6twY7,ok
2026-08-28 00:18:19 UTC,10,GoonFi V2,TesseraV,-0.6,60,-59.4,45.1,44.4,False,442219313,442219313,442219292,3wy6twY7,ok
2026-08-28 00:18:19 UTC,10,GoonFi V2,TesseraV,1.6,60,-58.4,42.8,44.4,False,442219313,442219313,442219292,3wy6twY7,ok
2026-08-28 00:18:19 UTC,100,Raydium,BisonFi,56.6,60,-3.4,0.0,56.6,False,442219275,442219315,442219292,3wy6twY7,ok
2026-08-28 00:18:19 UTC,100,Raydium,TesseraV,57.3,60,-2.7,0.0,57.3,False,442219275,442219315,442219292,3wy6twY7,ok
2026-08-28 00:18:19 UTC,100,Raydium,Whirlpool,57.3,35,22.3,0.0,57.3,False,442219275,442219315,442219292,3wy6twY7,ok
2026-08-28 00:18:19 UTC,100,BisonFi,TesseraV,0.6,60,-59.4,56.6,57.3,False,442219315,442219315,442219292,3wy6twY7,ok
2026-08-28 00:18:19 UTC,100,BisonFi,Whirlpool,0.7,35,-34.3,56.6,57.3,False,442219315,442219315,442219292,3wy6twY7,ok
2026-08-28 00:18:19 UTC,100,TesseraV,Whirlpool,0.1,35,-34.9,57.3,57.3,False,442219315,442219315,442219292,3wy6twY7,ok
2026-08-28 02:35:09 UTC,0.1,Raydium,Raydium CLMM,61.2,35,26.2,0.0,61.2,False,442241657,442241708,442241712,k93v2Z72,ok
2026-08-28 02:35:09 UTC,1,Raydium,Quantum,60.9,60,0.9,0.0,60.9,False,442241657,442241713,442241712,k93v2Z72,ok
2026-08-28 02:35:09 UTC,10,Raydium,Kipseli,59.6,60,-0.4,0.0,59.6,False,442241657,442241726,442241712,k93v2Z72,ok
2026-08-28 02:35:09 UTC,10,Raydium,Quantum,59.3,60,-0.7,0.0,59.3,False,442241657,442241726,442241712,k93v2Z72,ok
2026-08-28 02:35:09 UTC,10,Kipseli,Quantum,-0.3,60,-59.7,59.6,59.3,False,442241726,442241726,442241712,k93v2Z72,ok
2026-08-28 02:35:09 UTC,100,Raydium,Scorch,74.9,60,14.9,0.0,74.9,False,442241657,442241730,442241712,k93v2Z72,ok
2026-08-28 02:35:09 UTC,100,Raydium,BisonFi,73.6,60,13.6,0.0,73.6,False,442241657,442241730,442241712,k93v2Z72,ok
2026-08-28 02:35:09 UTC,100,Raydium,Scorch,74.1,60,14.1,0.0,74.1,False,442241657,442241730,442241712,k93v2Z72,ok
2026-08-28 02:35:09 UTC,100,Scorch,BisonFi,-1.3,60,-58.7,74.9,73.6,False,442241730,442241730,442241712,k93v2Z72,ok
2026-08-28 02:35:09 UTC,100,BisonFi,Scorch,0.5,60,-59.5,73.6,74.1,False,442241730,442241730,442241712,k93v2Z72,ok
2026-08-28 03:35:23 UTC,0.1,Raydium,Flux,25.1,60,-34.9,0.0,25.1,False,442251577,442251614,442251612,AQArHsGz,ok
2026-08-28 03:35:23 UTC,1,Raydium,Kipseli,24.1,60,-35.9,0.0,24.1,False,442251577,442251621,442251612,AQArHsGz,ok
2026-08-28 03:35:23 UTC,10,Raydium,Whirlpool,19.6,35,-15.4,0.0,19.6,False,442251577,442251625,442251612,AQArHsGz,ok
2026-08-28 03:35:23 UTC,10,Raydium,BisonFi,19.6,60,-40.4,0.0,19.6,False,442251577,442251625,442251612,AQArHsGz,ok
2026-08-28 03:35:23 UTC,10,Raydium,Raydium CLMM,19.6,35,-15.4,0.0,19.6,False,442251577,442251625,442251612,AQArHsGz,ok
2026-08-28 03:35:23 UTC,10,Whirlpool,BisonFi,-0.0,35,-35.0,19.6,19.6,False,442251625,442251625,442251612,AQArHsGz,ok
2026-08-28 03:35:23 UTC,10,Whirlpool,Raydium CLMM,0.0,10,-10.0,19.6,19.6,False,442251625,442251625,442251612,AQArHsGz,ok
2026-08-28 03:35:23 UTC,10,BisonFi,Raydium CLMM,0.0,35,-35.0,19.6,19.6,False,442251625,442251625,442251612,AQArHsGz,ok
2026-08-28 03:35:23 UTC,100,Raydium,BisonFi,31.3,60,-28.7,0.0,31.3,False,442251577,442251629,442251612,AQArHsGz,ok
2026-08-28 03:35:23 UTC,100,Raydium,Whirlpool,31.8,35,-3.2,0.0,31.8,False,442251577,442251629,442251612,AQArHsGz,ok
2026-08-28 03:35:23 UTC,100,Raydium,BisonFi,28.7,60,-31.3,0.0,28.7,False,442251577,442251629,442251612,AQArHsGz,ok
2026-08-28 03:35:23 UTC,100,BisonFi,Whirlpool,0.5,35,-34.5,31.3,31.8,False,442251629,442251629,442251612,AQArHsGz,ok
2026-08-28 03:35:23 UTC,100,Whirlpool,BisonFi,-3.0,35,-32.0,31.8,28.7,False,442251629,442251629,442251612,AQArHsGz,ok
2026-08-28 04:05:57 UTC,0.1,Raydium,Quantum,38.1,60,-21.9,0.0,38.1,False,442256586,442256623,442256626,7SbuqGDZ,ok
2026-08-28 04:05:57 UTC,1,Raydium,Flux,36.5,60,-23.5,0.0,36.5,False,442256586,442256627,442256626,7SbuqGDZ,ok
2026-08-28 04:05:57 UTC,10,Raydium,Deriverse,39.3,60,-20.7,0.0,39.3,False,442256586,442256631,442256626,7SbuqGDZ,ok
2026-08-28 04:05:57 UTC,10,Raydium,Flux,37.7,60,-22.3,0.0,37.7,False,442256586,442256631,442256626,7SbuqGDZ,ok
2026-08-28 04:05:57 UTC,10,Raydium,TesseraV,39.2,60,-20.8,0.0,39.2,False,442256586,442256631,442256626,7SbuqGDZ,ok
2026-08-28 04:05:57 UTC,10,Deriverse,Flux,-1.6,60,-58.4,39.3,37.7,False,442256631,442256631,442256626,7SbuqGDZ,ok
2026-08-28 04:05:57 UTC,10,Deriverse,TesseraV,-0.1,60,-59.9,39.3,39.2,False,442256631,442256631,442256626,7SbuqGDZ,ok
2026-08-28 04:05:57 UTC,10,Flux,TesseraV,1.5,60,-58.5,37.7,39.2,False,442256631,442256631,442256626,7SbuqGDZ,ok
2026-08-28 04:05:57 UTC,100,Raydium,Scorch,52.6,60,-7.4,0.0,52.6,False,442256586,442256635,442256626,7SbuqGDZ,ok
2026-08-28 04:05:57 UTC,100,Raydium,TesseraV,52.6,60,-7.4,0.0,52.6,False,442256586,442256635,442256626,7SbuqGDZ,ok
2026-08-28 04:05:57 UTC,100,Raydium,Scorch,51.0,60,-9.0,0.0,51.0,False,442256586,442256635,442256626,7SbuqGDZ,ok
2026-08-28 04:05:57 UTC,100,Scorch,TesseraV,-0.0,60,-60.0,52.6,52.6,False,442256635,442256635,442256626,7SbuqGDZ,ok
2026-08-28 04:05:57 UTC,100,TesseraV,Scorch,-1.6,60,-58.4,52.6,51.0,False,442256635,442256635,442256626,7SbuqGDZ,ok
2026-08-28 04:30:19 UTC,0.1,Raydium,BisonFi,12.1,60,-47.9,0.0,12.1,False,442260594,442260627,442260624,9yFMFz7F,ok
2026-08-28 04:30:19 UTC,1,Raydium,GoonFi V2,12.0,60,-48.0,0.0,12.0,False,442260594,442260631,442260624,9yFMFz7F,ok
2026-08-28 04:30:19 UTC,10,Raydium,Quantum,14.3,60,-45.7,0.0,14.3,False,442260594,442260635,442260624,9yFMFz7F,ok
2026-08-28 04:30:19 UTC,10,Raydium,Quantum,14.3,60,-45.7,0.0,14.3,False,442260594,442260635,442260624,9yFMFz7F,ok
2026-08-28 04:30:19 UTC,10,Raydium,TesseraV,14.2,60,-45.8,0.0,14.2,False,442260594,442260635,442260624,9yFMFz7F,ok
2026-08-28 04:30:19 UTC,10,Quantum,TesseraV,-0.1,60,-59.9,14.3,14.2,False,442260635,442260635,442260624,9yFMFz7F,ok
2026-08-28 04:30:19 UTC,10,Quantum,TesseraV,-0.1,60,-59.9,14.3,14.2,False,442260635,442260635,442260624,9yFMFz7F,ok
2026-08-28 04:30:19 UTC,100,Raydium,Aquifer,28.0,60,-32.0,0.0,28.0,False,442260594,442260638,442260624,9yFMFz7F,ok
2026-08-28 04:30:19 UTC,100,Raydium,Flux,26.8,60,-33.2,0.0,26.8,False,442260594,442260638,442260624,9yFMFz7F,ok
2026-08-28 04:30:19 UTC,100,Raydium,TesseraV,27.8,60,-32.2,0.0,27.8,False,442260594,442260638,442260624,9yFMFz7F,ok
2026-08-28 04:30:19 UTC,100,Aquifer,Flux,-1.2,60,-58.8,28.0,26.8,False,442260638,442260638,442260624,9yFMFz7F,ok
2026-08-28 04:30:19 UTC,100,Aquifer,TesseraV,-0.3,60,-59.7,28.0,27.8,False,442260638,442260638,442260624,9yFMFz7F,ok
2026-08-28 04:30:19 UTC,100,Flux,TesseraV,0.9,60,-59.1,26.8,27.8,False,442260638,442260638,442260624,9yFMFz7F,ok
2026-08-28 05:31:00 UTC,0.1,Raydium,BisonFi,36.6,60,-23.4,0.0,36.6,False,442270594,442270626,442270599,6q4mC6wx,ok
2026-08-28 05:31:00 UTC,1,Raydium,BisonFi,37.0,60,-23.0,0.0,37.0,False,442270594,442270627,442270599,6q4mC6wx,ok
2026-08-28 05:31:00 UTC,10,Raydium,Flux,38.1,60,-21.9,0.0,38.1,False,442270594,442270628,442270599,6q4mC6wx,ok
2026-08-28 05:31:00 UTC,10,Raydium,BisonFi,37.6,60,-22.4,0.0,37.6,False,442270594,442270628,442270599,6q4mC6wx,ok
2026-08-28 05:31:00 UTC,10,Raydium,BisonFi,35.7,60,-24.3,0.0,35.7,False,442270594,442270628,442270599,6q4mC6wx,ok
2026-08-28 05:31:00 UTC,10,Flux,BisonFi,-0.4,60,-59.6,38.1,37.6,False,442270628,442270628,442270599,6q4mC6wx,ok
2026-08-28 05:31:00 UTC,10,Flux,BisonFi,-2.3,60,-57.7,38.1,35.7,False,442270628,442270628,442270599,6q4mC6wx,ok
2026-08-28 05:31:00 UTC,100,Raydium,Quantum,51.7,60,-8.3,0.0,51.7,False,442270594,442270628,442270599,6q4mC6wx,ok
2026-08-28 05:31:00 UTC,100,Raydium,BisonFi,51.8,60,-8.2,0.0,51.8,False,442270594,442270628,442270599,6q4mC6wx,ok
2026-08-28 05:31:00 UTC,100,Raydium,TesseraV,49.6,60,-10.4,0.0,49.6,False,442270594,442270628,442270599,6q4mC6wx,ok
2026-08-28 05:31:00 UTC,100,Quantum,BisonFi,0.1,60,-59.9,51.7,51.8,False,442270628,442270628,442270599,6q4mC6wx,ok
2026-08-28 05:31:00 UTC,100,Quantum,TesseraV,-2.1,60,-57.9,51.7,49.6,False,442270628,442270628,442270599,6q4mC6wx,ok
2026-08-28 05:31:00 UTC,100,BisonFi,TesseraV,-2.2,60,-57.8,51.8,49.6,False,442270628,442270628,442270599,6q4mC6wx,ok
2026-08-28 06:01:26 UTC,1,Raydium,BisonFi,31.0,60,-29.0,0.0,31.0,False,442275559,442275622,442275604,12LVKfPX,ok
2026-08-28 06:01:26 UTC,10,Raydium,TesseraV,30.5,60,-29.5,0.0,30.5,False,442275559,442275627,442275604,12LVKfPX,ok
2026-08-28 06:01:26 UTC,10,Raydium,Quantum,32.6,60,-27.4,0.0,32.6,False,442275559,442275627,442275604,12LVKfPX,ok
2026-08-28 06:01:26 UTC,10,Raydium,Quantum,32.6,60,-27.4,0.0,32.6,False,442275559,442275627,442275604,12LVKfPX,ok
2026-08-28 06:01:26 UTC,10,TesseraV,Quantum,2.1,60,-57.9,30.5,32.6,False,442275627,442275627,442275604,12LVKfPX,ok
2026-08-28 06:01:26 UTC,10,TesseraV,Quantum,2.1,60,-57.9,30.5,32.6,False,442275627,442275627,442275604,12LVKfPX,ok
2026-08-28 06:01:26 UTC,100,Raydium,TesseraV,45.2,60,-14.8,0.0,45.2,False,442275559,442275632,442275604,12LVKfPX,ok
2026-08-28 06:01:26 UTC,100,Raydium,Flux,47.5,60,-12.5,0.0,47.5,False,442275559,442275632,442275604,12LVKfPX,ok
2026-08-28 06:01:26 UTC,100,Raydium,BisonFi,47.1,60,-12.9,0.0,47.1,False,442275559,442275632,442275604,12LVKfPX,ok
2026-08-28 06:01:26 UTC,100,TesseraV,Flux,2.3,60,-57.7,45.2,47.5,False,442275632,442275632,442275604,12LVKfPX,ok
2026-08-28 06:01:26 UTC,100,TesseraV,BisonFi,1.9,60,-58.1,45.2,47.1,False,442275632,442275632,442275604,12LVKfPX,ok
2026-08-28 06:01:26 UTC,100,Flux,BisonFi,-0.4,60,-59.6,47.5,47.1,False,442275632,442275632,442275604,12LVKfPX,ok
2026-08-28 06:30:10 UTC,0.1,Raydium,Raydium CLMM,11.5,35,-23.5,0.0,11.5,False,442280323,442280355,442280328,4RKnUFoA,ok
2026-08-28 06:30:10 UTC,1,Raydium,Quantum,13.2,60,-46.8,0.0,13.2,False,442280323,442280356,442280328,4RKnUFoA,ok
2026-08-28 06:30:10 UTC,10,Raydium,Kipseli,14.2,60,-45.8,0.0,14.2,False,442280323,442280357,442280328,4RKnUFoA,ok
2026-08-28 06:30:10 UTC,10,Raydium,Raydium CLMM,12.8,35,-22.2,0.0,12.8,False,442280323,442280357,442280328,4RKnUFoA,ok
2026-08-28 06:30:10 UTC,10,Raydium,Aquifer,14.2,60,-45.8,0.0,14.2,False,442280323,442280357,442280328,4RKnUFoA,ok
2026-08-28 06:30:10 UTC,10,Kipseli,Raydium CLMM,-1.4,35,-33.6,14.2,12.8,False,442280357,442280357,442280328,4RKnUFoA,ok
2026-08-28 06:30:10 UTC,10,Kipseli,Aquifer,0.0,60,-60.0,14.2,14.2,False,442280357,442280357,442280328,4RKnUFoA,ok
2026-08-28 06:30:10 UTC,10,Raydium CLMM,Aquifer,1.4,35,-33.6,12.8,14.2,False,442280357,442280357,442280328,4RKnUFoA,ok
2026-08-28 06:30:10 UTC,100,Raydium,Scorch,27.4,60,-32.6,0.0,27.4,False,442280323,442280357,442280328,4RKnUFoA,ok
2026-08-28 06:30:10 UTC,100,Raydium,Aquifer,27.3,60,-32.7,0.0,27.3,False,442280323,442280357,442280328,4RKnUFoA,ok
2026-08-28 06:30:10 UTC,100,Raydium,Quantum,27.2,60,-32.8,0.0,27.2,False,442280323,442280357,442280328,4RKnUFoA,ok
2026-08-28 06:30:10 UTC,100,Scorch,Aquifer,-0.1,60,-59.9,27.4,27.3,False,442280357,442280357,442280328,4RKnUFoA,ok
2026-08-28 06:30:10 UTC,100,Scorch,Quantum,-0.2,60,-59.8,27.4,27.2,False,442280357,442280357,442280328,4RKnUFoA,ok
2026-08-28 06:30:10 UTC,100,Aquifer,Quantum,-0.2,60,-59.8,27.3,27.2,False,442280357,442280357,442280328,4RKnUFoA,ok
2026-08-28 07:30:25 UTC,0.1,Raydium,BisonFi,47.9,60,-12.1,0.0,47.9,False,442290196,442290228,442290202,3mv3r1DZ,ok
2026-08-28 07:30:25 UTC,1,Raydium,Flux,47.7,60,-12.3,0.0,47.7,False,442290196,442290228,442290202,3mv3r1DZ,ok
2026-08-28 07:30:25 UTC,10,Raydium,Flux,49.0,60,-11.0,0.0,49.0,False,442290196,442290229,442290202,3mv3r1DZ,ok
2026-08-28 07:30:25 UTC,100,Raydium,TesseraV,62.3,60,2.3,0.0,62.3,False,442290196,442290231,442290202,3mv3r1DZ,ok
2026-08-28 07:30:25 UTC,100,Raydium,BisonFi,59.6,60,-0.4,0.0,59.6,False,442290196,442290231,442290202,3mv3r1DZ,ok
2026-08-28 07:30:25 UTC,100,TesseraV,BisonFi,-2.6,60,-57.4,62.3,59.6,False,442290231,442290231,442290202,3mv3r1DZ,ok
2026-08-28 08:00:32 UTC,0.1,Raydium,Quantum,31.4,60,-28.6,0.0,31.4,False,442295142,442295174,442295148,9HDc8gYf,ok
2026-08-28 08:30:51 UTC,0.1,Raydium,PancakeSwap,36.8,60,-23.2,0.0,36.8,False,442300097,442300129,442300122,HLbN2U4j,ok
2026-08-28 08:30:51 UTC,1,Raydium,Quantum,37.9,60,-22.1,0.0,37.9,False,442300097,442300131,442300122,HLbN2U4j,ok
2026-08-28 08:30:51 UTC,10,Raydium,BisonFi,38.2,60,-21.8,0.0,38.2,False,442300097,442300136,442300122,HLbN2U4j,ok
2026-08-28 08:30:51 UTC,10,Raydium,BisonFi,39.3,60,-20.7,0.0,39.3,False,442300097,442300136,442300122,HLbN2U4j,ok
2026-08-28 08:30:51 UTC,100,Raydium,BisonFi,52.0,60,-8.0,0.0,52.0,False,442300097,442300142,442300122,HLbN2U4j,ok
2026-08-28 08:30:51 UTC,100,Raydium,BisonFi,50.6,60,-9.4,0.0,50.6,False,442300097,442300142,442300122,HLbN2U4j,ok
2026-08-28 09:08:57 UTC,0.1,Raydium,Quantum,57.0,60,-3.0,0.0,57.0,False,442306374,442306406,442306379,A8eV4XHU,ok
2026-08-28 09:08:57 UTC,1,Raydium,BisonFi,56.5,60,-3.5,0.0,56.5,False,442306374,442306407,442306379,A8eV4XHU,ok
2026-08-28 10:13:55 UTC,0.1,Raydium,Quantum,48.2,60,-11.8,0.0,48.2,False,442317037,442317069,442317041,7KMpWj1H,ok
2026-08-28 10:30:21 UTC,0.1,Raydium,Quantum,54.9,60,-5.1,0.0,54.9,False,442319733,442319765,442319739,FTmJQ5yG,ok
2026-08-28 10:30:21 UTC,1,Raydium,Flux,54.5,60,-5.5,0.0,54.5,False,442319733,442319766,442319739,FTmJQ5yG,ok
2026-08-28 10:30:21 UTC,10,Raydium,BisonFi,55.5,60,-4.5,0.0,55.5,False,442319733,442319767,442319739,FTmJQ5yG,ok
2026-08-28 10:30:21 UTC,100,Raydium,Quantum,68.8,60,8.8,0.0,68.8,False,442319733,442319768,442319739,FTmJQ5yG,ok
2026-08-28 10:30:21 UTC,100,Raydium,BisonFi,66.2,60,6.2,0.0,66.2,False,442319733,442319768,442319739,FTmJQ5yG,ok
2026-08-28 10:30:21 UTC,100,Raydium,Flux,68.7,60,8.7,0.0,68.7,False,442319733,442319768,442319739,FTmJQ5yG,ok
2026-08-28 10:30:21 UTC,100,Quantum,BisonFi,-2.6,60,-57.4,68.8,66.2,False,442319768,442319768,442319739,FTmJQ5yG,ok
2026-08-28 10:30:21 UTC,100,Quantum,Flux,-0.1,60,-59.9,68.8,68.7,False,442319768,442319768,442319739,FTmJQ5yG,ok
2026-08-28 10:30:21 UTC,100,BisonFi,Flux,2.5,60,-57.5,66.2,68.7,False,442319768,442319768,442319739,FTmJQ5yG,ok
2026-08-28 11:30:56 UTC,0.1,Raydium,Quantum,11.2,60,-48.8,0.0,11.2,False,442329685,442329717,442329690,2sECn19f,ok
2026-08-28 11:30:56 UTC,1,Raydium,Aquifer,11.4,60,-48.6,0.0,11.4,False,442329685,442329718,442329690,2sECn19f,ok
2026-08-28 11:30:56 UTC,10,Raydium,Aquifer,12.6,60,-47.4,0.0,12.6,False,442329685,442329718,442329690,2sECn19f,ok
2026-08-28 11:30:56 UTC,10,Raydium,GoonFi V2,12.5,60,-47.5,0.0,12.5,False,442329685,442329718,442329690,2sECn19f,ok
2026-08-28 11:30:56 UTC,10,Aquifer,GoonFi V2,-0.1,60,-59.9,12.6,12.5,False,442329718,442329718,442329690,2sECn19f,ok
2026-08-28 11:30:56 UTC,100,Raydium,Quantum,25.8,60,-34.2,0.0,25.8,False,442329685,442329719,442329690,2sECn19f,ok
2026-08-28 11:30:56 UTC,100,Raydium,Aquifer,25.4,60,-34.6,0.0,25.4,False,442329685,442329719,442329690,2sECn19f,ok
2026-08-28 11:30:56 UTC,100,Raydium,BisonFi,25.1,60,-34.9,0.0,25.1,False,442329685,442329719,442329690,2sECn19f,ok
2026-08-28 11:30:56 UTC,100,Quantum,Aquifer,-0.5,60,-59.5,25.8,25.4,False,442329719,442329719,442329690,2sECn19f,ok
2026-08-28 11:30:56 UTC,100,Quantum,BisonFi,-0.7,60,-59.3,25.8,25.1,False,442329719,442329719,442329690,2sECn19f,ok
2026-08-28 11:30:56 UTC,100,Aquifer,BisonFi,-0.2,60,-59.8,25.4,25.1,False,442329719,442329719,442329690,2sECn19f,ok
2026-08-28 12:30:07 UTC,0.1,Raydium,Raydium CLMM,15.5,35,-19.5,0.0,15.5,False,442339387,442339418,442339391,FTGntHNL,ok
2026-08-28 12:30:07 UTC,1,Raydium,Meteora DLMM,14.9,55,-40.1,0.0,14.9,False,442339387,442339419,442339391,FTGntHNL,ok
2026-08-28 12:30:07 UTC,10,Raydium,BisonFi,16.3,60,-43.7,0.0,16.3,False,442339387,442339419,442339391,FTGntHNL,ok
2026-08-28 12:30:07 UTC,100,Raydium,Quantum,28.4,60,-31.6,0.0,28.4,False,442339387,442339420,442339391,FTGntHNL,ok
2026-08-28 12:30:07 UTC,100,Raydium,BisonFi,27.5,60,-32.5,0.0,27.5,False,442339387,442339420,442339391,FTGntHNL,ok
2026-08-28 12:30:07 UTC,100,Raydium,Aquifer,28.0,60,-32.0,0.0,28.0,False,442339387,442339420,442339391,FTGntHNL,ok
2026-08-28 12:30:07 UTC,100,Quantum,BisonFi,-0.8,60,-59.2,28.4,27.5,False,442339420,442339420,442339391,FTGntHNL,ok
2026-08-28 12:30:07 UTC,100,Quantum,Aquifer,-0.4,60,-59.6,28.4,28.0,False,442339420,442339420,442339391,FTGntHNL,ok
2026-08-28 12:30:07 UTC,100,BisonFi,Aquifer,0.5,60,-59.5,27.5,28.0,False,442339420,442339420,442339391,FTGntHNL,ok
2026-08-28 13:30:22 UTC,0.1,Raydium,GoonFi V2,56.2,60,-3.8,0.0,56.2,False,442349256,442349288,442349261,5Ktc5gaQ,ok
2026-08-28 13:30:22 UTC,1,Raydium,GoonFi V2,55.4,60,-4.6,0.0,55.4,False,442349256,442349289,442349261,5Ktc5gaQ,ok
2026-08-28 13:30:22 UTC,10,Raydium,PancakeSwap,56.0,60,-4.0,0.0,56.0,False,442349256,442349289,442349261,5Ktc5gaQ,ok
2026-08-28 13:30:22 UTC,10,Raydium,GoonFi V2,55.5,60,-4.5,0.0,55.5,False,442349256,442349289,442349261,5Ktc5gaQ,ok
2026-08-28 13:30:22 UTC,10,Raydium,GoonFi V2,56.7,60,-3.3,0.0,56.7,False,442349256,442349289,442349261,5Ktc5gaQ,ok
2026-08-28 13:30:22 UTC,10,PancakeSwap,GoonFi V2,-0.5,60,-59.5,56.0,55.5,False,442349289,442349289,442349261,5Ktc5gaQ,ok
2026-08-28 13:30:22 UTC,10,PancakeSwap,GoonFi V2,0.7,60,-59.3,56.0,56.7,False,442349289,442349289,442349261,5Ktc5gaQ,ok
2026-08-28 13:30:22 UTC,100,Raydium,TesseraV,69.8,60,9.8,0.0,69.8,False,442349256,442349290,442349261,5Ktc5gaQ,ok
2026-08-28 13:30:22 UTC,100,Raydium,Aquifer,70.1,60,10.1,0.0,70.1,False,442349256,442349290,442349261,5Ktc5gaQ,ok
2026-08-28 13:30:22 UTC,100,Raydium,BisonFi,69.5,60,9.5,0.0,69.5,False,442349256,442349290,442349261,5Ktc5gaQ,ok
2026-08-28 13:30:22 UTC,100,TesseraV,Aquifer,0.3,60,-59.7,69.8,70.1,False,442349290,442349290,442349261,5Ktc5gaQ,ok
2026-08-28 13:30:22 UTC,100,TesseraV,BisonFi,-0.3,60,-59.7,69.8,69.5,False,442349290,442349290,442349261,5Ktc5gaQ,ok
2026-08-28 13:30:22 UTC,100,Aquifer,BisonFi,-0.6,60,-59.4,70.1,69.5,False,442349290,442349290,442349261,5Ktc5gaQ,ok
2026-08-28 14:30:32 UTC,0.1,Raydium,DefiTuna,16.1,60,-43.9,0.0,16.1,False,442359072,442359104,442359078,CMC9WWy6,ok
2026-08-28 14:30:32 UTC,1,Raydium,PancakeSwap,15.1,60,-44.9,0.0,15.1,False,442359072,442359105,442359078,CMC9WWy6,ok
2026-08-28 14:30:32 UTC,10,Raydium,TesseraV,17.1,60,-42.9,0.0,17.1,False,442359072,442359106,442359078,CMC9WWy6,ok
2026-08-28 14:30:32 UTC,10,Raydium,Aquifer,16.2,60,-43.8,0.0,16.2,False,442359072,442359106,442359078,CMC9WWy6,ok
2026-08-28 14:30:32 UTC,10,Raydium,Quantum,17.2,60,-42.8,0.0,17.2,False,442359072,442359106,442359078,CMC9WWy6,ok
2026-08-28 14:30:32 UTC,10,TesseraV,Aquifer,-0.9,60,-59.1,17.1,16.2,False,442359106,442359106,442359078,CMC9WWy6,ok
2026-08-28 14:30:32 UTC,10,TesseraV,Quantum,0.1,60,-59.9,17.1,17.2,False,442359106,442359106,442359078,CMC9WWy6,ok
2026-08-28 14:30:32 UTC,10,Aquifer,Quantum,1.0,60,-59.0,16.2,17.2,False,442359106,442359106,442359078,CMC9WWy6,ok
2026-08-28 14:30:32 UTC,100,Raydium,TesseraV,30.9,60,-29.1,0.0,30.9,False,442359072,442359107,442359078,CMC9WWy6,ok
2026-08-28 14:30:32 UTC,100,Raydium,Flux,30.3,60,-29.7,0.0,30.3,False,442359072,442359107,442359078,CMC9WWy6,ok
2026-08-28 14:30:32 UTC,100,Raydium,Aquifer,30.1,60,-29.9,0.0,30.1,False,442359072,442359107,442359078,CMC9WWy6,ok
2026-08-28 14:30:32 UTC,100,TesseraV,Flux,-0.6,60,-59.4,30.9,30.3,False,442359107,442359107,442359078,CMC9WWy6,ok
2026-08-28 14:30:32 UTC,100,TesseraV,Aquifer,-0.9,60,-59.1,30.9,30.1,False,442359107,442359107,442359078,CMC9WWy6,ok
2026-08-28 14:30:32 UTC,100,Flux,Aquifer,-0.2,60,-59.8,30.3,30.1,False,442359107,442359107,442359078,CMC9WWy6,ok
2026-08-28 17:12:47 UTC,0.1,Raydium,BisonFi,48.1,60,-11.9,0.0,48.1,False,442388086,442388117,442388090,BNvKeR6G,ok
2026-08-28 18:01:06 UTC,0.1,Raydium,PancakeSwap,42.2,60,-17.8,0.0,42.2,False,442397123,442397155,442397128,5XqXP8Ws,ok
2026-08-28 18:33:59 UTC,0.1,Raydium,BisonFi,44.4,60,-15.6,0.0,44.4,False,442403273,442403305,442403279,FMFvdwhD,ok
2026-08-28 18:33:59 UTC,1,Raydium,TesseraV,46.8,60,-13.2,0.0,46.8,False,442403273,442403306,442403279,FMFvdwhD,ok
2026-08-28 18:33:59 UTC,10,Raydium,Quantum,47.3,60,-12.7,0.0,47.3,False,442403273,442403307,442403279,FMFvdwhD,ok
2026-08-28 18:33:59 UTC,100,Raydium,TesseraV,59.1,60,-0.9,0.0,59.1,False,442403273,442403308,442403279,FMFvdwhD,ok
2026-08-28 18:33:59 UTC,100,Raydium,Aquifer,59.4,60,-0.6,0.0,59.4,False,442403273,442403308,442403279,FMFvdwhD,ok
2026-08-28 18:33:59 UTC,100,Raydium,TesseraV,61.1,60,1.1,0.0,61.1,False,442403273,442403308,442403279,FMFvdwhD,ok
2026-08-28 18:33:59 UTC,100,TesseraV,Aquifer,0.2,60,-59.8,59.1,59.4,False,442403308,442403308,442403279,FMFvdwhD,ok
2026-08-28 18:33:59 UTC,100,Aquifer,TesseraV,1.8,60,-58.2,59.4,61.1,False,442403308,442403308,442403279,FMFvdwhD,ok
2026-08-28 19:07:40 UTC,0.1,Raydium,Flux,36.6,60,-23.4,0.0,36.6,False,442409631,442409663,442409637,7Dr7avPV,ok
2026-08-28 21:42:37 UTC,0.1,Raydium,Raydium CLMM,7.1,35,-27.9,0.0,7.1,False,442438858,442438889,442438864,Dr1CpekD,ok
2026-08-28 21:42:37 UTC,1,Raydium,Quantum,6.7,60,-53.3,0.0,6.7,False,442438858,442438890,442438864,Dr1CpekD,ok
2026-08-28 21:42:37 UTC,10,Raydium,Whirlpool,7.0,35,-28.0,0.0,7.0,False,442438858,442438891,442438864,Dr1CpekD,ok
2026-08-28 21:42:37 UTC,10,Raydium,Whirlpool,5.9,35,-29.1,0.0,5.9,False,442438858,442438891,442438864,Dr1CpekD,ok
2026-08-28 21:42:37 UTC,10,Raydium,Meteora DAMM v2,7.3,60,-52.7,0.0,7.3,False,442438858,442438891,442438864,Dr1CpekD,ok
2026-08-28 21:42:37 UTC,10,Whirlpool,Meteora DAMM v2,0.3,35,-34.7,7.0,7.3,False,442438891,442438891,442438864,Dr1CpekD,ok
2026-08-28 21:42:37 UTC,10,Whirlpool,Meteora DAMM v2,1.4,35,-33.6,5.9,7.3,False,442438891,442438891,442438864,Dr1CpekD,ok
2026-08-28 21:42:37 UTC,100,Raydium,Meteora DLMM,19.8,55,-35.2,0.0,19.8,False,442438858,442438892,442438864,Dr1CpekD,ok
2026-08-28 21:42:37 UTC,100,Raydium,BisonFi,19.8,60,-40.2,0.0,19.8,False,442438858,442438892,442438864,Dr1CpekD,ok
2026-08-28 21:42:37 UTC,100,Raydium,Whirlpool,19.6,35,-15.4,0.0,19.6,False,442438858,442438892,442438864,Dr1CpekD,ok
2026-08-28 21:42:37 UTC,100,Meteora DLMM,BisonFi,0.0,55,-55.0,19.8,19.8,False,442438892,442438892,442438864,Dr1CpekD,ok
2026-08-28 21:42:37 UTC,100,Meteora DLMM,Whirlpool,-0.2,30,-29.8,19.8,19.6,False,442438892,442438892,442438864,Dr1CpekD,ok
2026-08-28 21:42:37 UTC,100,BisonFi,Whirlpool,-0.3,35,-34.7,19.8,19.6,False,442438892,442438892,442438864,Dr1CpekD,ok
2026-08-28 22:29:41 UTC,0.1,Raydium,Quantum,32.5,60,-27.5,0.0,32.5,False,442447764,442447796,442447771,6bYpgzY4,ok
2026-08-28 22:29:41 UTC,1,Raydium,Quantum,32.7,60,-27.3,0.0,32.7,False,442447764,442447797,442447771,6bYpgzY4,ok
2026-08-28 22:38:58 UTC,0.1,Raydium,Deriverse,10.5,60,-49.5,0.0,10.5,False,442449520,442449552,442449528,EoQfYK2Q,ok
2026-08-28 22:38:58 UTC,1,Raydium,Quantum,9.9,60,-50.1,0.0,9.9,False,442449520,442449553,442449528,EoQfYK2Q,ok
2026-08-28 22:38:58 UTC,10,Raydium,Quantum,11.2,60,-48.8,0.0,11.2,False,442449520,442449554,442449528,EoQfYK2Q,ok
2026-08-28 22:38:58 UTC,10,Raydium,GoonFi V2,11.4,60,-48.6,0.0,11.4,False,442449520,442449554,442449528,EoQfYK2Q,ok
2026-08-28 22:38:58 UTC,10,Raydium,Flux,11.2,60,-48.8,0.0,11.2,False,442449520,442449554,442449528,EoQfYK2Q,ok
2026-08-28 22:38:58 UTC,10,Quantum,GoonFi V2,0.2,60,-59.8,11.2,11.4,False,442449554,442449554,442449528,EoQfYK2Q,ok
2026-08-28 22:38:58 UTC,10,Quantum,Flux,0.0,60,-60.0,11.2,11.2,False,442449554,442449554,442449528,EoQfYK2Q,ok
2026-08-28 22:38:58 UTC,10,GoonFi V2,Flux,-0.2,60,-59.8,11.4,11.2,False,442449554,442449554,442449528,EoQfYK2Q,ok
2026-08-28 22:38:58 UTC,100,Raydium,Quantum,23.6,60,-36.4,0.0,23.6,False,442449520,442449556,442449528,EoQfYK2Q,ok
2026-08-28 22:38:58 UTC,100,Raydium,TesseraV,22.4,60,-37.6,0.0,22.4,False,442449520,442449556,442449528,EoQfYK2Q,ok
2026-08-28 22:38:58 UTC,100,Raydium,Aquifer,22.8,60,-37.2,0.0,22.8,False,442449520,442449556,442449528,EoQfYK2Q,ok
2026-08-28 22:38:58 UTC,100,Quantum,TesseraV,-1.2,60,-58.8,23.6,22.4,False,442449556,442449556,442449528,EoQfYK2Q,ok
2026-08-28 22:38:58 UTC,100,Quantum,Aquifer,-0.8,60,-59.2,23.6,22.8,False,442449556,442449556,442449528,EoQfYK2Q,ok
2026-08-28 22:38:58 UTC,100,TesseraV,Aquifer,0.4,60,-59.6,22.4,22.8,False,442449556,442449556,442449528,EoQfYK2Q,ok
2026-08-28 23:39:46 UTC,0.1,Raydium,Byreal,54.8,60,-5.2,0.0,54.8,False,442461044,442461075,442461051,EYZNj6aS,ok
2026-08-28 23:39:46 UTC,1,Raydium,BisonFi,55.1,60,-4.9,0.0,55.1,False,442461044,442461077,442461051,EYZNj6aS,ok
2026-08-28 23:39:46 UTC,10,Raydium,PancakeSwap,55.9,60,-4.1,0.0,55.9,False,442461044,442461078,442461051,EYZNj6aS,ok
2026-08-28 23:39:46 UTC,10,Raydium,BisonFi,55.9,60,-4.1,0.0,55.9,False,442461044,442461078,442461051,EYZNj6aS,ok
2026-08-28 23:39:46 UTC,10,Raydium,Aquifer,56.7,60,-3.3,0.0,56.7,False,442461044,442461078,442461051,EYZNj6aS,ok
2026-08-28 23:39:46 UTC,10,PancakeSwap,BisonFi,0.0,60,-60.0,55.9,55.9,False,442461078,442461078,442461051,EYZNj6aS,ok
2026-08-28 23:39:46 UTC,10,PancakeSwap,Aquifer,0.8,60,-59.2,55.9,56.7,False,442461078,442461078,442461051,EYZNj6aS,ok
2026-08-28 23:39:46 UTC,10,BisonFi,Aquifer,0.8,60,-59.2,55.9,56.7,False,442461078,442461078,442461051,EYZNj6aS,ok
2026-08-28 23:39:46 UTC,100,Raydium,Quantum,69.3,60,9.3,0.0,69.3,False,442461044,442461079,442461051,EYZNj6aS,ok
2026-08-28 23:39:46 UTC,100,Raydium,BisonFi,69.0,60,9.0,0.0,69.0,False,442461044,442461079,442461051,EYZNj6aS,ok
2026-08-28 23:39:46 UTC,100,Raydium,Flux,69.4,60,9.4,0.0,69.4,False,442461044,442461079,442461051,EYZNj6aS,ok
2026-08-28 23:39:46 UTC,100,Quantum,BisonFi,-0.3,60,-59.7,69.3,69.0,False,442461079,442461079,442461051,EYZNj6aS,ok
2026-08-28 23:39:46 UTC,100,Quantum,Flux,0.2,60,-59.8,69.3,69.4,False,442461079,442461079,442461051,EYZNj6aS,ok
2026-08-28 23:39:46 UTC,100,BisonFi,Flux,0.4,60,-59.6,69.0,69.4,False,442461079,442461079,442461051,EYZNj6aS,ok
2026-08-29 00:15:45 UTC,0.1,Raydium,GoonFi V2,16.0,60,-44.0,0.0,16.0,False,442467857,442467889,442467864,4aDkd1QR,ok
2026-08-29 00:15:45 UTC,1,Raydium,GoonFi V2,16.1,60,-43.9,0.0,16.1,False,442467857,442467890,442467864,4aDkd1QR,ok
2026-08-29 00:32:20 UTC,0.1,Raydium,Whirlpool,9.0,35,-26.0,0.0,9.0,False,442470989,442471022,442471009,4SZRbmWU,ok
2026-08-29 00:32:20 UTC,1,Raydium,Flux,8.7,60,-51.3,0.0,8.7,False,442470989,442471032,442471009,4SZRbmWU,ok
2026-08-29 00:32:20 UTC,10,Raydium,BisonFi,12.2,60,-47.8,0.0,12.2,False,442470989,442471034,442471009,4SZRbmWU,ok
2026-08-29 00:32:20 UTC,10,Raydium,Byreal,10.6,60,-49.4,0.0,10.6,False,442470989,442471034,442471009,4SZRbmWU,ok
2026-08-29 00:32:20 UTC,10,Raydium,BisonFi,10.6,60,-49.4,0.0,10.6,False,442470989,442471034,442471009,4SZRbmWU,ok
2026-08-29 00:32:20 UTC,10,BisonFi,Byreal,-1.7,60,-58.3,12.2,10.6,False,442471034,442471034,442471009,4SZRbmWU,ok
2026-08-29 00:32:20 UTC,10,Byreal,BisonFi,0.1,60,-59.9,10.6,10.6,False,442471034,442471034,442471009,4SZRbmWU,ok
2026-08-29 00:32:20 UTC,100,Raydium,BisonFi,23.6,60,-36.4,0.0,23.6,False,442470989,442471036,442471009,4SZRbmWU,ok
2026-08-29 00:32:20 UTC,100,Raydium,BisonFi,25.6,60,-34.4,0.0,25.6,False,442470989,442471036,442471009,4SZRbmWU,ok
2026-08-29 09:30:16 UTC,0.1,Raydium,Quantum,24.9,60,-35.1,0.0,24.9,False,442572861,442572893,442572867,Fmjbbbxq,ok
2026-08-29 09:30:16 UTC,1,Raydium,BisonFi,25.0,60,-35.0,0.0,25.0,False,442572861,442572894,442572867,Fmjbbbxq,ok
2026-08-29 09:30:16 UTC,10,Raydium,Quantum,26.3,60,-33.7,0.0,26.3,False,442572861,442572895,442572867,Fmjbbbxq,ok
2026-08-29 09:30:16 UTC,10,Raydium,BisonFi,26.2,60,-33.8,0.0,26.2,False,442572861,442572895,442572867,Fmjbbbxq,ok
2026-08-29 09:30:16 UTC,10,Quantum,BisonFi,-0.1,60,-59.9,26.3,26.2,False,442572895,442572895,442572867,Fmjbbbxq,ok
2026-08-29 09:30:16 UTC,100,Raydium,BisonFi,39.2,60,-20.8,0.0,39.2,False,442572861,442572896,442572867,Fmjbbbxq,ok
2026-08-29 09:30:16 UTC,100,Raydium,Quantum,39.4,60,-20.6,0.0,39.4,False,442572861,442572896,442572867,Fmjbbbxq,ok
2026-08-29 09:30:16 UTC,100,Raydium,Flux,39.0,60,-21.0,0.0,39.0,False,442572861,442572896,442572867,Fmjbbbxq,ok
2026-08-29 09:30:16 UTC,100,BisonFi,Quantum,0.2,60,-59.8,39.2,39.4,False,442572896,442572896,442572867,Fmjbbbxq,ok
2026-08-29 09:30:16 UTC,100,BisonFi,Flux,-0.2,60,-59.8,39.2,39.0,False,442572896,442572896,442572867,Fmjbbbxq,ok
2026-08-29 09:30:16 UTC,100,Quantum,Flux,-0.4,60,-59.6,39.4,39.0,False,442572896,442572896,442572867,Fmjbbbxq,ok
2026-08-29 10:30:31 UTC,1,Raydium,Quantum,23.1,60,-36.9,0.0,23.1,False,442584267,442584300,442584276,63GHnRq4,ok
2026-08-29 10:30:31 UTC,10,Raydium,PancakeSwap,24.4,60,-35.6,0.0,24.4,False,442584267,442584301,442584276,63GHnRq4,ok
2026-08-29 10:30:31 UTC,10,Raydium,Quantum,24.4,60,-35.6,0.0,24.4,False,442584267,442584301,442584276,63GHnRq4,ok
2026-08-29 10:30:31 UTC,10,Raydium,Quantum,24.3,60,-35.7,0.0,24.3,False,442584267,442584301,442584276,63GHnRq4,ok
2026-08-29 10:30:31 UTC,10,PancakeSwap,Quantum,-0.1,60,-59.9,24.4,24.4,False,442584301,442584301,442584276,63GHnRq4,ok
2026-08-29 10:30:31 UTC,10,PancakeSwap,Quantum,-0.1,60,-59.9,24.4,24.3,False,442584301,442584301,442584276,63GHnRq4,ok
2026-08-29 10:30:31 UTC,100,Raydium,Raydium CLMM,37.2,35,2.2,0.0,37.2,False,442584267,442584303,442584276,63GHnRq4,ok
2026-08-29 10:30:31 UTC,100,Raydium,Whirlpool,37.1,35,2.1,0.0,37.1,False,442584267,442584303,442584276,63GHnRq4,ok
2026-08-29 10:30:31 UTC,100,Raydium,Flux,37.1,60,-22.9,0.0,37.1,False,442584267,442584303,442584276,63GHnRq4,ok
2026-08-29 10:30:31 UTC,100,Raydium CLMM,Whirlpool,-0.1,10,-9.9,37.2,37.1,False,442584303,442584303,442584276,63GHnRq4,ok
2026-08-29 10:30:31 UTC,100,Raydium CLMM,Flux,-0.1,35,-34.9,37.2,37.1,False,442584303,442584303,442584276,63GHnRq4,ok
2026-08-29 10:30:31 UTC,100,Whirlpool,Flux,-0.0,35,-35.0,37.1,37.1,False,442584303,442584303,442584276,63GHnRq4,ok
