symbol,funding,zscore,dispersion,oi_avg,price,pct,ex_count,rank,class
SOL,2.5236393034427826e-05,0.8085328456758559,3.739318119657647e-05,11503078.576666668,73.90825,1.8084869109947643,4,1,正常
SUI,6.815601358751539e-05,0.21598515750828823,3.963948027824116e-05,61926706.96666667,0.6773750000000001,0.32733965244865715,4,2,正常
BNB,5.014211215479863e-05,0.06757879039597323,3.6260776069276295e-05,4506850.4,591.105,-0.18162062366317683,4,3,正常
LINK,4.36008268395333e-05,0.018774108202783663,4.079550825952002e-05,11166638.4,8.17775,-0.21148118771608704,4,4,正常
ADA,1.6946292230015844e-05,-0.03896539199659141,4.5080483582144504e-05,75854350.33333333,0.200775,0.7684042838018741,4,5,正常
DOGE,5.7567725793801944e-05,-0.23822872544137796,3.2222571730730295e-05,473728191.64666665,0.06987,0.9783699421965317,4,6,正常
ETH,-2.9137957338231064e-07,-0.2678800136748063,2.1956707149337193e-05,12505932.616666675,1912.3225,0.6384434475100906,4,7,正常
AVAX,-1.625842143607755e-05,-0.47542591798903033,2.0782206135950786e-05,10165785.8,6.5325,1.8715258150054594,4,8,正常
XRP,6.807199474417205e-05,-0.7961016940913803,3.7797430630565906e-05,70768316.47666666,1.0298925,-0.1565880527540729,4,9,正常
BTC,2.5013332721806464e-06,-0.8291285482627423,2.1501950200484806e-05,7753710.329866672,64887.725,0.9177355821319523,4,10,正常
SOL,2.5235810072028067e-05,0.8085328456758559,1.7569411537315334,3.739318119657647e-05,11503186.766666668,73.919,1.8581764057331864,4,1,拥挤积累
SUI,6.815831231971513e-05,0.21598515750828823,0.6587419344504476,3.963948027824116e-05,61931649.63333333,0.6774249999999999,0.2957854780591342,4,2,正常
BNB,5.014503924202348e-05,0.06757879039597323,0.7887756681476042,3.6260776069276295e-05,4505394.16,591.075,-0.18762062366317683,4,3,正常
LINK,4.3600714761287466e-05,0.018774108202783663,0.7906995853083437,4.079550825952002e-05,11166624.833333334,8.18225,-0.1154312456761486,4,4,正常
ADA,1.6946299926488217e-05,-0.03896539199659141,0.6514729170296804,4.5080483582144504e-05,75853963.2,0.2008775,0.8187376171352074,4,5,正常
DOGE,5.756772590042977e-05,-0.23822872544137796,2.420640386703277,3.2222571730730295e-05,473726203.9033333,0.0699075,1.0408709351062293,4,6,拥挤积累
ETH,-2.9094965426986127e-07,-0.2678800136748063,2.285357013049335,2.1956707149337193e-05,12504168.870000008,1912.955,0.6940737239710802,4,7,拥挤积累
AVAX,-1.624689871018841e-05,-0.47542591798903033,1.0251798107305823,2.0782206135950786e-05,10170477.266666668,6.53825,1.9216206215570106,4,8,正常
XRP,6.807164384728462e-05,-0.7961016940913803,3.667711698391692,3.7797430630565906e-05,70767172.60666667,1.0300799999999999,-0.09436372453928223,4,9,被动扛单
BTC,2.5006657840557687e-06,-0.8291285482627423,1.5886782987669568,2.1501950200484806e-05,7754089.306166671,64908.7,0.9601583095235503,4,10,拥挤积累
SOL,2.523568038449161e-05,0.8085328456758559,1.7569411537315334,3.739318119657647e-05,11503160.756666668,73.93375,1.8879581036383681,4,1,拥挤积累
SUI,6.81585027333559e-05,0.21598515750828823,0.6587419344504476,3.963948027824116e-05,61931765.36666667,0.6772,0.3025802469135802,4,2,正常
BNB,5.014509758671181e-05,0.06757879039597323,0.7887756681476042,3.6260776069276295e-05,4505362.493333333,591.0450000000001,-0.16829679671226708,4,3,正常
LINK,4.360055487582096e-05,0.018774108202783663,0.7906995853083437,4.079550825952002e-05,11166539.533333333,8.1835,-0.05188115304751434,4,4,正常
ADA,1.694627692553284e-05,-0.03896539199659141,0.6514729170296804,4.5080483582144504e-05,75854948.86666666,0.2005975,0.8866750418760468,4,5,正常
DOGE,5.756770003004664e-05,-0.23822872544137796,2.420640386703277,3.2222571730730295e-05,473725571.5833333,0.06991,1.0699140764300514,4,6,拥挤积累
ETH,-2.9106845817610343e-07,-0.2678800136748063,2.285357013049335,2.1956707149337193e-05,12504108.206666674,1913.3625,0.7486623933198903,4,7,拥挤积累
AVAX,-1.6247825031001486e-05,-0.47542591798903033,1.0251798107305823,2.0782206135950786e-05,10171368.7,6.54,1.921751454696592,4,8,正常
XRP,6.807315181964125e-05,-0.7961016940913803,3.667711698391692,3.7797430630565906e-05,70768060.26666667,1.0300775,-0.08840052381414296,4,9,被动扛单
BTC,2.5008540031178098e-06,-0.8291285482627423,1.5886782987669568,2.1501950200484806e-05,7754053.944900005,64924.85,0.9707454183545731,4,10,拥挤积累
SOL,2.5236724094859983e-05,0.8085328456758559,1.7569411537315334,3.739318119657647e-05,11503312.333333334,73.92825,1.8726975376699744,4,1,拥挤积累
SUI,6.815876060667738e-05,0.21598515750828823,0.6587419344504476,3.963948027824116e-05,61929163.53333333,0.67715,0.26118273359988153,4,2,正常
BNB,5.0144682465123354e-05,0.06757879039597323,0.7887756681476042,3.6260776069276295e-05,4505608.493333333,591.125,-0.14237837837837836,4,3,正常
LINK,4.3600565519117635e-05,0.018774108202783663,0.7906995853083437,4.079550825952002e-05,11166545.733333334,8.183250000000001,-0.05268832437713727,4,4,正常
ADA,1.6948256076910027e-05,-0.03896539199659141,0.6514729170296804,4.5080483582144504e-05,75895910.06666666,0.20009,0.5352546063651591,4,5,正常
DOGE,5.756769676519259e-05,-0.23822872544137796,2.420640386703277,3.2222571730730295e-05,473725250.9633333,0.06989999999999999,1.051942653366103,4,6,拥挤积累
ETH,-2.8996197930469894e-07,-0.2678800136748063,2.285357013049335,2.1956707149337193e-05,12504660.460000008,1913.3275,0.7376958020116092,4,7,拥挤积累
AVAX,-1.624973608842601e-05,-0.47542591798903033,1.0251798107305823,2.0782206135950786e-05,10172544.533333333,6.53625,1.8875975578072226,4,8,正常
XRP,6.806790660423529e-05,-0.7961016940913803,3.667711698391692,3.7797430630565906e-05,70763070.69,1.0293625,-0.1895236155562021,4,9,被动扛单
BTC,2.5008005955117523e-06,-0.8291285482627423,1.5886782987669568,2.1501950200484806e-05,7753991.039966672,64925.0,0.9866738991803151,4,10,拥挤积累
SOL,9.999999999999999e-05,1.8301884934685075,2.2889449972259657,7.499999999999999e-06,12061560.613333333,74.7585,2.5549538968166847,4,1,拥挤积累
LINK,9.90779284327949e-05,1.0374410522475779,1.4231907771326036,8.098353742170899e-06,11209654.833333334,8.25675,0.9170677745193875,4,2,正常
SUI,0.00010000000000000002,1.0231362735905918,1.755406284423217,0.0,61201030.03333333,0.683925,1.5843775004951475,4,3,拥挤积累
BNB,9.331495621418624e-05,0.912881534095057,1.8039533476494927,7.000000000000001e-06,4571678.956666667,594.23,1.5450965646897967,4,4,拥挤积累
ETH,3.620095643243711e-05,0.4736667644802016,1.0448351501906827,6.427764512873169e-06,12632266.306666674,1914.0575,0.6641815636925202,4,5,正常
AVAX,8.077140242748751e-05,0.43475226706888864,0.8052510794132549,3.321144381083123e-05,10217499.866666667,6.5135000000000005,1.6531030284108648,4,6,正常
DOGE,5.3026140438611956e-05,0.06676244893155936,1.4039441785682922,2.6236107434856517e-05,474315296.9766667,0.07020499999999999,1.3485476946770623,4,7,正常
ADA,4.8442208893599624e-05,-0.18478735234139146,0.8480790623781951,3.348567945230426e-05,76362652.86666666,0.199915,-0.7926815550041356,4,8,正常
BTC,4.711309358904194e-05,-0.28283430837665613,0.3901920176770886,2.2089012859146075e-05,7764787.791600005,64918.6,1.002035528809203,4,9,正常
XRP,-1.1285115172799474e-05,-0.842614058471842,1.6757116792127122,3.7731707044853724e-05,70237655.15333334,1.0340325,0.5989237205682039,4,10,拥挤积累
XRP,7.85561588003197e-05,0.9054678410734683,1.4587284198189647,1.3114877048604005e-05,69213845.04666667,1.03946,1.9079869281045752,4,1,正常
SOL,5.923246944473991e-05,0.7497447745270974,1.4783623878724383,3.555629339512205e-05,12486755.653333334,75.9575,3.1928336729611013,4,2,正常
BNB,9.999999999999999e-05,0.7123029487369249,0.883453515155129,1.7500000000000005e-05,4823842.486666666,600.735,1.5138774567776088,4,3,正常
AVAX,7.540860028054182e-05,0.6437094805951967,1.3438068265936407,2.5578311124857327e-05,10135150.0,6.471,0.777938733125649,4,4,正常
SUI,8.179476292076236e-05,0.5567020075266401,1.387231239133355,2.841801072090257e-05,63439057.96666667,0.6919,3.0032475679968234,4,5,正常
ETH,4.628450018915268e-05,0.049836297043208154,1.4873571265951457,3.552894141433881e-05,13212870.436666675,1916.1475,0.17897995176154027,4,6,正常
ADA,6.372139255465593e-05,0.006280149639318798,0.716196099016077,4.488731205460878e-05,76392931.83333333,0.19936,-0.582501246882793,4,7,正常
BTC,2.9551936769757284e-05,-0.11709593872805692,0.6425020086220526,1.4817990530521828e-05,7763251.368266672,64928.35,0.08964290301862553,4,8,正常
LINK,6.759218218723787e-05,-0.40981453257372863,3.3904553281281706,0.00012298780427343192,11620309.0,8.30225,1.4843379771070104,4,9,拥挤积累
DOGE,-0.000126158718609732,-1.7998402267808096,8.705381669063833,0.00010941473087904266,470752082.23,0.07036,1.1599736476450577,4,10,拥挤积累
XRP,7.85153157823279e-05,0.9054678410734683,1.4587284198189647,1.3114877048604005e-05,69275443.61,1.0356275,0.5259941406882264,-3.9572774512822866,,4,1,正常
SOL,5.92393979243063e-05,0.7497447745270974,1.4783623878724383,3.555629339512205e-05,12560984.96,75.82925,2.5885846750552473,-4.7122940634405595,,4,2,正常
BNB,0.0001,0.7123029487369249,0.883453515155129,1.7500000000000005e-05,4795444.086666667,601.055,1.706682459108855,-5.237891964422886,,4,3,正常
AVAX,7.53960147975264e-05,0.6437094805951967,1.3438068265936407,2.5578311124857327e-05,10035749.4,6.48275,-0.8410223344041609,-6.5513865232285475,,4,4,正常
SUI,8.179404729708454e-05,0.5567020075266401,1.387231239133355,2.841801072090257e-05,62860775.233333334,0.688975,1.6335504081833383,-3.98976524004667,,4,5,正常
ETH,4.6242222540978445e-05,0.049836297043208154,1.4873571265951457,3.552894141433881e-05,13290181.726666674,1915.1075,0.1396110965852638,-4.723354887944271,,4,6,正常
ADA,6.37019139144185e-05,0.006280149639318798,0.716196099016077,4.488731205460878e-05,76833660.2,0.1992,-0.797937583001328,-6.89741691953032,,4,7,正常
BTC,2.9589041294576205e-05,-0.11709593872805692,0.6425020086220526,1.4817990530521828e-05,7730372.9458000045,64812.275,-0.08762117276347249,-4.236983525067004,,4,8,正常
LINK,6.600602127816233e-05,-0.40981453257372863,3.3904553281281706,0.00012298780427343192,11050355.9,8.2955,1.3723038820318547,-6.0838424245658,,4,9,拥挤积累
DOGE,-0.0001262388168671263,-1.7998402267808096,8.705381669063833,0.00010941473087904266,469795249.62666667,0.06997,0.13214316392269146,-7.140817259009198,,4,10,被动扛单
SOL,9.897375094647355e-05,1.587895800294218,2.177842256587938,7.337120240939302e-06,12703257.953333333,76.33625,2.1096521739130436,-5.0735324651073,,4,1,拥挤积累
XRP,9.999999999999999e-05,1.1096899039028303,1.6522361128612235,0.0,69260566.21333334,1.0370675,0.2704065331656509,-3.5663187810774497,,4,2,被动扛单
ETH,5.706135013953644e-05,1.0673832324371255,2.3935710092734386,1.7688775037486962e-05,13016630.420000007,1919.59,0.2762039867017062,-5.128424237623545,,4,3,被动扛单
BNB,0.0001,0.9166908338782332,1.7010050557203626,0.0,4621876.22,602.785,1.4526935330080206,-4.92475676600757,,4,4,拥挤积累
SUI,0.00010000000000000002,0.9071630931912655,1.4647782043852642,0.0,62564211.06666667,0.6931,1.310491854453224,-2.884234381884024,,4,5,正常
LINK,7.545101515718209e-05,0.776298546339699,1.6602280641691622,2.3338094752285732e-05,11032197.966666667,8.34,0.9839952767348916,-3.416232827078405,,4,6,拥挤积累
AVAX,8.713074949885893e-05,0.546898863652381,0.8142911647762512,1.4884912429704334e-05,10002657.6,6.4807500000000005,-0.5109189189189189,-6.167783735870052,,4,7,正常
ADA,9.786328891876774e-05,0.38348572854633467,1.1119343461222115,3.905434951081125e-05,77510791.5,0.1984975,-0.667300450676014,-4.405993054432829,,4,8,正常
BTC,5.1197015561215895e-05,0.003185656181672318,1.341029692819106,2.2443563149326317e-05,7697863.595100004,64816.325,-0.18379429764510133,-5.280616364720769,,4,9,正常
DOGE,-0.0001375389953857264,-0.8505380298249167,5.015278492165335,0.00010951521964244664,466644538.9033333,0.070135,-0.11339562265584197,-4.988140725360465,,4,10,被动扛单
ETH,6.98565916673e-05,2.3935710092734386,2.3935710092734386,0,0,okx,6737301.560000023,1922.0,0.1458941225510629,-5.927774744560227,,1,1,被动扛单
XRP,0.0001,1.3646271569284731,1.3646271569284731,0,0,okx,929981.2199999997,1.0382,-0.2689721421709894,-3.8513383400727514,,1,2,正常
DOGE,0.0001,1.2291156511825088,1.2291156511825088,0,0,okx,1172239.659999999,0.07031,-0.2553553695559653,-4.265605004976859,,1,3,正常
SOL,8.75975210181e-05,1.1251919857524506,1.1251919857524506,0,0,okx,3138957.46,76.55,1.3773010197324858,-7.831875734238647,,1,4,正常
LINK,0.0001,1.024927561355703,1.024927561355703,0,0,okx,2244686.4000000004,8.295,-0.3483901970206631,-7.228044813878119,,1,5,正常
SUI,0.0001,0.8679523567777033,0.8679523567777033,0,0,okx,33346411.0,0.6957,0.4475887958417557,-1.4371945961481605,,1,6,正常
BNB,0.0001,0.7103191075972999,0.7103191075972999,0,0,okx,7494332.0,606.9,1.4882943143812708,-4.940711462451715,,1,7,正常
AVAX,7.79895033053e-05,0.49696315525294127,0.49696315525294127,0,0,okx,1509687.4,6.474,-0.5988023952095808,-7.717240314863241,,1,8,正常
ADA,1.6188789992e-05,-1.1119343461222115,1.1119343461222115,0,0,okx,1403441.5,0.1975,-1.1511511511511512,-10.116337885684267,,1,9,正常
BTC,7.399680428e-06,-1.341029692819106,1.341029692819106,0,0,okx,3153935.26000001,65185.4,0.3025136638928553,-5.0599217398770895,,1,10,正常
SOL,9.898188744601345e-05,1.587895800294218,2.177842256587938,7.337120240939302e-06,1.3000000000000004e-05,bitget,12745943.533333333,76.56675,1.3841814329227917,-5.3192810466823985,,4,1,拥挤积累
XRP,9.999999999999999e-05,1.1096899039028303,1.6522361128612235,0.0,0.0,okx,68804694.02,1.0382,-0.3308174107857257,-2.695782866348159,,4,2,被动扛单
ETH,5.7117654663265535e-05,1.0673832324371255,2.3935710092734386,1.7688775037486962e-05,3.8856591667299995e-05,okx,12709578.910000008,1922.6075,0.1538519595277543,-4.575048256498501,,4,3,被动扛单
BNB,9.999999999999999e-05,0.9166908338782332,1.7010050557203626,0.0,0.0,okx,4676005.6,606.86,1.4773389074693422,-4.862590723920009,,4,4,拥挤积累
SUI,0.0001,0.9071630931912655,1.4647782043852642,0.0,0.0,okx,63877124.86666667,0.695425,0.3886312548113934,-4.311894686254014,,4,5,正常
LINK,7.552740575615464e-05,0.776298546339699,1.6602280641691622,2.3338094752285732e-05,4.9000000000000005e-05,okx,11273714.966666667,8.29875,-0.31677077077077076,-5.990863802352175,,4,6,被动扛单
AVAX,8.70676393372394e-05,0.546898863652381,0.8142911647762512,1.4884912429704334e-05,3.6e-05,kucoin,9893250.266666668,6.4785,-0.5480109524540662,-5.013765914229032,,4,7,正常
ADA,9.77045697323092e-05,0.38348572854633467,1.1119343461222115,3.905434951081125e-05,8.3811210008e-05,bitget,76976681.46666667,0.1972925,-1.3502167750541938,-8.22910488421995,,4,8,正常
BTC,5.1015173510035324e-05,0.003185656181672318,1.341029692819106,2.2443563149326317e-05,5.0600319572000004e-05,kucoin,7628225.769033337,65190.725,0.31855692810185976,-5.120833983876045,,4,9,正常
DOGE,-0.00013759639192739855,-0.8505380298249167,5.015278492165335,0.00010951521964244664,0.00023999999999999998,okx,466100863.38,0.07027749999999999,-0.28446386681800984,-4.266970241287129,,4,10,被动扛单
XRP,9.999999999999999e-05,1.0597273664408307,1.5713203590705112,0.0,0.0,okx,69146927.21333334,1.0433425,-0.1975944635795382,-4.143337461798042,,4,1,被动扛单
AVAX,0.0001,0.9515825130762157,1.2154254493802792,0.0,0.0,okx,9927907.266666668,6.55025,0.1636615212186051,-5.721347719062329,,4,2,正常
BNB,0.00010000000000000002,0.8980718018397371,1.6265289275663781,0.0,0.0,okx,4645038.9366666665,608.5925,0.6015992509363296,-3.551984189001245,,4,3,拥挤积累
SOL,0.0001,0.8849611791419492,1.7044603415908894,6.1000000000000005e-05,0.00012200000000000001,okx,12355212.203333335,77.409,1.317198743126473,-2.7137050072201836,,4,4,拥挤积累
LINK,0.0001,0.8735869964829908,0.9663553874619735,1.45e-05,2.9e-05,okx,11395724.933333334,8.35275,0.101284767153926,-6.849277366352963,,4,5,正常
DOGE,7.134566527097235e-05,0.805531579658029,1.5816884886069627,1.45e-05,2.9e-05,okx,466840040.8466667,0.0707225,-0.5980666853985201,-4.946098397777835,,4,6,拥挤积累
SUI,8.239390757851291e-05,0.46937069355201205,1.3760578903181813,2.85e-05,5.7e-05,okx,63394061.1,0.701425,0.20539594633171568,-5.343301218632533,,4,7,正常
ADA,9.388102352200978e-05,-0.1220089973484761,1.3523700266488217,4.385343249562029e-05,9.94835878246e-05,bitget,76993224.33333333,0.197555,-1.0016195252423938,-7.586333350540827,,4,8,正常
ETH,2.4887995178631282e-05,-0.7670661663554041,1.297015714755836,1.746868229453882e-05,3.8e-05,kucoin,12745213.290000008,1925.7075,0.1917953520638224,-4.8140882449709785,,4,9,正常
BTC,7.4293381127504555e-06,-1.2177800209941563,1.9166962124993991,2.2384674730921564e-05,4.64271043705e-05,okx,7631839.722100004,65199.9,0.2224974669224337,-5.247996863503457,,4,10,被动扛单
LINK,9.9775280172975e-05,0.9111162405317192,1.1069317377556314,8.220908303425685e-06,1.7000000000000007e-05,okx,11608968.233333334,8.17275,-1.5451701991008349,-8.160446674651215,,4,1,正常
BNB,0.0001,0.8644203172366169,1.5178059977970937,0.0,0.0,okx,4635382.386666667,601.965,0.22037787762800243,-5.610879750739764,,4,2,被动扛单
SOL,8.973327608024076e-05,0.834378670939497,1.583664910213665,3.540499500470982e-05,7.500000000000001e-05,kucoin,12080852.98,76.21825,0.3366519220642443,-1.8693901492073313,,4,3,被动扛单
AVAX,0.0001,0.7577603748173671,0.9211360769068606,1.5500000000000004e-05,3.100000000000001e-05,okx,9480002.466666667,6.38975,-1.2214862678415004,-10.941234272491625,,4,4,正常
XRP,9.97992765596615e-05,0.7215142579000928,0.9703927036172307,2.1847876774558907e-05,4.5380728701100006e-05,bitget,68738649.83,1.0287975,-1.0226869989096272,-4.493188138991726,,4,5,正常
DOGE,4.6659333436797245e-05,0.6581257876066791,1.4756815976264512,2.7000000000000002e-05,5.4000000000000005e-05,okx,451084649.0733333,0.06912,-1.758950310264791,-5.783064750372668,,4,6,正常
ADA,9.88783618468028e-05,0.4397301520305103,1.0888574887190952,3.005537043474807e-05,6.876668662280001e-05,bitget,77326139.06666666,0.1937675,-2.8088585757271813,-9.924501219541897,,4,7,正常
ETH,2.0909438072006366e-05,0.3221267371897235,1.573622226313159,2.919536301706912e-05,5.8e-05,gate,12887579.186666673,1908.6799999999998,-0.39138074860356575,-3.600433437936796,,4,8,被动扛单
BTC,-1.0558720609547095e-05,0.19002007574786292,1.9857015364846344,5.166845433757633e-05,0.0001192148908769,okx,7698587.64853334,64844.025,-0.12650816665049508,-4.13544555093479,,4,9,被动扛单
SUI,5.6099593371296054e-05,-0.5438165611676676,3.0565324470025743,6.858571279792899e-05,0.00014000000000000001,okx,61854561.06666667,0.685,-0.9925202312138728,-11.300990191891856,,4,10,拥挤积累
SOL,0.0001,1.1304638720169558,1.476640071153952,3.2000000000000005e-05,6.400000000000001e-05,okx,12547592.146666668,76.97225,0.8395962521294719,-4.25289687764404,,4,1,正常
BNB,0.0001,0.8514766105477425,1.4772329807550328,0.0,0.0,okx,4575008.87,603.94,0.1982320115037885,-4.6629545219408906,,4,2,正常
AVAX,9.999999999999999e-05,0.744393265452539,0.8687003811032369,1.3000000000000004e-05,2.600000000000001e-05,okx,9513869.6,6.531499999999999,0.762465987968533,-5.736401535767219,,4,3,正常
SUI,9.595431375723881e-05,0.6399666671408426,1.0125637010225272,8.124038404635961e-06,1.4999999999999999e-05,okx,62250661.5,0.695125,0.25009805335255947,-6.1092651951823935,,4,4,正常
DOGE,9.011557717390858e-05,0.35453473635886984,0.5862411110364131,3.636515955612326e-05,8.1e-05,kucoin,450474262.8566667,0.07002,-0.1703702647464233,-6.422404373388997,,4,5,正常
ADA,9.365306983796799e-05,0.11991297511093707,0.8270654045858266,4.2163256326787665e-05,0.000102,bitget,77770430.8,0.1980175,-0.23453763440860215,-6.6864399484297055,,4,6,正常
LINK,6.845856457745179e-05,-0.01008976283416569,1.0504971200122577,4.329594910277111e-05,0.0001,bitget,11201922.366666667,8.219999999999999,-1.4219464428457234,-7.718666977145432,,4,7,正常
BTC,3.7182044782503536e-05,-0.021945075862452312,0.6885931975504536,2.297998900284668e-05,5.54400912064e-05,okx,7835229.395066672,65217.125,0.6059867304428328,-4.914585398801471,,4,8,正常
XRP,3.232190262424784e-05,-0.1315678637265074,1.2459141446865285,3.654665437039321e-05,8.1e-05,kucoin,69535496.02666667,1.0372775,0.009881687242798334,-4.914341560236715,,4,9,正常
ETH,2.9507001455748425e-05,-0.5286257482788836,1.9113266131742441,2.6848061327553016e-05,6.28864056466e-05,okx,12515101.146666676,1925.2525,0.2738518927631076,-4.54267452176701,,4,10,被动扛单
ETH,9.999999999999999e-05,2.3767086553532777,3.177505358535033,0.0,0.0,okx,4056034.330000015,1875.6000000000001,-2.5773616626512696,-3.570845905159532,,3,1,拥挤积累
BTC,9.650124190675442e-05,1.6870000596466124,2.24420898313102,1.0115952861076037e-05,1.8723689051000004e-05,okx,1625650.233550009,64205.03333333333,-1.533345885801423,-4.196635029131161,,3,2,拥挤积累
SOL,9.688951943256119e-05,1.3713068704167521,2.044110927715631,4.542651624844772e-06,8.000000000000005e-06,bitget,3784776.9750000024,75.923,-1.862383363471971,-3.1164323624742023,,3,3,拥挤积累
XRP,0.0001,1.2510293975220714,1.546742217109935,0.0,0.0,okx,88256616.71,1.0222333333333333,-1.9929479536087413,-4.2369599296272895,,3,4,拥挤积累
BNB,0.00010000000000000002,0.8499410275070619,1.2010431033675868,6.350852961085889e-06,1.100000000000001e-05,okx,3780204.395,600.8966666666666,-1.247473139477575,-5.599450417254424,,3,5,正常
LINK,7.421787815776855e-05,0.8380165077600538,1.5704651867373276,2.309401076758503e-05,4e-05,okx,3056656.1,8.290333333333333,-0.7173568721324556,-4.8228123263480205,,3,6,拥挤积累
AVAX,9.376209089659957e-05,0.7874459914791518,1.0859719235931045,1.0163199941234976e-05,1.7603178665700006e-05,bitget,2121060.0,6.462666666666666,-1.4385526382740548,-8.242870067307619,,3,7,正常
DOGE,9.999999999999999e-05,0.5637148075759182,1.025076339809569,3.8105117766515305e-05,6.6e-05,okx,681403966.87,0.06964333333333333,-1.5213158093084604,-3.8274310870712456,,3,8,正常
SUI,0.0001,0.4979370240658626,0.7905232416081603,4.1569219381653056e-05,7.2e-05,okx,45030570.85,0.6902666666666667,-1.620208636169303,-4.344328260627622,,3,9,正常
ADA,3.837757735557975e-05,0.2769949017666817,0.6255260398980489,2.9993932725285153e-05,5.93920285751e-05,okx,108276596.35,0.19483333333333333,-1.385240506329114,-5.300632559098722,,3,10,正常
BTC,0.0001,1.5357414999661558,1.8177603680195342,1.8000000000000004e-05,3.600000000000001e-05,okx,8525514.809600007,63931.825,-1.4103542547301766,-3.752918983132427,,4,1,拥挤积累
SOL,0.00010000000000000002,1.3759605652878666,2.0575453122778757,0.0,0.0,okx,13155471.030000001,75.932,-0.41185245901639345,-5.659838848544019,,4,2,被动扛单
XRP,9.997923803602664e-05,1.0027295878915878,1.4505492467552825,2.2600563961000045e-06,4.520112792200009e-06,bitget,70935926.75333333,1.0112425,-1.710578075888662,-6.2750860762355805,,4,3,正常
LINK,0.0001,0.9448128940232948,1.4708509852184632,0.0,0.0,okx,11598577.866666667,8.29225,1.4141225838023,-6.477709661478244,,4,4,正常
DOGE,0.0001,0.8366593745239669,1.3532494132514241,0.0,0.0,okx,463107492.42333335,0.069655,0.7725571628333092,-2.5117901151072557,,4,5,正常
ETH,4.031651224796814e-05,0.5979977303650046,2.482585250098389,4.777611561483186e-05,9.6e-05,bitget,13728626.876666674,1872.1375,-1.9222902716587476,-4.578132124769628,,4,6,拥挤积累
AVAX,8.416864560581772e-05,-0.1436439608849831,0.6305034907706492,4.18015305072119e-05,9.954077744640001e-05,kucoin,9718840.766666668,6.43125,0.6637410192147034,-7.380421380059336,,4,7,正常
BNB,7.808994593007895e-05,-0.3238095396559064,1.1556601665708701,4.321554504265026e-05,0.00010300000000000001,okx,4445603.556666667,598.8725,-0.6249680327415519,-4.639792188145805,,4,8,正常
SUI,5.7533892561396334e-05,-0.3483565767885604,1.924656678132194,4.468346827276672e-05,0.000109,kucoin,62754331.43333334,0.68355,-0.2320971006032302,-5.482990602196929,,4,9,被动扛单
ADA,-0.00010363687844307595,-0.6793382235435883,2.882942704904145,9.234406469993784e-05,0.00021,gate,76868227.3,0.1891875,-2.390126590987272,-8.18361097261857,,4,10,拥挤积累
BTC,0.00010000000000000002,1.4364266312895038,1.7130826249515418,1.9500000000000003e-05,3.9000000000000006e-05,okx,8545902.828666672,64052.25,-1.7840072619681129,-4.205749842910945,,4,1,拥挤积累
LINK,9.790904357208659e-05,0.8701095711737452,1.4708509852184632,9.5e-06,1.9e-05,okx,12268382.7,8.475,3.115688810479783,-8.807782337601388,,4,2,正常
SUI,0.00010000000000000002,0.7943040537156437,1.3411276132837855,0.0,0.0,okx,63693970.800000004,0.6876249999999999,-1.065453237410072,-4.360676778356968,,4,3,正常
DOGE,9.998718439578467e-05,0.740459786947673,1.3532494132514241,7.707506115600004e-06,1.5415012231200008e-05,bitget,464330392.79333335,0.07010999999999999,0.1338510212826739,-5.345891224412018,,4,4,正常
XRP,9.968117437233666e-05,0.7338939798086083,1.3971937886153807,3.2473825788300004e-05,6.494765157660001e-05,bitget,72439469.01666667,1.004835,-3.103799099967856,-4.625658121506832,,4,5,正常
ETH,3.4614738710657597e-05,0.4664772518681797,1.3141044040553864,3.516259543130525e-05,7.400000000000001e-05,bitget,13141611.550000008,1877.1875,-2.498415583988308,-4.699006207247746,,4,6,正常
AVAX,9.448312659700519e-05,0.44122262334090934,0.9037528908932606,2.9709706606876258e-05,6.2e-05,okx,10089236.3,6.4822500000000005,-0.7386702399183257,-4.238772142364589,,4,7,正常
BNB,9.979090807200921e-05,0.358070477567251,0.6732342892406666,2.9597297173897487e-05,6.2e-05,okx,4422149.19,602.4425,-0.24460882044488602,-4.757450792279654,,4,8,正常
SOL,5.917685522538465e-05,0.1286631217261125,0.3956413299672845,3.0912202180611125e-05,6.68254734842e-05,okx,12510170.006666668,75.671,-1.6963232428218786,-5.481023796117895,,4,9,正常
ADA,-8.049612832108219e-05,-1.1115162950263477,2.147851639027639,7.43100718467127e-05,0.00017099999999999998,gate,75751033.1,0.18837500000000001,-4.817311605187805,-8.08806900153983,,4,10,拥挤积累
BTC,7.728644214883414e-05,0.9037140449088987,1.660927252740909,2.4893104801664793e-05,5.2000000000000004e-05,okx,8452515.019133339,63548.7,-1.102168451466369,-3.3647473194027606,,4,1,拥挤积累
LINK,9.833177456445323e-05,0.8875473594661192,1.4708509852184632,7.499999999999999e-06,1.4999999999999999e-05,okx,12354906.933333334,8.545,3.0229219020057077,-5.088486849337962,,4,2,正常
ETH,5.824948136261121e-05,0.8138151973864801,1.530440175801927,1.0959316278876808e-05,2.5913361620799996e-05,okx,13119615.86000001,1861.2975000000001,-0.7889061663627737,-4.833030067466123,,4,3,拥挤积累
SUI,8.37090833306087e-05,0.35448232534104074,0.8413394363952682,2.512634739339034e-05,5.300000000000001e-05,okx,63443582.333333336,0.675425,-2.2060251062186174,-4.44055234293563,,4,4,正常
ADA,9.438087413440268e-05,0.32473464298841415,0.8243212319259436,4.102935720506418e-05,9e-05,bitget,76791089.1,0.1847875,-5.150268309377139,-8.378095404638819,,4,5,正常
BNB,9.989030274388703e-05,0.31615655396569,0.6732342892406666,4.152408939398912e-05,8.7e-05,okx,4503430.54,607.81,1.134541063605612,-6.691784310418028,,4,6,正常
DOGE,3.2906435059565054e-05,0.21838486093202122,0.9112958886272048,3.925981830489455e-05,6.8e-05,okx,446725866.68,0.0705525,1.3055773245236044,-3.5411787478531247,,4,7,正常
XRP,9.944135796397157e-05,0.16295148150832847,0.8697868168572379,6.176569209737742e-05,0.0001302295054429,bitget,72854573.32,1.0024425,-1.9967033414832926,-5.7078583904976465,,4,8,正常
AVAX,1.8276148362389918e-05,-1.2103231631334979,1.751861725881281,7.404201741633093e-05,0.0001614919124778,kucoin,10502941.833333334,6.1955,-4.2849062483902545,-10.079353159941911,,4,9,拥挤积累
SOL,-6.2178418787825454e-06,-1.3040805876882722,1.9852222284600622,2.1128680310509087e-05,3.98607303281e-05,okx,12620681.88,74.79825,-1.4932734220582422,-6.246097887501046,,4,10,拥挤积累
ETH,8.784533925902748e-05,1.3321049475624303,2.7650165857644624,2.2554725830573712e-05,4.9999999999999996e-05,kucoin,13199642.993333343,1880.5275000000001,0.47431999914535844,-4.212305237878838,,4,1,被动扛单
DOGE,9.999884821060459e-05,0.7800326142630993,1.2779030392373072,6.768590753499992e-07,1.3537181506999984e-06,bitget,446391635.83666664,0.071865,3.1784551328068917,-4.520263846317022,,4,2,正常
ADA,9.967664060303733e-05,0.7489331846522825,1.4583416451033842,2.6237243078900002e-05,5.2474486157800004e-05,bitget,76281215.73333333,0.1869,-1.407037037037037,-2.004095002383787,,4,3,正常
BTC,9.330807624876596e-05,0.6352507206431645,1.4854752095077728,4.364357143132098e-05,9e-05,bitget,8172686.777266673,63541.1,-0.5873539562980866,-3.7316926811788185,,4,4,正常
XRP,9.989420006575558e-05,0.49133383556311494,0.8598054709039332,3.3493914596725285e-05,7.1e-05,bitget,72605846.23666666,1.022005,1.1120105506099571,-5.696303905530582,,4,5,正常
SUI,8.297327700318801e-05,0.438001402576538,1.2576624114972796,2.8000000000000003e-05,5.6000000000000006e-05,okx,62785817.46666667,0.69245,1.321080405932865,-7.215111703228016,,4,6,正常
LINK,8.016688162880663e-05,0.21812456724538057,2.0660038560711844,8.617182447490209e-05,0.000173,okx,12464287.9,8.7775,5.843376909470976,-5.721781878704652,,4,7,拥挤积累
BNB,7.766081206806379e-05,-0.2924011558489781,0.9320818655769506,4.394693770142959e-05,0.000107,okx,4672452.596666667,616.575,2.9519749582637727,-5.037389167208862,,4,8,正常
SOL,2.5933721086271264e-05,-1.0470227630026243,2.0594173098519146,4.284238568600015e-05,8.3e-05,kucoin,12138174.253333334,76.2025,0.3645869002151104,-6.557162250603907,,4,9,被动扛单
AVAX,-0.00012272527913001065,-2.465985310085348,4.450362744890685,0.00013170712141935125,0.000284,bitget,11980016.7,6.3095,-1.8825038096719018,-9.895190622191176,,4,10,拥挤积累
BTC,7.212715554187618e-05,0.8750323245787428,1.3432600047709378,3.814809524550711e-06,8.000000000000005e-06,kucoin,8096152.44693334,63786.0,-0.4187551003414106,-5.04880010402659,,4,1,正常
SUI,0.0001,0.5878986359944801,0.8562617867960439,1.8000000000000004e-05,3.600000000000001e-05,okx,62419848.7,0.6906749999999999,0.46177305995831514,-6.511516527937873,,4,2,正常
DOGE,9.994633139725336e-05,0.415396571002273,1.20319390594509,3.019050666425e-05,6.03810133285e-05,bitget,443291982.95666665,0.0716175,2.1435320970042797,-5.9303949635154165,,4,3,正常
ETH,6.71019696481002e-05,0.15433840012663624,1.4490211462282947,3.72756658933007e-05,7.3e-05,kucoin,12494083.423333345,1890.38,0.6940490526700869,-5.7760844521415935,,4,4,正常
ADA,9.492522582408731e-05,0.04814907713843872,1.1164828710544885,4.5312016849772e-05,0.0001048696933805,bitget,75684993.0,0.1850075,-1.7341512575274531,-11.203186961404482,,4,5,正常
SOL,4.3123321906013456e-05,-0.2382568292177538,1.5625133595209162,5.125804250074999e-05,0.000113079375845,okx,12333915.553333333,76.21675,0.7168749834809038,-4.917977191948361,,4,6,拥挤积累
XRP,1.868478871145882e-05,-0.27194063051950956,1.698295432938006,4.38775048267161e-05,9.800000000000001e-05,kucoin,72082084.43333334,1.0196125,1.4654118135058902,-5.293078772402436,,4,7,拥挤积累
BNB,8.549952894290502e-05,-0.2922416570323283,1.0890645597149675,5.479963503528103e-05,0.000129,okx,4671606.386666667,611.79,1.5514749889331563,-6.70933319706395,,4,8,正常
AVAX,5.529955663738674e-05,-0.70329119597866,1.4056518117997028,8.59740353637709e-05,0.00020300262723919998,kucoin,13216260.333333334,6.223,-3.9903359049529397,-6.824537625064772,,4,9,正常
LINK,4.105250287699986e-05,-0.7856035590865882,2.5785033972202176,9.509644227484714e-05,0.000219,okx,12217675.233333332,8.744,3.190391821151651,-5.857951228016948,,4,10,拥挤积累
BTC,9.847055297672322e-05,1.5230287731798593,2.3267065065250385,9.292961194916404e-06,1.9e-05,kucoin,8141970.665666673,63444.3,-0.16260611210776443,-3.1891299482675857,,4,1,被动扛单
ETH,8.667636921670183e-05,1.3428003219026523,2.2509938681510246,1.9644838722011622e-05,4.4999999999999996e-05,kucoin,12652691.313333344,1891.7975000000001,1.644206071483587,-4.015526063382187,,4,2,拥挤积累
XRP,9.917864157015783e-05,0.939268103840597,1.2659975890256108,2.8722813232690186e-06,6.00000000000001e-06,okx,71431642.02333333,1.01223,0.9749681335861358,-4.024139171315333,,4,3,正常
AVAX,7.833763032163154e-05,0.5642785759132971,0.8533553699571562,1.3403269552268071e-05,3.100000000000001e-05,bitget,11726480.933333334,6.3717500000000005,2.841394252502422,-7.448030053366729,,4,4,正常
DOGE,9.997294845146664e-05,0.5489756532034614,1.1462266664992116,1.4916289293200002e-05,2.9832578586400004e-05,bitget,446066349.49,0.07084,0.39810279667422527,-3.8803942293752858,,4,5,正常
ADA,9.654690074859574e-05,0.025497741717296366,1.2420797469538913,5.508361258524198e-05,0.000133,bitget,79612275.26666667,0.1819225,-1.5857546897546897,-5.905657963651199,,4,6,正常
SUI,6.221726639211566e-05,-0.814454207532988,1.2853032311943189,5.535413277597909e-05,0.000134,kucoin,62859345.03333333,0.685,1.372816471633832,-7.293946024799018,,4,7,正常
SOL,4.308676507663963e-05,-0.8554677959547876,1.3922594396480368,4.245975109966442e-05,0.0001,kucoin,14513805.936666666,75.72825,1.237673531247214,-6.169465711251254,,4,8,正常
BNB,4.8735818806474595e-05,-1.1801504362212416,3.1974055311045606,5.338730503423188e-05,0.000107820266559,okx,4680369.493333333,610.5525,0.37922595151914007,-7.998524690168821,,4,9,被动扛单
LINK,-3.7052695172812656e-05,-1.3570693225725732,3.8591147660633087,6.7913547985656e-05,0.000156,okx,12215180.233333332,8.76875,2.632498674153798,-4.445517661739074,,4,10,拥挤积累
BTC,0.00010000000000000002,1.464465009627646,1.5944433962658786,9.000000000000002e-06,1.8000000000000004e-05,okx,8109954.811700006,63475.325,-0.11481375403257534,-3.9682667671473144,,4,1,被动扛单
ETH,6.259238132337647e-05,1.448652334190714,1.99279573274125,2.2336442569636437e-05,4.7000000000000004e-05,okx,12223740.150000008,1879.345,-0.0492187303326366,-5.1587273597369565,,4,2,被动扛单
XRP,0.0001,0.9463521244240103,1.262084879184305,0.0,0.0,okx,71833384.30666667,1.005085,-1.6426654923834687,-2.9335631199484906,,4,3,正常
ADA,9.999999999999999e-05,0.9040033834846318,1.4143442152597165,1.5500000000000004e-05,3.100000000000001e-05,okx,78959563.26666667,0.18255,-2.3174646680942184,-2.8743050615552836,,4,4,正常
AVAX,9.446100869877347e-05,0.32703958089597923,0.6940550684851344,2.8068895559602977e-05,6.65149547896e-05,kucoin,11728865.3,6.31775,0.11103407830084007,-1.185769800702463,,4,5,正常
DOGE,9.99660041759269e-05,0.0667633739328381,0.49971677056202357,4.314156213411718e-05,9.1e-05,bitget,458762973.6566667,0.0696675,-2.9985571335746775,-7.530326235573838,,4,6,正常
BNB,7.396151862984802e-05,-0.1923257885680125,0.8961220317788121,4.902081313058692e-05,0.000116,kucoin,4710986.703333333,610.0825,-1.083225680933852,-6.8918628552088705,,4,7,正常
LINK,-5.235963491517007e-05,-0.7157918741962368,3.7250742568560296,7.622499590029507e-05,0.00018,okx,11934278.4,8.67075,-1.1660617283950616,-2.2463346252095837,,4,8,拥挤积累
SUI,5.729289898904574e-05,-0.8318698993848475,1.5639627486865657,5.242495017947394e-05,0.000117,kucoin,62499925.333333336,0.6815,-1.5984326067080505,-6.597596189005909,,4,9,拥挤积累
SOL,-1.699867473512724e-05,-1.3308640986415712,2.06749960057852,3.147195451384435e-05,6.803451928280001e-05,okx,14273422.52,75.57925,-0.8212160979877515,-6.049471072886472,,4,10,拥挤积累
LINK,6.186683996740911e-05,0.6407258426135124,1.3627096274097037,2.3500000000000002e-05,4.7000000000000004e-05,okx,12038904.633333333,8.74425,-0.013913474366304532,-8.883546805536847,,4,1,正常
BTC,6.470011736682492e-05,0.635925007224415,0.8143145231757498,5.527820216145006e-06,1.1999999999999994e-05,bitget,8121311.227466673,63851.05,0.1217260603931703,-4.35241496507607,,4,2,正常
ETH,6.721133320414267e-05,0.4644646304905614,1.5282987545705309,3.7708450386041185e-05,7.1749778747e-05,bitget,12788490.42000001,1895.035,0.2461900371508621,-4.522805960970847,,4,3,被动扛单
AVAX,5.583601667183877e-05,0.4134534346463757,0.8443601187200908,2.9736341402398517e-05,5.2000000000000004e-05,okx,10534834.766666668,6.52425,4.848841665327118,-7.275234273870591,,4,4,正常
XRP,9.979821161143413e-05,0.2905442577343155,0.7975385732990641,3.5250720100020245e-05,6.9e-05,bitget,72974648.18,1.0129625,-0.6420641742714159,-3.30603079676714,,4,5,正常
SUI,8.975913595585892e-05,0.2502114053964955,0.6550548033949956,3.246921619010844e-05,6.8e-05,okx,62162243.93333334,0.689775,-0.1001203784149049,-5.795631747998598,,4,6,正常
SOL,5.695000143789847e-05,-0.30630770652862405,0.8830045948611014,4.2553817232827963e-05,0.000101,kucoin,14081786.043333333,76.4205,0.28591726823292646,-5.166099921526708,,4,7,正常
ADA,9.056443935543565e-05,-0.4421043750218554,1.018307199436489,5.785547606796938e-05,0.000126,bitget,78415221.5,0.1855475,0.2694999098611862,-11.708338089493271,,4,8,正常
BNB,6.750715475273912e-05,-0.4711085470607472,2.0337396179543554,5.2741882462452445e-05,0.00012200000000000001,kucoin,4735716.693333333,613.36,0.24862286150158003,-6.06948804855221,,4,9,被动扛单
DOGE,9.989505334789201e-05,-0.47935346648290156,2.177926377636182,6.421315306093258e-05,0.00012249851812520002,bitget,459623697.77,0.070575,-1.446425219941349,-2.8330618742041227,,4,10,拥挤积累
BTC,6.73290459891296e-05,0.8109748876260727,1.3409853522363042,1.8548300956016997e-05,4.4085138446800006e-05,bitget,8097600.386600005,63401.8,-0.08295015036219319,-4.118065581267761,,4,1,正常
XRP,0.00010000000000000002,0.655092444316739,1.1850706123144188,2.2000000000000003e-05,4.4000000000000006e-05,okx,72748999.69,1.00264,-0.9587695448857274,-5.208585731521213,,4,2,正常
ETH,6.43253371452213e-05,0.5953904384421433,1.1625290376689255,1.7223477436686185e-05,4.1313265453599995e-05,okx,12581072.793333342,1879.1475,-0.6882256424350693,-5.863810548336502,,4,3,正常
AVAX,2.2326746988690466e-05,0.2184987594579153,0.87191464736094,4.395736570814953e-05,9e-05,okx,10178041.466666667,6.4085,0.5748168498168498,-2.7294404136465826,,4,4,正常
LINK,5.147392058384731e-05,0.037667011350732416,0.7334905616122143,3.6178953366103156e-05,7.900000000000001e-05,okx,12676483.3,8.7375,-0.35283010262257697,-5.319235783833797,,4,5,正常
SUI,8.750246414482329e-05,0.011195983176055647,0.8232241246433335,4.8937885800948395e-05,0.000107,okx,61292021.16666667,0.6854750000000001,0.052265206812652065,-8.017227377242964,,4,6,正常
DOGE,0.0001,-0.017055976852468152,1.7378986685222662,7.950000000000001e-05,0.00015900000000000002,okx,454917065.32,0.06966,-1.67469302084804,-5.738470148952427,,4,7,拥挤积累
ADA,8.284268792722353e-05,-0.1768342011389163,1.9175965016588046,9.318977054019037e-05,0.000198,okx,76376993.96666667,0.1824025,0.2549670148433205,-8.353508896701337,,4,8,被动扛单
BNB,4.717970247091937e-05,-0.4815183511899968,0.8400740082908925,3.3668825630907246e-05,7.23000417059e-05,okx,4591304.863333333,606.8,-0.6228704765023743,-8.800499753016467,,4,9,正常
SOL,3.0526341334256174e-05,-0.8733296114218394,1.4224645399825757,3.7540394929777754e-05,8.099999999999999e-05,kucoin,14305602.42,75.66725,-0.09681922619833616,-6.966230682979717,,4,10,正常
BTC,9.999999999999999e-05,1.2171029682337173,1.4441604075995964,1.8000000000000004e-05,3.600000000000001e-05,okx,8381700.5543666715,63474.0,0.0073956309354301,-4.0244413056738,,4,1,正常
LINK,9.999999999999999e-05,0.7797286163298167,0.900950381351173,9.000000000000002e-06,1.8000000000000004e-05,okx,12387316.033333333,8.88125,2.456116493656286,-7.1727743507275985,,4,2,正常
DOGE,0.00010000000000000002,0.3469709217100697,0.7977706989874842,3.8e-05,7.6e-05,okx,455982173.95666665,0.0701525,0.7139874168700062,-5.34274297779441,,4,3,正常
ETH,5.045026669434619e-05,0.33651388864412013,1.7526264570175158,4.2249260348555216e-05,9.6e-05,okx,12495079.910000011,1886.1225,0.3643233193772798,-4.584046810174985,,4,4,被动扛单
SUI,9.999999999999999e-05,0.30580166453606955,0.8005175320516937,4.4500000000000004e-05,8.900000000000001e-05,okx,61073605.266666666,0.6896249999999999,1.197026807553077,-4.348246242888068,,4,5,正常
AVAX,3.981841213271756e-05,0.271958515772854,0.9516073192195316,5.031465228054749e-05,0.0001018651161744,bitget,10117689.033333333,6.461,2.2692970349266646,-6.187042085581823,,4,6,正常
BNB,8.154714771693079e-05,0.20535545365277885,0.7220808049403996,2.948520593059724e-05,6.500000000000001e-05,kucoin,4510398.98,610.62,0.08344817789433423,-5.621057432173494,,4,7,正常
SOL,7.081066166748474e-05,0.16067057213734443,1.2346053111882405,6.260188589607336e-05,0.00014,bitget,14023662.72,76.26575,0.9199029725676987,-4.1285606227321185,,4,8,正常
XRP,7.253047727611014e-05,0.12402426498203481,0.4908367554213703,2.7578648852923823e-05,6.74102199595e-05,kucoin,72749640.93,1.0093750000000001,0.46528263322051894,-5.025306651988201,,4,9,正常
ADA,-7.833977532061733e-05,-0.9511702310839946,1.8694230097479794,5.420972759621525e-05,0.0001250659394852,okx,75963305.66666667,0.1824825,0.016608187134502902,-6.982055566670499,,4,10,被动扛单
SOL,0.00010000000000000002,1.3981938826480165,2.072202264021328,0.0,0.0,okx,13890299.016666668,75.55925,-1.1498214052073792,-5.059742547339366,0.2,4,1,拥挤积累
BTC,9.763648690316076e-05,1.3041038930849638,1.8531417919409745,8.698663601600005e-06,1.739732720320001e-05,bitget,8221602.150600006,62891.15,-1.5193204724043625,-4.206339249544212,0.15,4,2,拥挤积累
ETH,5.817206242424135e-05,1.0550379902194136,1.4187604998555816,1.9290047588332997e-05,4.2999999999999995e-05,bitget,12651716.250000011,1873.7625,-1.158907133811735,-3.801029639361963,0.85,4,3,正常
DOGE,9.999999999999999e-05,0.54689149560197,0.7930268132395761,1.45e-05,2.9e-05,okx,458139534.9866667,0.06966,-1.3464431533701762,-4.663098189119698,0.8,4,4,正常
XRP,6.110981329659443e-05,0.32472544060853414,0.9638429565958182,2.2255125091077097e-05,4.7000000000000004e-05,kucoin,72989351.58,1.0044275,-0.8395573770491803,-3.856392306315726,0.35,4,5,正常
LINK,5.108230182683947e-05,-0.024794938333158822,0.41785011287412566,1.3740411772123877e-05,3.1266438764600006e-05,okx,12289532.366666667,8.7645,0.19658710562414264,-7.439301286766852,0.35,4,6,正常
AVAX,4.868699041486437e-05,-0.06318650337175699,0.270838045368402,2.748064881712086e-05,6.294346515199999e-05,bitget,10069369.466666667,6.37725,-2.317399744572158,-5.093491612184403,0.8,4,7,正常
ADA,-7.854816871786223e-05,-0.14462935826788506,1.73794570491207,9.418904467478419e-05,0.000182,gate,75204696.3,0.181675,-2.171764367816092,-6.463532142947787,0.45,4,8,拥挤积累
SUI,4.755206234773199e-05,-0.2859863475130629,2.5377749532537717,4.705406990761125e-05,0.00010300000000000001,bitget,59096647.63333333,0.678825,-1.6288937198067632,-7.727948307469065,0.2,4,9,拥挤积累
BNB,-2.136448775669124e-05,-1.1361565005169176,2.1733272778752126,3.257245912363648e-05,7.099999999999999e-05,gate,4344974.59,606.9425,-1.0408891424845126,-6.182121543724518,0.05,4,10,拥挤积累
BTC,9.777097196660911e-05,0.8726827995597362,1.328869353278251,2.6882004017993167e-05,5.7e-05,bitget,9286119.672466673,62967.175,-0.6941570235421766,-3.9147210824254555,0.95,4,1,正常
ADA,1.3471951435083539e-05,0.8556357276804056,1.6813314860314974,4.8175893003313046e-05,9.7e-05,okx,77715580.33333333,0.179725,-1.481421052631579,-8.336422327486614,0.4,4,2,拥挤积累
XRP,9.999999999999999e-05,0.8345242354880584,1.2013631520204393,5.500000000000005e-06,1.100000000000001e-05,okx,74620818.07,1.00644,0.3660075787794176,-3.650092238024075,0.55,4,3,正常
ETH,5.621701690974561e-05,0.7496217115707843,1.328841254431811,2.7188104671520747e-05,5.2999999999999994e-05,bitget,13707332.600000013,1881.2125,0.057473170662525434,-3.9850347128253816,0.9047619047619048,4,4,正常
LINK,0.0001,0.5930659860416397,0.7620515519610643,2.3500000000000002e-05,4.7000000000000004e-05,okx,17283840.0,8.8545,1.3469866529382604,-7.871237662599475,0.6666666666666666,4,5,正常
DOGE,0.0001,0.5513918806925802,0.7537314006062679,1.3500000000000003e-05,2.7000000000000006e-05,okx,455228064.75,0.0698775,0.33579257558362036,-5.36352812169581,0.65,4,6,正常
SOL,4.074926887045255e-05,-0.38404659909202316,0.9379423929783346,2.6996591737989213e-05,5.7e-05,kucoin,14666436.75,75.61675,-0.11629678555702333,-6.277824175055567,0.3333333333333333,4,7,正常
SUI,5.745214866134176e-05,-0.4479453951908193,1.2487571806168247,3.4303005886098344e-05,7.2e-05,bitget,59894028.03333334,0.676925,-1.2319299883313886,-5.536472321930442,0.75,4,8,正常
AVAX,1.3890298026354657e-05,-0.544902120697426,1.9441007070250031,3.6107314537155245e-05,8.51237042863e-05,okx,10832726.7,6.43325,0.38553874154966195,-6.990533396011003,0.75,4,9,被动扛单
BNB,-6.036110263997065e-06,-0.6341825190082058,1.1290492689416716,4.022597723719399e-05,8.6e-05,bitget,4846262.81,606.205,-0.11893190554640307,-6.544286657813188,0.3,4,10,正常
BTC,9.856064381502047e-05,1.275952321660768,1.7416653239404796,5.703645785750006e-06,1.1407291571500011e-05,bitget,9045604.460500006,63013.875,-0.7331411197733295,-3.582404623120006,0.9,4,1,拥挤积累
ADA,9.708947350589326e-05,1.0754803277652185,1.186467950142824,1.45e-05,2.9e-05,okx,80468632.9,0.1800225,-1.35162100456621,-6.244557541314229,1.0,4,2,正常
BNB,9.955946425428986e-05,0.4419982315441059,0.8303594442729716,3.4292856398964496e-05,7.000000000000001e-05,okx,4820880.91,607.3125,-0.5473296217455379,-5.883051029182571,0.55,4,3,正常
AVAX,2.4519074143906638e-05,0.09867175542612637,0.7526039520585144,4.527324449016954e-05,8.6e-05,okx,10705501.0,6.487,0.37199401537429705,-4.622199514660709,1.0,4,4,正常
LINK,4.959038170700175e-05,0.06231731819030377,0.7280869109291286,3.210789103424058e-05,7.7e-05,okx,17580304.533333335,8.965499999999999,0.931216282123429,-8.246815516434067,0.55,4,5,正常
DOGE,1.9146855802897897e-05,-0.007352359643875012,1.0591758657409176,3.697849834219521e-05,8.2e-05,kucoin,446807225.93333334,0.07000250000000001,-0.20119078165835114,-5.710258342613914,0.45,4,6,正常
ETH,2.446032757992815e-05,-0.05802565108265857,1.4669442844483889,2.3149501806575423e-05,5.16945112963e-05,okx,13576161.186666679,1880.9425,-0.27886866127373544,-5.034837452463315,0.6190476190476191,4,7,正常
SUI,6.963765228581675e-05,-0.15643826696357743,1.7940447911972617,4.752806188628637e-05,9.800000000000001e-05,okx,62296858.1,0.682075,-1.1056960556844548,-5.494935030605422,0.65,4,8,拥挤积累
XRP,1.2725528673771755e-05,-1.1574901714683592,2.101694681624428,3.5107561906432396e-05,7.06609443207e-05,kucoin,73817949.10333334,0.99855,-1.0732831384981176,-7.730451204706042,0.1,4,9,拥挤积累
SOL,-2.145524588153954e-05,-1.3426781189384565,2.1437080374853816,5.483942911764535e-05,0.000125,bitget,14441585.923333334,75.369,-1.1773910306845004,-5.436764502201889,0.85,4,10,拥挤积累
BNB,0.00010000000000000002,1.0475531905266486,1.6246155969405045,0.0,0.0,okx,4914121.9366666665,611.52,0.7599834129730323,-4.837955038628233,0.9047619047619048,4,1,拥挤积累
ADA,9.88311801515418e-05,0.946369170150196,1.5593153896909682,1.2102545095890782e-05,2.500000000000001e-05,bitget,80883223.86666666,0.1788575,-1.540928046989721,-10.75263031482706,0.2608695652173913,4,2,拥挤积累
LINK,9.999999999999999e-05,0.8605364463917455,1.2389042026765664,0.0,0.0,okx,16394614.566666666,9.319749999999999,6.363601110350597,-3.0578560504871337,0.9565217391304348,4,3,正常
AVAX,0.00010000000000000002,0.8358205384201915,0.9715517604210823,0.0,0.0,okx,12051035.133333333,6.61775,3.7577817317238855,-3.398791575254753,0.9565217391304348,4,4,正常
SUI,0.0001,0.8005225126979302,1.3859825920227904,0.0,0.0,okx,61584226.233333334,0.6821,0.4476696121747668,-5.128849314387491,0.8571428571428571,4,5,正常
BTC,8.83412097583257e-05,0.5644984706305296,1.0883524614852738,3.211339759662812e-05,7.199999999999999e-05,bitget,9077966.11523334,63041.325,0.21588708329557696,-4.340509713164732,0.7619047619047619,4,6,正常
SOL,4.708266669619343e-05,-0.18969783863518389,1.362994270042099,5.24620935817196e-05,0.0001111857401691,bitget,14613890.203333335,75.1635,-0.5320259362180759,-6.149589913460151,0.8636363636363636,4,7,正常
ETH,2.005513566868191e-05,-0.3708417317060185,1.3599491071432965,1.1286090287476671e-05,2.5e-05,gate,13435404.750000013,1879.1175,0.2766609992208596,-4.694157910743926,0.5652173913043478,4,8,正常
DOGE,1.9440197689720158e-05,-0.7870265400131304,2.194172314848208,3.3414953853113406e-05,7.32219406428e-05,okx,440009373.8666667,0.0700175,0.502931955211025,-4.282655333541369,1.0,4,9,拥挤积累
XRP,-2.891494557641552e-05,-2.1728435194522486,3.156374082234255,2.432357887043486e-05,5.4999999999999995e-05,kucoin,73698420.48,1.0015025,-0.27602668259657503,-5.1145500298361615,0.5652173913043478,4,10,被动扛单
AVAX,0.0001,0.8223702260056853,0.9563034524619822,0.0,0.0,okx,12504101.666666666,6.55625,1.9550871412288882,-4.953978947068509,0.8181818181818182,4,1,正常
BTC,6.507103796687448e-05,0.6017812112326352,1.002125658818052,1.2442445449444827e-05,2.8262404840099996e-05,bitget,1712333.555300009,63066.475,0.14180525196195654,-3.743045965192617,0.7727272727272727,4,2,正常
LINK,9.999999999999999e-05,0.24953841588073272,1.1591595152949223,5.1500000000000005e-05,0.00010300000000000001,okx,15538857.4,9.51475,7.402653339356976,-4.383864426906172,1.0,4,3,正常
ETH,3.8880997174729644e-05,0.16653440615785461,0.9412564948437318,2.1619479677392876e-05,4.4000000000000006e-05,bitget,13800602.850000013,1884.065,0.170683619663208,-4.8806855805942275,0.8181818181818182,4,4,正常
BNB,8.407218127113678e-05,0.1032060713356007,0.9119521150550192,5.236410984634419e-05,0.00012200000000000001,okx,4899310.736666666,611.275,0.8386480778749381,-5.300868040726971,0.9545454545454546,4,5,正常
SUI,3.68189139010202e-05,-0.3335539677521553,2.711364402426461,5.877840404098277e-05,0.000125,bitget,59667116.03333334,0.6833750000000001,0.9403663366336633,-6.9457807553912305,0.5416666666666666,4,6,拥挤积累
DOGE,5.645051457111556e-05,-0.6224529366600069,3.560110857468044,3.7250279641008514e-05,8.8e-05,okx,438562806.6533333,0.070025,0.18974645872084703,-4.639237614196864,0.9583333333333334,4,7,被动扛单
SOL,1.04317752100564e-05,-0.8965066237151428,1.5982033757320584,3.906162409509677e-05,8.8e-05,bitget,14811870.13,75.458,-0.21045340738781626,-6.55564244041876,0.4090909090909091,4,8,被动扛单
XRP,-1.0229608638961197e-05,-0.9479236763159689,2.2643169647374863,5.115411563123537e-05,0.000117,gate,73652474.9,1.0015175,-0.45768584583788796,-5.438539193092268,0.5833333333333334,4,9,被动扛单
ADA,-8.292877558386772e-05,-1.8995019999014526,3.7964111528724582,6.607114496139545e-05,0.00015901585797770002,kucoin,80821725.53333333,0.17878,-0.6111610090892228,-8.243080692289391,0.7727272727272727,4,10,拥挤积累
SUI,9.17002176898833e-05,0.42694845729412717,1.3258618852344084,2.4062508357650003e-05,4.8125016715300006e-05,bitget,59892435.16666667,0.6764749999999999,-0.8583252699995113,-5.909347174170791,0.8695652173913043,4,1,正常
BNB,6.846468130612081e-05,0.22263149599745546,0.9021608938991426,5.1867619956963516e-05,0.000105,okx,4896588.916666667,607.27,-0.019309076939962668,-6.643922165567112,0.75,4,2,正常
BTC,1.596186500634221e-05,-0.40084387949871514,1.0091616702937087,2.450767934088174e-05,4.8e-05,bitget,9156422.625866674,63053.5,0.06137365849529263,-4.373327424676201,0.6,4,3,正常
LINK,4.5526640673491436e-05,-0.45558730700526673,2.4678748109923174,9.301747147713703e-05,0.00021,okx,16301202.0,9.45475,5.4231397561700865,-7.292473645168293,0.5217391304347826,4,4,拥挤积累
SOL,2.9470005680153397e-05,-0.6578418425505691,1.6407113643732716,4.278332165191413e-05,8.22323963334e-05,bitget,14937133.276666667,75.27825,-0.11620946693209466,-5.874748615730922,0.72,4,5,被动扛单
DOGE,7.438783106676325e-05,-0.8583308808376271,2.293735778998406,2.675702593041302e-05,5.4999999999999995e-05,bitget,435577876.39,0.06952,-0.6942857142857143,-7.186954856590591,0.34782608695652173,4,6,拥挤积累
ETH,-4.492692187851727e-06,-1.0023469115815413,2.5443263551881077,1.9292478529424647e-05,4.4999999999999996e-05,bitget,13902628.123333348,1881.6625,0.034765794315003665,-4.966537555830278,0.6521739130434783,4,7,被动扛单
AVAX,-0.00013073690038152634,-1.0317414733687942,3.6854694238077834,0.00010929111554250957,0.000258,bitget,10598803.833333334,6.2415,-3.7642412659268394,-8.009232533546081,0.6086956521739131,4,8,拥挤积累
ADA,-8.448597495036363e-05,-1.4165953117846455,3.0559117193816485,6.866255674865114e-05,0.00015708869210950003,kucoin,78698082.1,0.1761075,-2.1844074074074076,-7.659985363688788,0.7391304347826086,4,9,拥挤积累
XRP,3.746144443337581e-05,-1.4711387288636661,2.875092562934771,2.9349604374947664e-05,6.8e-05,bitget,73662746.53,1.0017525,0.26350358871640794,-5.736564064796982,0.5217391304347826,4,10,被动扛单
ETH,5.163719018339672e-05,0.9831765527685365,1.656833034276676,2.2038914079490737e-05,4.599999999999999e-05,bitget,13792227.610000014,1880.67,0.0741610746588476,-4.251974971026097,0.9230769230769231,4,1,被动扛单
SOL,4.6615584328990576e-05,0.3142508247956867,0.8273910872827389,3.294278541836724e-05,7.7e-05,bitget,14734722.3,75.418,0.2716406949430483,-4.9035146836094965,0.84,4,2,正常
SUI,8.84448621257824e-05,0.2937025183860774,1.2730439010179435,3.168511286482695e-05,6.36965452164e-05,bitget,60759244.7,0.6770750000000001,-0.7434132707905795,-4.797756126364987,0.8,4,3,正常
XRP,6.987366742784628e-05,0.10435209986963895,1.112704595750343,1.9614059058948757e-05,4.2466023442599996e-05,okx,73699375.99,1.0019825,-0.039958437240232736,-4.688486285207075,0.625,4,4,正常
BTC,4.86620466665488e-05,-0.11318615014164857,0.6178344844324992,2.3713862308152768e-05,5.8e-05,bitget,9274332.048533339,63030.825,-0.0344310899596088,-4.273864113003972,0.75,4,5,正常
DOGE,9.997647971898153e-05,-0.1160939332598617,1.2090103374606211,5.267041488155268e-05,0.000111,bitget,437723504.04333335,0.069855,-0.2534374315769432,-5.365421011314216,0.6,4,6,正常
ADA,8.208967749648023e-05,-0.1519601904643755,2.2674610159620854,9.40336344495955e-05,0.0002123365870157,bitget,79284074.6,0.177945,-0.5969219303148873,-5.896988375828855,0.75,4,7,拥挤积累
BNB,-2.965164791318536e-05,-0.716258434034763,1.5133022777820897,4.074182254058643e-05,9.1e-05,bitget,4790193.746666667,605.0925,-1.0428707972317586,-7.3117287578431815,0.56,4,8,拥挤积累
LINK,6.248795023056692e-05,-0.9757352919687377,4.393993226254895,0.00010792397015183112,0.000241,okx,15580422.6,9.374,0.40818760486951555,-5.011046411121733,0.92,4,9,被动扛单
AVAX,-0.0001333534928675855,-1.1513858933552257,3.014402872339868,0.00011300134774036863,0.000257,bitget,10867896.7,6.32975,-4.409840104717314,-6.314564263885406,0.875,4,10,拥挤积累
SUI,0.0001,0.7997408090836543,1.1887384157741352,0.0,0.0,kucoin,92874428.0,0.68025,-0.45,-3.6734454486760497,0.8,2,1,正常
LINK,0.0001,0.788988244089076,1.0376475559092817,0.0,0.0,okx,19769025.4,9.387333333333334,-1.2251409636019357,-6.867245897576572,0.56,3,2,正常
DOGE,0.0001,0.26682948041521404,0.6847933608061461,4.2146569650842684e-05,7.300000000000001e-05,okx,9540358.719999999,0.07005666666666667,0.02,-3.3285101849484695,0.96,3,3,正常
AVAX,3.643349340998476e-05,0.1696497074955024,0.7493216627323123,3.64480545221927e-05,7.259827550760001e-05,gate,15090815.55,6.428333333333334,-1.9586815616897972,-7.77169870263261,0.64,3,4,正常
BTC,4.841479687908639e-05,-0.28364576651327605,0.7703369784419347,2.878100316479785e-05,5.6687542857799994e-05,okx,13803884.38000001,63111.96666666667,0.06647036624176045,-5.394861405000084,0.48,3,5,正常
ETH,1.532518372188271e-05,-0.40941449834052696,1.71715892794142,3.884571524925104e-05,7.5278227667e-05,okx,20395898.525000017,1883.2966666666666,-0.03410838167930825,-4.528967863237784,0.96,3,6,被动扛单
SOL,2.4972528270461843e-05,-0.486960450884582,0.6100577908613112,1.979207782805266e-05,3.9e-05,kucoin,19639694.325,75.53166666666667,0.10137604346097785,-5.513272586887283,0.48,3,7,正常
XRP,-1.8242097277224174e-05,-0.7819670071915374,2.854602116558896,5.2912902567650695e-05,0.00010400000000000001,gate,20302339.69,1.0014733333333334,-0.005,-6.220462309616409,0.4,3,8,被动扛单
ADA,1.7044371368159455e-05,-0.9607917534779006,2.0578771877914837,7.591389078776888e-05,0.0001511327983607,kucoin,13286437.4,0.17675000000000002,-1.1175769445998882,-9.797647133477597,0.36,3,9,拥挤积累
BNB,-2.8383202759584068e-05,-1.6388022364433261,2.3591325066961057,4.400225667294428e-05,8.8e-05,kucoin,7123178.0,606.97,-0.7067094716178635,-7.945524540263086,0.28,3,10,拥挤积累
ETH,5.054142118781557e-05,0.7846923701124664,1.3399579949974405,1.7857716723855597e-05,3.9e-05,bitget,13993234.39666668,1875.525,-0.33704294126400375,-3.904046114047777,0.9230769230769231,4,1,正常
BTC,8.24242020070961e-05,0.6118540670331302,1.2308520776440375,2.327373340628157e-05,5.5e-05,okx,9200856.748066673,62886.075,-0.26728569162939697,-3.976258786739887,0.6923076923076923,4,2,正常
LINK,8.435414603824587e-05,0.58947594706446,0.9269343861052486,8.266397845091498e-06,1.7000000000000007e-05,okx,14955802.3,9.383,-0.7989358364181209,-6.0974253876045506,0.8076923076923077,4,3,正常
SUI,9.753202888672147e-05,0.5664098390222603,0.8070138725621324,9.052747221720919e-06,1.7000000000000007e-05,bitget,60795769.900000006,0.6707,-0.861869190201587,-5.588118628015785,0.8076923076923077,4,4,正常
BNB,5.9429355846213115e-05,0.22319888342960412,0.8958195401861178,4.8854081229786654e-05,9.800000000000001e-05,bitget,4753769.57,602.4975,-0.798171277997365,-4.707286684865278,0.8076923076923077,4,5,正常
AVAX,2.7190258068294435e-05,-0.0622306433831738,0.9196362790921916,5.218868679940879e-05,0.0001209365691783,bitget,11533530.033333333,6.3267500000000005,1.4372279348757497,-7.5021409603501406,0.46153846153846156,4,6,正常
DOGE,9.99529000912418e-05,-0.2672503377305211,1.2167785091964043,4.542152363354622e-05,9.400000000000001e-05,bitget,446050477.42,0.06956000000000001,0.0617197525535894,-5.7467140875585505,0.42857142857142855,4,7,正常
SOL,-1.2716964778323676e-05,-0.5762200513834609,1.7582915239935788,6.185998070466967e-05,0.0001349471773002,bitget,14689626.746666666,74.5775,-0.9350363185401719,-6.365468986245322,0.5384615384615384,4,8,拥挤积累
XRP,6.043609753172482e-05,-0.7287743710395849,1.6277021523164743,4.0088204331353486e-05,9.48691790198e-05,bitget,74604435.96666667,0.9926925,-0.9288185418122525,-6.568635455619469,0.2692307692307692,4,9,拥挤积累
ADA,-3.483974809790668e-05,-1.1083858822682167,1.944360553892661,3.446828920976537e-05,7.621720948899999e-05,okx,81478791.56666666,0.17489,-0.680939393939394,-11.850202041332658,0.2692307692307692,4,10,拥挤积累
LINK,0.00010000000000000002,0.6700140516594236,0.7322540988195648,6.0000000000000035e-06,1.2000000000000007e-05,okx,14267486.6,9.38975,0.18432764505119453,-6.438836135199444,0.6296296296296297,4,1,正常
SUI,9.591948989666599e-05,0.5809810031578092,1.0893547968088237,1.1677262100450003e-05,2.3354524200900007e-05,bitget,62680835.1,0.67745,0.055871067789100566,-6.270613735498957,0.8518518518518519,4,2,正常
AVAX,7.299141384555923e-05,0.38934756803450876,0.9127484402076728,3.9834293768741895e-05,9.434174798490001e-05,bitget,11572061.733333334,6.35525,0.40086922631274025,-5.898268295296502,0.8148148148148148,4,3,正常
BNB,4.8828743523856796e-05,-0.04406806563170167,0.8664235744608426,5.159805814079568e-05,0.000104,kucoin,4846296.416666667,604.5925,-0.06286225895316803,-6.3184382840925295,0.6296296296296297,4,4,正常
DOGE,9.997697953817339e-05,-0.10010438173519044,1.1415722527111953,5.167879263168236e-05,0.000109,bitget,449145244.4266667,0.0702575,0.5631639234769333,-5.689799974884632,0.7407407407407407,4,5,正常
XRP,3.4142263974071645e-05,-0.8310783777339992,1.608232866273961,2.4384528002347562e-05,5.6999999999999996e-05,kucoin,74021987.71333334,1.0020324999999999,0.02,-5.71010948284511,0.48148148148148145,4,6,被动扛单
SOL,3.0257998608412018e-06,-0.8315140671884106,1.1343823297628692,3.3851083112929826e-05,7.999999999999999e-05,bitget,13239457.633333333,75.681,0.3540847697339344,-6.140428240555413,0.7407407407407407,4,7,正常
ETH,2.2945485024046027e-05,-0.8666624273908711,1.3318540094155595,2.4369304792231225e-05,5.3e-05,gate,13949326.660000013,1898.0575,0.9419097508755512,-4.1998804166761206,0.7931034482758621,4,8,正常
BTC,-1.3609021964839064e-06,-1.1602653607763929,1.661476624767165,1.9439067285885015e-05,4.3508118016599996e-05,okx,9097990.133066673,63474.225,0.7018742770080495,-4.671361799264702,0.6666666666666666,4,9,拥挤积累
ADA,-0.0003314235552524712,-2.6961798383643565,5.1355215402673124,0.0001325185219806928,0.00031099999999999997,gate,80749881.93333334,0.175885,-1.1795917602996255,-7.385269101505643,1.0,4,10,拥挤积累
SUI,9.999999999999999e-05,0.4601837713310936,0.760469097865374,2.4500000000000003e-05,4.9000000000000005e-05,okx,63050210.96666667,0.67765,-0.35835733529267694,-7.003563763847666,0.8571428571428571,4,1,正常
DOGE,9.999191234624473e-05,0.3476807835778215,0.4813205319620124,2.734585391112507e-05,5.7e-05,bitget,446291397.1533333,0.0704375,0.508720026632425,-4.611439356455571,0.8214285714285714,4,2,正常
BNB,8.482941820358547e-05,0.3264055978173749,0.860624170671787,5.5336753055506306e-05,0.000117,bitget,4837103.17,606.735,-0.0281411312465678,-7.567480837176852,0.7142857142857143,4,3,正常
XRP,9.979316136552843e-05,0.2761857853306801,0.8922298173691409,3.8507043351291594e-05,7.6e-05,bitget,74745754.02,1.00528,0.37278168264110756,-5.293927638174371,0.6071428571428571,4,4,正常
ETH,7.271876242100802e-05,0.20317590493283041,1.7228138039796157,2.9174079661249957e-05,6.9e-05,kucoin,14411836.520000007,1911.0725,1.4799547522204404,-5.04712173067981,0.8666666666666667,4,5,拥挤积累
AVAX,2.7684400376309283e-05,-0.020357294287128572,0.9245086839768568,6.898602805745676e-05,0.0001667952848513,bitget,11663716.366666667,6.3157499999999995,-1.7682191305248975,-10.673069932466998,0.42857142857142855,4,6,正常
ADA,-6.56574028268581e-05,-0.5234108329066547,2.0680871042736126,9.173330910852393e-05,0.000207,okx,78978613.33333333,0.17493,-1.0564965100924353,-12.701575819206193,0.14285714285714285,4,7,拥挤积累
LINK,8.92048347140116e-05,-0.5395589945483423,2.0751582190420006,3.575024565518346e-05,7.6e-05,kucoin,14560159.0,9.509,1.3142096161357906,-9.114057488291284,0.5862068965517241,4,8,拥挤积累
BTC,1.5125593790425634e-05,-0.7466467870100388,1.4557368201875924,1.2075684536184888e-05,2.7999999999999996e-05,gate,8926423.73873334,64143.325,1.6429458203271485,-5.484021074521645,0.5666666666666667,4,9,正常
SOL,9.57750056104144e-06,-0.8076624357326776,1.000631126883048,2.3086954508277226e-05,4.9999999999999996e-05,kucoin,12091831.263333334,76.02175,0.6489962045986143,-6.014197676891265,0.5714285714285714,4,10,正常
SUI,0.0001,0.7085628422611903,1.0221463969638347,0.0,0.0,okx,63455147.833333336,0.674825,0.6107136465324384,-4.937540550859119,0.7241379310344828,4,1,正常
XRP,9.996561783088102e-05,0.5287783435313929,1.1177409181199713,3.129323058217551e-05,6.500000000000001e-05,bitget,75077587.07333334,1.0028225,1.021594458438287,-5.315162441092637,0.7241379310344828,4,2,正常
DOGE,9.206772666168372e-05,-0.15522178570566408,0.9811936588792657,3.597584223516979e-05,7.8e-05,kucoin,451261399.0133333,0.070375,1.170795351066379,-5.325645522657064,0.7241379310344828,4,3,正常
ADA,-6.286077127244793e-05,-0.3026155269646772,1.6866766113362361,9.12373278872195e-05,0.000192,okx,79083665.13333334,0.17417749999999999,-0.4390831426392067,-9.320571752743449,0.6896551724137931,4,4,被动扛单
SOL,2.1286511795751665e-05,-0.37541195734143623,0.7159480058386264,3.8928355730652194e-05,9.3e-05,bitget,12173485.763333334,75.99925,1.907750346430647,-5.359155652978788,0.8275862068965517,4,5,正常
AVAX,8.730257708184009e-05,-0.38056167652020867,1.653927624737211,5.2661761445818713e-05,0.000118362012996,kucoin,11964868.533333333,6.35275,0.38819296026978606,-4.326621956873521,1.0,4,6,被动扛单
ETH,2.5926681952669494e-05,-0.4123391223711447,0.9606756702217245,2.231164594271995e-05,5.4000000000000005e-05,gate,14337385.303333344,1913.1925,2.0228566705769437,-4.858635114007505,0.5862068965517241,4,7,正常
BNB,1.3223917618590791e-05,-0.43669828619059026,1.044307764346676,5.321759429515233e-05,0.000125,bitget,4801117.92,605.6,0.5080026560424966,-5.590522771667664,0.8275862068965517,4,8,正常
LINK,2.4507871144796837e-05,-0.9246326194340453,1.6662612152895235,5.506061947186841e-05,0.000129,bitget,14506822.433333334,9.538,1.6787634431531435,-5.971805913994053,0.9655172413793104,4,9,拥挤积累
BTC,-5.905981068453354e-05,-1.7944332547239124,3.2672497197357426,5.0328986170753576e-05,9.7e-05,gate,9195083.81243334,64518.125,2.6094759083759684,-4.836267465634227,0.6551724137931034,4,10,拥挤积累
BNB,6.698817267458155e-05,0.6622396656613371,1.5538865996066158,2.0982500298241376e-05,4.381400016990001e-05,bitget,4805817.533333333,602.87,-0.30222275508516616,-5.8228605381816845,0.6,4,1,被动扛单
BTC,1.6922598223982102e-05,-0.13629410535928538,0.9168965564868362,2.928032770867617e-05,7.099999999999999e-05,bitget,9076353.15463334,64162.5,1.0334899892413865,-5.000338465168841,0.6875,4,2,正常
DOGE,7.825438456003554e-05,-0.33085470242932935,1.7596570708883066,3.247355348082628e-05,6.51034629367e-05,kucoin,447538656.80333334,0.0698125,-0.7013376007586534,-4.295020336397097,0.9333333333333333,4,3,拥挤积累
ETH,3.5163489597112115e-05,-0.49717538832275804,1.4783357409195985,2.3887831451305212e-05,5.3e-05,bitget,14664601.953333342,1897.0425,-0.1683984510643671,-5.071201442974539,0.4666666666666667,4,4,正常
SOL,1.8953809557031403e-05,-0.5107376623047369,1.1455319236699968,5.885163436518265e-05,0.000142,bitget,12711799.81,76.00450000000001,0.36085895404120444,-5.654391041636524,0.6666666666666666,4,5,正常
ADA,-0.00011230614959696832,-0.6653113438629712,1.4482395120347924,9.129875930526942e-05,0.00020984071527939998,okx,78929249.56666666,0.1732375,-1.5353210157286337,-7.497707100988444,0.9,4,6,正常
AVAX,8.806563568559313e-05,-0.8211757045772191,2.3587862595567946,6.873109224742942e-05,0.000161,kucoin,13599696.533333333,6.3055,-0.8867777777777778,-5.547756125845672,0.8125,4,7,拥挤积累
XRP,5.6613969065846063e-05,-1.555543452618262,3.0395630072706012,5.50905847522879e-05,0.00011999999999999999,bitget,76523364.34,0.9953525,-0.7219779284669592,-5.949018035123492,0.4,4,8,拥挤积累
SUI,1.1818290077305766e-05,-2.202590073382384,5.978891141581881,8.799094291355297e-05,0.0002140494858998,bitget,63769677.0,0.6462749999999999,-4.674818163937651,-5.412212176417466,0.8333333333333334,4,9,拥挤积累
LINK,2.0579048260603664e-05,-2.4071046340076703,6.265717968025953,4.07239138516457e-05,8.2145456689e-05,kucoin,14198323.6,9.4195,0.2030347296052165,-9.227431548335659,0.5806451612903226,4,10,被动扛单
SOL,9.73349409269368e-05,0.913056496807132,1.3290121174299332,2.6358481346651733e-05,6.1000000000000005e-05,kucoin,15764488.773333333,77.2415,1.6069469437867228,-4.625549722738831,0.9393939393939394,4,1,正常
ADA,1.847547255751964e-05,0.7317483139933659,1.0451703587147965,3.765966011530109e-05,8.8e-05,okx,79242640.9,0.1753275,0.32556229727151303,-9.82751943702203,0.7096774193548387,4,2,正常
AVAX,8.947599777869228e-05,-0.3010625712430581,1.4343596292740208,5.098135994642363e-05,0.000118673234239,kucoin,13790505.666666666,6.371,0.8921399229103966,-7.058270716204658,0.6363636363636364,4,3,正常
DOGE,9.995903012468492e-05,-0.450279028334314,1.9048442413131492,6.648835343367242e-05,0.000141,bitget,450665272.2733333,0.07029250000000001,-0.21403714218121597,-5.6868164208974,0.8387096774193549,4,4,被动扛单
BNB,-2.1452264935734413e-05,-0.557720327246674,2.551602974613191,6.777003008855437e-05,0.000161720631458,bitget,4918967.323333333,603.085,-0.6026188670952145,-5.700603323867884,0.5161290322580645,4,5,拥挤积累
XRP,4.0137862062687746e-05,-0.6643819710446597,1.7302563755541556,2.4336387874658514e-05,5.1840271720400003e-05,okx,75170637.69666667,1.003705,-0.07321122834959187,-6.397182796131724,0.696969696969697,4,6,被动扛单
SUI,6.086591153048585e-05,-1.1253144449271262,2.2172741545634587,6.314066571590007e-05,0.000144,kucoin,63435067.43333334,0.655475,-3.2815162781548146,-8.384146412310697,0.41935483870967744,4,7,拥挤积累
LINK,1.17375933331463e-06,-1.1596353134151856,1.5750393165059144,3.894497216168432e-05,8.98581918559e-05,okx,14273375.733333334,9.476750000000001,-0.3551728005608132,-7.459835743426326,0.59375,4,8,被动扛单
BTC,-2.50446319993362e-05,-1.5367947214477273,1.8818483852722727,2.7630873672853672e-05,5.96881311933e-05,okx,9208571.07233334,64852.775,1.1030643101254771,-4.9071121516297325,0.7,4,9,拥挤积累
ETH,-1.4489322496924256e-05,-2.1070145030708143,2.4701908115876066,1.4033667617009774e-05,3.2490440585700006e-05,okx,14377553.78333334,1916.8425,0.3126548469543523,-6.021945275125123,0.25806451612903225,4,10,被动扛单
ADA,4.324740611516952e-05,0.5188910256359849,0.9277106605355739,3.931072796748152e-05,7.400000000000001e-05,okx,12848912.8,0.17446,0.17240528128587831,-9.73336067164554,0.78125,3,1,正常
SOL,7.64944053056243e-05,0.27750056779010324,0.7534928537838685,3.800120046324064e-05,7.599999999999999e-05,kucoin,22734237.865000002,77.05133333333333,1.4057894736842105,-6.312148724599507,0.7058823529411765,3,2,正常
DOGE,9.971185515468755e-05,0.2621548362931507,0.5564576726077483,4.095935502815772e-05,7.300000000000001e-05,kucoin,9190655.665,0.07021333333333334,-0.17738203524729962,-7.1160197908292915,0.4375,3,3,正常
AVAX,3.2992520812160332e-06,-0.13036234602923988,0.6716597479050388,3.0410443766456367e-05,6.0261001530100006e-05,okx,19030794.95,6.334,-0.34593140339836376,-6.310807344704467,0.875,3,4,正常
BNB,4.796740099780131e-05,-0.3905192632996695,0.4925493802937894,2.7328818051393024e-05,5.07205901422e-05,okx,7315827.5,603.64,-0.310403039312851,-3.4168939958169102,1.0,3,5,正常
BTC,7.821245255115912e-06,-0.5067173560301896,1.0580761078385603,2.9124631020480383e-05,5.81412493872e-05,okx,13735394.37000001,64707.333333333336,0.3201946019843047,-4.86055099778345,0.6129032258064516,3,6,正常
XRP,7.053990996597243e-05,-0.6986400051281773,1.3463210463455664,4.007968149425405e-05,7.000000000000001e-05,kucoin,20370351.83,1.0011933333333334,-0.13983843622220005,-5.55685600476306,0.4117647058823529,3,7,正常
LINK,-3.8212397592538705e-05,-1.375879088717471,2.4995201519972734,5.02815292012831e-05,9.816148795390001e-05,okx,19613019.45,9.533,-0.08096436058700204,-9.152481598032868,0.3125,3,8,被动扛单
ETH,4.264171455077011e-06,-1.734310788429063,2.1323133637428224,1.609849220740909e-05,3.1e-05,kucoin,21708927.14000001,1917.2966666666666,0.2301953727372047,-5.508220475029564,0.84375,3,9,被动扛单
SUI,1.5896131582392915e-05,-2.1576550223934685,2.551745784275708,5.091727414661171e-05,9.2e-05,kucoin,65561839.5,0.6514333333333333,-3.416693345190455,-8.1803512212697,0.22580645161290322,3,10,拥挤积累
AVAX,9.999999999999999e-05,0.8874041737685002,1.0171275586021902,0.0,0.0,okx,13920633.866666667,6.34725,0.675391479014695,-7.477464262669151,0.84375,4,1,正常
BTC,6.882199623922802e-05,0.7045930431840345,1.0765098985693398,2.1632348454543945e-05,4.3e-05,bitget,8960072.699533338,64265.649999999994,0.1424463769109552,-4.710632285989554,0.65625,4,2,正常
ADA,9.78397084934854e-05,0.5261252577973532,1.1164330336261292,3.9710966718623085e-05,9.2e-05,bitget,86701463.5,0.175175,1.1173325635103926,-9.123340456211382,0.8787878787878788,4,3,正常
SOL,8.834166941596983e-05,0.2744328707932402,1.2187150478859046,3.850166706236743e-05,8.7e-05,kucoin,16102232.33,76.93549999999999,1.208841073542955,-3.832999751893035,1.0,4,4,正常
XRP,7.370547862808241e-05,0.20597567816296075,0.7702903862433097,3.154123559110249e-05,7.500000000000001e-05,kucoin,75893836.89333333,1.003085,0.7491048613901164,-3.8366584245895314,0.7575757575757576,4,5,正常
LINK,8.993418687740173e-05,0.08658530222396371,0.8114120547000309,1.793033531921183e-05,3.9999999999999996e-05,kucoin,14584834.5,9.68875,2.8327265973254083,-9.099995706628487,0.3333333333333333,4,6,正常
BNB,1.9591050686393026e-05,-0.14713315984967065,1.7739288274840905,5.130194316684937e-05,0.0001222499731409,bitget,4882573.6033333335,601.545,-0.21474983410749834,-6.906432184109918,0.42424242424242425,4,7,被动扛单
DOGE,9.990913537567875e-05,-0.3386913558382232,3.029131294400481,4.729189022090894e-05,0.00010015845449360001,bitget,451388182.6333333,0.06991,0.13230711932387912,-4.646533588475342,0.8484848484848485,4,8,被动扛单
ETH,3.598915536796117e-05,-0.9668272418976318,1.8016150779168538,3.0099247892087212e-05,6.3e-05,kucoin,14718026.676666675,1915.14,0.9273461787109649,-4.840574787371404,0.8285714285714286,4,9,拥挤积累
SUI,1.6085014406934287e-06,-1.7682691221342544,2.2302539120434526,2.329245791857938e-05,5.2262817790300005e-05,kucoin,62541195.7,0.6566,1.5895376360728475,-5.707936494523971,0.625,4,10,拥挤积累
XRP,0.0001,0.7570012831071773,1.1940834643538367,1.65e-05,3.3e-05,okx,73123183.47333333,1.0658275000000001,6.24460330743176,-4.076753828810093,1.0,4,1,正常
AVAX,6.698389874405503e-05,0.1998491273387191,0.7858584847360963,2.063368545450251e-05,4.85099440381e-05,okx,13266510.666666666,6.56475,3.0985309882747067,-6.086662090901573,0.9722222222222222,4,2,正常
DOGE,0.00010000000000000002,0.17170947326338226,0.8690245321846229,4.8e-05,9.6e-05,okx,448815993.77666664,0.072535,3.196597913703177,-4.82336412606775,1.0,4,3,正常
ETH,8.88689390303911e-05,0.15592480107632622,2.099698331023789,4.7766465110266974e-05,0.00010800000000000001,kucoin,13441846.573333338,2087.7675,8.914616322641336,-3.4206368097986464,1.0,4,4,拥挤积累
SUI,9.099253897557124e-05,-0.12495822820014968,1.5412111571352793,5.767393435178642e-05,0.000124,kucoin,61663669.333333336,0.681,3.858737989934421,-2.568998846921009,0.8823529411764706,4,5,拥挤积累
BNB,3.5898730726592056e-05,-0.5408581046671375,2.016109804028764,8.963764208819745e-05,0.00017700000000000002,bitget,4825783.713333333,616.95,2.288046987285793,-5.6852992480610665,1.0,4,6,拥挤积累
ADA,3.11730429475485e-06,-0.595241747598305,2.2703549941819783,8.97585954921413e-05,0.0002104295573302,kucoin,83864306.73333333,0.17899500000000002,2.093237497623122,-10.883600466503148,0.4444444444444444,4,7,拥挤积累
SOL,-5.504065471697609e-06,-0.9350063150975155,1.3843129895134745,1.4813559860143484e-05,3.59315818707e-05,okx,15487652.053333333,81.75925,5.857261177282928,-4.981852414185384,1.0,4,8,正常
BTC,-2.6116529815571558e-05,-2.099066026701209,3.7479001665438254,6.731984806172952e-05,0.0001647644705158,okx,9599352.656000005,68576.85,5.756324503583552,-3.8772406436783604,0.9444444444444444,4,9,拥挤积累
LINK,-3.93529896285163e-06,-2.387664626877658,5.169920411801741,3.583947302523886e-05,7.78248687282e-05,kucoin,13506472.933333334,9.911,4.560564862678905,-11.460078133080271,0.9696969696969697,4,10,拥挤积累
ETH,0.0001,1.6840628350679727,2.0936784796790944,0.0,0.0,okx,12536677.086666672,2253.16,17.579261997284192,-3.4274886448525614,1.0,4,1,拥挤积累
SOL,0.00010000000000000002,1.4514810385524346,2.1976205183223114,0.0,0.0,okx,11751949.95,85.44875,10.939344365130868,-0.29212355971850856,0.972972972972973,4,2,拥挤积累
BNB,9.999999999999999e-05,0.9661179303949785,1.4812472961787193,0.0,0.0,okx,4860804.766666667,627.7975,4.0167592224431194,-1.742995188324838,1.0,4,3,正常
XRP,0.00010000000000000002,0.9270640939279543,1.2091239474472737,0.0,0.0,okx,72429948.64,1.10509,10.44984681984682,-2.1032546995145234,0.972972972972973,4,4,正常
AVAX,0.0001,0.8425230274519817,0.9471593873080484,0.0,0.0,okx,12503611.533333333,6.77925,7.068313230186296,-1.10548740172274,1.0,4,5,正常
SUI,0.0001,0.702950251701231,1.0170861642764344,0.0,0.0,okx,61892111.9,0.706475,8.49725299355235,-1.4141265990452994,1.0,4,6,正常
LINK,9.8400661491471e-05,0.5993764960986354,0.9317707651176089,9.029716068471241e-06,1.8836566068300002e-05,kucoin,12987100.933333334,10.5535,10.73018418292427,-7.432108295801919,0.9428571428571428,4,7,正常
ADA,-8.872344507916154e-05,0.5633870660497283,1.361441357857753,0.000105,0.00021,okx,80408094.46666667,0.1875225,7.529156638013371,-5.461693814207666,0.972972972972973,4,8,正常
DOGE,9.960387838246945e-05,0.36948909505354144,1.3851738583224222,1.5000000000000005e-05,3.000000000000001e-05,okx,431911570.66,0.075035,6.891030290082135,-3.6625822290526937,1.0,4,9,正常
BTC,-1.8022747884641635e-05,0.18607619382936608,1.6798586779943452,5.86081621164379e-05,0.000131,okx,10452159.85626667,69353.825,7.2040914735438335,-4.60837705763257,0.7714285714285715,4,10,拥挤积累
ETH,0.00010000000000000002,1.6668638931966633,1.9195465096680713,0.0,0.0,okx,18982754.765000004,2251.37,17.562115204895136,-1.0659012580856788,1.0,3,1,拥挤积累
SOL,0.0001,1.5170324145240757,2.0393371062859464,0.0,0.0,okx,15455394.73,86.05733333333333,11.862423651721897,-2.633209699801652,0.9473684210526315,3,2,拥挤积累
ADA,9.999999999999999e-05,1.0875787958337069,1.2851377753617799,0.0,0.0,okx,12523005.3,0.18385,4.96784980011422,-6.522714323877183,0.7368421052631579,3,3,正常
BTC,7.218845103754798e-05,1.0194717233026072,1.5656787358074888,1.7897858344878404e-05,3.100000000000001e-05,okx,15670623.725000005,69781.06666666667,8.581057839075022,-2.4925967864583347,1.0,3,4,拥挤积累
BNB,0.0001,1.0143826849418391,1.4216339406662648,0.0,0.0,okx,7433846.0,630.1,4.752389858686617,-4.690007443925582,0.8888888888888888,3,5,正常
XRP,0.0001,0.9404482464347865,1.1384681473233433,0.0,0.0,okx,19015892.02,1.1115533333333334,10.797695374800638,-2.548615541387406,1.0,3,6,正常
AVAX,9.999999999999999e-05,0.8278502206338021,0.9230549939398015,0.0,0.0,okx,17035252.35,6.802,7.186451307910495,-3.4293553446927225,0.9736842105263158,3,7,正常
DOGE,9.999999999999999e-05,0.7949667955597691,1.3152574476228533,0.0,0.0,okx,9130013.395,0.07525333333333334,7.647044056644257,-2.656277773718833,0.9444444444444444,3,8,正常
SUI,0.0001,0.685720029881736,1.0170861642764344,0.0,0.0,okx,63644767.0,0.702,6.932203777033202,1.899876508026769,0.972972972972973,3,9,高basis溢价
LINK,8.377309240120053e-05,-0.3383678215637935,0.9477931927690281,3.717394058019472e-05,7.4e-05,kucoin,17593272.45,10.536,8.73000515995872,-4.490569370073261,0.9166666666666666,3,10,正常
SOL,0.00010000000000000002,1.3367008160811413,1.8771727747672993,0.0,0.0,okx,11492400.486666668,87.2275,6.636179098394066,-4.010919648133744,0.918918918918919,4,1,拥挤积累
ETH,0.00010000000000000002,1.1416251465469158,1.7822620964215485,2.5500000000000003e-05,5.1000000000000006e-05,okx,13397714.80666667,2319.9375,10.985278264843247,-3.490085254601339,0.972972972972973,4,2,拥挤积累
ADA,0.0001,0.9997040851619101,1.2140431121181652,0.0,0.0,okx,77948476.8,0.1968075,9.92467261904762,-1.6502245994622622,0.9743589743589743,4,3,正常
AVAX,0.0001,0.8091594946666589,0.9230549939398015,0.0,0.0,okx,12238604.533333333,7.0675,7.5396851372608715,3.1860659738731782,1.0,4,4,高basis溢价
SUI,0.0001,0.6900218148671386,1.007903694316316,0.0,0.0,okx,63773138.9,0.741825,8.747890585989133,-3.705518616441234,1.0,4,5,正常
DOGE,0.0001,0.5147747797339274,0.6900508553844849,1.5000000000000005e-05,3.000000000000001e-05,okx,438258337.34,0.07982500000000001,9.921013597941933,-2.816451029005004,1.0,4,6,正常
BNB,9.239082208729952e-05,0.4397337669479551,0.7726969959846057,2.090235583892928e-05,4.600000000000001e-05,kucoin,4958183.763333334,650.635,5.412616091208732,-5.219615944831398,0.8974358974358975,4,7,正常
XRP,8.63413127111454e-05,0.15403155464059057,2.2856204779080245,6.25e-05,0.000125,okx,67269864.39,1.25841,17.96047706908932,-5.736789643206363,0.8571428571428571,4,8,拥挤积累
BTC,-8.678825192206949e-05,-0.8492340736870161,3.029990812932437,7.71212737129396e-05,0.000160895290316,okx,10664910.506266672,72338.05,5.43519684869478,-5.046357921588593,0.6285714285714286,4,9,拥挤积累
LINK,7.922524054171614e-05,-0.8508821074336215,3.1847921191626436,8.0177051793678e-05,0.0001489066373074,bitget,13304133.1,10.6875,7.749287929236875,-8.740612945999068,0.6486486486486487,4,10,拥挤积累
SOL,9.999999999999999e-05,1.3242190155460025,1.8456579509200508,0.0,0.0,okx,13250797.243333334,87.6825,2.622578407273011,-2.0234349262823406,0.9722222222222222,4,1,拥挤积累
ADA,9.999999999999999e-05,0.9831398880631788,1.1866635792906286,0.0,0.0,okx,77164279.63333334,0.19924999999999998,6.333230522945571,0.12973070045843893,1.0,4,2,高basis溢价
BNB,0.0001,0.965912232350531,1.4335874495508494,0.0,0.0,okx,4959872.633333334,654.3425,4.273434034416827,-5.097780054235963,1.0,4,3,正常
XRP,0.0001,0.8888044936736205,1.1111272250747175,0.0,0.0,okx,66024715.37,1.2686025,14.836223630602083,-3.3293313257406956,0.9722222222222222,4,4,正常
AVAX,0.00010000000000000002,0.7904979928728927,0.9042077074490791,0.0,0.0,okx,12366468.0,7.297499999999999,7.729232260604271,2.0565786854712163,1.0,4,5,高basis溢价
SUI,0.00010000000000000002,0.6900218148671386,1.007903694316316,0.0,0.0,okx,64398541.9,0.7342500000000001,3.999385269121813,-2.3830832539654803,0.9487179487179487,4,6,正常
ETH,5.9580616350120595e-05,0.62632635605043,1.085582681174556,1.051125170798328e-05,2.2035254250699997e-05,okx,13365722.833333336,2326.9925000000003,3.319266999077951,-3.3831000718013953,0.95,4,7,正常
DOGE,0.00010000000000000002,0.5701108403947743,0.7440387393844435,1.1000000000000003e-05,2.2000000000000006e-05,okx,434513407.29,0.080485,7.277777777777778,-4.035186250654887,0.9210526315789473,4,8,正常
LINK,9.566372040353337e-05,0.04762810557587907,0.9414974994878066,4.255391092061693e-05,7.900000000000001e-05,bitget,13472654.3,10.690750000000001,1.3428459569627453,-6.215379086731986,0.868421052631579,4,9,正常
BTC,-9.121956647577977e-05,-1.6334103125127892,2.607003280255688,5.517409255641233e-05,0.000116,gate,10657259.051600005,73054.95,5.330536698383129,-5.420965212195599,0.42105263157894735,4,10,拥挤积累
SOL,9.999999999999999e-05,1.2881160545040684,1.7012461067523137,0.0,0.0,okx,11347879.730000002,90.417,5.054251220079015,-0.9677858189796074,0.975609756097561,4,1,拥挤积累
ETH,9.973161606401389e-05,1.282545040855527,1.6459431723755487,7.847504911329038e-06,1.600000000000001e-05,okx,15617697.576666672,2373.4775,5.426048468613349,-0.13671546389565728,0.975609756097561,4,2,拥挤积累
BNB,0.00010000000000000002,0.965912232350531,1.4335874495508494,0.0,0.0,okx,5009152.22,670.1025,6.309368407131143,-1.4063438569502236,0.972972972972973,4,3,正常
ADA,0.0001,0.9482696256510355,1.1258729013313675,0.0,0.0,okx,78787089.56666666,0.20944000000000002,13.966196590496917,-7.3953576969939325,0.8780487804878049,4,4,正常
AVAX,0.0001,0.7904979928728927,0.9042077074490791,0.0,0.0,okx,13233145.933333334,7.4885,10.052645894571821,-2.3369852024296005,0.9459459459459459,4,5,正常
SUI,0.00010000000000000002,0.6798876144785102,1.007903694316316,0.0,0.0,okx,64082040.9,0.777425,10.711811951207936,-0.32162610985365603,1.0,4,6,正常
BTC,9.151395592651201e-05,0.6029931310943187,0.954976297840788,9.397851416918036e-06,2.3000000000000003e-05,kucoin,8737900.080833338,76324.35,9.365053111742245,-1.2343492111226333,1.0,4,7,正常
XRP,9.715465828614596e-05,0.5543014160422869,1.070559411443604,1.645954636879968e-05,2.9e-05,okx,67580402.17,1.31389,18.207305348090824,-3.7093134649582464,0.9487179487179487,4,8,正常
LINK,9.999999999999999e-05,0.509390454831375,0.7395228414742482,3e-05,6e-05,okx,12134037.9,11.538,9.546831276501488,-1.819266176910926,1.0,4,9,正常
DOGE,0.0001,0.2603928332942588,0.6900508553844849,3.8e-05,7.6e-05,okx,450005094.43,0.08345,10.873662236987819,-2.9942995152202365,0.975609756097561,4,10,正常
SOL,0.00010000000000000002,1.4451141742110187,1.6218256335977121,0.0,0.0,okx,2897910.439999999,91.32,4.73045871559633,-3.2835392277369033,0.9761904761904762,2,1,拥挤积累
ETH,0.0001,1.2909557308939956,1.4569266982612372,2.1213203435596462e-06,3.000000000000005e-06,okx,5950077.320000011,2392.0,3.08864429350871,-3.532162266007226,0.9285714285714286,2,2,正常
BTC,0.00010000000000000002,1.2608044895644224,1.477475851980035,0.0,0.0,okx,3025793.860000014,77180.75,6.67096222648625,-0.7067081115415709,1.0,2,3,正常
BNB,0.00010000000000000002,1.1481629419136343,1.4335874495508494,0.0,0.0,okx,7390327.0,678.925,4.293940092165899,-1.1042953781988176,1.0,2,4,正常
XRP,0.0001,1.0705197349919426,1.1167294882366072,0.0,0.0,okx,826254.3899999997,1.4013499999999999,11.408116057233704,-4.635196522582882,0.6428571428571429,2,5,正常
DOGE,0.0001,1.0220174478296946,1.3539840402749042,0.0,0.0,okx,1219970.47,0.083895,5.157307595888694,-2.3863500775562803,1.0,2,6,正常
ADA,0.0001,0.8748682001530352,0.995093062557419,0.0,0.0,okx,1236894.4000000001,0.21989999999999998,11.541747967479676,-8.89569395334803,0.9761904761904762,2,7,正常
AVAX,0.0001,0.8618874562769092,0.8820676308620314,0.0,0.0,okx,2089988.0,7.6065000000000005,7.7463219691611265,-6.585295294434703,0.9285714285714286,2,8,正常
LINK,0.0001,0.8056722997477156,1.0466382861490156,0.0,0.0,okx,2476048.9,11.538499999999999,7.986922177532504,-6.495381365499467,0.5,2,9,正常
SUI,0.0001,0.7725240536048901,0.951785685006238,0.0,0.0,okx,34576756.0,0.8159,10.243723547647932,2.43853214150217,1.0,2,10,高basis溢价
ETH,0.0001,1.2355427709485474,1.4535755344376478,0.0,0.0,okx,14473162.730000002,2516.99,8.118018917814993,-0.9226324666616947,1.0,4,1,正常
SOL,0.0001,1.1668404015026757,1.2814999187606464,7.499999999999999e-06,1.4999999999999999e-05,okx,11413802.763333336,93.70425,6.830105583447437,-1.1464508177201265,1.0,4,2,正常
BTC,0.0001,0.9948494075124716,1.3920362834477804,0.0,0.0,okx,7853557.660066672,78352.575,7.181508742742148,-2.8501755526594503,0.9512195121951219,4,3,正常
BNB,0.00010000000000000002,0.965912232350531,1.4335874495508494,0.0,0.0,okx,5061297.46,686.9425,4.962931559904194,-0.17342145177987245,1.0,4,4,正常
ADA,0.00010000000000000002,0.9062000242106024,1.0534067388084207,0.0,0.0,okx,79579634.23333333,0.2290525,14.865543569158723,6.00821163602337,1.0,4,5,高basis溢价
XRP,9.999999999999999e-05,0.8544005872494107,1.0546145396824496,0.0,0.0,okx,64255317.516666666,1.454125,14.54208335961316,-0.3106017519047253,1.0,4,6,正常
AVAX,0.0001,0.7803507674534578,0.8636188057713395,0.0,0.0,okx,11270750.133333333,7.84525,7.339595029239766,1.914974206105401,0.9767441860465116,4,7,高basis溢价
LINK,0.0001,0.7416255204568178,0.9880864852772371,0.0,0.0,okx,12303114.333333334,11.99575,12.147753311516285,1.2711746626131755,1.0,4,8,高basis溢价
DOGE,0.0001,0.6724463316425586,1.2709389380120386,0.0,0.0,okx,442219224.78333336,0.09158749999999999,13.766454364585924,1.6402689008640983,1.0,4,9,高basis溢价
SUI,0.0001,0.6525166850130777,0.936500211960555,0.0,0.0,okx,63227689.300000004,0.845025,14.941694093113922,2.6630731337531754,0.975609756097561,4,10,高basis溢价
SOL,9.999999999999999e-05,1.2302020838878904,1.5462638713591768,0.0,0.0,okx,9747184.363333335,94.47275,4.342286514782865,-3.148324909421897,0.9743589743589743,4,1,拥挤积累
ETH,9.960771298129695e-05,1.0008629813729977,1.358361762931642,1.0677078252031314e-05,2.100000000000001e-05,okx,13599957.953333339,2433.8775,2.4395041462931846,-3.213290985761726,0.9090909090909091,4,2,正常
BTC,9.999999999999999e-05,0.9847889832016068,1.3775241529033853,0.0,0.0,okx,8060589.186333338,77335.6,1.1966450612311195,-1.4678965248860996,0.975,4,3,正常
BNB,0.0001,0.9615209508956144,1.4160223237311829,0.0,0.0,okx,4805271.59,706.6700000000001,5.129043426531826,-1.244912078615632,1.0,4,4,正常
ADA,0.00010000000000000002,0.8833775478976515,1.0075252104368786,0.0,0.0,okx,77772026.83333333,0.2322725,10.905417382999044,4.850303227500686,1.0,4,5,高basis溢价
XRP,0.00010000000000000002,0.8544005872494107,1.0546145396824496,0.0,0.0,okx,63850063.25333333,1.5631175000000002,18.256046004842613,-2.751529703921008,1.0,4,6,正常
AVAX,0.0001,0.7778649822756845,0.8636188057713395,0.0,0.0,okx,11047054.433333334,7.61075,1.3186422547714158,1.1345301531573426e-08,0.9487179487179487,4,7,高basis溢价
LINK,0.0001,0.7357056471012378,0.9880864852772371,0.0,0.0,okx,11941421.066666666,11.79475,2.0564655246993686,3.2653787908648777,1.0,4,8,高basis溢价
DOGE,0.0001,0.6546507816822867,1.1997567381709513,0.0,0.0,okx,441983091.73,0.0929725,11.180561938958707,-3.4947122251778153,0.9318181818181818,4,9,正常
SUI,0.0001,0.6402016090749298,0.8872399082079636,0.0,0.0,okx,65189110.93333334,0.86355,10.862856421449052,2.3170611645232393,1.0,4,10,高basis溢价
SOL,0.0001,1.2302020838878904,1.5462638713591768,0.0,0.0,okx,10936293.806666669,93.15174999999999,1.8728217994971028,-1.15358327684312,0.9777777777777777,4,1,拥挤积累
ETH,0.0001,1.1841968104197709,1.3916811298443597,0.0,0.0,okx,13758472.420000006,2411.2775,0.6865427226284684,-2.1147970393685647,0.9047619047619048,4,2,正常
BTC,0.0001,0.9686012082564095,1.312773053122596,0.0,0.0,okx,8190877.578466671,76996.925,-0.3277234862304609,0.5588990378026345,1.0,4,3,高basis溢价
BNB,0.0001,0.9182923732208899,1.3271386152491143,0.0,0.0,okx,4653969.3,688.5124999999999,1.3598844738778513,-0.6464081997340156,1.0,4,4,正常
XRP,0.00010000000000000002,0.8530508246458233,1.0546145396824496,0.0,0.0,okx,63765199.336666666,1.4416674999999999,2.7923539440566083,-1.213861614143502,1.0,4,5,正常
ADA,0.0001,0.8523639128450897,0.9512856646456196,0.0,0.0,okx,83406490.3,0.2229125,1.0428888888888888,5.607769077392517,1.0,4,6,高basis溢价
AVAX,0.0001,0.7452850902177999,0.8227077074159338,0.0,0.0,okx,10423745.233333332,7.454750000000001,-2.320591127412453,0.33647007392173733,0.95,4,7,高basis溢价
LINK,9.999999999999999e-05,0.7357056471012378,0.9880864852772371,0.0,0.0,okx,12285321.633333333,11.60875,0.5710263500043339,0.3010554972612599,1.0,4,8,高basis溢价
DOGE,0.0001,0.6546507816822867,1.1997567381709513,0.0,0.0,okx,443104429.6533333,0.09037500000000001,7.643194967055648,-4.700624024875199,0.9777777777777777,4,9,正常
SUI,9.999999999999999e-05,0.6142286977036983,0.8513777213270209,0.0,0.0,okx,65918323.6,0.815525,-0.2187875565334311,2.1462613164239026,0.9772727272727273,4,10,高basis溢价
SOL,0.0001,1.1744413825187976,1.447402253076242,0.0,0.0,okx,10127722.803333336,93.95,0.19642276857295562,-1.3303816743569472,0.9782608695652174,4,1,正常
ETH,0.0001,0.9587569275296925,1.1978192513716905,1.4000000000000001e-05,2.8000000000000003e-05,okx,13510394.536666673,2423.4625,-3.7741972951471756,-3.701997196878313,0.8536585365853658,4,2,正常
BTC,0.0001,0.9529024561894642,1.2499780448548152,0.0,0.0,okx,8185487.049766671,77122.875,-1.6063674514397441,0.6043803804034699,1.0,4,3,高basis溢价
BNB,9.999999999999999e-05,0.895421374105744,1.2627333915675205,0.0,0.0,okx,4623110.6466666665,695.6800000000001,1.2472683957453008,-0.628826306986991,1.0,4,4,正常
XRP,0.0001,0.84051411965168,1.0546145396824496,0.0,0.0,okx,63407581.656666666,1.4648575,0.6679176438129397,-4.179569748062212,0.9130434782608695,4,5,正常
ADA,0.0001,0.8135098918641008,0.9399369356710189,0.0,0.0,okx,84900590.76666667,0.22609,-1.368121212121212,3.314257134840263,0.9534883720930233,4,6,高basis溢价
AVAX,0.0001,0.7329283100806155,0.8156356795680294,0.0,0.0,okx,10195978.1,7.4905,-4.692268439580948,0.6675565993774477,0.9302325581395349,4,7,高basis溢价
LINK,0.0001,0.7326991134472287,0.9880864852772371,0.0,0.0,okx,11634038.766666666,11.6665,-2.7458958906393267,-0.083145150471396,1.0,4,8,正常
DOGE,0.0001,0.6499479895654126,1.1997567381709513,0.0,0.0,okx,438699704.33666664,0.0919975,0.38549577136191304,-5.160064894088975,0.926829268292683,4,9,正常
SUI,0.00010000000000000002,0.6142286977036983,0.8513777213270209,0.0,0.0,okx,64789662.16666667,0.815375,-3.6497366721789115,3.6813631915807443,1.0,4,10,高basis溢价
SOL,0.00010000000000000002,1.1063792124605405,1.3546139561877548,0.0,0.0,okx,11667577.65666667,92.385,-2.1382489058308627,-1.353317742543096,0.9787234042553191,4,1,正常
ETH,0.00010000000000000002,1.0895913742033754,1.2802935041848251,0.0,0.0,okx,13295688.56666667,2387.375,-1.8782099799644756,-2.879319118564732,0.8723404255319149,4,2,正常
BTC,0.0001,0.9227528331995236,1.1820717714974172,0.0,0.0,okx,8023486.969366671,75980.0,-1.7400335739291075,1.3322923005441605,1.0,4,3,高basis溢价
BNB,0.00010000000000000002,0.8738520319717817,1.1919128278121751,0.0,0.0,okx,4567628.453333333,683.6975,-3.240804981602038,-3.1911723983279594,0.9787234042553191,4,4,正常
XRP,0.0001,0.8155827831953772,0.999073592602555,0.0,0.0,okx,63164548.77333333,1.459295,-6.428979695864525,-2.4162577686120494,0.9787234042553191,4,5,正常
ADA,0.0001,0.795123122112803,0.9323744991674174,0.0,0.0,okx,84075903.46666667,0.217535,-6.236074105988798,1.9530135633904422,0.9361702127659575,4,6,高basis溢价
LINK,0.00010000000000000002,0.7303212490163196,0.9880864852772371,0.0,0.0,okx,11424834.6,11.29825,-4.2327674023769095,2.743651864605887,1.0,4,7,高basis溢价
AVAX,9.999999999999999e-05,0.6914296163044812,0.7684555775533792,0.0,0.0,okx,9069039.666666666,7.3717500000000005,-3.085236593059937,-1.0170410302207242,0.8888888888888888,4,8,正常
SUI,9.999999999999999e-05,0.5991661230409692,0.831614424068133,0.0,0.0,okx,64262946.1,0.79155,-8.32711696583671,2.526769054153123,0.9761904761904762,4,9,高basis溢价
DOGE,0.0001,0.5554391485146812,0.8702593681873334,6.0000000000000035e-06,1.2000000000000007e-05,okx,446602940.59,0.0902275,-2.9196167634616765,-1.6623263984839043,0.9787234042553191,4,10,正常
SOL,0.0001,1.1063792124605405,1.3546139561877548,0.0,0.0,okx,11620652.450000003,93.28575000000001,-0.5019215121448131,-1.2589964297375806,0.9791666666666666,0.0,4.272496371552975,True,4,1,正常
ETH,0.0001,1.0895913742033754,1.2802935041848251,0.0,0.0,okx,14038317.42333334,2415.1275,-0.25122393794762543,-0.7139468003761611,1.0,0.0,1.7970401691331925,True,4,2,正常
BTC,0.00010000000000000002,0.9227528331995236,1.1820717714974172,0.0,0.0,okx,8082417.89796667,76510.225,-0.8444761253112305,1.0652785771865507,0.9791666666666666,0.2857142857142857,1.4908536585365852,True,4,3,高basis溢价
XRP,0.00010000000000000002,0.8155827831953772,0.999073592602555,0.0,0.0,okx,63523262.7,1.4736925,-3.657253878119357,-0.3736110117606837,0.9767441860465116,0.14285714285714285,1.704012795378719,True,4,4,正常
DOGE,9.999999999999999e-05,0.5554391485146812,0.8702593681873334,6.0000000000000035e-06,1.2000000000000007e-05,okx,445833977.68,0.09106500000000001,-0.23263702730325594,-2.7447795870147496,0.9534883720930233,0.0,1.8890554722638684,True,4,5,正常
ETH,9.999999999999999e-05,1.0544272708117346,1.2107151845860358,0.0,0.0,okx,13480040.566666672,2440.1425,1.20822356668353,-4.239547959472196,0.7959183673469388,0.0,1.8287191460973982,True,4,1,正常
SOL,0.00010000000000000002,0.8456006996897025,1.0887533239892564,2.5e-05,5e-05,okx,11168112.243333336,95.378,2.401087591240876,-3.0917955488396305,0.8979591836734694,0.0,3.57251213592233,True,4,2,正常
XRP,0.00010000000000000002,0.7951934862850226,0.9427576581786911,0.0,0.0,okx,60972970.97,1.498715,3.9918782793611167,-2.8513365403343345,0.9545454545454546,0.0,1.656795247457326,True,4,3,正常
ADA,9.999999999999999e-05,0.7899107238857046,0.9323744991674174,0.0,0.0,okx,86807535.6,0.2251825,1.047849028400598,-1.553558016256189,0.8837209302325582,0.0,9.433962264150942,True,4,4,正常
LINK,0.0001,0.7194518006682431,0.9861377998386383,0.0,0.0,okx,11916000.633333333,11.478,-1.1272843280796945,-3.0265993146571,0.8297872340425532,0.0,1.9688244638602066,True,4,5,正常
BTC,0.0001,0.7180295857172652,0.9287408563460292,1.3000000000000004e-05,2.600000000000001e-05,okx,8121151.186366671,77165.425,0.23908698993231203,-3.693652445681521,0.8367346938775511,0.14285714285714285,1.7166924864446167,True,4,6,正常
AVAX,9.999999999999999e-05,0.7112308665339382,0.9051213135058005,0.0,0.0,okx,9763182.5,7.56025,1.4166789626648781,0.3311691349419327,0.9302325581395349,0.0,1.9283397309832875,True,4,7,高basis溢价
BNB,0.0001,0.6932521705280499,0.862738434276419,1.7e-05,3.4e-05,okx,4545112.053333334,695.1875,0.975836963888082,-3.5047227721750502,0.8958333333333334,0.0,2.459016393442623,True,4,8,正常
DOGE,0.0001,0.6250354746868565,1.1504734856311325,0.0,0.0,okx,440920500.9266667,0.092595,2.5055908218975946,-2.158544970698947,1.0,0.0,1.8234672304439747,True,4,9,正常
SUI,0.00010000000000000002,0.588878698311848,0.831614424068133,0.0,0.0,okx,65343957.233333334,0.824775,1.1111156062277798,-1.5149676956126437,0.9318181818181818,0.0,1.6146393972012916,True,4,10,正常
SOL,0.00010000000000000002,0.8518387137025053,1.0715022759748727,2e-05,4e-05,okx,10139515.490000002,95.424,1.597220684761398,-2.357592795954977,0.9,0.0,3.0355176211453747,True,4,1,正常
BNB,9.999999999999999e-05,0.811976662242513,1.0902218951171148,0.0,0.0,okx,4524480.55,702.405,0.951680749149782,-1.0743003684255974,0.9795918367346939,0.0,2.1927480916030535,True,4,2,正常
ADA,0.0001,0.765195564666848,0.9071718291658966,0.0,0.0,okx,88582945.73333333,0.2268975,0.3099818824569156,-0.6584867927890605,0.8636363636363636,0.0,9.287925696594424,True,4,3,正常
XRP,0.0001,0.7601133695527492,0.8960088081114954,0.0,0.0,okx,60930808.24333333,1.520505,3.829172390250563,-4.027605490611035,0.8222222222222222,0.0,1.656795247457326,True,4,4,正常
LINK,0.00010000000000000002,0.6943448081996874,0.9325484307458476,0.0,0.0,okx,11088750.8,11.53925,-1.0337198399085192,-6.234657903507697,0.8695652173913043,0.0,2.0739910313901344,True,4,5,正常
AVAX,0.00010000000000000002,0.6797912262906487,0.8617376001964826,0.0,0.0,okx,10734161.4,7.6055,1.5292260792167334,-0.6574621959239539,0.9090909090909091,0.0,1.9283397309832875,True,4,6,正常
BTC,9.999572821475688e-05,0.6375007120906878,0.9287408563460292,1.6560495161679194e-05,3.4e-05,okx,8119107.077266671,77709.525,0.7581094831020961,-2.738366472721156,0.8695652173913043,0.0,2.2494326777609683,True,4,7,正常
ETH,9.995941550312081e-05,0.5826853853293374,1.0837263277474316,3.467948480970654e-05,7.000000000000001e-05,okx,12861576.05666667,2462.3625,1.6114925877326907,-4.03912485939247,0.875,0.0,1.8043130990415335,True,4,8,正常
SUI,9.999999999999999e-05,0.5818948801875706,0.8036791515710234,0.0,0.0,okx,66228763.6,0.84955,4.159300902667157,-1.76574503655178,0.8636363636363636,0.0,1.5267175572519083,True,4,9,正常
DOGE,9.999999999999999e-05,0.3927855781527459,0.6000076705919496,2e-05,4e-05,okx,444997634.6333333,0.0934325,1.5758933579736927,-1.8727462440952691,0.9361702127659575,0.0,1.6920152091254752,True,4,10,正常
SOL,0.0001,0.8389988166743092,0.944704404419616,8.082903768654761e-06,1.4000000000000001e-05,bitget,16240374.000000004,96.52566666666667,1.0255,-5.642097736730775,0.7608695652173914,0.0,2.526595744680851,True,3,1,正常
ADA,0.0001,0.7883261637607374,0.8354426239895939,0.0,0.0,bitget,130111758.5,0.22267,-1.1829999999999998,-8.778681408720296,0.4,0.0,4.373177842565598,True,3,2,正常
XRP,9.999999999999999e-05,0.7458195258489375,0.8885566700677207,0.0,0.0,bitget,90589123.5,1.5058766666666668,-0.11650000000000005,-3.512749804412468,0.8775510204081632,0.0,1.5940488841657812,True,3,3,正常
LINK,0.00010000000000000002,0.6772481331943289,0.8445994489496381,0.0,0.0,bitget,16192836.5,11.578666666666667,0.673,-2.1613320430862286,0.8333333333333334,0.0,2.1536252692031588,True,3,4,正常
AVAX,0.0001,0.6432732526432045,0.7932275403489792,0.0,0.0,bitget,2928194.6999999997,7.558,0.08600000000000002,-2.6527543195884093,0.8444444444444444,0.0,1.5120967741935485,True,2,5,正常
DOGE,0.0001,0.6321444035976388,1.1912927211894466,0.0,0.0,bitget,656867093.0,0.09142333333333333,-1.317,-2.5884978744771487,1.0,0.0,1.6324921135646688,True,3,6,正常
BNB,0.0001,0.4381211584362931,0.6250513421915866,2.9444863728670917e-05,5.1000000000000006e-05,bitget,3271564.545,707.4066666666666,1.309,-5.941172576556301,0.9148936170212766,0.0,1.9104287790697676,True,3,7,正常
SUI,9.999999999999999e-05,0.0535426322661926,0.7087803870548391,4.1569219381653056e-05,7.2e-05,bitget,88073947.9,0.8243,0.010000000000000009,-1.168835435654882,0.9791666666666666,0.0,1.3760300533204073,True,3,8,正常
ETH,3.3e-05,-0.33253717641657654,1.1999863055882385,4.82320778459039e-05,9.5e-05,kucoin,769339.9300000007,2488.0433333333335,1.5875000000000001,-6.763701041642596,0.2826086956521739,0.0,1.6286644951140066,True,3,9,正常
BTC,9.97355072370184e-05,-0.9171544646033012,2.1918724512212564,7.663115119410208e-05,0.000152,kucoin,10304777.17755,79123.6,2.4325,-6.283266716657752,0.13043478260869565,0.0,2.26928895612708,True,3,10,拥挤积累
SOL,9.999999999999999e-05,0.800134030882395,0.9052733545069899,0.0,0.0,okx,10046991.880000003,99.76133333333333,4.970088160943753,-4.01101289572257,0.723404255319149,0.0,1.8686341489068627,True,3,1,正常
ADA,9.999999999999999e-05,0.6751824116538262,0.7470420719720635,0.0,0.0,okx,88056293.3,0.22189666666666666,-1.1787147293700089,-1.200253759611759,0.9,0.0,3.8314176245210723,True,3,2,正常
XRP,9.929331933554127e-05,0.6435946585288603,0.7565174637088729,4.618802153517009e-06,8.000000000000005e-06,okx,61054832.123333335,1.4836333333333334,-1.4961313839640116,-2.133476949050255,0.8936170212765957,0.0,1.5940488841657812,True,3,3,正常
BNB,9.999999999999999e-05,0.6404594667722331,0.7602867413858702,0.0,0.0,okx,4578645.826666667,706.3033333333333,0.7981124197002141,-4.883203281313715,0.6739130434782609,0.0,1.5504628438420116,True,3,4,正常
AVAX,0.00010000000000000002,0.5819956173621961,0.6861888196018641,0.0,0.0,okx,9803916.666666666,7.540666666666667,0.006625745329269902,-2.6535758800969473,0.782608695652174,0.0,1.687832708925893,True,3,5,正常
LINK,0.0001,0.5666616579212094,0.6147851760870904,0.0,0.0,okx,12093108.133333333,11.656666666666666,1.9230384615384615,0.2017120997600339,0.9166666666666666,0.0,1.3966480446927374,True,3,6,高basis溢价
SUI,0.00010000000000000002,0.43913241468904507,0.4791762621242661,0.0,0.0,okx,69775937.86666667,0.7976,-4.277584963398536,-2.923505761352658,0.8085106382978723,0.0,1.3384925199646571,True,3,7,正常
DOGE,9.999999999999999e-05,0.41080161404093946,0.5272643525193487,0.0,0.0,okx,442169873.22333336,0.09013333333333333,-2.7244552110249787,-0.7378685724308531,1.0,0.0,1.1641308099333167,True,3,8,正常
ETH,4.234258014673554e-05,-0.19706641686785842,0.8073160399988244,3.8974350539810154e-05,6.8e-05,okx,13138471.390000004,2479.7,1.1451916996611524,-5.02515450849288,0.6078431372549019,0.0,1.578215987294865,True,3,9,正常
BTC,9.569189877869268e-06,-0.8747348679970575,1.8143736858060373,5.765661856935784e-05,0.00011416124861320001,okx,8074846.318700004,78857.53333333333,1.8072068279128088,-5.33310066791475,0.6078431372549019,0.14285714285714285,2.26928895612708,True,3,10,拥挤积累
BTC,0.0001,0.8417956140247386,1.008283467180544,3.000000000000005e-06,6.00000000000001e-06,okx,7936501.2666666685,79642.225,3.111596390948377,-2.613853258959873,0.92,0.14285714285714285,2.149427636958299,True,4,1,正常
XRP,0.0001,0.7356606667068523,0.8296527983285,0.0,0.0,okx,59678901.19,1.485925,1.0506793555842566,-4.13702374925908,0.7708333333333334,0.0,1.5460697553357627,True,4,2,正常
ADA,0.0001,0.6826869307225435,0.7465986381073594,0.0,0.0,okx,89086195.93333334,0.220775,1.0522229843011737,-7.013458840694745,0.9183673469387755,0.0,3.8314176245210723,True,4,3,正常
SOL,9.999999999999999e-05,0.6299357725154078,0.8530469447145657,2.7000000000000002e-05,5.4000000000000005e-05,okx,11417115.656666666,99.958,6.456241763308153,-4.077493264651141,0.92,0.14285714285714285,1.7536463081130353,True,4,4,正常
AVAX,9.999999999999999e-05,0.6059469633475901,0.715061490689804,0.0,0.0,okx,9794404.166666666,7.5255,1.193078853046595,-6.6400644508693265,0.68,0.0,1.687832708925893,True,4,5,正常
LINK,9.999999999999999e-05,0.5753463860683249,0.6533555465694824,4.500000000000001e-06,9.000000000000002e-06,okx,12665100.233333334,11.583,0.9365649156430583,-5.953137759112863,0.8979591836734694,0.0,2.031144211238998,True,4,6,正常
DOGE,9.979570260305382e-05,0.3878649355202592,1.1698338641363157,9.000000000000002e-06,1.8000000000000004e-05,okx,435055117.33666664,0.09063750000000001,-0.4823508155950552,-4.413773838042739,0.98,0.0,1.4906542056074767,True,4,7,正常
SUI,9.999999999999999e-05,0.38710356888327285,0.4791762621242661,1.0500000000000005e-05,2.100000000000001e-05,okx,69227281.8,0.8022,-1.413841012409387,-7.4730721369636655,0.42,0.0,1.3384925199646571,True,4,8,正常
BNB,0.00010000000000000002,0.32250271278730264,0.7258758334010249,4.3e-05,8.6e-05,okx,4608284.43,705.715,1.2052126642771803,-3.841403885105572,0.8367346938775511,0.14285714285714285,1.5504628438420116,True,4,9,正常
ETH,5.859660138673348e-05,-0.07698220110915964,1.0299814390474582,3.917801254104995e-05,9.400000000000001e-05,okx,13488750.18666667,2476.8275,1.074811909919539,-2.6835440632876915,0.98,0.2857142857142857,1.4303515215110179,True,4,10,正常
ETH,3e-06,-1.1047887757272905,1.1047887757272905,0,0,gate,,2474.98,-1.12,-3.9580287401352927,0.7058823529411765,0.2857142857142857,0.9818368745716244,True,1,1,正常
XRP,1.4e-05,-1.24861637386917,1.24861637386917,0,0,gate,,1.4727,-2.97,-3.3939723051871233,0.7647058823529411,0.0,1.4039678675754625,True,1,2,正常
SOL,-4.5e-05,-1.3293059376870402,1.3293059376870402,0,0,gate,,98.15,0.76,-9.161237785015189,0.0196078431372549,0.2857142857142857,1.4954387489139878,True,1,3,正常
BTC,-3e-06,-1.4567457910474577,1.4567457910474577,0,0,gate,,79191.7,-0.74,-6.6377013867250785,0.058823529411764705,0.2857142857142857,1.2515566625155665,True,1,4,正常
SUI,-5e-06,-1.5398884561532118,1.5398884561532118,0,0,gate,,0.7887,-5.14,-11.398176291793463,0.06,0.0,1.1874105865522173,True,1,5,高费率(无OI)
BNB,-6.5e-05,-1.894000022822709,1.894000022822709,0,0,gate,,698.35,-1.72,-5.009302991269825,0.5,0.2857142857142857,1.293103448275862,True,1,6,高费率(无OI)
DOGE,-2.1e-05,-1.928106461748374,1.928106461748374,0,0,gate,,0.08894,-3.48,-3.3719231201515534,0.7254901960784313,0.0,1.4232599643069601,True,1,7,高费率(无OI)
LINK,-9.5e-05,-2.3918829349956714,2.3918829349956714,0,0,gate,,11.532,-1.35,-7.798284377437259,0.36,0.0,2.0206062670299727,True,1,8,高费率(无OI)
ADA,-0.00016,-2.863708408751154,2.863708408751154,0,0,gate,,0.2155,-4.14,-11.587485515643117,0.16,0.0,2.332814930015552,True,1,9,高费率(无OI)
AVAX,-9.6e-05,-3.6566538982614385,3.6566538982614385,0,0,gate,,7.498,-1.83,-10.658140154543041,0.12,0.0,1.4117647058823528,True,1,10,高费率(无OI)
LINK,0.00010000000000000002,0.5141233309459878,0.5380292295641749,0.0,0.0,bitget,16844948.0,11.258,-3.249,-4.927382601855477,0.66,0.0,1.348314606741573,True,2,1,正常
SUI,0.00010000000000000002,0.37881985595732415,0.39113381926329627,0.0,0.0,bitget,87216284.6,0.75425,-5.735,-5.300734016673824,0.5208333333333334,0.0,1.095690284879474,True,2,2,正常
DOGE,0.0001,0.3647265126521485,0.368721356709516,0.0,0.0,bitget,652342558.0,0.085615,-5.047,-4.669828544651352,0.5490196078431373,0.0,1.0186757215619693,True,2,3,正常
AVAX,2.7752367222897166e-05,-0.23419668531802681,0.6951056605471294,5.020458146424487e-05,7.1e-05,bitget,13564655.25,7.3125,-3.152,-8.198121598702636,0.24489795918367346,0.0,1.3058035714285714,True,2,4,正常
ADA,8.833336664249137e-05,-0.46086928310439823,1.576901614011539,9.545941546018391e-05,0.000135,bitget,127317338.0,0.20824,-6.171,-10.074474010042827,0.375,0.0,3.0737704918032787,True,2,5,拥挤积累
BTC,2.6984972947084367e-05,-0.4773451560033196,0.6388110626533501,6.363961030678926e-06,8.999999999999999e-06,kucoin,10303462.90915,78396.15,-0.664,-5.604939901918019,0.2857142857142857,0.2857142857142857,2.041868932038835,True,2,6,正常
BNB,5.198854966493351e-06,-0.6277485081706596,1.7285783450469716,6.788225099390857e-05,9.6e-05,bitget,3405914.305,693.005,-1.787,-7.584313139692749,0.20833333333333334,0.0,1.1787564766839378,True,2,7,拥挤积累
ETH,-2.358502954680185e-05,-1.2850138943477998,2.127592184493867,4.5254833995939045e-05,6.4e-05,bitget,17279397.195,2435.87,-1.72,-5.375239978801395,0.42857142857142855,0.0,1.1982758620689655,True,2,8,拥挤积累
SOL,2.364764978641229e-05,-1.6705038596260284,2.584429008594328,3.464823227814083e-05,4.9e-05,kucoin,16458309.450000003,96.513,-3.373,-5.902454178315,0.1836734693877551,0.0,1.2991008045433032,True,2,9,拥挤积累
XRP,1.6776060330260437e-05,-1.779008770275564,2.149074873367883,4.2426406871192855e-05,6e-05,bitget,89051629.5,1.4289749999999999,-3.764,-6.434059048064372,0.14,0.14285714285714285,1.2912018255578093,True,2,10,拥挤积累
XRP,9.774522773527884e-05,0.1808750620247122,0.9387295366090949,3.818703968626005e-05,8.1e-05,okx,61212530.193333335,1.4311075,-3.758043357333513,-6.582503789787854,0.22,0.14285714285714285,1.236042210410051,True,4,1,正常
LINK,7.526159567643119e-05,0.10218750372006993,0.5288289125640283,3.5443617196894564e-05,7.500000000000001e-05,okx,12018818.033333333,11.32575,-2.261228357779695,-7.4102508162006835,0.5686274509803921,0.2857142857142857,1.5408017179670723,True,4,2,正常
SUI,0.00010000000000000002,0.05814096645674778,0.917701420898907,3.9e-05,7.8e-05,okx,69498151.53333333,0.759725,-5.414049041573313,-6.576613729865117,0.6470588235294118,0.2857142857142857,1.3087450729329961,True,4,3,正常
BNB,8.269877036327052e-05,0.027446120509231134,0.8778430699121474,5.425972339454928e-05,0.000115,bitget,4660766.196666666,698.26,-1.080221058096182,-3.688680244150975,0.9215686274509803,0.42857142857142855,1.5362288036885088,True,4,4,正常
AVAX,7.247682357996756e-05,0.00273428044879517,0.9596214245062723,4.5602486087469593e-05,0.000102346567023,bitget,9620707.4,7.38,-2.0076498495308903,-6.432510095351277,0.5918367346938775,0.14285714285714285,1.2921880121607143,True,4,5,正常
BTC,6.859962451063381e-05,-0.2829466762286589,0.7189353000517006,2.8874894405130564e-05,5.8e-05,kucoin,8129051.05276667,78852.675,-1.0435989504896153,-6.311925656999842,0.1,0.5714285714285714,1.7971246006389776,True,4,6,正常
ADA,8.927855731574727e-05,-0.5042302784770388,1.803665296600774,0.00010275010137870101,0.000209,okx,85519567.5,0.20989750000000001,-5.02303002867059,-12.726520637903283,0.4423076923076923,0.14285714285714285,2.561912894961571,True,4,7,拥挤积累
ETH,4.0298830550359945e-05,-0.538007727552621,1.204213023968647,4.6075119822596955e-05,0.0001,okx,13386366.940000007,2460.1124999999997,-0.7023003322965037,-5.505120674216542,0.6923076923076923,0.2857142857142857,1.280420343104608,True,4,8,正常
SOL,-2.041484705223625e-05,-1.2708006930565474,2.0688055807942254,2.9801306668988538e-05,6.60557859421e-05,okx,12184304.643333333,96.90925,-3.1975569409808813,-5.749310531481375,0.6538461538461539,0.42857142857142855,1.3604143786667229,True,4,9,拥挤积累
DOGE,9.907869885009195e-05,-1.8940720887275666,3.3311784221221448,5.314937835332935e-05,0.000121,bitget,448641949.7266667,0.08655499999999999,-4.5968510356985455,-7.216461390682735,0.28,0.14285714285714285,1.027222474301612,True,4,10,拥挤积累
XRP,9.999999999999999e-05,0.6420708207312207,0.6759977019923381,0.0,0.0,okx,84079953.155,1.37195,-6.643837413898929,-2.5491917705620204,0.8823529411764706,0.0,1.2298284174546297,True,2,1,正常
BNB,0.0001,0.54683291305906,0.6459895482660317,0.0,0.0,okx,4704279.02,695.9733333333334,-0.3421766055045872,-5.803058244667529,0.6666666666666666,0.0,1.4105781764632366,True,3,2,正常
SUI,0.0001,0.36629994747554084,0.436570124479403,0.0,0.0,okx,68502878.3,0.7327333333333333,-7.003906091370558,-5.460698523242176,0.6862745098039216,0.0,1.2733615227621367,True,3,3,正常
ADA,7.860099012587193e-05,-0.12116963374972245,1.4026942616573688,7.554468876102409e-05,0.000136,okx,85562515.23333333,0.20349,-5.465172494172494,-7.349342089778089,0.6981132075471698,0.14285714285714285,2.5337837837837833,True,3,4,正常
ETH,3.856617460601191e-05,-0.13324163364361552,0.6928161023058258,3.114833838432045e-05,6.0880024837599994e-05,okx,13777691.88333334,2444.5533333333333,-1.0647191614340692,-3.461773684276584,0.9245283018867925,0.2857142857142857,1.2735092707705116,True,3,5,正常
BTC,3.591719034066144e-05,-0.33214610972694253,0.48570874831236266,1.4235613165070452e-05,2.5595894912699997e-05,okx,7893247.327200005,77956.26666666666,-1.4440101840723638,-4.808113769457368,0.5185185185185185,0.2857142857142857,1.6774764150943398,True,3,6,正常
LINK,3.264994128118888e-05,-0.49562850038694006,1.5441778027926787,3.370374105230068e-05,6.71138265923e-05,okx,12137459.333333334,11.197666666666667,-2.7942611550839347,-10.421953473189483,0.22,0.0,1.3896440306247866,True,3,7,拥挤积累
DOGE,9.942188151948516e-05,-0.638861122174466,1.4358638261678447,2.4948325761189436e-05,4.4000000000000006e-05,bitget,440749977.25333333,0.08407666666666666,-5.509289995493466,-7.728691904366278,0.11764705882352941,0.14285714285714285,1.0101010101010102,True,3,8,正常
SOL,-4.0288726149456284e-05,-1.2403825133903612,2.77981097813189,6.214647367489875e-05,0.000117,bitget,12246159.82,95.687,-2.5217267525035765,-6.9275547132936035,0.12962962962962962,0.2857142857142857,1.2610614730356664,True,3,9,拥挤积累
AVAX,-3.791324344648912e-05,-1.6833653490574052,2.3251186640916317,2.911470649439014e-05,5.7e-05,bitget,9407036.966666667,7.219666666666667,-3.466598848882345,-6.919028102230982,0.42,0.14285714285714285,1.1733583860759496,True,3,10,拥挤积累
BNB,0.0001,0.6831356514844372,1.092043866760569,0.0,0.0,okx,4672323.1033333335,703.94,1.4731776622876667,-4.896128581871426,0.6730769230769231,0.42857142857142855,1.312817239670749,False,4,1,正常
LINK,0.0001,0.5688414041765091,0.6946811313474569,5.500000000000005e-06,1.100000000000001e-05,okx,12394556.7,11.524000000000001,1.9363043426813396,-5.418113920101484,0.8679245283018868,0.42857142857142855,1.3798881621907568,True,4,2,正常
AVAX,7.890768701351835e-05,0.5163488732417932,0.7556136758505212,1.2500000000000006e-05,2.500000000000001e-05,okx,9556223.166666666,7.378,0.3946737162868968,-8.458632468626394,0.5769230769230769,0.2857142857142857,1.0593561368209257,True,4,3,正常
XRP,9.999999999999999e-05,0.4145764257118484,0.7518242051402181,2.5e-05,5e-05,okx,60670874.33,1.407835,-1.711640284404528,-4.111809264250777,0.9811320754716981,0.2857142857142857,1.1864168014838123,True,4,4,正常
SOL,9.54282118841624e-05,0.2925936453290608,0.7276347568764143,4.91235003523472e-05,0.000105,bitget,11777700.77,101.05525,4.744551748009692,-1.8792297177107082,0.8363636363636363,0.42857142857142855,1.125990409393983,True,4,5,正常
ADA,7.015656693891824e-05,0.02158974009941715,0.6188346143778712,5.251666402200353e-05,0.000123,okx,119298174.5,0.21086666666666667,0.28587925007944076,-8.41181891167603,0.8518518518518519,0.2857142857142857,2.2397804693414076,True,4,6,正常
SUI,9.27916099612163e-05,-0.12695938898036613,0.7762074574838782,3.683476390042626e-05,7.6e-05,bitget,68751264.23333333,0.757175,-0.18311816578483248,-5.604639568201629,0.75,0.42857142857142855,1.2733615227621367,True,4,7,正常
ETH,4.759231283744955e-05,-0.44229027453249764,1.5117491057253425,4.2634444531064965e-05,9.325650762670001e-05,okx,13691875.966666672,2498.32,2.318154320607848,-4.530660171334442,0.8113207547169812,0.5714285714285714,1.2500830981211637,True,4,8,高费率(高换手=噪音)
BTC,3.348660402151254e-05,-0.793415012618327,1.6750279836177435,2.6925769168399942e-05,6.22104724114e-05,okx,7880239.922633337,78797.65,0.3802332216085225,-4.959604407940224,0.5769230769230769,0.5714285714285714,1.4952343129467833,True,4,9,高费率(高换手=噪音)
DOGE,7.794533926034642e-05,-1.914145114728768,2.819129783152243,7.025964582153777e-05,0.000145,kucoin,435402548.75666666,0.0868775,0.9690238568588468,-6.039671019361753,0.6363636363636364,0.2857142857142857,1.0101010101010102,True,4,10,拥挤积累
SOL,0.0001,0.7357961391990842,0.7846157323793158,1.6263455967290597e-05,2.3000000000000003e-05,bitget,4170666.5999999996,104.643,7.754,-3.6611564893620203,0.8461538461538461,0.42857142857142855,0.8233848314606741,False,2,1,正常
BNB,9.999999999999999e-05,0.6896864751438547,1.029315105163407,0.0,0.0,bitget,86805.27000000002,713.635,2.4290000000000003,-4.415135223110854,0.8679245283018868,0.5714285714285714,1.0228435049437437,False,2,2,正常
LINK,0.0001,0.42211615908978734,0.5705046545208085,2.309401076758503e-05,4e-05,bitget,17248413.0,11.86,4.888,-7.413343297493348,0.5370370370370371,0.5714285714285714,1.1574635922330097,True,3,3,正常
BTC,4.19931501564554e-05,0.0573156577022317,0.30478122507123007,1.1150485789118486e-05,2.0999999999999995e-05,gate,10156205.60485,79837.8,1.367,-2.970640782177518,0.8888888888888888,0.7142857142857143,1.3439306358381504,True,3,4,正常
XRP,8.723030009178987e-05,-0.04305959183033764,0.5406082014160043,2.608320021265284e-05,4.9e-05,bitget,91525363.0,1.4411800000000001,1.069,-7.801417985309933,0.37735849056603776,0.2857142857142857,0.9595715939791586,True,3,5,正常
SUI,0.0001,-0.8044978486540723,1.9241361456602208,9.545941546018391e-05,0.000135,bitget,63819224.60000001,0.7759,2.298,-7.075361175632308,0.5,0.5714285714285714,1.095690284879474,True,2,6,高费率(高换手=噪音)
ADA,2e-05,-0.8729324922436007,1.3096861417989865,4.0808495847474374e-05,8e-05,bitget,242583464.0,0.21529666666666666,2.892,-8.964123733409481,0.7647058823529411,0.42857142857142855,2.005813953488372,False,3,7,正常
AVAX,2.595851283392092e-05,-1.2566773265532059,2.2142322162764074,6.634003316248795e-05,0.000126,bitget,13476545.95,7.471333333333333,1.596,-7.133205429993574,0.34615384615384615,0.2857142857142857,1.0593561368209257,True,3,8,拥挤积累
ETH,-2.6173058824304446e-06,-1.633646196330691,1.996675979016058,1.4571661996262929e-05,2.8e-05,kucoin,16885032.715,2537.5633333333335,3.2554999999999996,-3.4152821592161655,0.9056603773584906,0.5714285714285714,0.7458816351433801,True,3,9,高费率(高换手=噪音)
DOGE,6.1e-05,-3.606308330129353,5.480572266919815,4.4500936319737514e-05,8.9e-05,bitget,1280945744.0,0.08913,3.3125,-5.226374269718957,0.9811320754716981,0.14285714285714285,0.9896540027137043,True,3,10,拥挤积累
ADA,0.0001,0.7138535440925252,0.8493356879269948,0.0,0.0,bitget,246188889.0,0.21575,6.1485,-9.720693572934483,0.7037037037037037,0.42857142857142855,1.4216917922948074,False,2,1,正常
BNB,9.999999999999999e-05,0.6125558391592383,0.8750538331941742,4.2426406871192925e-06,6.00000000000001e-06,bitget,86502.05000000002,711.365,2.3019999999999996,-6.111435096130432,0.5185185185185185,0.42857142857142855,1.0124873439082012,True,2,2,正常
AVAX,0.0001,0.5907126476725769,0.6680559206388891,0.0,0.0,bitget,2916176.2999999993,7.5265,4.5155,-4.645871867057098,0.8703703703703703,0.42857142857142855,1.004106776180698,True,2,3,正常
LINK,9.999999999999999e-05,-0.26328658268890354,0.9895679737238586,8.555992052357226e-05,0.000121,bitget,3914638.0,11.866499999999998,6.0865,-6.736983945463197,0.7547169811320755,0.5714285714285714,1.1574635922330097,True,2,4,正常
SUI,0.0001,-0.35831141380448983,1.031763275961056,6.788225099390857e-05,9.6e-05,bitget,63054388.1,0.7875,7.5845,-5.085997872363877,0.8301886792452831,0.7142857142857143,1.095690284879474,True,2,5,正常
BTC,2.4e-05,-0.6119803972115072,0.8442285295214887,7.778174593052024e-06,1.1000000000000001e-05,bitget,34434.768399999935,80472.29999999999,3.2910000000000004,-4.164360988045717,0.5636363636363636,0.7142857142857143,0.599112426035503,True,2,6,正常
DOGE,0.0001,-0.6716000168271005,1.6631381568122132,0.00010606601717798214,0.00015000000000000001,bitget,1300724016.0,0.089445,6.5395,-4.46748627590673,0.7777777777777778,0.14285714285714285,0.9526469577174287,False,2,7,拥挤积累
XRP,0.00010000000000000002,-0.7097406201948595,1.9651839083824754,8.202438661763951e-05,0.000116,bitget,168945421.0,1.4699499999999999,7.3215,-6.80920604657422,0.07407407407407407,0.2857142857142857,0.9219222054380665,True,2,8,拥挤积累
SOL,6.6e-05,-1.2457068777321991,2.3122653977290972,0.00011808683245815344,0.000167,bitget,4091655.999999992,108.5385,13.559000000000001,-4.279097582003523,0.7547169811320755,0.42857142857142855,0.7997953615279673,False,2,9,拥挤积累
ETH,2.6999999999999996e-05,-1.2771925735328207,1.9601913478446316,5.374011537017761e-05,7.6e-05,bitget,727897.93,2530.98,3.83,-4.411840726802682,0.6,0.42857142857142855,0.603949785670545,True,2,10,拥挤积累
ADA,0.00010000000000000002,0.5898989603573562,0.8159725408713282,0.0,0.0,okx,123138930.1,0.21493333333333334,1.7517425320056899,-7.1751875496007855,0.9818181818181818,0.5714285714285714,1.295801526717557,False,3,1,正常
BNB,9.999999999999999e-05,0.25808577982733366,0.601254360005064,4.1e-05,8.2e-05,okx,4674027.383333334,713.73,1.3114275578260253,-5.466038118772055,0.8727272727272727,0.2857142857142857,1.1995860978218895,True,4,2,正常
AVAX,9.654441278919514e-05,0.034722755184533195,0.6823262987920982,3.595442191004921e-05,8.300000000000001e-05,kucoin,9312748.9,7.54925,1.9056740940805763,-7.609625404453395,0.5740740740740741,0.5714285714285714,1.004106776180698,True,4,3,正常
SUI,0.00010000000000000002,-0.1656801745761578,1.7435444650175735,6.85e-05,0.000137,okx,70287711.16666667,0.7888,3.7905315717979056,-4.738592074217453,0.7777777777777778,0.8571428571428571,1.095690284879474,True,4,4,高费率(高换手=噪音)
LINK,4.3194821039755274e-05,-0.5739636741601425,1.959413226794544,7.946225519075079e-05,0.00016800000000000002,okx,12215453.233333332,11.96175,3.2985172215016574,-4.912673148443779,0.8679245283018868,0.7142857142857143,1.3442343372342216,True,4,5,高费率(高换手=噪音)
BTC,1.415461054405141e-05,-0.7208003449899008,1.1333737375278845,8.007235792000657e-06,1.79828619064e-05,okx,7717437.6192000015,80544.70000000001,2.2476038659597677,-5.0972095610890165,0.4107142857142857,0.5714285714285714,1.1337209302325582,True,4,6,正常
DOGE,9.927096899981172e-05,-1.4043166917404069,2.42533613935969,7.921525320967342e-05,0.00018899999999999999,bitget,432932413.65,0.089165,2.3844310212831115,-5.887174975860917,0.6,0.7142857142857143,0.9526469577174287,False,4,7,高费率(高换手=噪音)
ETH,-4.7980437556103745e-06,-1.4155320343531788,1.8855079552716099,3.6363366809871754e-05,8.48649287208e-05,okx,12944328.976666674,2515.795,0.597193350656273,-5.0329308345592745,0.6785714285714286,0.5714285714285714,1.0251381559059303,False,4,8,高费率(高换手=噪音)
XRP,2.7277921273888885e-05,-1.7764024835767844,2.162608163874495,1.959122009597275e-05,4.6e-05,bitget,59992363.26,1.4508775,2.9380385069690527,-4.150811254805515,0.7678571428571429,0.42857142857142855,0.9480117277849144,True,4,9,拥挤积累
SOL,8.895771553649313e-06,-2.198250337868089,3.887058594673048,0.00010584721989435276,0.000229,kucoin,11132847.383333325,109.3935,7.951952286610534,-6.005543315939999,0.4909090909090909,0.42857142857142855,0.7766198127565688,False,4,10,拥挤积累
BTC,8.423339446710421e-05,0.6830763466542811,0.9129923528865942,1.838616140146667e-05,4.1982165811899996e-05,okx,7668439.922533336,79666.925,0.8283938234119024,-3.527787503968469,0.8181818181818182,0.42857142857142855,0.8154627539503385,True,4,1,正常
ETH,3.0956952149870415e-05,-0.13355250605963423,1.127357672773536,3.298260189603034e-05,7.1e-05,bitget,13220522.946666675,2497.1225,0.025741279263834467,-3.0924915134176985,0.9107142857142857,0.7142857142857143,0.9093261774138562,False,4,2,正常
BNB,9.990668435673708e-05,-0.1641318013748428,1.6191329341146916,2.7910571473905726e-05,5.9000000000000004e-05,okx,4665100.456666667,707.265,-0.0034241824521722684,-5.736924329337313,0.6181818181818182,0.14285714285714285,1.1593030931386619,True,4,3,被动扛单
AVAX,9.700106926147626e-05,-0.1686806132265482,1.4165541612189945,6.251289619115984e-05,0.000132,bitget,9205834.366666667,7.404999999999999,0.4625870646766169,-5.061093555371836,0.8,0.42857142857142855,0.9471803018268469,True,4,4,正常
ADA,3.963914452187819e-05,-0.23140641924801464,1.578566097861551,6.494621922584083e-05,0.0001482825727572,okx,88998421.9,0.2094425,-0.6940791844476055,-7.2719853451876695,0.9444444444444444,0.5714285714285714,1.1898364485981308,False,4,5,高费率(高换手=噪音)
SUI,7.474238372822947e-05,-0.7996167232576439,1.8523522536725086,4.40954513394216e-05,0.00010800000000000001,kucoin,69748365.96666667,0.76,0.3889603698811096,-8.216333947457303,0.4,0.8571428571428571,1.095690284879474,True,4,6,高费率(高换手=噪音)
LINK,-1.571773439180198e-05,-0.9910795204150041,2.810969032078124,4.511338418447866e-05,0.000106264161408,okx,12244884.5,11.69625,0.2160748357612111,-6.472356371867284,0.8035714285714286,0.5714285714285714,1.31641261614409,True,4,7,高费率(高换手=噪音)
SOL,-2.7258698580467205e-05,-1.5706992868726446,2.176564334558262,4.3192394521624844e-05,0.0001050959101292,okx,12200799.436666654,106.41825,4.628520855860284,-4.814121152724374,0.7678571428571429,0.42857142857142855,0.6099355974492009,False,4,8,拥挤积累
XRP,3.659478393085178e-05,-1.6037250296713186,1.7207963408651983,2.4944080454831217e-05,5.8e-05,bitget,62199585.45666666,1.4204275,0.7089296939619519,-5.83969027248599,0.6140350877192983,0.42857142857142855,0.8451318851823119,True,4,9,拥挤积累
DOGE,6.19016555695882e-05,-2.7698079191305975,5.4341298644293135,4.3729142435362984e-05,9.3e-05,bitget,429845067.0,0.08751,0.5054383708467309,-5.139724432984087,0.7543859649122807,0.8571428571428571,0.9500342817963662,False,4,10,高费率(高换手=噪音)
BTC,9.963643803519585e-05,0.3271665343947731,0.9135286081918988,3.407834111768549e-05,6.8e-05,okx,1491297.601200006,77844.1,-3.184066791122174,-3.117006965888328,0.8947368421052632,0.2857142857142857,0.7076021769655715,True,3,1,正常
ETH,4.920328685799092e-05,0.11906928965960904,1.0549730729186246,3.3992056429642496e-05,6e-05,bitget,3438879.6700000097,2442.87,-3.219086617294914,-3.6690358352137444,0.9473684210526315,0.5714285714285714,0.8072676176651756,False,3,2,正常
ADA,6.267953830123893e-05,-0.48671000622311994,1.4779976563703352,3.1857778423231516e-05,6.370173872e-05,bitget,121169324.0,0.20336666666666667,-5.8630203892493045,-5.078767381432475,0.8545454545454545,0.42857142857142855,1.0919212795135775,True,3,3,正常
AVAX,3.379492950315739e-05,-1.2217613087600094,1.7899429211130191,5.4588031775337115e-05,9.6e-05,bitget,2186060.1999999993,7.300333333333334,-3.218148693460671,-10.034852782060348,0.43859649122807015,0.5714285714285714,0.9030670200681561,True,3,4,高费率(高换手=噪音)
SUI,1.3509774060627623e-05,-1.9957091500326798,2.9184206661533745,3.8590052165896645e-05,7e-05,bitget,48078553.849999994,0.7516,-4.47036012207528,-8.862775990523444,0.14285714285714285,0.7142857142857143,1.0432960893854748,True,3,5,高费率(高换手=噪音)
DOGE,6.794985947690947e-05,-2.15148899615892,2.765429799701834,7.5834218861138e-05,0.00015099999999999998,bitget,633943661.055,0.08538666666666667,-4.528091370179757,-7.802290479646422,0.27586206896551724,0.8571428571428571,0.907133011716058,False,3,6,高费率(高换手=噪音)
XRP,-1.0927565282580606e-05,-2.3644813958262825,3.2915803417034013,1.9404852188109785e-05,3.8688352521e-05,okx,85430360.97,1.3924,-5.075678703640617,-6.221962728478931,0.7543859649122807,0.2857142857142857,0.8562992125984251,True,3,7,拥挤积累
SOL,-7.584420446377427e-05,-2.4477886055574154,3.2696102514747993,1.467151868919473e-05,2.85946331489e-05,okx,3840019.11499998,105.165,-3.6006532171786643,-5.226792676035237,0.6666666666666666,0.2857142857142857,0.4848061666518589,False,3,8,拥挤积累
LINK,-3.8524304170156604e-05,-2.4603894752328124,3.2321895512879086,3.2130022292531284e-05,6.18589114304e-05,bitget,3193162.0999999996,11.461333333333334,-3.6316745230078564,-9.589580956573945,0.43859649122807015,0.5714285714285714,1.2070667979464618,True,3,9,高费率(高换手=噪音)
BNB,1.0598782370051872e-06,-5.239456666430612,12.05857433626531,3.646335813891814e-05,6.511183988609999e-05,okx,3516266.845,693.5433333333333,-2.592801498127341,-6.099300197871374,0.8214285714285714,0.14285714285714285,1.146586380016988,True,3,10,拥挤积累
BTC,0.00010000000000000002,0.9226693039974727,0.9606066891450544,0.0,0.0,okx,7697888.698100005,77793.33333333333,-3.0955141531467008,-4.3664915736525725,0.8448275862068966,0.2857142857142857,0.821813890761969,True,3,1,正常
ETH,7.316985699103885e-05,0.6509869469715017,1.00319716618685,1.9052558883257653e-05,3.3e-05,okx,12507823.416666673,2441.95,-2.661983260263053,-3.7933656554912547,0.9655172413793104,0.5714285714285714,0.7353440515129324,True,3,2,正常
SOL,7.723578935312528e-05,0.4217072652974681,0.6978857707305585,1.360224833333931e-05,2.7000000000000006e-05,bitget,12043281.446666654,104.29433333333334,-4.615671696387746,-4.696001856743356,0.5789473684210527,0.42857142857142855,0.36361214704315403,True,3,3,正常
XRP,9.575644333514107e-05,0.24037354419016835,0.6064287169003083,3.2331615074619044e-05,5.6000000000000006e-05,okx,61556566.02,1.3872033333333333,-3.95281236585197,-5.811656176017546,0.6779661016949152,0.14285714285714285,0.8271169354838711,True,3,4,正常
DOGE,9.44877154761609e-05,-0.09000733414601805,1.0036462528902672,2.753785273643051e-05,5e-05,okx,420573670.7966667,0.08521,-3.8912924187725633,-5.864414785192965,0.39655172413793105,0.7142857142857143,0.8754355400696864,True,3,5,正常
BNB,5.080434061872097e-05,-0.3006034711001965,1.643905208315687,5.429883819973338e-05,9.40483465539e-05,bitget,4483248.836666667,691.05,-2.96053349248701,-4.883877965445633,0.7017543859649122,0.14285714285714285,0.9901365705614568,True,3,6,拥挤积累
ADA,7.561590030578096e-05,-0.3284097759574723,0.7266329636527079,2.6503373965271134e-05,5.300000000000001e-05,bitget,87827353.66666667,0.20307333333333333,-4.872238519212747,-9.511369490028653,0.43103448275862066,0.5714285714285714,0.9879492130352536,False,3,7,正常
AVAX,-0.0001042814420025508,-2.136053215633573,5.7841099026565,0.00012067110727433584,0.00023999999999999998,bitget,8520395.833333332,7.299666666666667,-2.996605235184693,-6.388818293520996,0.6140350877192983,0.2857142857142857,0.847536124490552,True,3,8,拥挤积累
LINK,-8.351166973948035e-05,-2.922518675413773,4.726591266454498,6.967097212628411e-05,0.0001337407056916,okx,11954935.4,11.436,-3.8305056775170323,-8.91072506812424,0.375,0.14285714285714285,0.987049745809375,True,3,9,拥挤积累
SUI,-1.0854994243753074e-05,-3.0569735700096268,5.682066292779266,3.096730589457843e-05,5.9999999999999995e-05,bitget,66309201.63333333,0.7441333333333333,-4.375309150494795,-7.609328141086549,0.3684210526315789,0.2857142857142857,1.0383806519453207,True,3,10,拥挤积累
BTC,6.406384772194391e-05,0.6295484492641321,0.896936273828208,1.8230011885167092e-05,3.600000000000001e-05,bitget,9997226.0586,77545.43333333333,-2.7785,-4.691834047617614,0.5263157894736842,0.2857142857142857,0.9176525529265255,True,3,1,正常
ADA,9.851952968951988e-05,0.5536579855644398,0.679850170863714,1.0392304845413266e-05,1.8000000000000004e-05,bitget,131467451.0,0.19967333333333334,-4.836,-6.504996694097579,0.8596491228070176,0.7142857142857143,0.9118589743589743,True,3,2,正常
ETH,3.767018755952101e-05,0.26709492805892965,0.9458781014402993,3.300505011863084e-05,6.400000000000001e-05,bitget,16034449.405000001,2434.603333333333,-2.5105,-3.4629381703108333,0.9661016949152542,0.5714285714285714,0.8030264496439471,True,3,3,正常
DOGE,0.0001,0.07406170892984358,0.7573186368218967,6.69726312259966e-05,0.000116,bitget,645138711.0,0.08443666666666667,-3.623,-6.311450699777845,0.8983050847457628,0.2857142857142857,0.8704188481675392,False,3,4,正常
SOL,2.5343224152263277e-05,-0.23707468186209152,0.9946040695122531,5.5581771592252556e-05,0.00010400000000000001,bitget,16742058.249999981,103.41266666666667,-2.879,-4.253035148490386,0.6551724137931034,0.42857142857142855,0.5228184553660984,False,3,5,正常
XRP,9.60325291098823e-05,-0.5217304325416102,1.7708527236396736,6.484083075758155e-05,0.000129,bitget,93005142.5,1.38254,-2.942,-6.481203335787932,0.3793103448275862,0.2857142857142857,0.7962927018633541,True,3,6,拥挤积累
AVAX,1.6502090305734067e-05,-0.5244452816263314,1.326969250935127,5.7622333633178496e-05,0.00010400000000000001,bitget,12084775.25,7.249666666666666,-2.395,-9.187165660627198,0.3103448275862069,0.42857142857142855,0.832726610848198,True,3,7,正常
SUI,3.092967799583672e-05,-1.0704126479636968,2.8192134993625837,4.288356328478313e-05,8.4e-05,bitget,82841984.8,0.7351,-3.6745,-7.250009232895814,0.5862068965517241,0.7142857142857143,0.8814794816414687,False,3,8,高费率(高换手=噪音)
LINK,-2.8828654553122074e-05,-1.3200351381993407,1.6547799197761002,1.997498435543818e-05,3.6e-05,bitget,16674805.5,11.312333333333333,-3.3659999999999997,-8.302398302259384,0.5614035087719298,0.5714285714285714,0.5755887300252314,False,3,9,高费率(高换手=噪音)
BNB,-6.495851643012121e-06,-1.8626820348854705,3.0598416466216816,0.00012071591996639604,0.000241,bitget,3215008.3850000002,687.92,-2.8855000000000004,-8.438532602450511,0.08620689655172414,0.2857142857142857,0.9695393759286776,True,3,10,拥挤积累
