1717200000000,67542.6,67689.6,67499.9,67649.4,101.9381854
1717203600000,67649.4,67712.1,67441.6,67557.9,76.96569397
1717207200000,67557.9,67740.0,67542.3,67725.7,49.71923771
1717210800000,67725.8,67761.2,67617.0,67716.3,56.13449642
1717214400000,67716.3,67771.3,67657.6,67671.3,165.22163455
1717218000000,67671.3,67800.0,67587.2,67683.4,126.68895602
1717221600000,67683.4,67726.9,67601.4,67688.0,57.57717602
1717225200000,67688.1,67737.6,67557.9,67620.4,178.55372602
1717228800000,67620.5,67743.4,67599.8,67706.3,84.70547576
1717232400000,67706.2,67754.5,67637.3,67708.1,56.76237404
1717236000000,67708.2,67750.0,67625.0,67630.5,55.32940349
1717239600000,67631.9,67702.8,67631.9,67661.6,30.14343937
1717243200000,67661.6,67872.0,67644.2,67717.5,89.66340073
1717246800000,67717.5,67839.7,67699.9,67700.0,138.37908831
1717250400000,67700.0,67860.7,67669.1,67802.5,127.35180903
1717254000000,67802.5,67817.4,67665.5,67683.9,88.83887027
1717257600000,67684.0,67724.0,67608.2,67691.8,41.81478701
1717261200000,67691.9,67851.9,67548.0,67788.1,216.02996422
1717264800000,67788.1,67826.9,67728.7,67755.0,164.75785462
1717268400000,67755.0,67787.7,67680.0,67754.7,42.37603983
1717272000000,67754.6,67797.7,67711.0,67797.7,20.50316807
1717275600000,67797.7,67822.1,67712.6,67756.9,44.74583223
1717279200000,67756.9,67890.0,67715.0,67764.2,88.42441512
1717282800000,67764.2,67822.7,67720.0,67757.8,51.78194664
1717286400000,67757.8,67913.6,67734.5,67882.4,57.07666375
1717290000000,67882.4,67895.9,67708.4,67754.6,121.62145312
1717293600000,67754.7,67815.4,67637.9,67728.5,55.75240323
1717297200000,67728.5,67811.3,67721.7,67788.0,34.26994504
1717300800000,67788.1,67848.6,67738.6,67848.6,101.65311774
1717304400000,67849.1,67866.7,67721.9,67722.0,39.41849236
1717308000000,67721.9,67840.0,67717.4,67833.1,33.51473891
1717311600000,67833.1,67839.0,67720.0,67720.0,61.37379233
1717315200000,67720.0,67809.9,67671.0,67752.1,92.89924612
1717318800000,67752.1,67770.5,67404.4,67535.8,124.57723598
1717322400000,67536.9,67589.1,67380.1,67536.1,90.78214481
1717326000000,67536.1,68328.3,67467.2,68254.2,320.325337
1717329600000,68254.2,68314.2,67850.0,67939.9,218.35676739
1717333200000,67939.9,68228.2,67795.1,68162.7,132.32133851
1717336800000,68161.8,68472.3,68069.1,68258.5,286.05214782
1717340400000,68258.5,68303.1,68019.1,68147.1,102.03682651
1717344000000,68147.2,68214.1,67985.8,68104.3,61.95844903
1717347600000,68104.3,68109.2,67829.7,67881.7,116.69320551
1717351200000,67881.7,67881.7,67458.2,67703.8,247.97235906
1717354800000,67703.9,67799.0,67267.1,67740.7,205.38788638
1717358400000,67740.7,67839.8,67581.3,67836.2,50.72100026
1717362000000,67836.2,67920.3,67754.6,67819.0,62.84927904
1717365600000,67818.2,68003.0,67811.4,67935.4,84.73121174
1717369200000,67935.4,67993.1,67767.6,67767.7,57.72177425
1717372800000,67767.6,67872.0,67613.4,67816.3,160.77986384
1717376400000,67816.4,68576.6,67809.3,68483.0,455.26367708
1717380000000,68483.1,68800.0,68412.0,68428.9,583.17230502
1717383600000,68429.8,68524.0,68219.6,68392.2,189.24842425
1717387200000,68394.2,68617.4,68294.5,68511.7,180.03593366
1717390800000,68511.6,68818.3,68450.4,68719.9,535.96984286
1717394400000,68719.9,69224.9,68635.5,69045.0,617.02955689
1717398000000,69045.0,69195.0,68810.6,68914.6,545.79472903
1717401600000,68914.6,69333.0,68914.6,69146.1,355.01969708
1717405200000,69146.0,69189.9,68913.9,69016.7,137.7102652
1717408800000,69018.2,69189.4,68888.8,68919.9,224.04038434
1717412400000,68920.0,69257.1,68849.3,69087.3,226.13208458
1717416000000,69087.4,69787.9,69087.3,69748.7,576.08123675
1717419600000,69749.0,70299.4,69524.8,69784.3,1250.62440414
1717423200000,69784.2,70074.6,68516.4,68776.3,944.60453709
1717426800000,68775.8,69626.2,68757.9,69613.3,416.57410948
1717430400000,69613.4,69706.3,68910.9,69080.1,370.47341653
1717434000000,69080.1,69397.8,68803.1,69271.0,129.63105202
1717437600000,69271.3,69455.2,69160.0,69294.6,203.97043325
1717441200000,69294.7,69311.2,69020.5,69218.5,122.22160396
1717444800000,69218.4,69500.0,69103.2,69103.2,162.90838856
1717448400000,69103.3,69198.0,68916.6,69086.3,77.05219986
1717452000000,69086.3,69140.6,68805.8,69043.8,123.75410214
1717455600000,69043.9,69057.1,68732.0,68800.7,116.60392548
1717459200000,68800.7,69111.3,68650.2,69006.0,310.32860475
1717462800000,69006.0,69221.8,68904.0,69220.2,173.02772088
1717466400000,69220.2,69327.3,69089.2,69145.9,290.36125469
1717470000000,69145.9,69370.3,69124.0,69167.9,124.51921135
1717473600000,69168.0,69276.2,69055.8,69067.8,178.15028013
1717477200000,69066.5,69162.5,68915.4,68963.8,146.2031111
1717480800000,68966.7,69054.5,68757.8,68910.9,429.8129708
1717484400000,68910.9,69078.2,68895.0,69011.3,152.89486759
1717488000000,69011.2,69189.9,68824.3,68841.0,149.92737949
1717491600000,68840.8,68891.1,68560.1,68715.2,351.44384481
1717495200000,68715.3,68958.7,68698.9,68893.8,195.59076765
1717498800000,68896.0,69034.8,68836.0,68957.3,120.58101108
1717502400000,68957.5,69160.0,68843.8,68944.6,108.50413154
1717506000000,68951.6,69832.0,68943.5,69536.0,606.96872961
1717509600000,69539.2,70099.0,69324.3,69663.9,1079.28332326
1717513200000,69664.0,70500.0,69462.7,70447.9,743.31672733
1717516800000,70448.0,71000.0,70393.2,70803.3,864.07263461
1717520400000,70807.0,70838.8,70338.9,70565.6,278.81929647
1717524000000,70565.6,71071.9,70565.6,70707.5,476.73829993
1717527600000,70707.5,70736.0,70087.6,70435.9,654.00086222
1717531200000,70437.5,70549.1,70167.6,70401.2,297.38110375
1717534800000,70401.2,70631.0,70341.7,70619.0,137.67228849
1717538400000,70619.0,70742.8,70500.3,70566.2,174.97577349
1717542000000,70566.3,70615.2,70404.2,70532.3,255.14704319
1717545600000,70532.2,70893.3,70424.1,70772.6,376.57763836
1717549200000,70775.0,71306.1,70644.0,70967.2,530.8848519
1717552800000,70963.6,71146.9,70648.0,70839.7,369.29671503
1717556400000,70839.8,70996.7,70767.9,70956.0,239.11256179
1717560000000,70955.9,71255.0,70827.1,71179.2,482.73239914
1717563600000,71179.3,71207.7,70888.5,70991.9,280.8384203
1717567200000,70991.4,71148.2,70822.7,71115.0,310.28018958
1717570800000,71114.7,71371.3,71030.5,71200.7,375.43010899
1717574400000,71200.8,71243.1,70884.0,70937.0,175.80120031
1717578000000,70936.9,71031.3,70822.2,70900.0,174.71491508
1717581600000,70900.0,70927.8,70720.0,70800.5,122.0268145
1717585200000,70800.5,71097.9,70700.0,70967.2,127.20934467
1717588800000,70970.6,71120.1,70648.1,70938.6,288.12422203
1717592400000,70938.6,71175.0,70600.0,70722.4,394.44864772
1717596000000,70724.2,71063.9,70376.0,70863.9,909.51448683
1717599600000,70868.0,71717.9,70761.9,71567.3,609.58700036
1717603200000,71567.2,71754.7,71266.1,71312.8,325.18288085
1717606800000,71312.7,71717.0,71235.2,71631.6,267.57453502
1717610400000,71629.8,71744.9,70900.0,71100.4,401.30119557
1717614000000,71096.4,71420.0,70865.5,71286.4,599.91444316
1717617600000,71286.5,71368.0,71161.9,71197.4,250.64462474
1717621200000,71197.3,71219.9,71030.5,71149.0,72.47716154
1717624800000,71149.0,71279.9,71093.7,71143.9,58.3482223
1717628400000,71143.9,71293.7,70708.0,71112.0,254.65193327
1717632000000,71105.5,71189.8,70957.6,71021.6,89.90479452
1717635600000,71021.6,71187.5,70900.3,71126.6,86.79841994
1717639200000,71128.0,71241.1,71099.9,71160.9,96.80472979
1717642800000,71161.0,71188.2,71016.2,71049.2,82.86397501
1717646400000,71049.3,71111.3,70914.0,71052.7,92.44001313
1717650000000,71052.7,71084.2,70810.2,70901.3,140.34489659
1717653600000,70900.5,71038.8,70802.3,70895.2,162.30771983
1717657200000,70893.9,71067.9,70853.0,71020.4,101.21687665
1717660800000,71020.3,71039.6,70853.9,70899.9,144.04201198
1717664400000,70900.0,71140.6,70900.0,70977.0,210.39258692
1717668000000,70979.9,71010.4,70885.0,70988.0,105.97930381
1717671600000,70991.5,71188.0,70925.0,71162.7,123.34882678
1717675200000,71162.8,71450.0,71053.9,71189.9,265.44584873
1717678800000,71188.4,71540.0,71001.1,71118.7,313.04143282
1717682400000,71118.7,71517.0,71015.0,71456.0,338.20032134
1717686000000,71455.9,71651.5,71248.6,71302.2,262.5475082
1717689600000,71302.3,71382.5,70829.0,70943.9,430.23131726
1717693200000,70944.0,71228.2,70800.0,71107.1,259.63126894
1717696800000,71107.1,71164.9,70864.0,71076.4,81.23800719
1717700400000,71076.5,71083.2,70450.6,70478.8,402.82658333
1717704000000,70479.1,70744.0,70120.0,70723.1,343.90039405
1717707600000,70723.2,70859.5,70663.2,70738.4,81.86576443
1717711200000,70738.3,70888.8,70665.8,70888.8,144.55655381
1717714800000,70888.8,70948.4,70751.4,70791.4,85.22832477
1717718400000,70791.4,70882.8,70736.5,70878.9,83.34519682
1717722000000,70878.9,70911.6,70666.8,70837.8,106.45613144
1717725600000,70837.9,70873.2,70666.6,70825.1,95.9431577
1717729200000,70825.1,71027.3,70744.2,70995.9,160.30496974
1717732800000,70996.0,71263.1,70995.9,71216.1,233.94780403
1717736400000,71216.2,71450.0,71161.8,71300.0,233.88089929
1717740000000,71300.0,71359.4,71164.3,71273.4,96.1465251
1717743600000,71273.5,71310.8,71055.4,71104.0,328.1556586
1717747200000,71104.1,71198.6,71048.1,71116.4,148.19207601
1717750800000,71119.9,71321.3,71060.0,71301.8,462.83784296
1717754400000,71296.4,71437.2,71200.1,71376.4,120.39098891
1717758000000,71376.4,71720.0,71302.2,71717.3,417.22080656
1717761600000,71717.3,71997.0,70601.0,71225.9,2018.88437719
1717765200000,71227.9,71640.0,71046.5,71528.4,463.17800578
1717768800000,71526.3,71540.0,71168.8,71420.0,252.71142658
1717772400000,71420.0,71420.0,70851.2,71108.6,394.30067592
1717776000000,71108.6,71212.1,70778.2,70868.9,234.80966617
1717779600000,70869.8,70869.8,69775.3,69791.0,893.84017599
1717783200000,69791.0,69878.2,68300.0,69150.8,2516.43191952
1717786800000,69148.3,69450.0,68800.0,69256.0,759.70867994
1717790400000,69260.1,69322.0,68972.0,69308.5,385.8313749
1717794000000,69308.1,69384.4,69200.1,69240.7,87.68560073
1717797600000,69240.7,69536.4,69180.7,69500.3,116.22071985
1717801200000,69500.2,69500.2,69306.6,69348.0,61.2670401
1717804800000,69348.0,69482.6,69289.0,69396.0,173.80779111
1717808400000,69393.5,69472.7,69292.3,69466.5,85.22344674
1717812000000,69466.6,69466.6,69380.0,69426.2,103.75145638
1717815600000,69426.2,69529.9,69407.1,69422.5,108.19915668
1717819200000,69422.6,69461.8,69275.0,69308.0,54.75266184
1717822800000,69308.0,69345.2,69228.1,69312.2,76.42991054
1717826400000,69312.2,69417.4,69286.8,69336.8,55.2911607
1717830000000,69336.9,69589.6,69336.8,69589.5,216.19816073
1717833600000,69589.6,69589.6,69372.2,69429.9,101.29240955
1717837200000,69429.9,69492.0,69369.0,69440.2,79.71682465
1717840800000,69440.2,69500.0,69350.1,69455.8,73.86026321
1717844400000,69455.9,69523.0,69308.6,69365.9,140.628883
1717848000000,69364.2,69436.3,69270.0,69348.3,92.94592447
1717851600000,69348.3,69428.0,69136.4,69421.4,202.61391775
1717855200000,69423.4,69470.2,69305.9,69463.6,98.08965789
1717858800000,69463.7,69497.1,69406.5,69420.8,77.74298581
1717862400000,69420.9,69473.0,69297.2,69385.1,262.35387679
1717866000000,69385.1,69470.8,69335.1,69443.6,101.1781893
1717869600000,69443.7,69504.2,69398.6,69453.5,474.68763971
1717873200000,69454.2,69495.3,69418.5,69452.6,43.09279742
1717876800000,69452.7,69475.0,69308.2,69361.5,40.83684203
1717880400000,69361.5,69450.1,69312.0,69399.1,130.74029507
1717884000000,69399.1,69413.7,69281.2,69335.6,56.20888097
1717887600000,69335.6,69375.1,69288.4,69311.5,88.1595286
1717891200000,69311.5,69332.2,69241.6,69277.7,44.6091055
1717894800000,69277.8,69351.4,69228.2,69282.8,35.42630568
1717898400000,69282.9,69304.0,69155.9,69173.5,59.90193866
1717902000000,69173.5,69300.0,69134.0,69261.8,51.2896178
1717905600000,69261.8,69314.3,69245.2,69308.6,23.82315315
1717909200000,69308.7,69373.8,69234.6,69300.9,31.52548921
1717912800000,69300.9,69400.0,69288.0,69389.9,45.28635493
1717916400000,69389.9,69435.1,69285.5,69304.8,88.05199437
1717920000000,69304.9,69366.2,69285.8,69357.8,43.06802915
1717923600000,69357.9,69404.2,69338.6,69365.0,37.71076808
1717927200000,69365.0,69378.3,69324.9,69351.3,23.73760368
1717930800000,69351.4,69396.0,69327.6,69368.8,41.60083443
1717934400000,69368.9,69773.2,69356.5,69697.9,164.31429678
1717938000000,69700.0,69775.0,69253.0,69453.3,158.36049586
1717941600000,69453.3,69565.2,69264.7,69489.0,98.71077507
1717945200000,69489.0,69584.0,69425.1,69508.5,117.86435643
1717948800000,69508.6,69640.4,69493.8,69614.9,180.31754567
1717952400000,69615.0,69698.4,69563.4,69657.1,56.49491456
1717956000000,69657.0,69850.0,69604.4,69741.0,70.96807351
1717959600000,69740.9,69846.3,69645.0,69707.2,91.5396505
1717963200000,69707.3,69730.5,69591.5,69684.8,53.27084707
1717966800000,69684.9,69818.0,69605.9,69744.3,48.84577639
1717970400000,69744.3,69788.3,69617.9,69633.6,47.62534951
1717974000000,69636.3,69685.5,69593.5,69641.8,25.45374829
1717977600000,69641.8,69652.9,69413.8,69563.9,67.69014842
1717981200000,69563.9,69677.6,69512.0,69619.7,88.30002966
1717984800000,69619.7,69798.9,69600.0,69708.2,101.55470987
1717988400000,69708.2,69775.9,69572.9,69613.7,90.10727657
1717992000000,69613.8,69701.4,69507.8,69672.5,210.23700883
1717995600000,69672.5,69672.5,69526.6,69564.7,45.39856964
1717999200000,69564.8,69612.2,69331.1,69428.7,154.40553202
1718002800000,69428.8,69509.1,69203.5,69292.0,139.32016099
1718006400000,69292.6,69497.1,69279.8,69393.6,82.80434924
1718010000000,69392.9,69473.0,69156.1,69448.3,182.96838115
1718013600000,69448.2,69477.1,69351.5,69436.2,69.93477697
1718017200000,69436.3,69560.0,69333.0,69472.0,122.6448879
1718020800000,69472.1,69520.0,69326.4,69366.7,57.22389328
1718024400000,69366.7,69516.0,69216.7,69414.8,168.28508084
1718028000000,69414.8,69675.8,69296.5,69670.9,238.06141455
1718031600000,69671.0,70186.2,69606.0,70058.6,507.46465043
1718035200000,70058.6,70105.1,69720.1,69973.8,190.69348177
1718038800000,69973.8,70060.0,69755.0,70031.9,133.62403741
1718042400000,70032.0,70120.0,69725.4,69850.7,158.21540843
1718046000000,69850.8,69850.8,69384.6,69496.3,210.03790309
1718049600000,69496.3,69684.8,69333.0,69620.6,212.25768771
1718053200000,69620.6,69685.3,69526.6,69579.0,47.37440971
1718056800000,69579.0,69591.1,69415.3,69495.6,53.70526757
1718060400000,69495.7,69574.7,69399.9,69545.0,397.32052784
1718064000000,69545.0,69583.5,69400.0,69416.5,115.40186994
1718067600000,69416.6,69523.5,68395.0,68712.1,1630.32310336
1718071200000,68712.0,68931.6,67891.0,68262.6,1527.91344845
1718074800000,68262.7,68484.7,68168.1,68464.8,358.95566649
1718078400000,68464.8,68464.8,67618.2,68037.5,1508.23974491
1718082000000,68037.5,68104.6,67658.0,67900.1,410.03272336
1718085600000,67900.1,67979.6,67300.9,67730.0,785.65482763
1718089200000,67716.0,67849.4,67528.0,67568.9,649.2410503
1718092800000,67576.2,67647.3,67278.8,67518.2,321.49728011
1718096400000,67518.2,67661.7,66870.1,67092.7,619.90427362
1718100000000,67092.4,67286.6,66728.7,66961.3,445.25813468
1718103600000,66961.1,67113.6,66764.1,66901.7,312.4959214
1718107200000,66902.5,67189.4,66800.0,67021.8,325.33151419
1718110800000,67028.2,67280.0,66520.0,66818.7,555.94141644
1718114400000,66812.0,67095.9,66771.9,66846.2,243.56703459
1718118000000,66846.1,67060.2,66000.0,66230.3,1430.22477136
1718121600000,66230.2,66737.7,66153.9,66484.0,601.41671286
1718125200000,66484.0,66800.0,66169.6,66765.9,340.44946688
1718128800000,66762.4,67232.0,66633.1,67119.3,256.19458943
1718132400000,67119.4,67585.0,67062.1,67400.1,277.93952698
1718136000000,67402.1,67494.4,67168.8,67290.2,155.96811516
1718139600000,67290.2,67395.1,67196.6,67395.0,75.84823753
1718143200000,67395.1,67573.9,67304.8,67360.9,99.56199059
1718146800000,67361.0,67578.0,67300.0,67314.5,162.92088323
1718150400000,67312.2,67433.4,67169.2,67188.0,137.80037351
1718154000000,67188.0,67242.9,66892.4,67169.6,293.97026686
1718157600000,67169.6,67602.7,67114.8,67408.0,398.39741752
1718161200000,67408.0,67488.9,67316.2,67409.9,118.74604979
1718164800000,67409.9,67606.7,67373.1,67485.1,273.10961037
1718168400000,67485.2,67521.0,67200.1,67258.4,563.98640171
1718172000000,67258.3,67400.0,67258.3,67277.9,359.84437129
1718175600000,67278.0,67492.4,67230.1,67459.2,188.31666536
1718179200000,67459.1,67552.4,67380.1,67396.0,327.81130478
1718182800000,67396.0,67800.0,67351.3,67747.1,221.7587676
1718186400000,67747.1,68055.0,67747.1,68000.1,377.78484874
1718190000000,68000.3,68021.1,67713.9,67785.5,102.18293307
1718193600000,67786.5,69485.1,67744.1,69324.8,1570.00918335
1718197200000,69330.5,69660.0,69084.1,69325.1,594.42805055
1718200800000,69325.1,69980.0,69300.0,69956.8,487.30254684
1718204400000,69955.3,70000.0,69543.6,69728.9,296.45736619
1718208000000,69734.9,69791.2,69284.0,69611.9,316.81038972
1718211600000,69612.0,69871.7,69488.0,69801.1,235.84846789
1718215200000,69801.1,69818.7,68580.5,68824.2,1309.31592898
1718218800000,68824.2,69230.6,67244.0,67536.4,1087.41884961
1718222400000,67538.5,68300.0,67427.6,68100.1,295.78024483
1718226000000,68100.1,68666.6,68093.7,68531.8,144.10274975
1718229600000,68531.8,68539.9,68264.3,68346.3,105.43583632
1718233200000,68346.3,68351.9,68123.2,68269.8,76.81204219
1718236800000,68267.6,68401.4,68004.2,68326.3,142.07860576
1718240400000,68330.4,68364.2,67929.4,67988.9,141.13898087
1718244000000,67990.7,68175.0,67679.9,67729.3,262.31577498
1718247600000,67729.2,67851.7,66950.1,67463.9,760.89030918
1718251200000,67463.9,67715.2,67335.3,67336.0,456.10363395
1718254800000,67336.0,67702.8,67329.2,67607.5,354.83579703
1718258400000,67607.6,67615.6,67314.2,67520.0,144.4241437
1718262000000,67520.1,67743.9,67409.9,67738.3,156.70716536
1718265600000,67737.5,67765.4,67512.2,67576.9,162.68728195
1718269200000,67577.0,67577.0,67173.8,67421.8,194.2809015
1718272800000,67422.0,67981.4,67230.7,67824.0,185.12590182
1718276400000,67824.0,67958.9,67648.6,67745.4,189.26730676
1718280000000,67744.9,68458.0,67455.1,67743.5,925.92371073
1718283600000,67738.0,68267.5,67518.4,67591.5,449.10509684
1718287200000,67591.4,67734.7,67152.1,67361.9,416.03734796
1718290800000,67357.2,67536.0,66333.0,66460.0,924.87461864
1718294400000,66458.1,67025.4,66258.0,66979.5,640.76595758
1718298000000,66979.5,67070.0,66640.1,66918.5,247.31875397
1718301600000,66916.1,66981.6,66685.1,66860.5,173.28844283
1718305200000,66854.6,66887.3,66585.2,66606.8,176.05064842
1718308800000,66602.0,66804.0,66522.1,66713.0,125.32306782
1718312400000,66713.1,66973.4,66676.9,66973.4,52.39316052
1718316000000,66973.4,66987.5,66837.8,66885.9,52.62054675
1718319600000,66885.9,66908.0,66679.6,66775.7,84.48406091
1718323200000,66775.6,66896.0,66594.6,66709.4,173.07378522
1718326800000,66711.6,66831.0,66468.3,66797.9,180.31362896
1718330400000,66797.9,67032.0,66699.5,66956.0,231.45285255
1718334000000,66953.3,66991.2,66672.9,66748.0,130.03281184
1718337600000,66748.0,66835.4,66710.0,66714.4,144.06675017
1718341200000,66714.3,67210.7,66710.3,67058.4,268.40449444
1718344800000,67065.3,67121.2,66878.5,66960.1,151.99935083
1718348400000,66960.0,67099.0,66895.3,66908.8,288.82139751
1718352000000,66908.9,67266.0,66864.3,67151.9,153.24265602
1718355600000,67149.1,67149.1,66900.0,66921.5,139.15531097
1718359200000,66921.5,67021.0,66833.0,66865.0,79.54103789
1718362800000,66865.3,67099.0,66776.0,67038.8,140.19010046
1718366400000,67039.9,67293.3,66975.7,67077.8,322.40442361
1718370000000,67077.7,67366.3,66950.0,67070.7,332.87225083
1718373600000,67071.3,67119.9,66553.1,66983.8,426.72892667
1718377200000,66983.8,67053.9,66338.0,66388.3,362.03857938
1718380800000,66389.9,66524.9,65188.0,65291.2,1653.40244686
1718384400000,65283.4,65744.7,65068.0,65404.4,344.7414112
1718388000000,65404.3,65538.3,65088.1,65517.8,292.99461727
1718391600000,65522.0,65688.3,65297.2,65516.0,200.45082027
1718395200000,65515.9,65971.1,65472.4,65764.9,153.86393829
1718398800000,65765.0,66633.3,65721.6,66201.1,377.20243169
1718402400000,66210.2,66248.0,65875.7,66012.0,161.54088548
1718406000000,66011.9,66079.9,65910.2,66045.8,81.25956706
1718409600000,66045.7,66286.8,65973.7,66183.9,167.33813631
1718413200000,66186.7,66293.6,66058.1,66071.7,115.10798827
1718416800000,66072.5,66253.6,66042.1,66209.1,60.05962646
1718420400000,66211.4,66274.7,66185.6,66266.4,55.94526029
1718424000000,66266.4,66373.1,66196.8,66242.5,89.25979487
1718427600000,66243.3,66400.4,66220.0,66231.5,108.07467715
1718431200000,66231.4,66417.6,66124.0,66165.8,214.14814282
1718434800000,66165.8,66205.8,66059.5,66074.9,122.8253118
1718438400000,66074.9,66215.4,66074.8,66215.3,74.59856525
1718442000000,66215.3,66292.3,66102.3,66224.2,76.28895523
1718445600000,66224.2,66325.0,66200.0,66284.8,95.23987556
1718449200000,66284.9,66344.9,66261.9,66316.1,90.67970245
1718452800000,66316.0,66359.4,66217.2,66347.7,36.25654629
1718456400000,66347.6,66353.0,66229.9,66305.7,51.71399059
1718460000000,66305.6,66307.8,66162.7,66220.1,137.20534522
1718463600000,66220.2,66485.2,66212.0,66317.5,154.02033738
1718467200000,66317.5,66365.6,66182.4,66184.9,43.63232226
1718470800000,66184.9,66310.3,66130.7,66248.4,53.79514972
1718474400000,66245.8,66245.8,66136.0,66149.9,71.44303401
1718478000000,66148.1,66211.3,66071.2,66156.0,25.36261804
1718481600000,66156.1,66176.0,65857.0,66043.4,122.21467249
1718485200000,66043.4,66158.3,66041.1,66122.7,40.54752083
1718488800000,66121.9,66209.4,66039.6,66209.4,104.70279944
1718492400000,66209.4,66300.0,66204.2,66223.4,92.27742409
1718496000000,66223.5,66271.4,66155.5,66164.4,31.60807478
1718499600000,66164.3,66218.4,66100.0,66174.8,40.71772072
1718503200000,66174.9,66185.1,66110.4,66140.0,17.06231543
1718506800000,66140.0,66163.9,66061.0,66135.7,70.23517441
1718510400000,66135.7,66211.9,66034.9,66160.0,35.5572601
1718514000000,66160.0,66263.3,66160.0,66263.2,26.57642621
1718517600000,66263.3,66350.0,66174.0,66309.5,36.67114172
1718521200000,66309.6,66355.2,66250.0,66268.0,50.17153021
1718524800000,66267.9,66341.4,66237.9,66271.7,68.725466
1718528400000,66271.7,66428.9,66186.1,66407.5,91.86492931
1718532000000,66405.9,66772.0,66359.4,66714.6,238.85652992
1718535600000,66712.9,66730.3,66433.3,66486.2,88.38548745
1718539200000,66486.2,66645.6,66474.7,66589.8,61.79275083
1718542800000,66589.9,66759.5,66555.0,66759.5,165.57493964
1718546400000,66759.5,66796.7,66505.0,66520.2,126.81626684
1718550000000,66520.3,66730.0,66510.7,66705.4,46.40531591
1718553600000,66707.9,66744.3,66542.8,66593.9,55.1882631
1718557200000,66593.9,66677.8,66521.0,66590.3,157.08046053
1718560800000,66590.3,66676.2,66567.0,66595.6,67.80332672
1718564400000,66592.0,66649.9,66517.8,66561.3,43.60207563
1718568000000,66561.4,66617.5,66465.0,66524.3,37.87685551
1718571600000,66524.4,66543.6,66465.1,66523.9,28.77441643
1718575200000,66525.5,66985.4,66525.5,66753.0,188.51050828
1718578800000,66753.0,66833.4,66620.4,66677.9,65.00904113
1718582400000,66677.9,66914.7,66550.0,66586.9,118.78804229
1718586000000,66586.8,66616.0,66283.5,66468.9,272.7932093
1718589600000,66468.9,66477.7,66204.0,66346.9,176.27771213
1718593200000,66347.3,66442.2,66144.1,66225.9,228.8666354
1718596800000,66228.0,66448.8,66165.6,66448.8,94.80476239
1718600400000,66448.8,66567.6,66300.0,66352.1,107.80317496
1718604000000,66358.6,66397.8,66088.2,66137.7,283.81365962
1718607600000,66137.7,66380.0,65938.1,66178.7,298.57090864
1718611200000,66182.1,66321.0,65986.0,66202.7,148.20947911
1718614800000,66202.7,66249.5,65652.7,65724.6,335.63121941
1718618400000,65724.5,65952.5,65557.7,65882.1,348.42444165
1718622000000,65882.0,66053.0,65789.2,65807.3,151.56577152
1718625600000,65807.3,65832.2,65522.1,65631.0,284.03768104
1718629200000,65631.0,65810.8,65180.1,65196.1,759.35180973
1718632800000,65197.0,65788.0,65124.3,65474.5,285.05541144
1718636400000,65474.6,65746.0,65261.8,65365.2,273.40310412
1718640000000,65365.2,66058.0,65133.6,65893.0,434.21152307
1718643600000,65893.0,66600.0,65893.0,66599.9,362.12322558
1718647200000,66599.9,67301.4,66546.3,67093.8,755.28082817
1718650800000,67093.8,67112.6,66559.7,66690.0,324.32487136
1718654400000,66690.1,66771.8,66170.0,66397.7,247.43248573
1718658000000,66397.7,66721.1,66312.4,66575.9,104.94668063
1718661600000,66582.5,66706.9,66485.0,66652.1,101.48108343
1718665200000,66652.0,66717.0,66379.6,66492.1,162.02878551
1718668800000,66492.1,66592.8,65482.7,65751.3,480.0128806
1718672400000,65746.1,65955.3,64555.0,65129.9,1921.52132001
1718676000000,65129.9,65643.9,64542.9,65452.6,930.84377182
1718679600000,65453.5,65577.0,65264.1,65499.9,228.61797339
1718683200000,65499.9,65753.3,65338.9,65569.6,294.10178875
1718686800000,65569.5,65843.1,65553.0,65594.0,252.83086615
1718690400000,65596.0,65729.6,65388.9,65500.0,263.63294799
1718694000000,65504.0,65800.0,65483.0,65675.9,174.76564567
1718697600000,65675.9,65764.6,65593.5,65736.7,131.12026297
1718701200000,65736.7,65736.7,65460.1,65483.8,230.05501587
1718704800000,65483.9,65610.0,65360.0,65438.0,238.84457225
1718708400000,65436.2,65490.1,65112.0,65366.1,349.82734258
1718712000000,65366.1,65440.2,65006.0,65234.0,368.76975707
1718715600000,65230.9,65261.6,64640.0,64843.3,592.48127958
1718719200000,64843.3,65400.0,64325.6,64635.2,770.85298179
1718722800000,64639.4,64932.9,64256.0,64702.3,529.35050209
1718726400000,64705.8,64861.5,64300.0,64692.1,392.98914907
1718730000000,64692.0,64901.3,64392.5,64602.5,305.46495377
1718733600000,64610.0,64866.5,64308.2,64681.8,186.05336557
1718737200000,64681.7,64739.3,64051.5,64418.0,622.42921587
1718740800000,64412.5,65046.7,64189.1,64928.3,289.2193032
1718744400000,64930.0,65300.0,64793.6,65221.8,232.07411737
1718748000000,65220.1,65300.0,65050.0,65282.0,111.55027729
1718751600000,65282.0,65283.4,65047.9,65177.1,138.30884983
1718755200000,65177.1,65223.7,64860.0,65138.5,242.23833199
1718758800000,65138.6,65500.0,64807.5,65044.9,389.2568626
1718762400000,65045.0,65490.4,65015.0,65328.1,241.14682544
1718766000000,65328.1,65600.0,65280.1,65411.0,284.12326438
1718769600000,65411.0,65727.2,65347.7,65447.9,245.53145795
1718773200000,65446.0,65557.8,65336.0,65415.6,90.50401465
1718776800000,65415.7,65598.9,65399.0,65598.9,90.77027985
1718780400000,65598.9,65651.4,65138.0,65333.7,186.44051571
1718784000000,65333.8,65364.9,65104.0,65184.2,179.33318561
1718787600000,65184.1,65304.3,65074.0,65304.2,205.1434308
1718791200000,65304.2,65527.7,65134.5,65527.6,137.53307513
1718794800000,65527.6,65547.5,65014.0,65208.0,293.76790817
1718798400000,65208.1,65309.5,65017.5,65184.9,240.78719941
1718802000000,65184.9,65241.4,65054.0,65087.6,87.51761661
1718805600000,65087.6,65148.0,64826.3,64954.6,259.83648846
1718809200000,64954.5,65123.5,64762.0,64929.0,266.97079304
1718812800000,64929.0,65100.0,64807.0,64932.8,175.71506829
1718816400000,64932.8,65284.0,64902.5,65090.0,169.39705447
1718820000000,65090.1,65167.4,64961.1,64968.5,70.24729343
1718823600000,64968.5,64988.0,64800.0,64888.0,61.57339429
1718827200000,64888.0,64935.1,64666.2,64880.6,121.74075015
1718830800000,64882.6,65090.9,64838.1,65009.9,63.62479281
1718834400000,65008.0,65058.6,64828.5,64828.5,39.2221544
1718838000000,64828.6,64998.0,64800.2,64965.8,37.34568907
1718841600000,64965.9,65105.6,64832.0,65097.5,102.84460227
1718845200000,65098.3,65412.1,65035.0,65163.3,194.59418585
1718848800000,65162.8,65238.6,64968.0,65206.8,109.17707794
1718852400000,65204.3,65253.0,65094.8,65196.4,46.88672029
1718856000000,65196.4,65336.0,65084.7,65301.4,125.12577083
1718859600000,65301.4,65625.6,65247.4,65519.5,279.39967511
1718863200000,65519.6,65647.0,65392.1,65474.1,317.86627677
1718866800000,65474.0,65979.1,65474.0,65860.2,481.28411209
1718870400000,65861.0,65915.9,65595.6,65690.0,257.58345611
1718874000000,65690.0,65747.2,65578.0,65724.2,193.34677452
1718877600000,65724.1,66299.2,65646.5,66209.7,307.91313539
1718881200000,66213.1,66493.9,66103.4,66171.7,347.75319647
1718884800000,66171.8,66298.7,65866.6,65985.9,234.01386473
1718888400000,65985.9,66006.3,65142.0,65154.0,664.48471076
1718892000000,65154.1,65205.6,64656.0,64963.3,520.44587954
1718895600000,64963.4,65139.9,64791.7,64832.0,245.61519168
1718899200000,64831.3,64960.0,64560.0,64892.6,337.98962949
1718902800000,64895.5,65027.8,64687.9,64979.9,185.58950968
1718906400000,64980.5,65214.9,64935.0,65120.5,126.68643685
1718910000000,65120.5,65127.0,64834.2,65066.9,200.7324721
1718913600000,65066.8,65193.8,64997.5,65117.4,102.08061138
1718917200000,65117.0,65195.5,65033.7,65046.1,33.62245482
1718920800000,65045.8,65159.1,64973.5,65000.1,59.88205447
1718924400000,65000.2,65068.7,64863.6,64880.2,69.2919998
1718928000000,64880.1,64948.9,64640.0,64829.6,137.3449506
1718931600000,64829.7,65021.0,64666.0,64977.0,123.56695746
1718935200000,64977.9,65076.8,64729.8,64802.1,445.39173713
1718938800000,64802.1,64847.0,64358.0,64504.0,465.46885858
1718942400000,64507.9,64708.0,64321.1,64690.0,653.97661107
1718946000000,64690.1,64699.1,64503.4,64672.0,223.03974307
1718949600000,64672.0,64740.6,64563.0,64636.0,99.08206431
1718953200000,64636.0,64748.8,64201.3,64210.0,450.57109046
1718956800000,64214.0,64372.8,63518.1,63644.2,974.75174537
1718960400000,63644.1,64299.9,63560.2,64100.0,453.01336067
1718964000000,64100.0,64178.0,63807.2,63890.2,201.7755324
1718967600000,63890.2,64056.0,63670.2,63764.8,311.50740584
1718971200000,63764.5,63933.0,63513.6,63823.0,303.05329382
1718974800000,63822.9,63876.3,63383.3,63615.0,529.16811451
1718978400000,63615.4,64387.9,63437.1,64216.1,591.4485204
1718982000000,64220.2,64346.5,63444.1,63724.1,477.82876514
1718985600000,63727.9,63833.3,63564.5,63653.0,165.2398348
1718989200000,63654.9,63898.1,63461.5,63664.0,290.40983589
1718992800000,63664.0,64180.0,63641.6,64158.5,219.83075936
1718996400000,64158.5,64266.1,63938.1,64230.7,204.98489304
1719000000000,64230.7,64466.0,64105.2,64202.1,211.14490504
1719003600000,64206.0,64210.0,63837.6,64091.0,102.85392304
1719007200000,64091.1,64201.8,64085.2,64164.2,46.78629885
1719010800000,64164.3,64231.4,64069.6,64145.4,46.23708477
1719014400000,64145.4,64187.7,63933.3,64054.1,95.22645217
1719018000000,64054.2,64223.1,64037.5,64149.9,66.41959138
1719021600000,64149.8,64333.8,64149.8,64305.9,163.06874326
1719025200000,64306.3,64350.0,64268.0,64327.3,144.21685758
1719028800000,64327.3,64367.3,64245.7,64357.0,49.63263973
1719032400000,64356.9,64433.7,64255.6,64419.9,128.40025271
1719036000000,64420.0,64543.9,64357.8,64425.0,202.73133701
1719039600000,64425.1,64534.6,64305.9,64515.1,161.12018003
1719043200000,64515.1,64530.0,64274.8,64295.2,122.47345149
1719046800000,64292.8,64349.4,64205.5,64329.1,69.65567842
1719050400000,64329.1,64378.0,64275.1,64318.7,43.57659532
1719054000000,64318.7,64324.9,64250.0,64274.9,46.21683873
1719057600000,64275.0,64337.9,64272.2,64296.7,41.13491483
1719061200000,64296.8,64308.6,64250.0,64283.8,27.64060115
1719064800000,64283.8,64398.8,64252.1,64287.9,66.4376618
1719068400000,64287.9,64316.2,64242.5,64302.9,77.43688994
1719072000000,64303.0,64357.8,64263.4,64316.3,29.09298205
1719075600000,64316.4,64352.9,64256.0,64258.5,26.93925323
1719079200000,64258.6,64330.6,64254.5,64272.9,68.8429722
1719082800000,64273.0,64307.3,64233.9,64295.5,20.78044382
1719086400000,64295.6,64310.3,64247.3,64292.4,23.85787248
1719090000000,64292.4,64343.6,64263.8,64323.7,24.87572727
1719093600000,64323.8,64323.8,64267.4,64311.4,14.40648181
1719097200000,64311.5,64330.9,64257.1,64263.0,14.26472235
1719100800000,64263.0,64524.7,64263.0,64478.4,99.49473438
1719104400000,64478.5,64522.6,64346.4,64473.0,63.80975264
1719108000000,64473.0,64511.9,64367.9,64511.9,39.52880916
1719111600000,64512.0,64519.4,64405.4,64409.0,123.28718172
1719115200000,64410.0,64432.5,64369.9,64379.5,291.05205623
1719118800000,64378.6,64418.6,64340.0,64376.6,31.5765504
1719122400000,64376.7,64417.5,64372.0,64380.7,29.8306541
1719126000000,64380.7,64439.4,64370.1,64415.1,46.64308522
1719129600000,64415.1,64437.2,64370.9,64388.0,40.33566489
1719133200000,64388.0,64427.2,64387.9,64414.7,41.34983275
1719136800000,64414.7,64414.7,64290.8,64304.1,79.05085574
1719140400000,64304.1,64341.8,64251.2,64341.8,54.19937925
1719144000000,64341.8,64398.0,64317.6,64391.7,53.39851817
1719147600000,64391.8,64446.4,64250.0,64302.6,89.78226483
1719151200000,64302.5,64313.1,64153.8,64199.9,88.276145
1719154800000,64199.8,64208.4,64067.9,64097.9,81.09059773
1719158400000,64098.0,64183.7,63930.0,63934.1,66.68163818
1719162000000,63934.1,64184.0,63929.9,64122.8,67.91763233
1719165600000,64122.8,64158.4,64068.3,64119.3,20.57244555
1719169200000,64119.4,64186.4,64094.1,64154.4,28.53031705
1719172800000,64154.3,64160.0,63613.8,63740.0,294.12932294
1719176400000,63740.0,63853.5,63526.8,63836.3,751.41428133
1719180000000,63836.9,63836.9,63633.0,63659.8,80.95360912
1719183600000,63663.3,63700.0,63155.2,63211.9,374.93203746
1719187200000,63212.0,63327.2,62903.3,63068.5,752.58787391
1719190800000,63068.5,63333.7,62912.7,63297.9,582.16392979
1719194400000,63297.9,63366.7,62674.3,62872.7,395.47203897
1719198000000,62872.7,63070.9,62731.0,62857.9,220.57151411
1719201600000,62853.8,62947.9,62648.7,62833.0,247.12591019
1719205200000,62833.0,62881.5,62264.9,62310.3,500.59259063
1719208800000,62310.1,62423.8,62161.9,62390.0,389.89568836
1719212400000,62390.0,62591.9,62181.1,62460.6,341.28151477
1719216000000,62463.0,62970.6,62327.0,62724.9,387.66938749
1719219600000,62729.6,62856.8,60588.6,61403.7,2488.21334754
1719223200000,61399.4,61576.2,61125.5,61168.6,793.2046266
1719226800000,61165.2,61380.6,60833.5,61286.0,393.74385416
1719230400000,61284.7,61500.0,61120.5,61216.1,295.52906865
1719234000000,61217.9,61644.8,60931.9,61570.0,454.40049702
1719237600000,61570.0,61695.9,61087.2,61303.7,333.99865015
1719241200000,61304.9,61363.6,60683.1,60850.0,545.27441517
1719244800000,60849.9,61050.0,60000.0,60164.0,1298.65021303
1719248400000,60165.9,60545.3,59809.0,60251.1,1318.69536009
1719252000000,60252.1,60484.1,59705.6,60408.1,916.28086118
1719255600000,60408.0,60482.0,59050.0,59316.0,872.02245405
1719259200000,59304.2,59661.5,58378.0,59515.9,1663.78083577
1719262800000,59515.9,60107.5,59400.0,60107.4,447.96284012
1719266400000,60107.5,60276.1,59975.5,60047.4,292.25632097
1719270000000,60047.6,60443.1,60000.0,60290.6,359.99829216
1719273600000,60290.1,60658.2,60251.2,60411.7,241.38900194
1719277200000,60411.8,60506.5,60273.2,60495.4,196.56732445
1719280800000,60495.4,60725.0,60410.4,60680.0,289.40949402
1719284400000,60680.0,61599.9,60624.1,61304.0,978.12659547
1719288000000,61304.1,61419.6,61167.6,61374.3,358.79049689
1719291600000,61374.3,61419.3,60936.0,61021.7,236.39617266
1719295200000,61021.8,61180.0,60953.7,61146.1,230.49081079
1719298800000,61148.5,61256.8,60628.0,60685.4,375.8849013
1719302400000,60685.5,60914.7,60670.0,60868.5,282.41367816
1719306000000,60868.6,61597.8,60840.9,61450.0,416.73049513
1719309600000,61450.0,61462.0,61172.0,61312.1,261.84174706
1719313200000,61312.1,61490.1,61117.8,61189.2,217.29073279
1719316800000,61188.5,61278.1,60971.1,61053.9,213.35428176
1719320400000,61056.0,61439.5,61021.0,61199.9,315.71167701
1719324000000,61200.0,62151.6,61161.2,61767.6,927.80658
1719327600000,61774.0,61960.7,61328.1,61820.6,644.13383153
1719331200000,61820.7,61949.9,61367.8,61385.8,300.65225432
1719334800000,61380.6,61797.2,61334.0,61387.6,271.38942579
1719338400000,61387.7,62242.7,61145.1,62158.2,714.11938999
1719342000000,62158.2,62422.7,61803.6,61974.1,470.79301258
1719345600000,61973.4,62081.8,61886.9,61932.6,149.96771104
1719349200000,61927.2,62027.1,61810.6,61921.3,60.44329021
1719352800000,61925.1,62163.9,61861.8,61908.1,127.80305554
1719356400000,61908.1,61948.0,61664.0,61806.1,249.01149283
1719360000000,61804.1,61844.3,61639.4,61763.1,137.52599968
1719363600000,61763.1,62183.9,61726.6,62085.9,233.23107505
1719367200000,62090.6,62483.9,62010.5,62020.3,392.51807884
1719370800000,62020.2,62076.6,61832.9,61930.8,253.70341794
1719374400000,61930.9,61989.9,61707.3,61708.1,130.85519865
1719378000000,61708.1,61800.5,61569.1,61569.1,161.50258577
1719381600000,61569.1,61680.7,61525.8,61587.5,115.57075388
1719385200000,61588.6,61814.8,61539.3,61733.3,262.13713515
1719388800000,61733.3,61767.1,61364.7,61479.3,275.74022509
1719392400000,61479.4,61528.6,61313.7,61378.8,237.4430147
1719396000000,61378.7,61419.8,61162.6,61267.9,279.21188869
1719399600000,61273.1,61572.1,61272.9,61446.0,136.35994106
1719403200000,61444.1,61587.6,61333.3,61428.1,142.177563
1719406800000,61428.0,61831.1,61374.2,61751.4,336.34882064
1719410400000,61757.7,61983.9,61549.3,61730.1,271.60975208
1719414000000,61730.1,61772.1,61188.2,61480.0,353.33573732
1719417600000,61480.0,61553.8,61166.9,61274.1,220.29082295
1719421200000,61272.6,61368.0,60857.5,61242.5,485.4115356
1719424800000,61242.6,61246.8,60904.1,60913.2,172.98065299
1719428400000,60913.1,61153.9,60712.6,60996.7,500.38425607
1719432000000,60998.0,61150.8,60717.3,60999.2,195.917756
1719435600000,60998.1,61094.6,60924.9,61063.9,129.11081192
1719439200000,61063.9,61068.0,60792.9,60933.8,119.11030753
1719442800000,60933.8,60993.8,60788.1,60866.1,149.66228359
1719446400000,60866.2,61050.0,60765.0,60985.8,148.39773588
1719450000000,60990.1,61153.0,60892.6,61057.6,180.61481122
1719453600000,61057.7,61099.1,60868.2,61026.3,106.87700788
1719457200000,61032.5,61292.0,60939.4,61039.8,161.41087221
1719460800000,61039.9,61189.8,61017.2,61112.1,82.46337316
1719464400000,61112.2,61159.8,60804.0,60810.0,196.28849923
1719468000000,60809.9,60856.0,60620.7,60748.9,259.39202092
1719471600000,60748.9,60918.4,60722.0,60798.0,150.25355963
1719475200000,60798.1,60867.7,60738.0,60867.7,105.95332249
1719478800000,60867.8,61343.1,60816.1,61280.0,242.1797533
1719482400000,61280.0,61449.5,61103.2,61103.3,272.25858939
1719486000000,61103.3,61314.0,61090.0,61189.9,189.06855786
1719489600000,61189.8,61664.4,61144.2,61345.9,421.65199031
1719493200000,61350.0,62000.0,61310.0,61988.0,1219.5585357
1719496800000,61993.9,62390.0,61700.3,61739.9,853.94918104
1719500400000,61740.0,61857.9,61530.0,61590.1,366.73474625
1719504000000,61590.1,61829.9,61536.0,61714.7,328.69817894
1719507600000,61715.9,62019.2,61682.0,61838.6,149.77289127
1719511200000,61837.1,61929.9,61733.4,61883.9,93.81071486
1719514800000,61890.3,61898.0,61411.2,61454.1,204.08263536
1719518400000,61456.1,61583.4,61360.0,61491.5,116.97718972
1719522000000,61492.1,61593.4,61468.1,61543.4,69.6218132
1719525600000,61543.5,61671.4,61516.3,61636.1,76.91986859
1719529200000,61640.6,61709.6,61609.3,61706.6,79.14100596
1719532800000,61706.5,61726.8,61500.0,61560.2,235.10055654
1719536400000,61560.1,62233.9,61500.0,62080.0,313.81852545
1719540000000,62080.0,62136.8,61580.1,61726.0,288.78870208
1719543600000,61723.9,61915.9,61643.2,61825.0,108.73371034
1719547200000,61825.1,61836.4,61517.8,61742.6,147.66197372
1719550800000,61742.5,61742.6,61500.0,61604.0,145.66887751
1719554400000,61604.0,61675.9,61516.1,61627.9,190.84467818
1719558000000,61627.9,61627.9,61234.4,61336.0,560.01293293
1719561600000,61336.0,61476.0,61207.5,61476.0,240.98360331
1719565200000,61476.0,61588.3,61370.0,61547.7,113.24398508
1719568800000,61547.8,61604.0,61447.3,61546.6,145.49235705
1719572400000,61542.2,61800.0,61480.0,61692.0,178.97186956
1719576000000,61695.9,61880.0,61288.1,61390.2,623.75269017
1719579600000,61390.2,61840.0,61233.6,61294.5,409.28262604
1719583200000,61294.6,61509.9,60780.0,60923.5,591.31668634
1719586800000,60923.5,61189.3,60730.0,61060.0,378.61950656
1719590400000,61060.0,61116.6,60642.0,60940.0,481.49755487
1719594000000,60940.0,61075.9,60704.0,60819.1,232.10784539
1719597600000,60819.2,60880.1,60662.1,60839.2,211.93471555
1719601200000,60839.1,60856.0,60090.0,60137.7,1182.38760291
1719604800000,60134.0,60372.9,60055.5,60248.6,352.95779502
1719608400000,60248.6,60409.4,60140.8,60363.6,227.94845379
1719612000000,60363.6,60420.4,60291.1,60373.7,150.44655293
1719615600000,60373.7,60461.7,60359.0,60436.0,77.04950427
1719619200000,60436.1,60809.5,60398.0,60761.0,619.10693655
1719622800000,60761.1,61000.0,60748.2,60897.1,246.77888239
1719626400000,60897.1,60977.4,60698.0,60759.4,123.63548891
1719630000000,60759.4,60815.8,60706.5,60761.2,61.36377257
1719633600000,60761.1,60802.0,60703.8,60775.2,52.26623659
1719637200000,60775.2,60790.1,60700.3,60749.9,100.5803566
1719640800000,60749.9,60856.0,60729.9,60846.1,108.78529124
1719644400000,60846.1,61136.0,60826.0,61050.0,286.94358791
1719648000000,61050.0,61075.1,60907.1,60981.1,107.7536075
1719651600000,60981.2,61000.0,60891.1,60979.9,71.72381887
1719655200000,60978.6,61038.9,60904.9,60988.7,50.70104164
1719658800000,60988.8,61218.2,60923.9,61104.1,284.17292953
1719662400000,61104.1,61155.6,60984.4,61040.2,83.70443395
1719666000000,61040.1,61179.2,61006.5,61098.9,66.17375239
1719669600000,61096.2,61170.0,60951.8,61018.5,113.19274772
1719673200000,61018.6,61115.2,60950.0,61115.1,84.10014197
1719676800000,61115.2,61133.3,60916.6,61000.1,77.40056618
1719680400000,61000.1,61047.3,60924.2,61026.6,39.1471129
1719684000000,61026.7,61065.0,60979.2,61048.9,74.39187374
1719687600000,61049.0,61078.3,60924.0,61048.2,42.4877169
1719691200000,61048.3,61091.7,60964.1,61047.1,33.91726025
1719694800000,61040.8,61099.9,60940.4,61049.4,64.72318548
1719698400000,61049.4,61059.9,60835.5,60971.9,53.43113911
1719702000000,60972.0,61063.2,60939.0,60986.7,38.12731046
1719705600000,60986.7,61082.0,60914.8,61026.4,44.65486332
1719709200000,61025.5,61049.9,60926.0,60960.0,50.20520296
1719712800000,60960.0,60964.6,60758.4,60838.0,157.68221644
1719716400000,60838.0,60943.7,60786.5,60899.5,78.24740972
1719720000000,60899.5,60900.0,60764.0,60770.6,53.08427902
1719723600000,60768.3,60810.5,60710.1,60791.8,46.00531141
1719727200000,60791.9,61042.8,60766.0,61042.8,60.78604419
1719730800000,61042.8,61799.9,61030.1,61529.9,851.7720365
1719734400000,61529.9,61607.9,61386.4,61542.2,217.98869359
1719738000000,61542.2,61708.0,61498.1,61524.1,132.83775075
1719741600000,61522.0,61633.4,61492.1,61535.0,56.24317309
1719745200000,61538.8,61674.5,61510.1,61553.2,139.75885141
1719748800000,61553.3,61660.6,61329.4,61494.0,108.84497268
1719752400000,61494.0,61742.5,61446.2,61720.5,142.85458201
1719756000000,61718.4,61865.0,61524.0,61585.7,199.35561027
1719759600000,61585.8,61774.0,61585.8,61719.8,105.51905009
1719763200000,61720.0,61749.1,61579.4,61607.9,68.83433961
1719766800000,61608.0,61866.6,61606.8,61708.7,133.29084476
1719770400000,61708.8,62099.5,61671.9,62059.9,166.55706902
1719774000000,62058.3,62108.0,61886.0,62026.4,188.16313497
1719777600000,62024.0,62394.2,61973.2,61982.2,282.65287005
1719781200000,61982.1,62009.9,61822.0,61929.8,104.6235009
1719784800000,61928.7,62958.0,61928.7,62887.5,432.88353843
1719788400000,62887.4,63066.7,62767.4,62774.2,189.26388317
1719792000000,62774.3,62941.9,62571.0,62931.9,245.30690899
1719795600000,62935.5,63732.0,62892.1,63642.0,708.40315558
1719799200000,63642.1,63822.3,63283.3,63440.6,573.44170092
1719802800000,63446.1,63526.4,63346.0,63431.2,245.12195921
1719806400000,63431.2,63470.4,63217.6,63274.5,127.9463048
1719810000000,63277.7,63449.9,63259.2,63424.9,107.12451477
1719813600000,63423.0,63468.0,63280.6,63407.7,215.57770415
1719817200000,63407.8,63438.6,63240.0,63276.7,166.92647571
1719820800000,63276.8,63320.0,62827.0,62923.7,370.36117337
1719824400000,62923.8,63000.0,62780.3,62939.9,188.11310723
1719828000000,62940.0,62981.2,62783.9,62852.2,119.77280027
1719831600000,62852.1,62863.8,62600.0,62667.8,184.71400133
1719835200000,62667.8,62914.4,62643.9,62887.6,217.9861356
1719838800000,62887.7,63084.0,62531.4,62688.1,299.48390642
1719842400000,62688.1,62949.9,62608.6,62824.5,339.74354184
1719846000000,62824.4,63159.2,62816.1,63142.1,243.15997688
1719849600000,63142.1,63361.7,62962.2,63113.2,531.43657567
1719853200000,63119.5,63699.6,63050.7,63693.8,384.21635235
1719856800000,63693.9,63860.2,63436.4,63650.0,381.33244005
1719860400000,63650.0,63650.0,63069.7,63226.1,372.36876425
1719864000000,63224.9,63426.5,63161.7,63293.4,87.37648612
1719867600000,63288.1,63288.1,63032.8,63130.0,99.7028567
1719871200000,63130.1,63167.7,62807.7,62982.1,236.42081379
1719874800000,62982.1,63050.0,62839.4,62906.3,196.71024548
1719878400000,62906.2,62999.1,62785.8,62925.5,123.43263087
1719882000000,62925.5,62970.6,62816.6,62934.2,65.4917906
1719885600000,62934.3,63124.8,62921.7,63000.1,169.53388412
1719889200000,63000.1,63294.0,62989.4,63130.8,92.5285013
1719892800000,63130.8,63248.0,63033.1,63033.2,71.87462633
1719896400000,63033.2,63099.9,63000.0,63023.3,59.57094015
1719900000000,63023.2,63049.8,62822.3,62866.6,208.69418483
1719903600000,62866.7,62876.9,62583.4,62628.3,227.6750468
1719907200000,62628.3,62747.7,62430.4,62668.5,220.56037299
1719910800000,62668.5,62790.7,62615.9,62652.8,121.25639405
1719914400000,62652.9,62819.8,62505.6,62722.0,135.91109332
1719918000000,62722.1,62860.0,62617.6,62826.8,110.45894304
1719921600000,62826.9,63049.9,62722.1,62877.7,165.43627676
1719925200000,62877.8,63181.4,62538.0,62635.9,303.76533727
1719928800000,62626.5,62730.0,61866.6,62042.5,1124.68599891
1719932400000,62039.8,62159.9,61835.1,61949.9,244.61090863
1719936000000,61950.0,62031.6,61820.0,61930.6,186.65284679
1719939600000,61930.7,62161.9,61888.0,62155.0,174.77115158
1719943200000,62156.0,62374.7,62141.1,62328.1,176.30796532
1719946800000,62327.0,62373.1,61882.1,61942.1,167.13311147
1719950400000,61942.2,62093.8,61876.4,62011.3,143.27147416
1719954000000,62011.2,62101.4,61908.1,61956.3,119.23254414
1719957600000,61956.2,62122.6,61946.5,62094.0,89.33045707
1719961200000,62094.0,62188.7,62080.1,62145.0,161.93062585
1719964800000,62145.1,62290.0,62092.0,62092.0,154.32148068
1719968400000,62092.1,62222.7,61294.0,61593.4,664.02627943
1719972000000,61618.1,61622.0,61238.7,61360.0,505.69336042
1719975600000,61363.9,61372.2,60608.7,60992.9,549.40407251
1719979200000,60993.0,60993.0,60814.5,60883.4,174.62621682
1719982800000,60883.3,61119.4,60860.1,61119.4,151.18584252
1719986400000,61119.4,61186.2,60985.5,61018.0,197.40311003
1719990000000,61018.0,61053.0,60846.7,60869.4,275.31110197
1719993600000,60863.4,60984.9,60366.0,60497.9,729.28347138
1719997200000,60498.0,60666.0,60333.3,60607.2,336.52292045
1720000800000,60607.2,60620.2,59571.1,60386.1,1325.08642102
1720004400000,60386.0,60484.9,60104.4,60378.5,662.18226183
1720008000000,60378.6,60383.2,59927.7,60030.7,475.9692305
1720011600000,60026.0,60642.7,59755.1,60593.7,432.8683249
1720015200000,60593.8,60750.0,60264.6,60290.0,323.34984912
1720018800000,60290.0,60466.6,59972.0,60183.0,420.29588972
1720022400000,60181.4,60659.9,60100.0,60496.8,305.64575266
1720026000000,60498.2,60520.8,60192.1,60370.7,157.693166
1720029600000,60370.6,60441.9,60231.4,60248.0,166.63489122
1720033200000,60248.0,60248.0,59654.1,59668.0,423.40557398
1720036800000,59664.1,59870.5,59573.4,59601.4,225.21155112
1720040400000,59606.0,60339.3,59375.1,60247.1,338.69110577
1720044000000,60247.0,60367.1,60126.6,60319.6,130.84211942
1720047600000,60321.0,60377.1,60205.4,60217.7,68.42704533
1720051200000,60217.6,60472.4,60208.1,60420.1,176.52025767
1720054800000,60420.2,60493.1,58428.2,58580.1,1396.95285331
1720058400000,58582.5,59115.2,57800.9,58968.5,1417.37346922
1720062000000,58968.6,59154.6,58838.6,59106.0,219.63258392
1720065600000,59106.1,59154.1,58720.0,58971.1,267.80893236
1720069200000,58974.6,59046.4,58852.0,58899.3,158.14502188
1720072800000,58899.5,59087.5,58547.4,58798.9,365.43166157
1720076400000,58802.3,58871.0,58100.1,58230.1,607.81657528
1720080000000,58230.1,58496.7,57200.0,57689.9,1704.4852782
1720083600000,57687.8,57874.9,56957.4,57745.1,1235.75179844
1720087200000,57742.5,57949.9,57435.7,57946.6,549.21503122
1720090800000,57946.6,58106.0,57677.7,57765.2,369.02563916
1720094400000,57765.2,57765.2,57159.0,57248.3,458.10814484
1720098000000,57250.4,57499.3,56759.5,57422.9,1445.09453575
1720101600000,57422.9,57535.9,56852.5,57452.1,640.12717762
1720105200000,57452.0,58346.9,57360.0,58143.3,646.4769337
1720108800000,58143.3,58393.3,57752.1,58299.2,441.92281764
1720112400000,58299.1,58390.8,58094.0,58242.2,237.26399765
1720116000000,58245.6,58368.4,57936.4,58164.0,301.63906593
1720119600000,58164.0,58663.8,58134.1,58282.1,328.32481576
1720123200000,58282.1,58357.8,58133.4,58357.8,95.44760492
1720126800000,58358.0,58651.0,58286.9,58499.9,71.72150031
1720130400000,58499.9,58822.0,58004.1,58041.9,233.04024338
1720134000000,58041.9,58119.9,56867.0,57050.0,928.68708345
1720137600000,57050.0,57548.4,56680.0,57379.9,955.01944053
1720141200000,57380.0,57448.4,56815.3,57171.1,392.84758713
1720144800000,57170.1,57256.3,55450.0,55754.8,1825.72588516
1720148400000,55754.8,55980.3,54893.7,55233.9,2080.38823962
1720152000000,55233.9,55371.2,53269.0,53936.0,2877.83142455
1720155600000,53935.9,54799.9,53784.2,54799.9,1776.53445954
1720159200000,54800.0,54805.7,53883.2,54293.1,851.94211486
1720162800000,54294.0,54454.1,53975.0,54402.4,973.61322384
1720166400000,54402.4,54454.4,54056.9,54085.9,689.39703585
1720170000000,54086.0,54735.4,53888.8,54526.0,727.19147015
1720173600000,54526.0,55366.9,54403.6,54990.0,735.38007461
1720177200000,54990.0,55656.8,54988.2,55490.9,830.44478676
1720180800000,55491.0,55988.0,55000.0,55055.9,1324.83019952
1720184400000,55055.9,55887.6,54843.9,55832.0,850.66919523
1720188000000,55836.4,55901.9,55346.4,55758.0,540.66880007
1720191600000,55758.0,56687.6,55666.6,56670.1,1268.8764278
1720195200000,56675.9,56952.9,56159.2,56460.7,768.35959157
1720198800000,56460.7,57069.7,56302.7,56461.0,559.37715268
1720202400000,56461.1,56727.3,55823.4,56550.1,1023.73847017
1720206000000,56548.6,56758.3,56332.1,56472.0,401.97469393
1720209600000,56468.0,56527.0,56318.2,56359.4,93.13401992
1720213200000,56353.7,56800.0,56352.1,56533.5,111.35461741
1720216800000,56520.1,56739.9,56402.6,56626.7,122.92420474
1720220400000,56626.1,56870.1,56615.4,56633.5,106.62635838
1720224000000,56630.1,57013.8,56366.2,56606.5,364.12465681
1720227600000,56608.0,56624.8,56206.0,56216.3,202.89075103
1720231200000,56216.3,56500.0,56182.2,56440.1,125.74235171
1720234800000,56440.1,56523.4,56273.5,56407.2,75.08903669
1720238400000,56407.3,56424.4,56046.4,56063.7,159.13391808
1720242000000,56063.7,56491.9,56025.7,56363.5,195.57245819
1720245600000,56361.2,56579.2,56344.1,56412.4,135.37210371
1720249200000,56412.3,56679.7,56402.8,56602.4,274.19723864
1720252800000,56600.1,56663.8,56508.5,56561.5,74.52410437
1720256400000,56563.6,56781.2,56438.6,56768.0,116.71594793
1720260000000,56768.0,56888.0,56644.6,56779.3,159.01925201
1720263600000,56782.0,56807.2,56666.7,56734.4,60.36692759
1720267200000,56734.5,56788.9,56510.2,56752.5,129.29001219
1720270800000,56752.5,57352.4,56659.9,56996.9,346.76575471
1720274400000,57000.0,57129.8,56677.8,57061.2,232.87052267
1720278000000,57061.3,57454.5,56933.4,57320.2,455.07331917
1720281600000,57322.7,58120.1,57182.1,57855.1,722.09896678
1720285200000,57854.0,58041.5,57750.0,57962.5,128.63403295
1720288800000,57962.5,58032.0,57750.1,57790.0,111.78672782
1720292400000,57790.0,57930.0,57733.3,57863.8,89.27967675
1720296000000,57863.8,58222.0,57835.4,57970.0,122.58741559
1720299600000,57969.1,58273.7,57820.6,57871.8,87.09943477
1720303200000,57868.2,58113.5,57868.2,58107.9,62.10562118
1720306800000,58107.9,58479.8,58097.3,58236.4,267.40173155
1720310400000,58236.5,58294.0,57908.1,57925.8,180.54123657
1720314000000,57925.9,58311.0,57835.1,58118.0,162.0069135
1720317600000,58116.0,58448.0,58116.0,58360.3,153.08474998
1720321200000,58360.3,58360.4,57860.0,57964.0,212.97217346
1720324800000,57964.0,58012.5,57572.6,57599.0,268.01777976
1720328400000,57596.1,57800.0,57413.4,57647.0,260.63389578
1720332000000,57647.1,57799.9,57610.0,57646.0,57.4769227
1720335600000,57645.9,57691.6,57073.8,57370.0,317.82972703
1720339200000,57373.7,57666.3,57363.0,57650.1,156.20594881
1720342800000,57650.1,57745.6,57564.2,57731.4,91.97084653
1720346400000,57731.0,57918.8,57500.0,57519.9,163.29651927
1720350000000,57511.8,57552.5,57354.0,57454.0,270.75624282
1720353600000,57448.8,57638.9,57205.8,57348.6,206.7276742
1720357200000,57348.7,57364.9,56780.7,56872.0,428.94861285
1720360800000,56875.2,56950.0,56573.4,56770.2,436.08268867
1720364400000,56770.2,57079.7,56727.3,56826.0,181.94652495
1720368000000,56828.0,57182.9,56750.2,57123.9,119.99600707
1720371600000,57122.9,57299.8,56790.5,57235.9,91.87030243
1720375200000,57235.9,57399.9,57114.7,57168.3,202.93782091
1720378800000,57168.1,57198.0,57024.5,57159.9,43.50004943
1720382400000,57156.7,57321.6,57038.2,57272.0,42.85261761
1720386000000,57272.0,57292.0,56202.0,56590.0,290.05730503
1720389600000,56584.2,56796.0,56392.0,56395.7,206.21033028
1720393200000,56395.7,56532.0,55730.7,55862.0,402.93296776
1720396800000,55867.9,56026.0,55037.5,55096.1,672.16074996
1720400400000,55094.1,55114.4,54289.4,54956.0,1236.37709364
1720404000000,54956.5,55446.0,54609.3,55381.2,614.81374529
1720407600000,55386.0,55482.9,54866.7,55157.6,214.24738394
1720411200000,55156.0,55638.5,54962.1,55490.9,334.12876269
1720414800000,55490.9,55720.5,55291.1,55484.6,191.37994475
1720418400000,55482.1,55901.4,55209.8,55636.7,464.72656483
1720422000000,55636.1,55866.1,55518.6,55853.8,264.26763593
1720425600000,55853.8,57890.0,55735.5,57786.1,1591.17799797
1720429200000,57782.6,58214.7,57354.2,57518.0,736.1798308
1720432800000,57515.7,57722.7,56700.0,56820.0,542.38429469
1720436400000,56817.1,57352.9,56745.8,57158.1,508.9044776
1720440000000,57154.1,57630.7,56858.4,57159.0,518.74843424
1720443600000,57150.4,57439.6,56791.0,57230.2,503.98033921
1720447200000,57232.7,57300.0,54918.8,56184.1,1979.07661995
1720450800000,56185.8,56780.9,55700.2,55760.9,622.36095271
1720454400000,55764.4,56124.2,55416.9,55813.2,364.03377562
1720458000000,55813.2,56386.7,55591.3,56295.3,394.32614487
1720461600000,56290.7,56569.3,56162.1,56292.0,222.83914091
1720465200000,56282.5,56542.5,56151.2,56476.1,145.1179061
1720468800000,56472.2,56571.9,56196.1,56256.5,162.07209793
1720472400000,56260.2,56859.9,56199.6,56646.2,287.44947826
1720476000000,56646.2,56965.2,56550.0,56681.2,195.13593855
1720479600000,56681.1,56863.4,56610.4,56720.5,132.77045261
1720483200000,56716.1,56774.7,56291.7,56532.2,274.98375246
1720486800000,56545.9,57292.0,56446.9,56560.6,438.9795958
1720490400000,56560.6,57370.8,56335.4,57264.1,410.25655108
1720494000000,57265.9,57277.9,56876.1,57154.6,197.29919963
1720497600000,57168.0,57374.0,57102.9,57292.0,290.95124454
1720501200000,57292.0,57431.0,57123.1,57295.6,337.53505913
1720504800000,57295.5,57764.2,57193.5,57474.4,471.13951236
1720508400000,57479.4,57559.9,57000.0,57113.4,328.49618557
1720512000000,57119.2,57907.4,57019.8,57615.0,640.89610529
1720515600000,57615.1,57693.2,57500.0,57587.1,145.36374371
1720519200000,57581.3,57665.8,57284.5,57430.0,167.98978886
1720522800000,57430.0,57545.9,57220.2,57438.4,113.4141846
1720526400000,57429.2,57558.6,57265.0,57334.0,482.3167483
1720530000000,57334.3,57410.0,56962.4,57331.5,432.58304935
1720533600000,57331.8,58131.3,57059.0,57064.5,961.91170336
1720537200000,57067.4,57501.6,56900.0,57476.9,328.13066295
1720540800000,57476.9,57867.2,57400.8,57690.7,330.51540241
1720544400000,57690.7,57800.3,57363.3,57526.0,225.76849514
1720548000000,57523.2,58303.0,57446.0,57912.7,649.97351743
1720551600000,57912.7,57938.0,57680.2,57862.1,273.38354541
1720555200000,57862.1,58100.1,57701.9,57933.2,193.65685848
1720558800000,57933.3,57980.0,57750.1,57802.0,91.46782142
1720562400000,57800.1,58263.9,57716.6,57931.9,203.76436531
1720566000000,57932.0,58113.2,57861.2,58043.1,93.50434772
1720569600000,58043.1,58043.1,57408.7,57486.0,140.92127716
1720573200000,57485.0,57998.8,57332.1,57794.3,299.87475415
1720576800000,57788.1,57916.1,57632.1,57890.0,143.68776542
1720580400000,57886.1,58205.9,57838.1,58186.0,193.17144383
1720584000000,58177.8,59451.2,58177.8,59345.2,1922.09057058
1720587600000,59345.2,59476.3,58823.1,58972.1,315.15979477
1720591200000,58976.0,59309.9,58852.2,59236.2,144.56499061
1720594800000,59236.2,59287.5,58841.9,58977.8,225.08386243
1720598400000,58976.0,59039.9,58600.0,58750.0,213.5119436
1720602000000,58750.0,58772.0,58400.0,58487.9,304.33292622
1720605600000,58487.9,58720.0,58312.1,58655.2,243.83844543
1720609200000,58652.0,58726.5,58355.5,58490.1,150.21856119
1720612800000,58490.1,58571.8,57750.6,58163.5,680.71994421
1720616400000,58155.8,58293.3,57510.5,57767.9,1112.1752128
1720620000000,57766.0,57894.4,57488.4,57713.6,295.99330228
1720623600000,57711.9,58038.4,57486.6,57700.1,283.06988896
1720627200000,57705.8,58012.1,57570.8,57688.5,237.34481381
1720630800000,57693.3,57752.0,57442.1,57634.0,185.26355519
1720634400000,57638.8,57787.9,57489.5,57627.2,149.1761579
1720638000000,57626.6,57626.6,57350.0,57390.0,213.5268851
1720641600000,57395.9,57555.4,57159.7,57413.9,273.06068915
1720645200000,57413.2,57563.1,57265.6,57431.2,91.62182594
1720648800000,57431.1,57847.3,57405.4,57714.2,210.41258942
1720652400000,57710.4,57874.5,57605.3,57720.2,145.38042914
1720656000000,57720.2,57720.2,57364.8,57620.6,248.72435976
1720659600000,57624.8,58386.2,57475.7,58280.0,337.06547553
1720663200000,58279.7,58374.0,57733.4,57863.9,170.36350418
1720666800000,57864.0,57955.4,57029.2,57564.7,650.12500109
1720670400000,57564.8,57799.2,57482.2,57770.9,149.58146043
1720674000000,57772.0,58087.7,57691.8,57994.6,223.70590354
1720677600000,57992.1,58093.4,57865.0,57998.0,156.65628176
1720681200000,57998.4,58300.0,57913.9,58181.6,224.17966942
1720684800000,58186.0,58324.9,58052.0,58157.7,120.31771279
1720688400000,58157.7,58380.9,58070.5,58281.9,198.54404709
1720692000000,58282.0,58512.4,58174.1,58455.3,215.98652596
1720695600000,58460.4,58888.0,58388.0,58769.8,375.28739187
1720699200000,58769.8,59579.9,58447.1,58815.4,1679.73851276
1720702800000,58812.1,58980.2,58252.2,58568.1,543.22952672
1720706400000,58568.2,58679.1,57552.0,57791.4,955.31017836
1720710000000,57791.7,58121.8,57260.8,57405.8,586.3788307
1720713600000,57403.0,57744.0,57168.3,57641.1,389.57973842
1720717200000,57639.2,57936.4,57578.7,57802.6,120.04638979
1720720800000,57804.0,57993.9,57677.4,57837.5,120.55806591
1720724400000,57830.9,57858.6,57341.8,57378.1,161.9331332
1720728000000,57375.0,57595.9,57209.4,57558.6,110.9215095
1720731600000,57558.6,57621.8,57317.0,57466.1,61.12714763
1720735200000,57464.0,57542.6,57151.4,57337.3,179.7652879
1720738800000,57339.8,57394.6,57150.0,57342.6,156.5353323
1720742400000,57338.7,57571.2,57128.7,57176.0,188.77796396
1720746000000,57170.0,57353.3,56537.3,56944.1,736.12629043
1720749600000,56941.8,57417.8,56882.1,57330.2,270.40491439
1720753200000,57330.3,57373.1,56860.1,56916.2,214.34282519
1720756800000,56916.1,57077.2,56707.0,57018.7,209.157283
1720760400000,57018.9,57116.5,56944.0,57027.9,115.48566353
1720764000000,57029.1,57413.2,57021.4,57216.9,172.71694349
1720767600000,57216.9,57313.9,56838.0,57105.2,228.39928906
1720771200000,57104.6,57335.4,57024.2,57323.7,268.10180263
1720774800000,57320.6,57326.0,56864.7,56961.9,194.87593463
1720778400000,56960.0,57199.8,56764.8,57175.3,157.25209681
1720782000000,57173.1,57275.2,57064.1,57208.9,178.54026544
1720785600000,57205.7,57484.3,57092.2,57386.1,486.73681668
1720789200000,57386.1,57998.4,57352.1,57849.1,727.58563934
1720792800000,57849.1,58024.8,57684.2,57829.8,525.34160907
1720796400000,57829.7,58277.2,57770.4,58211.9,360.66830845
1720800000000,58212.5,58433.3,57933.4,58118.1,290.40226525
1720803600000,58118.5,58325.8,57957.6,58165.8,148.5087139
1720807200000,58165.8,58527.6,58068.9,58292.7,558.97604297
1720810800000,58292.8,58354.5,57500.8,57580.1,746.89607335
1720814400000,57578.1,57649.9,57144.1,57540.7,469.39764882
1720818000000,57536.1,57692.0,57500.1,57598.1,80.7512088
1720821600000,57592.2,57879.2,57573.3,57781.9,87.61582446
1720825200000,57781.9,57913.9,57711.0,57898.1,127.66111958
1720828800000,57898.7,57932.1,57757.2,57835.0,101.9943755
1720832400000,57838.0,57972.0,57805.8,57891.2,57.39795604
1720836000000,57891.2,57956.2,57764.3,57945.1,60.53378352
1720839600000,57945.1,57989.6,57790.9,57821.3,83.15302801
1720843200000,57819.9,57855.4,57772.7,57785.9,29.55955956
1720846800000,57785.9,58167.2,57757.3,58072.1,192.83531536
1720850400000,58072.1,58233.9,58005.0,58033.2,173.21761241
1720854000000,58033.2,58163.2,58008.3,58163.2,82.52588023
1720857600000,58163.1,58198.3,57940.0,57951.3,83.41261589
1720861200000,57952.9,58849.8,57914.7,58671.0,599.41915186
1720864800000,58671.0,58759.0,58342.2,58435.8,281.27046956
1720868400000,58435.9,58605.9,58378.6,58542.0,152.95005115
1720872000000,58542.0,58902.5,58430.8,58768.0,266.04782078
1720875600000,58765.9,58838.8,58578.2,58604.2,215.57779531
1720879200000,58604.2,58797.3,58463.6,58791.2,267.62028076
1720882800000,58784.1,58895.7,58682.0,58838.1,463.77841682
1720886400000,58838.1,58972.9,58602.2,58619.9,146.63549838
1720890000000,58620.0,58709.9,58566.6,58709.9,67.25534613
1720893600000,58709.9,58805.8,58565.0,58642.1,47.53144557
1720897200000,58639.5,58742.0,58600.1,58622.6,23.83662569
1720900800000,58626.3,58686.0,58568.2,58596.6,74.25978524
1720904400000,58594.1,58705.0,58580.1,58690.0,46.20130014
1720908000000,58692.6,59571.1,58259.6,59472.6,632.48515206
1720911600000,59480.1,59866.0,59131.1,59209.9,544.20493564
1720915200000,59203.6,59791.4,59195.1,59755.9,363.24245439
1720918800000,59748.3,59840.0,59437.7,59709.9,260.50098269
1720922400000,59710.0,59758.0,59282.8,59363.9,129.44187875
1720926000000,59361.4,59589.9,59342.9,59466.0,90.76834039
1720929600000,59460.5,60125.0,59421.8,59958.6,452.14808932
1720933200000,59958.6,60304.7,59801.2,60273.9,820.51519165
1720936800000,60270.6,60329.8,59800.2,59875.9,310.67911905
1720940400000,59875.9,60138.1,59827.0,60062.1,162.43883175
1720944000000,60062.1,60407.5,60060.0,60204.1,268.80247807
1720947600000,60197.9,60363.4,60125.0,60194.0,160.76872163
1720951200000,60194.1,60241.9,59901.8,59930.5,158.64227983
1720954800000,59930.5,60120.9,59911.0,60105.3,146.82476176
1720958400000,60107.5,60115.2,59571.3,59592.8,269.47370088
1720962000000,59592.8,59787.7,59580.0,59698.5,133.02741035
1720965600000,59698.6,60238.4,59468.1,60010.1,299.79895735
1720969200000,60018.1,60152.0,59875.0,60088.2,180.82082221
1720972800000,60088.2,60124.0,59888.0,60103.9,91.63692567
1720976400000,60104.0,60187.9,59918.6,60002.0,84.51437891
1720980000000,60000.7,60077.8,59933.1,60030.8,32.46977268
1720983600000,60030.9,60033.1,59891.1,59908.2,24.75720193
1720987200000,59908.2,60480.1,59875.0,60088.1,261.19577925
1720990800000,60090.2,61444.8,60019.0,61289.7,837.51169197
1720994400000,61289.6,61398.3,60757.5,60850.1,415.28142875
1720998000000,60850.1,61180.1,60702.0,60784.1,418.04402543
1721001600000,60784.1,61314.0,60650.0,61215.6,478.27616734
1721005200000,61216.4,61803.3,61183.0,61397.5,558.79742758
1721008800000,61397.4,62656.5,61302.2,62489.1,1362.11840584
1721012400000,62489.1,62803.3,62333.0,62650.0,493.4081685
1721016000000,62649.9,62842.3,62433.3,62605.6,215.023822
1721019600000,62605.5,62969.0,62530.6,62800.0,468.16567781
1721023200000,62803.9,63007.4,62710.0,62873.5,401.1243568
1721026800000,62873.5,63095.7,62750.7,62847.9,523.97256282
1721030400000,62847.9,63271.4,62809.2,62882.1,353.95868301
1721034000000,62882.1,62909.6,62548.1,62647.1,422.31157812
1721037600000,62642.0,62814.1,62419.3,62540.2,238.66399319
1721041200000,62540.2,62615.8,62279.3,62455.9,287.0960736
1721044800000,62454.1,62813.6,62435.4,62615.7,283.93231368
1721048400000,62615.7,62981.9,62480.6,62913.9,456.66641266
1721052000000,62922.2,63229.8,62736.6,63217.7,406.78614094
1721055600000,63220.0,63329.6,62867.4,63031.4,446.21540072
1721059200000,63031.4,63633.4,62855.6,63416.6,561.27506623
1721062800000,63416.6,63744.0,63067.2,63080.0,490.49547858
1721066400000,63080.0,63621.8,62990.9,63503.7,330.80244206
1721070000000,63500.2,63810.2,63201.1,63353.0,786.66241353
1721073600000,63355.0,63779.4,63251.2,63732.1,267.32830369
1721077200000,63732.2,63788.8,63504.0,63534.0,135.91939095
1721080800000,63534.5,64825.5,63504.0,64348.1,1760.27068321
1721084400000,64352.0,64915.2,64228.1,64726.7,475.23996098
1721088000000,64725.7,64972.5,64444.9,64620.1,510.58501307
1721091600000,64618.1,64867.3,64473.2,64846.1,242.73241895
1721095200000,64846.0,64846.0,64547.9,64819.2,273.29104645
1721098800000,64812.5,64863.9,64616.6,64753.3,227.26031318
1721102400000,64753.2,65000.0,64474.0,64499.4,368.59675096
1721106000000,64499.4,64560.0,63455.3,63662.0,1064.29253195
1721109600000,63660.0,63888.0,62748.2,62903.9,749.90641074
1721113200000,62903.9,63333.3,62719.2,62914.9,672.50580724
1721116800000,62913.4,63099.6,62369.8,62820.1,577.57090919
1721120400000,62816.1,63250.0,62685.0,63185.7,523.99772803
1721124000000,63183.9,63663.5,63085.1,63438.0,428.95150535
1721127600000,63440.0,63856.5,63144.8,63750.0,434.05420112
1721131200000,63750.0,64275.0,63600.1,63737.8,471.8219776
1721134800000,63737.8,64100.0,63402.3,63414.1,396.30249457
1721138400000,63416.0,63901.1,63071.4,63833.9,465.86067364
1721142000000,63834.1,64963.1,63791.5,64888.2,1040.84427915
1721145600000,64874.7,65214.1,64215.9,64507.9,1038.23979845
1721149200000,64508.0,64643.9,64111.0,64545.9,287.09254217
1721152800000,64546.0,64907.6,64407.5,64790.6,175.82781115
1721156400000,64796.0,65195.6,64605.5,65173.6,523.79052324
1721160000000,65169.9,65195.3,64625.9,64668.0,349.01445773
1721163600000,64666.8,64836.0,64461.0,64494.6,260.72976804
1721167200000,64494.6,64631.5,64153.8,64620.5,325.7005047
1721170800000,64620.6,65400.0,64614.0,65046.5,431.32571332
1721174400000,65046.6,65600.5,64931.8,65507.8,469.56650544
1721178000000,65506.0,66117.5,65426.0,65667.9,665.10023072
1721181600000,65665.9,65913.7,65546.0,65617.9,348.28291609
1721185200000,65616.8,65789.4,65380.9,65692.2,200.26112074
1721188800000,65694.0,65857.0,65540.1,65838.7,166.3571073
1721192400000,65840.8,65996.0,65607.8,65625.9,314.96599519
1721196000000,65625.9,65798.9,65476.8,65578.2,183.02781263
1721199600000,65578.2,65585.5,65200.4,65264.2,460.82172834
1721203200000,65260.1,65498.7,64814.0,65177.6,352.59431124
1721206800000,65178.2,65510.0,65080.0,65334.6,144.31521995
1721210400000,65334.6,65355.0,65100.0,65119.9,186.97226027
1721214000000,65120.0,65154.0,64558.5,64726.0,462.41846657
1721217600000,64725.7,65012.8,64568.9,64735.3,253.14989405
1721221200000,64734.5,65315.6,64533.3,65138.1,412.29921597
1721224800000,65139.2,65236.0,64646.4,65033.0,328.131068
1721228400000,65033.0,65403.2,64628.4,64728.9,375.85410347
1721232000000,64729.0,64775.3,63849.4,64244.7,1027.19647936
1721235600000,64248.0,64428.9,63949.9,64289.6,473.72456742
1721239200000,64289.6,64580.9,64213.1,64514.4,140.93307362
1721242800000,64514.3,64759.0,64428.8,64586.2,190.13295598
1721246400000,64589.1,64678.0,64504.0,64516.8,85.45117996
1721250000000,64518.8,64572.8,64063.0,64316.1,200.98676696
1721253600000,64316.0,64454.3,64102.4,64264.0,114.55196456
1721257200000,64265.3,64373.6,64060.0,64086.0,86.39494281
1721260800000,64086.1,64531.2,63905.4,64430.7,264.82611894
1721264400000,64430.7,64673.1,64364.1,64673.1,166.82357021
1721268000000,64673.2,65142.5,64234.2,64694.2,573.40833941
1721271600000,64694.2,64955.9,64620.0,64859.8,189.14446768
1721275200000,64859.9,64878.6,64540.1,64574.0,160.9985003
1721278800000,64574.0,64858.6,64391.6,64754.6,146.11434382
1721282400000,64754.6,65059.9,64712.0,64995.9,178.60878198
1721286000000,64996.0,65037.8,64651.2,64671.6,152.72433011
1721289600000,64671.6,64955.8,64631.8,64933.9,202.90445921
1721293200000,64933.9,64939.9,64727.6,64858.8,106.23435723
1721296800000,64858.8,64858.9,64479.4,64610.9,149.49533465
1721300400000,64613.0,64767.0,64444.0,64758.7,146.22718893
1721304000000,64758.6,65015.0,64726.0,64840.0,232.5991982
1721307600000,64840.0,65110.8,64501.0,64601.4,392.90719455
1721311200000,64599.1,64713.4,63703.5,63998.6,703.7908054
1721314800000,63998.5,64003.9,63400.0,63537.4,873.58151859
1721318400000,63537.3,63913.6,63309.0,63913.5,413.16075921
1721322000000,63913.8,63961.1,63508.4,63560.9,152.26063595
1721325600000,63566.0,63664.8,63333.4,63525.0,163.17502397
1721329200000,63519.6,63756.2,63230.9,63555.4,274.72938564
1721332800000,63558.0,63850.0,63440.1,63823.7,110.66557063
1721336400000,63823.7,63913.8,63749.6,63854.6,63.39498722
1721340000000,63848.1,64132.7,63713.1,64031.9,225.97286443
1721343600000,64030.6,64091.7,63950.1,63991.2,112.21254673
1721347200000,63991.3,64034.6,63550.1,63595.3,189.2606255
1721350800000,63595.4,63861.4,63300.1,63821.8,222.05264461
1721354400000,63821.7,63942.6,63641.6,63832.5,268.61544552
1721358000000,63832.1,64370.6,63814.0,64324.9,438.99387482
1721361600000,64325.0,64388.0,64142.8,64142.9,171.41708155
1721365200000,64143.3,64252.0,64094.9,64173.5,161.52796713
1721368800000,64173.4,64493.7,64141.9,64214.2,214.00044908
1721372400000,64214.0,64216.5,63610.1,63701.4,369.77969424
1721376000000,63701.3,63933.0,63410.8,63812.8,351.45637961
1721379600000,63812.8,64133.8,63644.4,63699.0,460.15018446
1721383200000,63698.0,64150.0,63642.8,63994.1,261.14116868
1721386800000,63996.0,64184.8,63928.0,64113.9,137.4539458
1721390400000,64113.9,64441.7,64034.0,64412.0,283.99089344
1721394000000,64411.3,65350.4,64028.4,65140.6,1057.36592707
1721397600000,65140.6,65899.2,65003.1,65744.3,1008.71946105
1721401200000,65744.2,65852.0,65274.6,65836.7,476.52138956
1721404800000,65836.6,66593.4,65826.4,66420.0,1470.26121114
1721408400000,66414.2,66835.4,66243.7,66754.1,587.75799877
1721412000000,66752.1,66805.0,66422.6,66792.6,269.13148622
1721415600000,66792.6,67395.4,66792.6,67163.8,860.069931
1721419200000,67157.7,67226.3,66862.0,66940.2,326.95828469
1721422800000,66937.2,67354.0,66888.8,66889.4,196.19302102
1721426400000,66889.4,66996.7,66662.6,66718.9,91.80915017
1721430000000,66718.1,66916.6,66615.4,66659.9,84.50009262
1721433600000,66660.0,66824.9,66256.3,66430.9,330.09417702
1721437200000,66430.9,66714.2,66225.5,66372.8,207.28810853
1721440800000,66372.8,66640.0,66322.0,66574.0,135.76428732
1721444400000,66574.1,66752.3,66557.5,66602.7,147.23533375
1721448000000,66601.1,66705.6,66475.4,66662.6,66.37756781
1721451600000,66662.7,66662.7,66438.4,66532.1,59.92479246
1721455200000,66529.7,66676.7,66501.1,66629.0,60.87946726
1721458800000,66628.9,66762.9,66521.9,66558.3,124.08928536
1721462400000,66558.3,66642.0,66457.0,66501.4,96.95456654
1721466000000,66501.4,66737.0,66475.3,66580.0,70.98226479
1721469600000,66580.0,66656.3,66485.0,66525.7,62.70682933
1721473200000,66527.5,66564.4,66468.3,66480.1,56.37570078
1721476800000,66480.2,66577.9,66468.2,66477.0,58.34582002
1721480400000,66477.0,66647.0,66278.3,66544.0,171.88668928
1721484000000,66544.7,66701.6,66510.8,66585.4,126.69478074
1721487600000,66585.5,66838.5,66585.4,66827.1,109.58563608
1721491200000,66825.9,67051.4,66668.0,66809.3,155.71278816
1721494800000,66806.4,67619.6,66756.9,67405.7,734.29438649
1721498400000,67405.8,67578.9,67216.4,67466.0,151.24700201
1721502000000,67465.9,67509.9,67127.9,67223.8,124.07380124
1721505600000,67223.7,67432.8,67217.0,67340.0,47.63649532
1721509200000,67344.2,67349.8,66770.1,67095.1,301.92930099
1721512800000,67095.2,67300.0,66850.6,67105.9,214.44582746
1721516400000,67105.8,67203.6,67076.1,67137.7,74.51065524
1721520000000,67136.1,67318.1,66949.1,67061.5,108.72093941
1721523600000,67061.5,67413.9,67031.5,67280.2,121.21970939
1721527200000,67276.0,67392.4,67268.1,67272.0,46.50957417
1721530800000,67272.1,67377.4,67152.7,67175.9,63.63578534
1721534400000,67176.0,67226.0,67000.0,67044.0,94.29954154
1721538000000,67044.0,67110.5,66885.7,67050.3,206.66129119
1721541600000,67050.4,67094.0,66623.7,66726.0,247.93367084
1721545200000,66722.9,66824.9,66592.0,66713.0,141.98943088
1721548800000,66710.2,66896.0,66680.2,66799.5,84.78055304
1721552400000,66799.6,67028.0,66765.6,66985.5,88.74837094
1721556000000,66985.5,67069.0,66802.1,66803.7,97.51251441
1721559600000,66802.2,66881.4,66756.2,66874.6,43.27398838
1721563200000,66874.7,66990.0,66836.0,66925.2,33.72344527
1721566800000,66925.3,66972.8,66617.8,66764.0,113.9745555
1721570400000,66767.1,67400.0,66684.8,67289.7,359.30897272
1721574000000,67291.4,67500.0,66972.4,67167.5,253.47762512
1721577600000,67167.6,67600.0,66946.0,67562.1,362.83158337
1721581200000,67562.1,67724.3,66416.0,66642.0,632.30251085
1721584800000,66638.0,67347.4,65764.5,66860.0,1075.88929762
1721588400000,66860.0,67750.0,66777.4,67417.9,448.43703312
1721592000000,67422.0,68222.2,67262.2,67721.6,672.65076036
1721595600000,67734.1,68300.0,67565.2,68188.1,238.04314491
1721599200000,68188.0,68372.1,67934.6,68008.7,275.33148872
1721602800000,68008.8,68215.2,67882.6,68163.9,189.11221033
1721606400000,68162.7,68482.1,68032.0,68190.0,310.07845506
1721610000000,68187.7,68227.8,67757.6,67850.0,299.54721482
1721613600000,67845.9,68220.3,67751.9,68068.3,229.56410236
1721617200000,68073.9,68104.0,67841.1,67881.5,230.33716741
1721620800000,67881.5,68006.9,67759.9,67931.6,107.33231241
1721624400000,67931.7,67946.6,67518.8,67635.0,381.71848902
1721628000000,67635.1,67800.0,67128.0,67412.8,292.74280333
1721631600000,67412.9,67418.3,67177.0,67237.9,233.9870418
1721635200000,67236.0,67399.0,67019.2,67081.4,274.64891258
1721638800000,67083.0,67431.8,66944.1,67422.6,142.2579927
1721642400000,67422.7,67527.2,67296.1,67422.6,137.72512355
1721646000000,67422.6,67600.0,67285.7,67516.0,83.79625342
1721649600000,67514.8,67701.9,67365.3,67701.9,133.1420353
1721653200000,67701.9,67958.4,66982.1,67095.6,472.66161066
1721656800000,67098.1,67324.0,66611.1,66715.9,611.0235485
1721660400000,66707.4,67197.4,66576.0,67065.3,272.97353089
1721664000000,67065.4,67316.0,66814.4,67047.9,310.82444724
1721667600000,67052.6,67465.8,67007.7,67465.1,129.37577267
1721671200000,67462.9,67666.0,67324.5,67451.3,94.97313081
1721674800000,67451.4,68260.0,67373.5,68227.9,515.96031833
1721678400000,68230.2,68254.3,67812.0,68123.9,318.89803162
1721682000000,68127.6,68166.2,67655.9,67841.7,151.07460675
1721685600000,67848.7,67860.1,67500.0,67640.0,107.04793188
1721689200000,67636.9,67649.0,67228.3,67524.6,198.89814801
1721692800000,67524.7,67751.7,67438.1,67483.9,156.29246501
1721696400000,67484.0,67503.9,67214.7,67410.6,130.88405786
1721700000000,67410.6,67699.8,67245.1,67647.4,169.70962141
1721703600000,67647.4,67704.9,67446.4,67469.7,70.06797203
1721707200000,67469.7,67524.0,66941.4,66943.0,204.35898061
1721710800000,66941.5,66955.6,66323.1,66428.0,692.84066367
1721714400000,66432.4,66777.2,66380.3,66527.0,367.05406733
1721718000000,66523.9,66653.3,66256.3,66584.0,174.22339398
1721721600000,66584.0,67000.0,66517.8,66882.7,272.29286319
1721725200000,66893.1,67163.9,66764.1,66936.0,163.94387048
1721728800000,66933.4,67028.0,66804.1,66860.8,119.81438844
1721732400000,66860.7,66866.9,66450.0,66675.9,162.13222643
1721736000000,66675.4,66760.0,66342.9,66496.7,245.56074074
1721739600000,66496.6,66744.3,65956.0,66095.6,529.5805997
1721743200000,66097.3,67342.0,65976.0,67224.0,872.9539956
1721746800000,67222.8,67243.5,66324.5,66583.0,821.56644236
1721750400000,66575.9,66764.6,65836.0,65853.0,489.61419029
1721754000000,65853.7,66121.4,65699.2,65935.8,379.64119213
1721757600000,65933.7,66110.9,65774.7,65859.0,177.18724108
1721761200000,65858.9,66065.9,65420.0,65527.8,376.17786585
1721764800000,65524.1,65999.9,65472.0,65827.8,290.6172958
1721768400000,65827.5,66046.3,65774.7,65872.1,140.12052023
1721772000000,65872.0,66058.9,65779.1,65917.6,309.43450929
1721775600000,65921.1,66060.2,65783.8,65938.4,148.00435841
1721779200000,65938.5,66144.9,65760.5,65776.4,144.21576815
1721782800000,65776.4,66112.4,65606.6,65665.1,185.71732956
1721786400000,65665.1,65920.6,65471.4,65871.6,212.52107165
1721790000000,65873.2,66110.7,65780.2,66050.6,197.58357927
1721793600000,66050.6,66072.0,65780.0,65852.3,255.88772449
1721797200000,65852.4,65911.5,65604.7,65810.1,80.27485747
1721800800000,65813.6,65998.8,65758.8,65894.4,113.98987492
1721804400000,65895.7,66079.9,65872.2,66075.8,282.41745423
1721808000000,66075.9,66450.1,65997.9,66435.9,354.47632938
1721811600000,66436.0,66477.2,66296.6,66399.1,188.06652883
1721815200000,66399.2,66600.0,66351.3,66499.0,277.29286056
1721818800000,66501.7,66558.8,66330.0,66367.4,169.90615118
1721822400000,66367.4,66572.2,66176.0,66210.8,221.66329795
1721826000000,66216.0,66908.3,66201.0,66351.9,437.61369508
1721829600000,66351.8,67102.0,66287.8,66762.6,487.21417166
1721833200000,66752.1,66807.9,66096.0,66177.5,342.50990948
1721836800000,66179.5,66496.0,65976.0,66396.5,257.01163112
1721840400000,66397.0,66711.8,66321.6,66595.1,144.4418954
1721844000000,66595.2,66659.6,65716.0,65761.2,410.26629892
1721847600000,65769.8,66114.7,65568.0,65652.4,332.62993586
1721851200000,65654.0,66079.4,65649.4,66052.5,103.63213242
1721854800000,66056.1,66073.0,65100.0,65638.5,574.22784874
1721858400000,65645.2,65675.8,65250.0,65292.8,161.92878824
1721862000000,65292.9,65466.6,65106.8,65373.6,295.92241336
1721865600000,65372.1,65627.9,65273.1,65511.9,197.92659432
1721869200000,65508.0,65509.9,64209.9,64477.5,1610.01199823
1721872800000,64477.5,64483.8,63940.8,64194.7,774.4837947
1721876400000,64194.8,64289.9,63855.0,64091.4,515.73707724
1721880000000,64091.4,64283.3,63771.8,64223.6,414.93830981
1721883600000,64225.9,64329.2,64110.4,64260.4,190.86075864
1721887200000,64260.4,64363.0,64078.1,64316.5,240.94433055
1721890800000,64316.5,64391.4,64051.0,64125.1,263.12001993
1721894400000,64125.0,64410.0,63852.3,64349.2,570.76534721
1721898000000,64355.8,64480.0,64210.8,64304.9,194.67629453
1721901600000,64306.4,64314.0,63970.0,64156.1,239.20208278
1721905200000,64156.1,64285.7,64073.0,64093.8,290.70270914
1721908800000,64093.8,64391.0,63905.7,64122.6,501.16167765
1721912400000,64122.6,64359.9,63736.0,64036.6,363.54423825
1721916000000,64039.9,64833.4,63450.1,64816.1,1069.72434482
1721919600000,64820.0,65000.0,64500.9,64778.0,573.28310899
1721923200000,64778.0,65163.5,64615.4,64864.7,392.21976507
1721926800000,64865.2,65065.9,64747.5,65038.0,436.03596125
1721930400000,65040.1,65174.5,64384.0,64560.4,345.90531135
1721934000000,64560.3,65005.9,64395.2,64683.7,420.14879556
1721937600000,64680.0,65290.0,64412.1,65284.1,338.98387844
1721941200000,65284.0,66022.7,65207.0,65834.0,533.29308653
1721944800000,65835.9,66173.2,65638.5,65642.6,338.16547413
1721948400000,65642.6,65818.0,65625.6,65801.9,152.59938039
1721952000000,65802.0,66456.0,65718.0,66382.1,300.21503047
1721955600000,66376.2,66563.0,66220.0,66430.0,365.15699004
1721959200000,66430.0,67200.0,66386.7,67000.7,868.92339435
1721962800000,66995.5,67482.6,66896.8,67039.9,832.89543474
1721966400000,67040.0,67106.1,66896.3,67073.9,230.61909029
1721970000000,67074.0,67111.1,66874.0,66930.0,166.27686223
1721973600000,66930.0,67172.2,66878.6,67058.1,204.99082668
1721977200000,67059.5,67185.0,66888.8,66904.8,470.10483229
1721980800000,66904.8,67146.6,66904.8,67095.3,194.95903597
1721984400000,67095.4,67500.0,67072.9,67302.0,722.77873182
1721988000000,67302.0,67413.1,67178.9,67302.1,281.79352607
1721991600000,67302.0,67374.8,67126.1,67331.2,130.26236295
1721995200000,67332.2,67403.7,67081.0,67312.7,245.45662886
1721998800000,67313.8,67987.8,67162.3,67890.9,740.52655549
1722002400000,67890.8,67995.6,66880.2,67331.7,1049.49231016
1722006000000,67330.1,67753.9,67284.9,67562.9,225.33994395
1722009600000,67562.0,67684.6,67362.3,67398.0,123.27980424
1722013200000,67398.0,67606.1,67306.5,67369.9,131.43976561
1722016800000,67369.9,67600.0,67330.2,67565.9,129.91447515
1722020400000,67563.0,68158.7,67537.1,67994.1,581.44777261
1722024000000,67994.2,68011.3,67400.1,67440.0,307.54369008
1722027600000,67440.1,68218.0,67430.0,67944.1,250.23258168
1722031200000,67944.1,68088.9,67852.4,67936.0,76.52362566
1722034800000,67936.9,67976.4,67846.1,67908.9,46.47215882
1722038400000,67909.0,67951.0,67802.0,67872.9,105.48981881
1722042000000,67873.0,67876.0,67629.9,67663.1,87.52486377
1722045600000,67663.1,68073.2,67658.0,68020.1,84.94880417
1722049200000,68018.7,68076.9,67763.0,67797.8,212.59992483
1722052800000,67797.8,67901.2,67774.8,67868.3,45.26368147
1722056400000,67868.3,68000.0,67858.7,67900.1,100.91168028
1722060000000,67900.1,68095.9,67892.9,68093.9,63.95243542
1722063600000,68093.9,68300.0,68040.0,68040.2,251.8576798
1722067200000,68040.1,68184.0,67900.0,67990.1,97.01793841
1722070800000,67990.1,68217.9,67946.1,68215.8,138.69564314
1722074400000,68215.9,68268.0,68077.1,68157.2,102.01756761
1722078000000,68157.1,68223.6,68018.3,68215.2,75.9699703
1722081600000,68215.2,68482.0,68199.0,68405.9,292.604242
1722085200000,68405.8,69397.3,68400.0,69230.0,824.29123696
1722088800000,69234.4,69409.5,68792.1,68985.9,498.12785371
1722092400000,68985.9,69100.0,68600.1,68862.5,295.56965901
1722096000000,68862.6,68994.8,68647.7,68694.0,228.58157731
1722099600000,68694.0,68767.9,68371.2,68542.0,280.20709429
1722103200000,68543.9,68998.0,68507.3,68546.0,220.73252303
1722106800000,68546.1,68640.0,67671.9,68254.5,662.77809859
1722110400000,68254.6,68457.2,66646.6,67788.1,2904.46319522
1722114000000,67790.0,69200.0,67600.0,68864.1,857.31132346
1722117600000,68864.0,68864.0,68524.9,68625.9,222.38460724
1722121200000,68626.0,68627.9,67769.8,67897.1,290.93464302
1722124800000,67898.6,68082.4,67255.2,67958.1,350.2417503
1722128400000,67958.1,68288.6,67917.9,68086.0,157.68933606
1722132000000,68086.1,68166.2,67958.5,68153.8,109.11459619
1722135600000,68153.8,68157.6,67915.7,67930.8,94.59374217
1722139200000,67930.9,68025.2,67278.8,67327.7,319.05968336
1722142800000,67327.7,67502.5,67051.1,67412.1,945.25323167
1722146400000,67412.1,67576.7,67370.0,67482.0,123.43190811
1722150000000,67481.9,67548.0,67294.1,67541.4,112.06500389
1722153600000,67541.4,67554.9,67202.1,67378.1,99.80612356
1722157200000,67378.1,67550.4,67313.8,67427.2,108.6592736
1722160800000,67427.3,67681.1,67374.7,67557.2,159.05592124
1722164400000,67557.2,67992.8,67557.1,67836.1,181.41844927
1722168000000,67836.1,68115.3,67740.2,67996.1,153.27770611
1722171600000,67996.5,68046.0,67838.4,67981.0,89.04959206
1722175200000,67981.0,68028.2,67640.5,67750.1,192.68860812
1722178800000,67742.2,67786.6,67572.7,67645.8,137.75338311
1722182400000,67650.0,67746.3,67604.3,67671.0,100.84365873
1722186000000,67671.0,67997.8,67671.0,67987.9,93.18381142
1722189600000,67993.2,68328.4,67935.0,68235.9,102.15479342
1722193200000,68235.9,68301.1,68085.6,68113.9,74.42655607
1722196800000,68113.8,68175.8,67948.8,68013.9,67.34341107
1722200400000,68014.0,68079.2,67809.3,68030.0,78.36194052
1722204000000,68030.0,68250.0,67942.6,68004.0,152.46208904
1722207600000,68007.9,68273.7,67942.0,68239.5,71.14264347
1722211200000,68239.5,68998.0,68166.0,68719.1,659.36609633
1722214800000,68719.1,68838.8,68336.4,68546.6,274.37701361
1722218400000,68546.7,69632.8,68528.3,69568.2,1061.1753524
1722222000000,69568.1,69800.0,69235.6,69354.1,581.31391183
1722225600000,69354.6,69476.0,69270.4,69382.9,230.87093808
1722229200000,69382.9,69836.6,69382.8,69667.8,536.29733436
1722232800000,69667.9,69888.0,69545.4,69590.7,502.21065687
1722236400000,69595.7,69620.0,69454.5,69540.4,279.94059048
1722240000000,69542.0,69718.6,69355.8,69468.9,268.28040717
1722243600000,69468.9,69650.6,69430.0,69528.0,125.1911717
1722247200000,69528.0,69758.9,69390.6,69626.7,276.76604248
1722250800000,69629.8,69852.0,69576.1,69576.1,316.24380081
1722254400000,69576.1,69945.0,69400.1,69796.0,431.5638855
1722258000000,69796.0,70050.0,69082.7,69270.9,1408.53251802
1722261600000,69270.9,69298.0,68060.2,68228.7,1240.66620892
1722265200000,68228.7,68314.6,67673.3,68100.0,1079.36747646
1722268800000,68100.1,68118.5,66824.0,66940.1,1540.97904689
1722272400000,66942.2,67183.0,66428.0,67016.0,1317.07688659
1722276000000,67016.0,67585.4,66938.9,67424.6,641.26851725
1722279600000,67422.5,67551.0,67232.9,67307.9,302.75899613
1722283200000,67308.0,67397.7,67156.0,67370.4,127.25553966
1722286800000,67375.9,67510.2,67019.6,67488.1,201.50798447
1722290400000,67492.0,67552.0,67135.0,67229.9,138.50426038
1722294000000,67229.9,67267.9,66600.0,66786.1,405.24977676
1722297600000,66783.8,66871.4,65868.0,66615.3,790.17500134
1722301200000,66615.4,66885.5,66053.2,66209.6,355.54999972
1722304800000,66209.5,66483.1,65950.0,66422.2,430.45350262
1722308400000,66427.7,66678.1,66376.1,66614.5,167.71176873
1722312000000,66614.5,66813.3,66528.1,66805.9,176.43824348
1722315600000,66806.0,66806.0,66319.3,66480.4,170.45067863
1722319200000,66482.2,66790.4,66461.6,66776.1,191.33191536
1722322800000,66779.2,67012.0,66779.2,66955.6,477.97107183
1722326400000,66951.7,66998.3,66701.2,66761.0,287.13552805
1722330000000,66760.0,66896.0,66434.3,66602.1,264.69457121
1722333600000,66600.1,66696.6,66400.6,66575.8,194.43652508
1722337200000,66575.8,66714.2,66480.4,66562.1,82.05984258
1722340800000,66562.1,66816.0,66227.5,66660.0,419.92148759
1722344400000,66660.0,66945.1,66326.1,66383.7,402.68788849
1722348000000,66383.6,66450.7,65666.0,65806.2,837.29900967
1722351600000,65806.1,66336.0,65550.0,66217.9,529.85688509
1722355200000,66218.0,66555.1,66138.8,66172.2,302.52152584
1722358800000,66174.1,66216.0,65692.8,65866.2,361.43221888
1722362400000,65866.2,66072.3,65598.9,65818.0,338.26038172
1722366000000,65818.0,66011.2,65550.0,65920.9,282.2597989
1722369600000,65923.9,66226.0,65300.0,66191.4,491.00195604
1722373200000,66191.5,66331.7,65944.9,66317.1,112.41776036
1722376800000,66317.1,66359.7,66082.3,66222.8,190.47675154
1722380400000,66222.8,66310.0,66121.2,66190.1,58.71294847
1722384000000,66188.1,66412.5,65883.4,66351.4,151.60549739
1722387600000,66351.5,66409.2,66101.4,66300.1,100.04964288
1722391200000,66300.1,66412.0,66062.7,66113.9,146.96239162
1722394800000,66113.9,66236.1,66037.8,66056.3,107.12991784
1722398400000,66056.3,66104.4,65500.0,65805.3,245.53157799
1722402000000,65802.1,66228.5,65576.9,66172.1,167.49350901
1722405600000,66166.8,66555.5,66110.4,66456.6,411.58223368
1722409200000,66456.1,66530.0,66208.0,66227.9,186.70941907
1722412800000,66228.0,66379.2,66038.0,66319.8,182.88119892
1722416400000,66319.0,66375.1,66160.1,66262.8,127.97880126
1722420000000,66262.8,66262.8,65952.1,65996.4,140.35450886
1722423600000,65993.3,66153.1,65958.7,66098.0,141.68993598
1722427200000,66098.1,66299.8,65994.0,66158.8,187.78818025
1722430800000,66158.8,66849.5,66134.8,66517.9,404.40218984
1722434400000,66514.8,66740.0,65978.0,66443.0,471.55530392
1722438000000,66448.0,66562.3,66319.3,66385.9,194.47780353
1722441600000,66386.0,66756.0,66285.7,66359.7,266.02953725
1722445200000,66359.6,66838.0,66298.0,66685.5,208.19007974
1722448800000,66685.6,66736.4,66133.3,66529.2,359.9666514
1722452400000,66534.1,66653.9,64888.0,65258.1,979.19381127
1722456000000,65254.1,65431.9,64528.9,64588.7,1103.64942232
1722459600000,64588.8,65132.0,64516.4,64975.9,376.28351781
1722463200000,64976.0,65056.2,64637.9,64970.7,294.78658775
1722466800000,64972.0,64998.3,64617.6,64630.0,157.82680108
1722470400000,64630.0,64846.1,64359.2,64645.0,513.59028404
1722474000000,64642.2,64819.4,64123.0,64202.0,569.44743091
1722477600000,64202.0,64258.8,63900.0,64118.0,853.2837968
1722481200000,64118.1,64129.9,63751.5,63936.1,364.61415715
1722484800000,63936.0,64059.3,63608.0,63738.1,383.7654706
1722488400000,63738.1,64350.0,63580.0,64303.1,451.60397292
1722492000000,64303.1,64448.0,64116.9,64224.0,261.52383775
1722495600000,64223.9,64491.5,64210.0,64322.0,289.07871017
1722499200000,64323.2,64547.6,64306.0,64505.9,172.2018339
1722502800000,64506.0,64700.0,64456.2,64463.3,155.9391385
1722506400000,64463.4,64607.8,64312.0,64580.0,155.34729121
1722510000000,64580.0,64692.5,64464.0,64682.2,209.12612872
1722513600000,64683.3,64913.6,64634.0,64882.1,383.88244504
1722517200000,64882.1,64948.8,64448.2,64749.8,402.01860372
1722520800000,64749.7,64776.4,63925.0,63936.0,520.32427784
1722524400000,63936.1,63964.2,62661.5,62902.0,2241.26248332
1722528000000,62903.5,63195.1,62619.1,62903.4,571.03651774
1722531600000,62903.4,63260.6,62280.0,63217.1,1077.25024024
1722535200000,63219.0,63429.8,62800.0,62949.9,906.69790193
1722538800000,62949.9,63493.2,62933.2,63414.1,343.14348619
1722542400000,63412.3,64772.7,63331.8,64751.8,872.05268588
1722546000000,64748.1,65349.9,64621.0,64885.3,514.70381024
1722549600000,64888.9,65654.0,64866.2,65181.9,469.069898
1722553200000,65187.6,65480.6,64989.5,65356.0,487.17648309
1722556800000,65356.0,65598.9,64901.0,64903.0,389.01907534
1722560400000,64903.0,64903.1,64559.5,64649.6,376.14573768
1722564000000,64656.2,64830.0,63666.6,64355.1,687.53445983
1722567600000,64357.1,64622.2,64237.5,64605.5,237.1773364
1722571200000,64604.1,64680.0,64431.8,64529.2,204.01426287
1722574800000,64530.1,64541.8,64068.7,64178.5,174.05731953
1722578400000,64179.9,64631.5,63804.0,64466.1,302.32786555
1722582000000,64465.8,64516.0,64125.0,64156.0,316.64552794
1722585600000,64155.9,64595.9,64041.6,64591.8,276.00236499
1722589200000,64590.8,64621.9,64412.8,64512.1,224.8347083
1722592800000,64510.6,64886.0,64371.5,64761.7,299.74177245
1722596400000,64761.8,64978.3,64649.5,64662.1,353.42703992
1722600000000,64662.0,64935.0,64100.0,64840.4,813.2704687
1722603600000,64833.5,65547.4,64562.0,65222.0,929.49934529
1722607200000,65229.9,65371.6,63100.0,63157.9,1594.86163413
1722610800000,63156.0,63640.9,62440.0,63418.6,1633.14199645
1722614400000,63419.4,63615.3,62960.4,63313.0,625.72265554
1722618000000,63307.1,63461.4,63063.9,63100.0,254.42390019
1722621600000,63100.0,63225.0,62785.2,62894.1,294.554565
1722625200000,62892.1,62979.0,62514.1,62640.0,703.88982635
1722628800000,62641.1,63194.0,62037.3,62628.1,909.46342316
1722632400000,62632.1,62741.3,61250.4,61990.0,1514.54909761
1722636000000,61982.4,62243.0,61230.0,61388.2,332.45741741
1722639600000,61390.5,61782.9,61303.4,61489.9,655.87217248
1722643200000,61490.0,61723.3,60900.3,61128.6,535.12546117
1722646800000,61131.0,61380.0,60504.1,61335.2,733.67107762
1722650400000,61333.2,61609.0,61216.6,61441.3,368.39153453
1722654000000,61446.0,61970.0,61302.1,61885.8,458.20975094
1722657600000,61889.3,61971.0,61393.5,61558.8,232.54378075
1722661200000,61558.8,61720.0,61498.7,61700.3,120.85266433
1722664800000,61700.3,61842.0,61667.9,61828.3,107.6395417
1722668400000,61828.3,61907.2,61615.8,61666.0,319.76338762
1722672000000,61663.7,61740.3,61476.0,61626.7,226.20809979
1722675600000,61622.0,61742.6,61452.1,61739.1,190.05963826
1722679200000,61739.1,61878.0,61666.6,61816.0,172.29444405
1722682800000,61816.1,61999.3,61778.6,61910.8,196.08909435
1722686400000,61910.8,62197.7,61825.5,61997.9,286.14111642
1722690000000,61998.0,62044.1,61844.4,62009.9,144.96279454
1722693600000,62010.0,62179.1,61889.3,61989.6,169.82207177
1722697200000,61989.6,62088.3,60827.3,60878.3,705.0960716
1722700800000,60878.3,61297.1,60378.0,60912.4,1312.30488461
1722704400000,60912.5,61020.0,60453.0,60576.0,337.24946214
1722708000000,60574.0,60862.3,60167.1,60245.5,468.91940777
1722711600000,60253.1,60665.7,59925.8,60250.1,602.95682921
1722715200000,60248.7,60712.2,60166.0,60405.6,276.12363809
1722718800000,60404.0,60858.2,59837.5,60650.1,944.74133178
1722722400000,60656.3,60767.6,60375.8,60630.5,192.69707762
1722726000000,60634.3,60856.7,60375.7,60710.0,405.35409759
1722729600000,60712.0,60822.9,60600.0,60750.9,166.73219558
1722733200000,60753.4,60778.0,60328.3,60739.1,218.58527449
1722736800000,60735.4,61143.6,60714.6,60883.3,224.68395005
1722740400000,60886.0,60904.7,60673.2,60741.7,158.98945277
1722744000000,60738.1,60801.5,60551.9,60564.0,85.80852301
1722747600000,60567.6,60933.4,60551.9,60791.7,104.52787732
1722751200000,60790.1,60866.5,60708.2,60815.2,73.96613851
1722754800000,60815.3,60835.1,60254.4,60371.1,343.16135645
1722758400000,60366.1,60666.0,60102.6,60563.7,240.52636745
1722762000000,60565.8,60735.9,60500.0,60708.1,127.72105127
1722765600000,60708.1,60829.9,60530.7,60803.3,133.08902989
1722769200000,60803.3,61009.6,60769.6,60898.0,222.61456069
1722772800000,60898.0,61094.0,60791.0,61054.5,119.06816099
1722776400000,61054.5,61098.4,60822.1,60822.2,91.66408684
1722780000000,60822.2,60875.9,59300.0,59575.9,1291.78702518
1722783600000,59578.0,59602.0,58947.2,59087.7,977.34029798
1722787200000,59088.0,59317.9,58610.0,58655.9,640.55255998
1722790800000,58660.0,58749.5,57123.4,57871.3,2197.90536363
1722794400000,57870.0,58923.9,57743.0,58758.6,694.56768462
1722798000000,58758.5,59494.9,58520.7,59252.8,626.14218479
1722801600000,59250.1,59588.0,58843.3,59145.0,251.96841684
1722805200000,59147.2,59159.7,58360.0,58463.5,205.64484692
1722808800000,58467.5,59146.1,58391.7,58719.7,245.92215832
1722812400000,58718.2,58763.6,58007.0,58160.1,319.27497022
1722816000000,58161.3,58310.0,55678.0,56162.1,2503.33336714
1722819600000,56160.0,56292.9,52199.0,54424.0,7986.53588106
1722823200000,54419.9,54709.9,53586.9,54682.5,2136.4145471
1722826800000,54688.1,54704.0,53788.0,53887.8,1148.26602148
1722830400000,53882.1,54567.0,53380.1,53523.9,1061.60505097
1722834000000,53532.0,53851.9,52280.0,52708.8,3098.31768504
1722837600000,52718.6,52975.0,48934.8,51585.9,8235.70507083
1722841200000,51585.8,53089.1,51357.4,52672.1,2510.11013276
1722844800000,52672.2,53223.5,52279.6,52750.8,1713.76224352
1722848400000,52752.1,52934.0,51755.0,52659.9,1085.46476204
1722852000000,52656.6,52656.6,50681.3,51386.9,2082.92512999
1722855600000,51382.1,51923.5,50638.4,51340.1,1505.96595162
1722859200000,51343.6,51549.0,49555.1,49815.9,3291.12130839
1722862800000,49811.5,52526.1,49605.9,51966.1,4662.36067777
1722866400000,51960.9,54533.7,51950.8,54064.7,4990.41968209
1722870000000,54060.1,54978.9,53512.0,54318.0,3145.49689755
1722873600000,54307.2,55573.4,54034.7,54039.7,2067.3317373
1722877200000,54045.6,55060.4,53774.9,54705.9,1122.16597234
1722880800000,54712.0,54723.8,53000.0,53102.0,1026.22452274
1722884400000,53102.0,53598.9,52552.0,53470.1,1509.97798691
1722888000000,53463.8,54428.2,53451.7,54398.0,811.27758897
1722891600000,54389.7,55201.9,54275.0,54376.0,558.970484
1722895200000,54372.1,54970.5,54206.5,54697.8,425.5019276
1722898800000,54697.8,55088.0,53869.6,54018.0,646.90200787
1722902400000,54014.0,56075.7,53938.3,56040.1,1549.71746461
1722906000000,56036.4,56330.9,55425.9,55727.9,1051.65170922
1722909600000,55727.9,56058.4,55624.3,55835.8,623.21797332
1722913200000,55835.8,55908.2,55478.8,55668.8,636.75183993
1722916800000,55668.8,55760.8,55255.0,55494.1,444.76300707
1722920400000,55494.1,55994.0,55264.5,55933.9,635.23810315
1722924000000,55933.9,56053.5,55539.0,55788.2,586.30195303
1722927600000,55787.1,56160.0,55447.9,56007.4,462.46426097
1722931200000,56004.1,56114.3,54606.5,54991.3,1042.11789831
1722934800000,54995.1,55322.7,54605.8,55210.0,797.50344845
1722938400000,55206.5,55435.1,54881.0,55064.1,432.50262237
1722942000000,55064.2,55396.3,54867.9,55208.2,461.64562765
1722945600000,55210.9,55462.2,54675.0,54772.3,599.96194753
1722949200000,54768.5,55438.8,54379.5,55206.1,1087.33705973
1722952800000,55198.7,56615.4,55142.0,56123.1,2295.70300923
1722956400000,56123.2,56435.9,55732.9,56412.6,544.40766724
1722960000000,56409.7,56922.9,56237.3,56779.9,792.22185403
1722963600000,56774.0,56969.6,56484.0,56496.1,471.70967501
1722967200000,56492.0,57073.6,56360.0,56727.4,446.51805156
1722970800000,56727.4,56884.6,56305.7,56761.0,570.29246957
1722974400000,56763.7,56857.0,56201.4,56540.1,442.95406072
1722978000000,56540.1,56636.0,56105.5,56452.1,210.53486216
1722981600000,56452.1,56935.6,55949.4,56194.9,528.21679175
1722985200000,56201.8,56416.7,55799.0,56022.0,353.41439898
1722988800000,56019.3,56365.1,55570.0,56273.3,535.19798618
1722992400000,56273.3,57010.0,55788.5,56968.0,697.84319062
1722996000000,56958.1,57280.0,56500.0,56764.0,813.43320614
1722999600000,56764.6,56982.2,56583.9,56863.8,306.55052508
1723003200000,56863.9,57243.6,56726.2,57048.0,444.01099589
1723006800000,57049.9,57246.0,56706.0,56798.0,474.33059573
1723010400000,56798.0,56999.0,56692.1,56839.9,291.28336434
1723014000000,56833.7,57100.0,56546.5,56925.8,375.11747193
1723017600000,56927.0,57456.0,56872.7,57347.0,864.63847377
1723021200000,57348.0,57736.3,57176.3,57354.0,1085.61888662
1723024800000,57354.2,57736.1,57264.5,57329.9,576.08509773
1723028400000,57328.1,57380.0,56868.5,56968.6,562.57550973
1723032000000,56966.0,57345.9,56819.1,57296.0,502.76697304
1723035600000,57294.2,57481.4,56717.4,56837.9,565.03674419
1723039200000,56835.7,56996.7,55653.7,56086.7,1265.70826599
1723042800000,56085.6,56399.9,55773.3,56092.7,412.4489914
1723046400000,56092.7,56293.6,55825.8,56132.4,362.43802562
1723050000000,56120.9,56325.7,55393.2,55573.6,496.70844406
1723053600000,55573.6,55627.3,54671.0,54808.0,920.85624484
1723057200000,54808.9,55160.4,54693.9,54756.1,355.08971464
1723060800000,54763.2,55310.9,54649.0,55148.0,560.050757
1723064400000,55153.0,55613.6,54870.3,55427.9,445.87840713
1723068000000,55422.2,55470.5,54563.6,55288.6,348.52706627
1723071600000,55288.6,55435.4,54922.1,55142.7,343.69237064
1723075200000,55137.6,55375.4,54727.6,55306.1,455.09475494
1723078800000,55306.1,57416.1,55263.9,56867.9,1766.7220125
1723082400000,56870.1,57649.6,56819.3,57355.9,796.19583438
1723086000000,57358.3,57630.0,57050.0,57055.8,436.26930035
1723089600000,57055.9,57241.2,56668.0,56765.0,501.3146304
1723093200000,56765.2,57018.9,56725.5,56956.0,233.16849643
1723096800000,56957.9,57346.6,56790.2,57220.0,419.69803969
1723100400000,57220.1,57421.7,57124.3,57192.0,363.62745839
1723104000000,57193.9,57377.9,57120.1,57234.0,227.21981266
1723107600000,57234.0,57498.9,56976.8,57347.9,253.5210145
1723111200000,57346.2,57564.9,57200.0,57377.1,213.82177409
1723114800000,57379.9,57688.0,57256.0,57321.5,384.58517591
1723118400000,57321.6,58489.0,57094.5,57934.9,1643.66529869
1723122000000,57930.1,58258.2,56691.2,57268.9,1238.01212054
1723125600000,57272.2,59000.0,57173.6,58927.9,1713.73444875
1723129200000,58924.3,59516.0,58638.2,59429.9,1101.67453275
1723132800000,59434.1,59876.0,59354.3,59566.0,772.69543096
1723136400000,59564.0,59857.0,59272.0,59464.1,350.55645696
1723140000000,59468.0,59696.8,59329.9,59337.7,283.35612897
1723143600000,59335.1,59822.0,59240.8,59415.3,722.52708111
1723147200000,59420.0,59684.5,59300.0,59502.2,122.09889001
1723150800000,59500.1,61386.0,59496.0,61168.4,841.74381436
1723154400000,61174.4,62542.6,60622.8,62328.9,1144.05442454
1723158000000,62330.8,62750.0,61625.2,61686.1,983.99616393
1723161600000,61692.0,61752.6,61089.7,61216.2,611.6647885
1723165200000,61216.3,61546.9,60771.3,61403.0,571.57462634
1723168800000,61403.1,61455.4,61149.5,61231.9,276.13389814
1723172400000,61230.8,61572.0,61170.5,61360.1,210.35904212
1723176000000,61360.1,61396.0,60713.0,60718.6,287.98263099
1723179600000,60718.9,61021.1,60589.1,60986.8,254.43145052
1723183200000,60986.8,61117.7,60736.0,60883.6,268.90904642
1723186800000,60883.6,61304.7,60750.0,60862.1,391.83563621
1723190400000,60862.0,61104.6,60613.7,61087.8,440.9234042
1723194000000,61085.6,61210.0,60715.0,60759.9,281.39350493
1723197600000,60759.9,60858.2,60180.0,60601.6,481.47936155
1723201200000,60600.0,60794.0,60361.9,60662.0,201.09814702
1723204800000,60658.1,60806.1,60234.7,60559.6,278.72132714
1723208400000,60559.7,60763.4,59800.9,60456.5,918.92430893
1723212000000,60466.3,61126.1,59532.7,60335.7,1357.59034793
1723215600000,60343.6,60581.2,59800.0,59812.9,453.19493461
1723219200000,59812.9,60455.0,59730.0,60431.9,366.96181771
1723222800000,60434.0,60738.8,60160.1,60202.0,257.23284682
1723226400000,60200.1,60369.1,59831.8,60315.9,282.07327318
1723230000000,60315.9,60774.1,60122.4,60687.0,188.33250426
1723233600000,60686.0,60981.8,60523.1,60748.0,216.04646146
1723237200000,60744.9,60869.6,59922.8,60733.9,521.4466381
1723240800000,60733.9,60985.5,60290.6,60766.0,405.86349468
1723244400000,60766.1,60924.3,60355.8,60838.2,212.75816881
1723248000000,60837.9,61476.0,60496.3,60550.1,534.78869762
1723251600000,60549.8,60969.4,60461.4,60467.9,192.65325352
1723255200000,60468.0,60727.4,60332.9,60538.6,100.81382613
1723258800000,60536.1,60540.9,60278.0,60438.2,104.75307379
1723262400000,60440.5,60450.0,60250.0,60421.0,88.87456085
1723266000000,60421.0,60478.1,60332.3,60366.0,53.37960706
1723269600000,60366.0,60520.9,60330.1,60457.3,55.56010281
1723273200000,60458.7,60855.0,60458.7,60847.4,122.97734435
1723276800000,60847.5,60899.2,60626.4,60742.0,200.93774867
1723280400000,60742.0,61114.2,60736.1,60901.9,220.55274553
1723284000000,60904.5,61013.8,60639.9,60786.1,237.43826909
1723287600000,60786.1,61008.1,60754.0,60923.8,120.82319979
1723291200000,60923.8,60945.2,60711.9,60716.7,73.87204835
1723294800000,60716.6,60743.9,60427.4,60439.9,185.53585558
1723298400000,60439.5,60681.8,60411.5,60588.4,104.46543338
1723302000000,60588.4,60773.0,60508.2,60523.9,170.52794691
1723305600000,60523.9,60716.0,60408.0,60681.1,134.9758293
1723309200000,60681.1,60874.0,60562.0,60774.3,67.8558531
1723312800000,60774.4,61210.6,60732.3,60954.0,214.84351644
1723316400000,60958.0,61141.5,60840.1,61013.7,80.86399676
1723320000000,61013.7,61110.0,60900.4,60993.5,59.54904247
1723323600000,60991.4,61164.4,60962.7,61076.0,67.28020347
1723327200000,61076.1,61082.0,60883.3,60931.5,77.48970033
1723330800000,60931.6,60936.2,60757.7,60921.3,88.50967757
1723334400000,60921.2,61235.9,60892.0,61082.8,325.66314624
1723338000000,61084.0,61163.3,60952.3,61115.3,127.83020337
1723341600000,61115.4,61126.5,60954.5,61030.0,81.32981697
1723345200000,61032.0,61400.0,61022.1,61090.0,266.80529485
1723348800000,61090.0,61147.4,60880.4,60896.0,180.89739744
1723352400000,60895.9,61156.7,60882.2,61116.1,66.79941392
1723356000000,61118.6,61169.0,61010.1,61118.1,77.32791562
1723359600000,61118.2,61273.4,61094.0,61262.6,108.51486828
1723363200000,61264.5,61434.5,61165.2,61267.9,199.77733558
1723366800000,61267.9,61885.7,61000.0,61108.1,430.96637379
1723370400000,61110.1,61270.0,60948.0,61046.1,200.13730237
1723374000000,61044.1,61078.9,60431.0,60668.0,380.89839932
1723377600000,60666.1,60704.4,60229.5,60503.7,250.83256848
1723381200000,60503.8,60634.0,60170.0,60463.9,352.12808899
1723384800000,60463.9,60765.4,60190.8,60336.5,240.43336533
1723388400000,60337.9,60477.9,59936.3,60127.9,391.52371689
1723392000000,60128.0,60306.1,59976.4,60182.0,226.54535239
1723395600000,60183.2,60358.4,60000.5,60272.1,99.10662882
1723399200000,60272.0,60347.9,60127.7,60260.2,54.60379747
1723402800000,60262.0,60277.0,59550.9,59629.9,239.67707753
1723406400000,59630.0,59678.0,58300.4,58508.4,989.20401559
1723410000000,58503.1,59079.9,58315.0,59018.0,355.72559561
1723413600000,59012.0,59349.9,58530.6,58990.0,430.88442428
1723417200000,58989.9,59024.4,58690.0,58711.7,235.24758479
1723420800000,58711.6,59080.0,58073.6,58448.9,655.08791218
1723424400000,58451.9,58796.0,58278.2,58580.2,438.72190077
1723428000000,58580.1,58742.6,58310.6,58702.0,432.14583081
1723431600000,58709.8,58813.8,58437.3,58515.9,112.20256469
1723435200000,58515.8,58668.5,58359.9,58518.0,129.56371341
1723438800000,58518.0,58696.9,58400.0,58568.0,164.33455578
1723442400000,58567.9,58633.6,58130.0,58402.1,444.40626338
1723446000000,58402.1,59000.0,57592.9,58674.1,1103.89858826
1723449600000,58670.1,59022.0,58244.0,58318.9,391.61949125
1723453200000,58318.8,58637.8,58170.1,58302.1,256.8306295
1723456800000,58298.4,58998.9,58120.1,58974.0,470.53675158
1723460400000,58973.9,59973.9,58885.3,59851.9,829.11796318
1723464000000,59850.1,59931.6,59517.3,59728.3,408.92618141
1723467600000,59730.0,59878.5,57985.5,58154.8,994.79767098
1723471200000,58164.0,60692.8,57784.8,60296.0,1585.31070202
1723474800000,60296.1,60518.1,59238.4,60207.2,1155.19509147
1723478400000,60204.0,60409.1,59548.8,59608.1,464.84932823
1723482000000,59604.1,59914.2,59260.1,59295.2,274.40248135
1723485600000,59300.0,59492.7,58440.3,58526.1,398.06992007
1723489200000,58527.5,59319.3,58527.5,59044.0,824.56386596
1723492800000,59048.0,59387.6,58737.4,58848.0,341.14509408
1723496400000,58846.1,59219.3,58536.3,58971.9,339.13166635
1723500000000,58972.0,59253.6,58858.1,59059.7,214.38611649
1723503600000,59059.6,59750.8,59025.1,59348.0,448.680222
1723507200000,59348.0,59888.0,59264.9,59797.4,236.60887562
1723510800000,59792.6,59931.7,59464.8,59734.1,194.32545677
1723514400000,59734.2,59779.8,59300.0,59484.6,161.45961292
1723518000000,59484.7,59522.9,58873.8,59048.0,419.65099084
1723521600000,59048.0,59254.3,58831.3,59224.0,103.38446852
1723525200000,59223.9,59369.3,59099.4,59219.4,104.86295843
1723528800000,59219.4,59482.7,58978.1,59371.5,145.86789327
1723532400000,59371.8,59459.9,59055.3,59243.9,131.33213869
1723536000000,59243.9,59340.0,58925.9,59094.0,184.17329799
1723539600000,59094.0,59102.0,58709.0,58945.9,254.79956298
1723543200000,58944.0,58972.0,58398.1,58667.9,428.94903052
1723546800000,58667.9,58904.4,58559.9,58832.0,216.31218319
1723550400000,58832.0,59188.4,58706.3,59121.7,341.30577945
1723554000000,59121.6,59429.7,58843.3,59388.0,403.74375706
1723557600000,59395.8,59776.2,59016.2,59641.9,600.63161155
1723561200000,59641.0,59727.2,59346.1,59480.1,206.28463449
1723564800000,59480.1,61185.2,59460.0,61159.8,1273.34915759
1723568400000,61150.1,61575.9,60900.0,61166.0,1134.40152125
1723572000000,61166.9,61217.3,60739.4,60800.2,353.30703188
1723575600000,60800.2,60976.9,60237.0,60827.4,663.5377966
1723579200000,60827.4,60977.9,60560.1,60570.6,183.68531272
1723582800000,60568.1,61140.0,60504.4,61034.0,146.25514197
1723586400000,61035.8,61060.0,60455.5,60590.2,271.90719449
1723590000000,60590.2,60616.0,60388.0,60584.6,155.84493883
1723593600000,60584.6,60851.0,60429.1,60786.1,151.17232687
1723597200000,60786.0,60827.9,60518.7,60520.2,182.064667
1723600800000,60525.5,60845.4,60500.0,60806.3,150.60141624
1723604400000,60806.3,61300.0,60806.3,60944.1,299.82551333
1723608000000,60950.3,61158.0,60889.8,60946.0,105.13767808
1723611600000,60946.0,61087.0,60797.0,60828.1,137.27040122
1723615200000,60828.0,60921.4,60635.7,60867.7,265.34077
1723618800000,60867.7,60941.9,60700.1,60919.8,105.31790207
1723622400000,60919.9,60936.3,60643.7,60889.9,234.76257505
1723626000000,60890.0,60970.7,60814.5,60858.9,114.50830278
1723629600000,60856.0,61342.7,60838.2,61104.1,298.9593869
1723633200000,61098.2,61454.7,60891.5,61293.9,262.51311138
1723636800000,61294.1,61839.8,60854.4,61067.9,1032.72143851
1723640400000,61064.1,61177.1,59475.1,59612.0,989.97032641
1723644000000,59624.0,59624.0,58817.2,59503.7,1091.58650411
1723647600000,59502.0,59837.9,58900.0,59443.8,735.71387557
1723651200000,59443.8,59469.8,58613.3,59127.1,605.88543262
1723654800000,59129.9,59379.2,59040.1,59170.1,181.9361304
1723658400000,59170.0,59478.0,58818.0,58990.2,217.00280114
1723662000000,58990.2,59125.0,58714.6,58899.8,249.2139432
1723665600000,58892.0,59194.0,58884.3,59150.0,181.24288499
1723669200000,59155.3,59163.0,58878.0,58917.5,107.48193303
1723672800000,58921.9,59013.8,58441.2,58985.8,329.95358775
1723676400000,58991.1,59033.2,58666.6,58686.9,161.31112458
1723680000000,58684.0,59038.1,58676.0,58997.9,208.03131021
1723683600000,58999.9,59048.3,58150.1,58206.4,393.47555471
1723687200000,58210.8,58562.9,58010.6,58413.8,617.6261783
1723690800000,58419.8,58499.9,58344.0,58445.5,176.30456774
1723694400000,58445.5,58473.4,58158.1,58394.3,249.5147942
1723698000000,58394.4,58642.1,58186.3,58323.0,212.24894455
1723701600000,58320.1,58396.0,57847.0,58111.7,452.8377821
1723705200000,58111.6,58158.0,57718.1,58063.9,352.77134352
1723708800000,58064.0,58383.6,57966.1,58369.5,229.29323314
1723712400000,58369.5,58555.0,58292.7,58408.8,253.65719529
1723716000000,58412.0,58545.0,58292.9,58364.9,235.17563564
1723719600000,58358.9,58872.4,58352.0,58742.0,292.35543283
1723723200000,58741.9,59376.1,58613.3,58800.0,838.02161235
1723726800000,58802.0,59480.0,58543.2,59460.0,537.23538655
1723730400000,59460.1,59748.3,59208.1,59421.9,606.47278282
1723734000000,59424.0,59774.0,59279.8,59675.8,473.99175392
1723737600000,59676.0,59850.0,59435.1,59536.7,331.86685643
1723741200000,59536.7,59551.2,58788.1,58870.0,394.20004727
1723744800000,58876.0,58876.1,57525.1,57872.2,1064.36231559
1723748400000,57867.1,57957.3,56678.0,57046.6,1258.97272063
1723752000000,57044.1,57134.7,56093.7,56667.9,789.95208275
1723755600000,56668.3,57652.2,56612.8,57625.9,435.93128553
1723759200000,57625.9,57888.0,57383.2,57622.3,332.36878975
1723762800000,57621.4,57820.5,57480.0,57544.0,268.83993921
1723766400000,57542.1,57668.9,57357.1,57472.8,200.9320416
1723770000000,57476.0,57621.9,57094.1,57548.1,282.02694939
1723773600000,57551.0,58508.0,57339.4,58195.8,476.85756358
1723777200000,58194.0,58226.5,57800.0,57892.0,174.76023578
1723780800000,57892.0,58314.5,57804.9,58312.2,211.83412346
1723784400000,58312.2,58333.0,58120.3,58191.1,89.17460839
1723788000000,58191.1,58634.3,58060.0,58527.0,328.75653715
1723791600000,58527.0,58560.0,58328.2,58464.0,421.55562098
1723795200000,58463.9,58606.5,58333.0,58366.9,422.26061237
1723798800000,58366.8,58682.2,58259.2,58671.9,416.93669286
1723802400000,58667.6,58674.0,58308.0,58443.9,312.87246358
1723806000000,58442.1,58633.9,58218.7,58410.1,365.98711477
1723809600000,58407.5,58523.5,57515.0,57868.4,1175.13623065
1723813200000,57869.0,58910.0,57757.7,58348.2,812.165072
1723816800000,58347.1,58484.9,57866.0,58018.2,476.53472917
1723820400000,58013.4,58235.2,57641.3,58074.1,300.10476356
1723824000000,58068.1,58736.8,57994.0,58563.9,481.08279291
1723827600000,58563.9,59362.8,58386.6,59214.8,581.65905085
1723831200000,59214.8,59568.5,59080.0,59476.0,589.6744344
1723834800000,59476.0,59821.0,59412.5,59681.6,505.19463779
1723838400000,59683.3,59717.6,59191.0,59264.0,238.2943667
1723842000000,59262.0,59310.6,58950.0,59029.4,174.8956888
1723845600000,59024.9,59195.1,58966.1,58966.1,161.87368265
1723849200000,58966.1,59057.5,58726.1,58880.4,242.56974184
1723852800000,58880.5,59262.0,58804.9,59189.9,194.511267
1723856400000,59184.4,59384.2,59116.7,59249.9,157.89217376
1723860000000,59250.5,59343.7,59073.9,59145.1,81.97601515
1723863600000,59147.0,59184.0,59000.0,59161.0,89.80926348
1723867200000,59161.0,59266.2,59077.9,59223.9,115.7190137
1723870800000,59224.0,59248.1,59144.0,59157.3,42.490018
1723874400000,59157.5,59234.7,59143.0,59158.0,94.29611701
1723878000000,59158.0,59275.3,59046.7,59251.9,93.33551325
1723881600000,59248.7,59293.7,59161.0,59285.6,75.15713564
1723885200000,59285.9,59479.9,59218.8,59317.8,141.87805923
1723888800000,59317.9,59344.8,59064.7,59109.9,155.31857583
1723892400000,59110.3,59194.0,59057.0,59137.1,66.73922011
1723896000000,59137.1,59282.2,59102.1,59230.7,92.24529646
1723899600000,59230.6,59449.7,59196.0,59326.9,251.12289327
1723903200000,59326.9,59573.3,59255.8,59536.3,176.14454791
1723906800000,59542.3,59656.0,59366.2,59394.3,201.91606764
1723910400000,59394.3,59716.8,59394.2,59616.2,104.20574818
1723914000000,59616.1,59680.1,59427.0,59435.1,136.50875593
1723917600000,59435.1,59479.7,59300.0,59418.5,57.65556265
1723921200000,59418.6,59547.6,59384.0,59478.9,34.41447037
1723924800000,59478.8,59503.4,59329.5,59396.6,32.80968746
1723928400000,59396.1,59436.9,59147.8,59306.0,49.20640806
1723932000000,59310.3,59350.0,59252.6,59319.3,22.22912108
1723935600000,59319.4,59499.8,59303.9,59499.7,36.55655011
1723939200000,59499.8,59748.9,59427.8,59683.1,146.88080323
1723942800000,59676.3,59700.0,59390.8,59432.0,103.57636552
1723946400000,59434.3,60262.4,59386.9,60138.1,537.45647905
1723950000000,60138.0,60270.9,59300.0,59340.9,543.19499323
1723953600000,59340.9,59502.5,59257.0,59453.6,207.71669807
1723957200000,59456.0,59702.0,59408.0,59488.1,163.42520996
1723960800000,59488.1,59627.2,59476.0,59596.0,59.52948301
1723964400000,59596.0,59660.4,59514.6,59575.3,88.74773419
1723968000000,59575.3,59718.0,59427.0,59710.1,131.30302407
1723971600000,59707.3,60123.0,59642.5,59881.9,266.00466928
1723975200000,59882.0,60196.0,59832.0,59870.7,366.07987599
1723978800000,59874.8,60035.3,59767.0,60020.7,239.54201902
1723982400000,60020.8,60288.4,59888.8,59979.3,303.86373808
1723986000000,59978.2,60235.1,59826.0,59831.7,181.57968127
1723989600000,59831.7,59978.1,59676.3,59811.5,144.3112533
1723993200000,59812.6,59936.9,59702.5,59863.4,77.95879109
1723996800000,59867.7,59950.0,59777.2,59846.0,65.48503098
1724000400000,59846.0,59863.9,59352.5,59530.0,188.78428699
1724004000000,59528.1,59623.1,59468.0,59600.1,44.57506621
1724007600000,59600.0,59757.9,59505.6,59702.0,62.46634003
1724011200000,59708.0,59874.0,59682.1,59820.2,70.4093922
1724014800000,59820.3,59820.3,59312.1,59446.0,83.99712888
1724018400000,59444.1,59599.5,59345.7,59348.0,129.27142873
1724022000000,59346.1,59409.4,58400.3,58434.7,547.08261437
1724025600000,58433.8,58748.9,58218.7,58350.6,635.17549245
1724029200000,58350.5,58624.9,58218.7,58564.1,331.83576361
1724032800000,58564.1,58745.5,58429.4,58670.4,158.09335882
1724036400000,58678.1,58766.8,58559.1,58736.8,139.75245666
1724040000000,58736.7,58753.7,58479.5,58580.0,166.20775152
1724043600000,58580.0,58620.0,58378.1,58489.0,117.4912346
1724047200000,58489.1,58666.1,58391.0,58576.9,155.36956463
1724050800000,58576.9,58748.7,58500.1,58509.9,134.39872754
1724054400000,58511.2,58659.5,58426.1,58608.9,138.78419376
1724058000000,58608.9,58674.0,57968.0,58006.1,459.58902294
1724061600000,58006.2,58200.0,57800.0,58049.9,423.58053651
1724065200000,58050.0,58512.4,57982.2,58395.6,210.20479498
1724068800000,58392.0,58518.5,58260.0,58414.1,220.34590194
1724072400000,58415.9,58969.9,58058.0,58198.7,472.16334894
1724076000000,58207.8,58631.8,58076.8,58616.9,183.72397537
1724079600000,58620.0,58776.3,58511.9,58540.0,138.1887379
1724083200000,58538.5,58711.2,58373.9,58701.9,141.71913076
1724086800000,58702.0,59292.0,58556.0,59021.9,349.74276689
1724090400000,59022.0,59245.6,58730.2,59009.5,109.55057376
1724094000000,59012.0,59132.7,58873.2,58972.0,223.48085768
1724097600000,58965.9,59345.0,58911.2,59080.0,148.39088356
1724101200000,59076.5,59239.9,58948.3,58968.1,123.17479683
1724104800000,58968.1,59263.9,58957.8,59236.1,96.88815873
1724108400000,59236.0,59610.7,59088.0,59443.8,262.47543662
1724112000000,59438.5,60666.0,59348.7,60483.9,1212.89951786
1724115600000,60483.9,60922.0,60380.4,60444.5,722.06430125
1724119200000,60446.0,60556.3,60340.3,60524.1,196.7596953
1724122800000,60524.1,60627.5,60425.4,60627.5,225.51878104
1724126400000,60624.5,61048.1,60586.0,60873.0,524.67973293
1724130000000,60873.9,61419.6,60864.2,61119.5,911.2865243
1724133600000,61119.5,61146.0,60937.5,60963.0,238.38751066
1724137200000,60962.7,61000.0,60805.0,60930.6,228.81785265
1724140800000,60930.6,60950.0,60688.0,60758.8,366.6587118
1724144400000,60758.7,60978.0,60752.7,60858.6,188.84465415
1724148000000,60858.7,60882.0,60666.0,60716.1,168.06561187
1724151600000,60716.0,60744.0,60428.4,60521.0,227.48050484
1724155200000,60521.0,60751.2,60502.0,60698.2,186.33809682
1724158800000,60698.2,60958.9,60344.1,60889.8,606.85463472
1724162400000,60889.9,60909.9,59444.0,59458.0,1447.35501808
1724166000000,59460.0,59484.0,58697.0,58831.4,1392.77396171
1724169600000,58823.4,59045.9,58541.2,58796.8,502.42154957
1724173200000,58796.9,59059.2,58680.0,59039.9,136.50339929
1724176800000,59040.0,59476.0,58984.8,59193.4,337.50117633
1724180400000,59193.0,59596.0,59136.2,59514.0,176.36844275
1724184000000,59508.1,59716.0,59278.0,59312.0,198.40751401
1724187600000,59312.0,59332.4,58819.1,59292.1,249.58518487
1724191200000,59292.0,59564.0,59236.0,59365.1,128.23226183
1724194800000,59365.0,59400.1,58960.6,59006.5,189.28206456
1724198400000,59004.3,59276.9,58955.9,58992.0,194.08101322
1724202000000,58988.1,59299.3,58781.7,59282.5,251.22112869
1724205600000,59282.5,59513.7,59250.0,59365.0,144.94114544
1724209200000,59365.1,59419.3,59220.0,59320.9,215.58171312
1724212800000,59320.9,59400.0,59187.6,59362.4,76.34493425
1724216400000,59362.4,59400.0,59300.2,59377.1,44.74745084
1724220000000,59377.0,59735.3,59356.1,59629.8,260.3828752
1724223600000,59629.8,59736.7,59572.5,59713.0,168.18614129
1724227200000,59712.9,59923.9,59231.1,59444.0,402.38840829
1724230800000,59442.7,59506.5,59100.0,59287.4,231.64029859
1724234400000,59287.4,59486.2,59199.0,59472.0,101.34493284
1724238000000,59474.5,59508.0,59264.0,59358.8,58.11669934
1724241600000,59358.8,59600.0,59263.9,59506.7,170.07694824
1724245200000,59506.7,60117.5,58815.9,59934.0,832.20689846
1724248800000,59931.4,60200.0,59199.9,59423.2,902.43616785
1724252400000,59414.4,59782.0,59301.3,59518.7,320.90345183
1724256000000,59522.0,59951.0,59372.0,59885.9,221.65343355
1724259600000,59886.0,60048.7,59708.0,59938.1,134.69695323
1724263200000,59935.5,60833.3,59850.0,60772.8,508.23800399
1724266800000,60769.8,61651.9,60523.6,61572.0,1393.67443097
1724270400000,61572.1,61832.3,60912.8,61237.9,915.21888002
1724274000000,61234.3,61499.8,60937.4,61235.9,280.57701148
1724277600000,61235.9,61500.0,61178.7,61178.7,150.4866046
1724281200000,61178.8,61284.0,61001.1,61156.0,299.03925938
1724284800000,61156.0,61227.4,60812.6,60824.8,272.47933981
1724288400000,60828.0,61000.0,60727.3,60968.1,188.82402415
1724292000000,60968.0,60972.0,59667.6,60160.0,803.60554952
1724295600000,60160.0,60629.3,60066.1,60550.5,317.81946344
1724299200000,60550.5,60854.0,60455.5,60828.0,277.87547191
1724302800000,60831.7,60831.7,60604.3,60720.0,80.86610411
1724306400000,60718.7,60944.0,60678.1,60772.0,146.61723067
1724310000000,60771.3,61111.5,60709.7,60985.0,208.05713184
1724313600000,60985.0,61115.3,60854.2,60916.8,319.3960637
1724317200000,60916.7,60977.0,60800.0,60882.6,148.21427392
1724320800000,60883.5,61401.2,60814.5,61347.2,357.56323688
1724324400000,61351.3,61382.8,61105.0,61333.3,228.45090162
1724328000000,61332.0,61393.1,60739.5,60883.8,686.59455456
1724331600000,60883.7,60926.1,60408.3,60814.9,632.31856526
1724335200000,60815.0,60852.2,60344.1,60512.1,526.00089536
1724338800000,60512.1,60839.1,60101.0,60407.1,309.39700297
1724342400000,60404.0,60590.7,60282.4,60329.0,183.48763167
1724346000000,60329.0,60511.6,60139.9,60158.3,247.300272
1724349600000,60156.0,60569.0,60128.1,60333.7,285.69373103
1724353200000,60324.5,60438.0,60170.0,60307.6,228.24900349
1724356800000,60308.0,60683.1,60283.3,60676.0,254.71738767
1724360400000,60672.0,60700.0,60461.5,60551.2,100.89867942
1724364000000,60552.0,60595.9,60420.0,60436.0,126.64391958
1724367600000,60435.9,60464.2,60305.0,60380.0,44.97668393
1724371200000,60381.4,60970.5,60340.0,60732.4,303.77857702
1724374800000,60736.0,60867.1,60597.1,60760.9,147.33470128
1724378400000,60764.7,60815.4,60609.0,60631.9,89.91047288
1724382000000,60632.0,60693.8,60575.0,60594.2,106.59713526
1724385600000,60594.2,60729.1,60585.2,60706.0,55.57356887
1724389200000,60706.1,61090.0,60706.0,60859.8,248.79265449
1724392800000,60859.9,61362.5,60832.0,61188.1,261.08249802
1724396400000,61188.0,61262.0,60950.0,61074.1,214.23598739
1724400000000,61072.6,61332.1,61032.3,61321.9,257.12082522
1724403600000,61321.9,61340.0,60952.6,61022.4,199.94993223
1724407200000,61023.4,61160.2,61004.0,61054.1,95.76963405
1724410800000,61054.0,61081.9,60683.3,60738.1,282.05746462
1724414400000,60738.1,61220.0,60738.1,61140.0,292.60809596
1724418000000,61144.7,61174.5,60889.7,61115.3,197.10903518
1724421600000,61120.0,62325.6,60800.0,60990.7,2569.3313731
1724425200000,60991.9,61783.4,60912.0,61534.0,724.33809729
1724428800000,61535.2,61833.2,61343.1,61732.7,498.45069997
1724432400000,61732.6,63024.2,61620.0,63005.4,1202.94597375
1724436000000,63005.4,63422.5,62631.3,63154.0,1717.49247995
1724439600000,63155.0,63828.8,63001.4,63622.5,1738.75076416
1724443200000,63624.8,63802.0,63490.6,63624.2,434.69355075
1724446800000,63624.2,64999.0,63592.4,64389.4,1333.0504574
1724450400000,64389.4,65000.0,63919.0,64100.1,891.3887381
1724454000000,64102.1,64333.3,63845.0,64048.1,699.04159952
1724457600000,64048.2,64200.0,63841.7,63968.1,258.60530272
1724461200000,63968.1,64009.7,63631.8,63841.5,227.17783566
1724464800000,63843.4,64000.0,63786.3,63946.3,169.21462422
1724468400000,63946.3,64000.0,63782.0,63840.1,190.99201796
1724472000000,63838.1,63988.0,63834.0,63889.9,103.38693742
1724475600000,63889.9,64040.0,63854.9,63991.4,178.79277343
1724479200000,63992.0,64291.6,63930.0,64061.1,243.99919447
1724482800000,64061.2,64345.9,64058.1,64312.9,264.08035585
1724486400000,64312.8,64445.9,64148.0,64420.1,208.13972838
1724490000000,64420.1,64508.9,64201.1,64332.3,139.91303587
1724493600000,64332.2,64388.0,64099.1,64131.4,141.30882077
1724497200000,64131.5,64192.0,63895.1,63912.0,231.41851025
1724500800000,63910.9,64228.6,63910.7,64096.0,209.07910138
1724504400000,64096.1,64259.2,63972.0,64225.9,166.80293769
1724508000000,64225.9,64247.3,64059.1,64181.9,134.12622369
1724511600000,64182.0,64182.0,63878.0,63984.1,251.41440375
1724515200000,63987.8,64444.0,63888.8,64297.4,429.33557874
1724518800000,64302.0,64302.0,63950.0,64050.0,114.92500963
1724522400000,64052.1,64490.6,63940.0,64227.0,429.82246286
1724526000000,64230.7,64381.8,64205.4,64205.4,55.00465672
1724529600000,64205.4,64339.0,64135.2,64135.2,61.6119544
1724533200000,64135.2,64188.4,63513.7,63608.0,416.96854171
1724536800000,63604.8,63993.0,63572.8,63834.9,217.5013065
1724540400000,63834.8,64164.0,63800.2,64160.0,91.70054401
1724544000000,64154.1,64660.0,64112.0,64187.6,704.33625641
1724547600000,64180.9,64391.3,64050.0,64151.9,152.69392017
1724551200000,64152.0,64280.0,64110.0,64144.3,96.35790102
1724554800000,64144.4,64182.0,64000.0,64106.9,136.82246715
1724558400000,64106.9,64167.2,64000.0,64156.0,81.32303934
1724562000000,64156.0,64209.8,64100.0,64151.9,73.85412269
1724565600000,64152.0,64176.7,63982.5,64008.0,114.65607237
1724569200000,64008.1,64054.7,63788.0,63872.1,354.07664107
1724572800000,63872.1,64015.0,63807.7,63940.1,95.50711121
1724576400000,63940.0,63985.7,63800.0,63860.2,83.32714108
1724580000000,63860.1,63937.9,63780.1,63883.4,74.18589329
1724583600000,63883.4,64021.9,63874.1,63884.4,92.41001943
1724587200000,63884.4,63951.0,63800.0,63932.2,75.38751675
1724590800000,63932.2,64179.8,63854.2,64082.9,165.3598807
1724594400000,64083.0,64260.0,64082.9,64155.5,112.10370443
1724598000000,64155.6,64296.6,64084.0,64133.5,120.83958731
1724601600000,64132.1,64203.9,64000.0,64035.8,97.00088602
1724605200000,64035.9,64169.0,64020.6,64145.2,43.18337689
1724608800000,64143.2,64258.0,64072.0,64169.5,66.69600221
1724612400000,64169.6,64217.4,64134.0,64184.5,35.10328349
1724616000000,64184.5,64275.0,64131.1,64214.0,46.27279689
1724619600000,64214.1,64588.0,64208.0,64388.3,272.94142797
1724623200000,64394.9,64624.3,64262.1,64476.2,213.58519535
1724626800000,64485.8,65010.2,64208.0,64227.5,922.06241118
1724630400000,64227.5,64482.8,63880.0,64109.9,335.46008228
1724634000000,64110.0,64194.8,63882.5,63923.6,282.08661895
1724637600000,63923.6,64069.8,63767.0,64063.3,213.14646629
1724641200000,64063.2,64129.9,64000.0,64116.9,76.30437252
1724644800000,64116.2,64212.0,63948.0,64028.9,98.7908692
1724648400000,64029.0,64053.6,63888.8,63959.0,75.56998302
1724652000000,63958.9,64050.0,63620.0,63733.5,451.46705021
1724655600000,63733.4,63872.3,63581.3,63624.9,206.55233115
1724659200000,63625.0,63874.0,63585.7,63743.2,161.92556605
1724662800000,63743.8,63873.6,63229.9,63860.9,393.85910431
1724666400000,63860.0,64049.5,63730.9,63774.1,278.46801531
1724670000000,63774.1,63993.9,63736.1,63851.4,195.04653701
1724673600000,63851.5,63972.0,63467.4,63637.9,230.06279456
1724677200000,63636.0,63879.9,63496.1,63763.9,256.34098068
1724680800000,63767.5,63873.6,63154.2,63496.0,585.06100634
1724684400000,63496.1,63641.6,63065.5,63534.0,325.94720883
1724688000000,63532.6,63831.6,63408.3,63712.8,430.64971931
1724691600000,63712.7,63890.8,63205.9,63381.9,305.34900911
1724695200000,63382.0,63709.9,63188.0,63647.3,350.58123148
1724698800000,63647.4,63709.9,63263.1,63345.6,230.07120474
1724702400000,63338.7,63559.6,63200.1,63416.0,181.72811635
1724706000000,63412.0,63425.9,62850.4,63152.0,276.44056846
1724709600000,63152.1,63278.5,62880.8,62968.1,159.5939376
1724713200000,62968.1,63177.5,62800.0,62818.3,152.33719831
1724716800000,62830.4,63051.9,62654.4,62712.0,325.11944459
1724720400000,62709.5,63213.9,62682.3,62996.0,563.46942842
1724724000000,62996.1,63194.0,62880.0,62896.3,223.67750297
1724727600000,62896.4,63015.1,62724.1,62971.9,214.65817943
1724731200000,62972.0,63093.1,62904.1,63042.2,112.84568998
1724734800000,63042.2,63200.0,63042.0,63159.9,215.49307922
1724738400000,63159.9,63161.5,62736.0,62774.8,249.18229912
1724742000000,62776.0,62965.7,62764.6,62907.9,126.87617625
1724745600000,62907.9,63005.6,62700.0,62818.1,159.49299142
1724749200000,62818.1,62950.0,62557.4,62684.1,310.23725802
1724752800000,62684.0,62684.0,62246.0,62330.5,522.81981364
1724756400000,62330.6,62550.0,62230.0,62428.7,250.84685475
1724760000000,62422.3,62478.6,62126.0,62424.1,225.33347499
1724763600000,62425.4,62500.0,62126.4,62230.0,298.52635495
1724767200000,62230.1,62293.0,61794.2,61839.0,1031.2825311
1724770800000,61839.0,61980.0,61445.1,61704.0,601.42263986
1724774400000,61699.1,61994.4,61533.3,61555.1,355.48582687
1724778000000,61555.1,61933.4,61513.5,61933.4,156.34413823
1724781600000,61933.3,62144.0,61880.1,62096.0,137.98692374
1724785200000,62096.5,62199.9,61880.1,62108.5,117.78152744
1724788800000,62106.5,62108.6,61846.0,61867.1,80.31951922
1724792400000,61870.8,61966.3,59710.2,60415.3,1593.28560371
1724796000000,60415.3,60418.0,58000.0,59503.9,2444.86218351
1724799600000,59499.0,59770.9,59146.0,59404.8,616.79666609
1724803200000,59406.9,59446.7,58986.0,59074.0,680.38098531
1724806800000,59077.9,59447.0,58911.5,59367.8,479.00639689
1724810400000,59367.8,59416.6,59194.9,59334.9,201.81573402
1724814000000,59335.0,59651.9,59299.9,59624.2,286.19630405
1724817600000,59624.2,59660.0,59285.3,59334.3,203.32277599
1724821200000,59334.3,59490.8,59255.8,59294.0,169.33672015
1724824800000,59294.1,59361.9,59132.0,59193.5,142.65393887
1724828400000,59194.0,59283.0,58509.8,58588.7,830.23145131
1724832000000,58588.7,59299.6,58528.2,59231.3,687.02162618
1724835600000,59230.9,60235.3,59139.1,60196.9,524.9374947
1724839200000,60196.8,60222.0,59688.8,59755.6,289.63064559
1724842800000,59755.7,60097.8,59677.5,59936.0,189.90005626
1724846400000,59936.0,60160.1,59876.6,59945.5,181.91837963
1724850000000,59942.2,60009.3,59314.2,59336.7,400.47673459
1724853600000,59336.8,59945.6,58918.8,59192.2,617.80488901
1724857200000,59184.0,59184.0,58418.4,59002.4,758.15791852
1724860800000,59003.6,59222.0,57825.1,59195.5,1102.65110795
1724864400000,59189.5,59254.0,58626.0,58644.0,256.80259338
1724868000000,58645.3,59512.7,58588.0,59482.0,574.18450473
1724871600000,59487.7,59831.4,58809.7,58898.8,691.22661805
1724875200000,58898.0,59608.1,58616.5,59303.3,476.01702277
1724878800000,59303.4,59488.0,59075.8,59117.9,147.65609781
1724882400000,59117.9,59253.9,58842.2,59199.1,147.08649437
1724886000000,59196.6,59204.4,58977.7,59034.0,168.41223317
1724889600000,59036.9,59248.8,58892.2,59204.8,418.51948107
1724893200000,59204.7,59321.9,58872.4,58997.1,247.81490523
1724896800000,58997.1,59187.5,58925.0,59131.9,175.34095415
1724900400000,59131.8,59190.9,59025.7,59151.7,119.17400178
1724904000000,59152.0,59217.2,59064.2,59196.8,115.6693896
1724907600000,59196.8,59466.6,59142.1,59434.5,177.58719464
1724911200000,59436.0,59760.7,59367.6,59568.9,297.61232569
1724914800000,59569.3,59691.9,59500.1,59577.9,108.95681587
1724918400000,59576.0,59635.6,59363.2,59553.6,161.72828895
1724922000000,59553.5,59770.9,59547.0,59583.1,163.94920887
1724925600000,59583.1,59850.5,59573.8,59674.9,266.95048886
1724929200000,59674.9,60480.3,59608.8,60062.0,604.65043891
1724932800000,60062.1,60500.0,59984.4,60319.6,539.50581629
1724936400000,60319.6,60670.2,60184.2,60625.9,391.23712646
1724940000000,60628.0,60966.5,60448.0,60809.4,532.32028414
1724943600000,60809.4,61186.4,60730.0,60777.4,497.45944446
1724947200000,60776.3,60959.2,60222.0,60285.9,355.57840925
1724950800000,60286.0,60600.0,60172.2,60531.1,180.73623044
1724954400000,60532.0,60551.1,58914.5,59158.0,757.87182998
1724958000000,59161.7,59707.1,58944.3,59256.1,319.95990703
1724961600000,59260.0,59535.7,59231.2,59529.0,172.04353894
1724965200000,59529.0,59636.3,59428.6,59492.1,63.15454859
1724968800000,59490.9,59490.9,58700.5,59212.1,350.9305426
1724972400000,59212.1,59394.9,59136.0,59352.1,94.66230483
1724976000000,59352.0,59490.8,59129.4,59204.1,128.85868407
1724979600000,59204.2,59304.0,58959.4,59221.4,213.96542035
1724983200000,59220.1,59341.6,59059.5,59196.2,167.66318543
1724986800000,59196.2,59213.2,58912.1,59033.7,194.26790063
1724990400000,59033.8,59158.9,59002.1,59014.0,89.51076682
1724994000000,59014.0,59027.6,58665.7,58791.0,327.37779384
1724997600000,58792.0,59375.0,58704.2,59359.1,253.76222691
1725001200000,59358.5,59584.0,59228.0,59266.7,399.08193162
1725004800000,59266.7,59581.9,59266.1,59446.1,210.55837632
1725008400000,59446.1,59660.0,59416.0,59583.0,195.13960672
1725012000000,59583.0,59677.3,59426.0,59584.1,235.50386612
1725015600000,59584.2,59648.0,59301.8,59397.3,154.34675071
1725019200000,59397.3,59948.1,59371.1,59536.7,357.7681613
1725022800000,59536.8,59668.4,58889.1,59652.5,650.73312631
1725026400000,59654.3,59836.0,58431.1,58454.1,1144.71590548
1725030000000,58454.0,58672.5,57936.5,58088.0,1262.6235327
1725033600000,58093.1,58600.0,57650.0,58559.6,620.6559425
1725037200000,58545.5,58818.7,58400.1,58633.9,274.40216606
1725040800000,58634.0,59374.9,58624.1,59374.9,297.61866418
1725044400000,59371.7,59371.7,58688.4,58690.0,203.61976189
1725048000000,58690.1,59054.4,58690.1,59049.6,117.07060346
1725051600000,59049.7,59156.6,58970.5,59061.9,128.86215188
1725055200000,59062.4,59304.6,59050.5,59228.0,124.53850644
1725058800000,59228.1,59279.0,59081.7,59135.6,97.43456266
1725062400000,59134.1,59461.5,59064.1,59241.4,164.82797631
1725066000000,59241.5,59339.8,59180.0,59281.9,77.58751441
1725069600000,59283.9,59294.0,59131.0,59197.7,83.47247242
1725073200000,59198.1,59274.8,59129.4,59237.5,67.01173641
1725076800000,59237.5,59352.6,59215.4,59349.6,36.38231555
1725080400000,59348.1,59348.1,59204.4,59212.1,51.84127573
1725084000000,59212.1,59267.9,59147.6,59154.8,64.8645506
1725087600000,59154.9,59192.5,59064.5,59089.1,65.34348348
1725091200000,59091.8,59133.7,58973.2,58974.0,83.15663692
1725094800000,58974.1,59021.7,58831.3,58906.2,123.68438294
1725098400000,58906.1,59168.1,58868.0,59136.8,58.19615387
1725102000000,59132.3,59185.0,59100.0,59125.0,35.90601809
1725105600000,59128.3,59239.1,59059.9,59178.1,69.61537398
1725109200000,59178.1,59242.9,58910.8,58954.0,96.79766969
1725112800000,58952.7,59164.8,58890.0,59128.8,131.50069657
1725116400000,59128.9,59160.5,58968.0,59013.8,60.19117601
1725120000000,59013.8,59043.4,58852.6,58969.5,114.89583436
1725123600000,58968.0,59035.1,58725.4,59006.0,125.1695672
1725127200000,59007.0,59142.6,58858.4,58922.1,95.88961181
1725130800000,58922.0,58951.4,58828.2,58865.1,27.59782126
1725134400000,58865.2,58978.7,58787.9,58955.2,51.23394403
1725138000000,58955.1,59144.5,58919.4,59057.3,78.17535359
1725141600000,59053.9,59136.0,59002.5,59026.5,67.98692813
1725145200000,59026.5,59059.8,58927.6,58974.5,85.55313754
1725148800000,58974.2,59083.4,58897.5,58933.3,66.12025013
1725152400000,58933.3,58961.0,58823.5,58827.2,45.78029405
1725156000000,58827.3,58861.3,58271.3,58547.6,341.23448355
1725159600000,58547.6,58675.7,58400.0,58527.4,135.7017689
1725163200000,58527.4,58600.0,58361.4,58443.1,192.23720834
1725166800000,58440.2,58467.3,57772.3,57977.1,552.78565701
1725170400000,57983.0,58297.6,57940.5,58186.0,175.5438383
1725174000000,58188.0,58497.2,58119.2,58472.6,190.81382023
1725177600000,58477.6,58508.0,58192.1,58233.7,117.19118939
1725181200000,58233.8,58397.9,58141.1,58196.4,108.37994758
1725184800000,58196.4,58220.8,57888.0,57928.0,296.26670051
1725188400000,57928.0,58237.9,57829.2,58236.7,183.35718367
1725192000000,58236.0,58310.4,57908.0,58011.8,190.88698189
1725195600000,58013.6,58210.6,57712.6,58165.8,509.46653747
1725199200000,58168.0,58176.0,57168.5,57878.5,919.03816447
1725202800000,57875.8,58371.2,57750.0,58214.1,266.38667985
1725206400000,58214.1,58354.2,58086.9,58128.0,140.66327288
1725210000000,58128.1,58207.6,57872.2,58124.0,124.26766454
1725213600000,58120.1,58799.9,58118.1,58547.9,285.99470576
1725217200000,58547.9,58782.6,58272.1,58518.0,254.10763099
1725220800000,58518.0,58664.1,58382.6,58430.0,128.02068979
1725224400000,58430.1,58436.2,58091.8,58350.1,88.07858213
1725228000000,58355.3,58423.9,57228.0,57309.8,638.94999388
1725231600000,57309.7,57597.1,57193.9,57296.1,400.22098271
1725235200000,57294.9,57651.1,57116.2,57464.0,425.81015855
1725238800000,57468.0,57573.9,57233.5,57414.9,222.46883253
1725242400000,57414.8,57711.0,57288.3,57496.1,363.56729417
1725246000000,57496.1,57766.1,57488.0,57740.1,209.81435987
1725249600000,57740.0,57766.8,57454.5,57460.0,125.30519455
1725253200000,57462.6,57986.9,57448.7,57784.0,160.82852626
1725256800000,57781.2,57884.7,57670.1,57689.2,92.56803783
1725260400000,57689.2,57806.0,57356.0,57550.0,272.36063093
1725264000000,57550.0,58308.1,57512.1,58050.1,613.53960602
1725267600000,58052.8,58461.9,57900.2,58406.1,415.43737351
1725271200000,58406.0,58588.3,58289.0,58503.9,383.24791381
1725274800000,58501.8,58666.6,58346.5,58427.1,261.82097324
1725278400000,58427.1,58511.9,58252.0,58388.3,185.62520654
1725282000000,58384.1,58497.9,58139.1,58177.9,233.52490963
1725285600000,58178.0,58817.4,58100.3,58608.2,503.72353593
1725289200000,58608.1,58760.2,58497.2,58535.7,146.33436186
1725292800000,58536.0,58658.0,58294.1,58341.3,127.69370956
1725296400000,58341.2,58559.7,58294.1,58517.9,119.9311444
1725300000000,58518.0,58666.6,58322.0,58486.0,74.44087175
1725303600000,58483.0,58559.7,58394.1,58449.0,38.82370118
1725307200000,58448.9,59255.8,58379.9,58995.5,272.22304981
1725310800000,58997.9,59289.4,58880.0,59042.0,228.51484343
1725314400000,59042.1,59356.0,59000.0,59352.9,246.9355939
1725318000000,59352.9,59433.8,59074.6,59143.2,124.66724759
1725321600000,59142.2,59255.8,59025.1,59255.8,66.92374876
1725325200000,59255.8,59413.9,59186.8,59388.7,165.53738519
1725328800000,59388.1,59817.0,59312.0,59317.3,460.98888295
1725332400000,59317.4,59335.3,59082.9,59121.4,170.95925913
1725336000000,59121.4,59245.8,59008.7,59099.4,166.7615513
1725339600000,59099.4,59263.2,59000.0,59194.5,123.793968
1725343200000,59194.2,59194.2,58873.9,58890.8,191.6513844
1725346800000,58890.8,59135.6,58883.9,59104.2,208.97616424
1725350400000,59104.2,59138.0,58716.0,58780.2,157.01184377
1725354000000,58784.0,58963.2,58772.4,58872.4,120.91631501
1725357600000,58872.5,59195.3,58832.0,59076.9,111.68136296
1725361200000,59076.0,59104.0,58942.1,59066.6,60.29074209
1725364800000,59066.6,59360.3,59050.5,59136.0,150.86305997
1725368400000,59137.3,59323.1,58194.7,58403.9,601.07139933
1725372000000,58402.8,58402.8,57562.1,57674.1,836.91928457
1725375600000,57672.4,58018.4,57626.0,57724.0,365.96463819
1725379200000,57721.5,57936.0,57658.7,57697.6,258.08212949
1725382800000,57697.6,58104.3,57677.0,57694.5,210.92598759
1725386400000,57697.5,58059.9,57590.9,57924.0,212.92305942
1725390000000,57922.1,58251.4,57848.7,58047.6,196.07897644
1725393600000,58050.0,58243.9,58049.9,58235.7,109.72609687
1725397200000,58238.0,58246.2,57963.5,58126.2,98.36802548
1725400800000,58126.3,58187.0,57863.2,57867.4,118.73159093
1725404400000,57869.4,57909.1,57401.0,57484.0,241.77455377
1725408000000,57480.1,57947.9,57102.0,57133.3,428.75722711
1725411600000,57133.3,57148.8,55568.0,56779.1,2413.18557753
1725415200000,56778.4,56822.0,56520.3,56642.1,265.80858009
1725418800000,56642.1,56847.9,56603.2,56661.9,213.66514132
1725422400000,56662.0,56728.9,56555.1,56692.1,142.62075681
1725426000000,56694.0,56694.0,56168.0,56240.3,386.76554398
1725429600000,56240.3,56525.7,56228.0,56272.9,329.71268316
1725433200000,56271.0,56883.7,56250.0,56748.9,415.85457795
1725436800000,56748.0,56899.8,56666.0,56780.1,182.21833275
1725440400000,56780.1,56853.7,56575.5,56596.0,165.80909703
1725444000000,56596.1,56701.7,56438.0,56447.6,163.0093442
1725447600000,56448.1,56687.3,56448.1,56565.9,121.60685459
1725451200000,56564.0,56765.6,56478.7,56604.0,145.39420096
1725454800000,56603.9,56690.0,56316.8,56493.0,319.04282944
1725458400000,56494.2,57583.8,56179.6,57515.7,1147.28191766
1725462000000,57515.7,58165.1,57360.7,58128.7,1061.67190147
1725465600000,58128.2,58522.1,58119.2,58400.0,594.08814237
1725469200000,58398.4,58480.6,57814.4,57874.7,427.50774027
1725472800000,57874.8,57999.9,57640.1,57679.4,183.18898985
1725476400000,57679.5,58171.3,57653.2,58056.4,217.13471555
1725480000000,58060.3,58183.5,57822.3,58044.1,207.23834823
1725483600000,58044.0,58121.7,57942.1,58101.8,39.46776751
1725487200000,58101.9,58408.1,58036.6,58134.8,130.47493405
1725490800000,58131.4,58251.8,57891.4,57970.0,152.11305534
1725494400000,57970.0,58329.9,57949.7,57999.4,186.55016993
1725498000000,58001.0,58261.3,57953.3,58025.0,240.34570426
1725501600000,58024.0,58074.4,57658.3,57697.0,359.44691408
1725505200000,57696.9,57698.0,56900.0,57127.1,1223.13559441
1725508800000,57127.4,57286.4,57068.5,57203.6,197.47058722
1725512400000,57204.1,57259.1,57030.0,57192.1,148.35043214
1725516000000,57192.1,57222.7,56534.8,56909.7,492.26710699
1725519600000,56909.7,57252.0,56829.2,57151.9,282.29606797
1725523200000,57150.6,57237.9,56952.1,57009.2,157.37171571
1725526800000,57009.3,57020.0,56611.1,56799.9,311.21265393
1725530400000,56799.9,56851.9,56640.1,56770.5,158.4169173
1725534000000,56773.8,56875.3,56637.2,56693.5,195.27144698
1725537600000,56692.0,56852.7,56321.9,56661.8,456.52616334
1725541200000,56662.8,57160.0,56566.0,57033.3,480.95897225
1725544800000,57033.5,57370.5,56472.9,56556.0,744.6771765
1725548400000,56554.9,56670.0,55809.6,55976.1,1361.91780547
1725552000000,55979.5,56414.6,55956.0,56334.0,295.37527649
1725555600000,56334.0,56618.0,56197.2,56603.4,204.46606584
1725559200000,56603.4,56719.2,56502.1,56550.7,128.15092111
1725562800000,56550.7,56575.1,55787.2,56051.2,560.07536987
1725566400000,56049.2,56255.9,56006.1,56088.2,143.41621365
1725570000000,56088.1,56272.0,55631.0,56149.0,238.39929176
1725573600000,56145.4,56229.9,55781.7,56104.1,223.06769587
1725577200000,56104.1,56209.9,55984.6,56176.0,118.16040624
1725580800000,56176.0,56332.7,55980.1,56172.1,241.35745275
1725584400000,56172.1,56619.9,55985.1,56563.4,315.88841416
1725588000000,56560.1,56863.5,56500.1,56738.0,360.25469454
1725591600000,56738.8,56844.0,56525.9,56586.0,226.72681852
1725595200000,56586.0,56748.0,56582.3,56592.0,77.10724963
1725598800000,56593.6,56668.0,56303.3,56490.0,192.76335815
1725602400000,56489.2,56518.2,56258.0,56427.2,217.24856089
1725606000000,56427.2,56443.6,55273.4,55796.6,928.15359539
1725609600000,55796.6,55933.0,55633.9,55785.7,273.58199586
1725613200000,55785.7,55927.9,55675.7,55891.7,172.34544275
1725616800000,55892.0,56269.7,55884.1,56169.0,228.9227961
1725620400000,56168.7,56246.9,55831.3,56000.0,283.04932015
1725624000000,56000.0,56932.9,55666.4,56879.9,1136.34748784
1725627600000,56876.0,57054.8,55819.2,55892.9,851.54025373
1725631200000,55894.3,55936.0,54400.0,54729.9,2643.63003636
1725634800000,54725.4,55020.4,53805.4,54044.0,1608.19281835
1725638400000,54044.1,54258.2,53620.0,54073.7,1248.81924633
1725642000000,54074.5,54434.1,53690.0,53934.2,769.44384399
1725645600000,53934.4,53994.1,53350.0,53350.2,683.84495942
1725649200000,53350.2,53999.7,53260.1,53535.9,1168.00908703
1725652800000,53536.0,53804.0,52600.0,52879.6,1445.8552406
1725656400000,52881.1,53771.6,52528.6,53769.5,694.91991231
1725660000000,53771.8,53869.8,53606.3,53642.8,202.85137289
1725663600000,53642.9,53972.0,53604.1,53958.8,179.57310874
1725667200000,53958.8,54097.4,53889.3,53912.6,277.38413783
1725670800000,53912.6,53999.3,53734.1,53815.4,200.37114922
1725674400000,53815.2,53945.8,53748.2,53802.0,261.16410829
1725678000000,53802.0,53869.4,53782.3,53813.8,166.09837253
1725681600000,53815.9,54060.0,53799.9,54056.6,208.01810672
1725685200000,54056.7,54388.1,54000.3,54180.1,431.03970271
1725688800000,54185.4,54380.0,54033.0,54311.6,263.6426201
1725692400000,54311.6,54397.6,54166.5,54289.0,273.06131123
1725696000000,54288.9,54400.0,54189.8,54377.9,261.7413804
1725699600000,54375.7,54418.0,54172.5,54248.9,126.59200436
1725703200000,54248.9,54453.1,54242.1,54341.3,193.94096338
1725706800000,54341.4,54492.1,54279.5,54327.9,144.72092386
1725710400000,54328.0,54676.0,54328.0,54582.0,453.96428758
1725714000000,54582.8,54660.0,54400.7,54547.8,290.70537249
1725717600000,54547.8,54695.9,54488.1,54630.3,180.42238202
1725721200000,54630.3,54832.0,54594.1,54784.1,148.84940642
1725724800000,54784.1,54853.0,54441.1,54466.0,174.13504751
1725728400000,54466.1,54542.8,53979.4,54129.6,282.99552006
1725732000000,54128.8,54404.6,54036.0,54294.1,156.32690838
1725735600000,54293.7,54461.0,54233.8,54400.1,54.8307321
1725739200000,54400.2,54437.8,54161.4,54161.4,64.4042796
1725742800000,54161.5,54193.7,53863.5,53928.4,285.19463152
1725746400000,53929.2,54085.6,53857.6,53954.0,70.94633661
1725750000000,53953.9,54219.2,53803.8,54155.8,146.88176683
1725753600000,54161.2,54186.4,53966.6,54136.8,77.8502563
1725757200000,54138.1,54369.5,54135.0,54276.8,98.60948444
1725760800000,54276.9,54517.7,54276.1,54338.6,170.00714116
1725764400000,54339.9,54410.4,54259.4,54399.4,66.20505833
1725768000000,54399.4,54581.5,54368.1,54496.1,145.56098715
1725771600000,54496.1,54525.4,54335.7,54351.9,114.6358252
1725775200000,54348.3,54429.7,54265.1,54295.7,87.88072424
1725778800000,54295.8,54532.9,54295.7,54440.5,119.87269599
1725782400000,54441.9,54492.1,54355.0,54479.9,130.99138853
1725786000000,54480.0,54746.7,54450.0,54450.1,248.63004204
1725789600000,54450.1,54652.0,54443.7,54606.1,260.49928201
1725793200000,54606.1,54678.0,54512.1,54560.0,111.22636068
1725796800000,54560.0,54573.9,54100.0,54200.8,334.10302029
1725800400000,54200.1,54406.0,54068.9,54397.3,264.49332377
1725804000000,54397.2,54458.0,54050.0,54147.5,310.05460377
1725807600000,54147.5,54199.9,53646.1,53687.9,349.0937703
1725811200000,53686.9,54029.9,53626.2,53908.0,237.03655001
1725814800000,53908.1,54519.2,53908.0,54502.3,245.96612339
1725818400000,54502.3,54530.0,54272.0,54412.6,90.48022116
1725822000000,54412.7,54481.9,54316.1,54333.0,34.23694392
1725825600000,54333.0,54381.8,54135.7,54375.2,87.89413629
1725829200000,54377.6,54635.8,54315.2,54458.6,105.22271349
1725832800000,54458.5,55320.1,54366.0,54530.6,820.74193838
1725836400000,54530.6,54977.7,54444.3,54875.9,339.94314629
1725840000000,54876.0,55212.0,54690.6,55050.0,349.35252317
1725843600000,55050.1,55368.6,54904.9,55100.2,548.86565889
1725847200000,55100.2,55135.9,54845.1,55108.1,208.91321198
1725850800000,55113.8,55220.0,54790.0,55117.9,283.72524076
1725854400000,55118.0,55155.3,54850.0,54853.2,206.7780167
1725858000000,54853.2,54936.2,54588.7,54672.0,296.8080385
1725861600000,54672.9,54971.9,54644.4,54900.0,134.21714548
1725865200000,54900.0,55000.0,54735.7,54966.7,187.97288169
1725868800000,54966.7,55333.4,54952.1,55249.5,358.59479242
1725872400000,55249.3,55555.0,55092.6,55152.4,426.0058667
1725876000000,55152.5,55456.0,55090.8,55364.0,300.17599924
1725879600000,55363.9,55387.1,55169.1,55263.9,346.13648425
1725883200000,55263.9,55359.1,54972.0,55343.1,253.13480266
1725886800000,55347.0,55805.2,55246.2,55696.0,970.66870313
1725890400000,55696.7,55755.7,54805.1,54833.9,932.10337002
1725894000000,54829.5,55473.2,54820.6,55383.9,394.44935048
1725897600000,55384.0,56541.4,55344.0,56430.0,1716.56264185
1725901200000,56430.5,56775.6,56342.8,56513.9,1035.82135495
1725904800000,56513.4,56652.0,56263.2,56526.1,445.07128799
1725908400000,56516.4,57187.4,56472.9,57096.1,735.35506196
1725912000000,57090.3,57135.9,56812.1,57011.5,496.84567065
1725915600000,57012.0,58135.0,57005.9,57452.7,780.58446974
1725919200000,57457.9,57631.4,57200.3,57216.9,187.75012552
1725922800000,57216.9,57268.1,56975.5,57030.8,248.45447461
1725926400000,57030.9,57066.0,56624.1,56988.2,386.18447713
1725930000000,56988.2,57058.7,56722.4,56900.4,159.90722685
1725933600000,56900.4,56920.9,56636.0,56774.7,243.34338724
1725937200000,56774.7,56813.5,56527.1,56527.1,162.36602424
1725940800000,56527.1,56738.5,56387.1,56610.1,122.91597581
1725944400000,56610.1,56974.0,56589.9,56943.7,325.03641355
1725948000000,56941.2,56941.2,56768.4,56827.2,197.8578373
1725951600000,56828.0,57301.6,56750.0,57220.3,818.18496098
1725955200000,57218.1,57385.5,57000.0,57057.0,602.05448603
1725958800000,57057.0,57299.8,56897.5,57091.6,252.30917853
1725962400000,57096.0,57186.7,56953.3,57165.5,183.26984651
1725966000000,57165.7,57257.6,57014.3,57220.4,168.06351321
1725969600000,57220.5,57470.6,57153.7,57200.1,310.03995945
1725973200000,57200.0,57208.0,56638.3,56741.2,666.72272487
1725976800000,56738.0,57168.4,56527.8,56943.7,516.97222594
1725980400000,56939.6,57208.3,56591.0,56592.2,306.71441398
1725984000000,56592.2,56954.9,56560.0,56818.5,170.09392813
1725987600000,56825.4,57381.6,56797.3,57174.0,776.38683509
1725991200000,57174.3,57982.3,57174.3,57588.0,575.80605076
1725994800000,57585.8,58045.8,57333.0,57951.7,351.08197687
1725998400000,57952.1,57980.6,57549.9,57570.0,167.54827741
1726002000000,57570.0,57757.9,57460.2,57516.0,87.05464146
1726005600000,57518.1,57691.6,57450.0,57613.5,140.80856925
1726009200000,57612.0,57870.9,57582.3,57639.7,108.26834928
1726012800000,57639.8,57688.8,57439.2,57633.9,212.54195386
1726016400000,57639.7,57750.0,56679.0,56721.9,540.88117785
1726020000000,56722.0,57174.0,56679.2,56921.1,326.15061953
1726023600000,56921.1,56976.0,56684.0,56827.6,260.51783583
1726027200000,56822.0,56822.0,56258.5,56530.0,572.33692319
1726030800000,56530.1,56546.2,56075.2,56248.0,286.22483689
1726034400000,56245.4,56578.0,56172.6,56462.0,183.88748234
1726038000000,56462.5,56783.2,56462.5,56716.0,235.14333432
1726041600000,56715.9,56720.2,56353.0,56403.7,255.63726914
1726045200000,56404.0,56740.4,56382.0,56680.6,246.92367912
1726048800000,56680.5,56705.0,56346.4,56511.9,250.28421846
1726052400000,56512.0,56875.3,56512.0,56795.8,256.36359835
1726056000000,56795.9,56918.6,56300.0,56750.1,690.04423978
1726059600000,56750.0,57173.9,55709.9,55737.3,1091.05505184
1726063200000,55739.8,56032.7,55555.0,55974.0,728.77541109
1726066800000,55976.4,57030.5,55852.0,56700.4,772.87264289
1726070400000,56700.0,57539.7,56645.5,57314.1,619.69426558
1726074000000,57314.0,57869.2,57254.0,57695.9,613.48525875
1726077600000,57693.3,57988.0,57390.1,57500.0,661.94293885
1726081200000,57494.1,57789.7,57325.3,57588.0,182.40508041
1726084800000,57585.2,57678.0,57440.1,57480.1,92.090999
1726088400000,57480.0,57560.0,57252.0,57355.0,88.64956294
1726092000000,57355.1,57467.9,57214.0,57467.9,64.59299981
1726095600000,57468.0,57506.0,57304.4,57338.3,105.15542815
1726099200000,57335.3,57906.5,57328.2,57622.9,399.80734878
1726102800000,57624.2,58285.7,57595.4,58130.0,463.08324461
1726106400000,58135.8,58483.5,57813.9,57947.9,691.93144956
1726110000000,57948.0,58335.9,57948.0,58229.8,249.32219265
1726113600000,58231.2,58430.0,58157.0,58184.1,204.42023665
1726117200000,58184.1,58187.0,57927.1,57970.2,207.90116913
1726120800000,57970.1,58095.8,57840.1,57951.4,197.20570623
1726124400000,57952.0,58149.7,57873.4,58138.1,169.12813845
1726128000000,58138.1,58349.8,58094.1,58168.9,202.21228523
1726131600000,58169.0,58251.8,57937.0,58022.0,167.78798067
1726135200000,58022.1,58100.0,57926.1,57929.7,137.27679587
1726138800000,57929.8,58150.6,57892.3,58064.1,130.16862642
1726142400000,58064.2,58165.6,57603.0,57695.9,422.08029335
1726146000000,57695.9,57886.5,57335.0,57625.7,740.6972319
1726149600000,57626.0,58588.8,57530.8,57536.1,1098.56057805
1726153200000,57536.1,57882.3,57400.9,57514.2,606.58282574
1726156800000,57512.0,58128.1,57494.2,58068.0,152.30483277
1726160400000,58067.8,58414.6,58008.5,58393.9,232.08053206
1726164000000,58394.0,58457.2,57970.1,58178.6,239.58637663
1726167600000,58178.6,58444.2,58128.9,58395.9,188.49812171
1726171200000,58393.9,58396.0,58112.6,58210.0,99.25657412
1726174800000,58210.0,58388.9,57770.8,57927.6,282.43885402
1726178400000,57927.4,58257.0,57902.0,58140.3,88.44325699
1726182000000,58140.2,58190.0,58031.8,58132.5,95.22153021
1726185600000,58132.5,58240.9,58001.6,58036.0,224.03596595
1726189200000,58036.0,58252.6,57881.6,58130.0,168.22748231
1726192800000,58130.0,58169.9,57968.8,58048.1,110.91318354
1726196400000,58048.0,58072.8,57828.1,57849.9,113.80801727
1726200000000,57850.0,57993.3,57821.2,57843.1,86.40341297
1726203600000,57843.2,58032.0,57831.1,57943.0,112.4353609
1726207200000,57943.1,57955.0,57744.0,57764.0,103.80088455
1726210800000,57764.1,58143.9,57762.5,58115.7,160.41495374
1726214400000,58115.8,58152.4,57930.8,57959.6,171.9276429
1726218000000,57959.7,58153.6,57902.0,58056.2,92.27546038
1726221600000,58056.1,58349.5,58031.0,58349.5,184.14646627
1726225200000,58349.4,58349.4,57821.9,57876.0,247.9251706
1726228800000,57876.0,57956.1,57635.4,57901.1,410.34167911
1726232400000,57902.3,58160.0,57684.1,58048.0,359.88163461
1726236000000,58050.4,58554.0,57834.9,58453.8,567.88925103
1726239600000,58452.1,59717.0,58363.7,59660.1,1434.5102961
1726243200000,59658.1,59795.3,59312.1,59453.9,721.90275199
1726246800000,59454.5,59982.4,59447.2,59588.4,619.42569284
1726250400000,59588.3,59906.0,59480.1,59751.8,457.83798325
1726254000000,59752.0,59999.3,59642.4,59737.6,669.15785895
1726257600000,59740.9,59960.0,59627.6,59842.2,153.75463956
1726261200000,59836.3,60365.0,59816.1,60280.6,499.81078082
1726264800000,60280.2,60635.0,60240.8,60618.1,551.69004833
1726268400000,60618.2,60644.7,60332.6,60500.1,379.70959271
1726272000000,60500.0,60612.2,60371.7,60406.3,209.90281841
1726275600000,60406.3,60600.0,60402.5,60402.6,180.33501662
1726279200000,60402.6,60500.0,60288.8,60289.7,114.7169681
1726282800000,60289.7,60438.8,60289.7,60328.9,140.82285745
1726286400000,60324.4,60350.0,60186.4,60222.4,146.58826284
1726290000000,60214.1,60244.0,59922.7,59935.9,321.90853279
1726293600000,59935.8,60104.1,59900.4,60055.2,301.60425456
1726297200000,60055.2,60185.0,59996.2,60145.0,175.10803603
1726300800000,60143.4,60165.8,59938.6,59988.1,184.18028949
1726304400000,59988.1,60077.1,59880.3,60076.6,187.00526968
1726308000000,60076.5,60076.6,59790.6,59850.9,187.77513231
1726311600000,59850.6,59850.6,59600.0,59705.9,205.8784154
1726315200000,59705.9,59861.8,59632.0,59796.6,168.08592167
1726318800000,59796.6,59800.0,59647.1,59770.0,146.12940439
1726322400000,59770.0,60028.0,59683.0,59922.4,211.56403328
1726326000000,59917.8,59956.0,59822.3,59875.3,136.1644534
1726329600000,59875.3,59988.0,59834.3,59984.0,123.25616105
1726333200000,59980.1,59984.0,59840.0,59889.9,82.71263926
1726336800000,59888.0,59900.4,59355.9,59783.3,530.48296038
1726340400000,59783.4,59905.4,59731.4,59812.3,27.81118008
1726344000000,59812.3,60145.1,59776.0,60011.9,144.41507474
1726347600000,60011.9,60063.0,59946.9,60035.4,59.02140122
1726351200000,60035.3,60129.9,59927.5,60006.9,130.36442531
1726354800000,60003.4,60051.9,59941.1,59991.8,38.83286952
1726358400000,59991.9,60123.0,59985.0,60029.4,29.68192802
1726362000000,60030.7,60270.9,60030.0,60229.6,166.90581622
1726365600000,60229.6,60261.8,60110.0,60231.5,92.79561062
1726369200000,60231.5,60244.0,60128.0,60157.7,41.56661705
1726372800000,60155.8,60219.0,60068.8,60117.7,60.34302701
1726376400000,60117.8,60217.8,60114.8,60150.1,93.76897503
1726380000000,60150.1,60184.9,60132.0,60159.4,38.95356083
1726383600000,60159.5,60218.7,60122.3,60193.8,58.31068506
1726387200000,60193.7,60205.3,60038.0,60077.8,98.32888373
1726390800000,60075.1,60109.5,60008.1,60017.4,82.5325305
1726394400000,60017.4,60056.0,59876.1,59990.0,70.0032969
1726398000000,59990.0,60044.0,59900.2,60008.2,76.54969618
1726401600000,60008.2,60132.9,59953.1,60107.4,76.63421282
1726405200000,60107.4,60367.1,60083.4,60184.6,156.91759737
1726408800000,60184.6,60290.5,59868.1,60275.8,146.42929867
1726412400000,60275.9,60407.3,60164.3,60334.2,150.16959855
1726416000000,60334.2,60354.0,59939.3,59955.9,159.33075246
1726419600000,59955.9,60050.0,59701.6,59823.3,170.26831424
1726423200000,59823.3,60185.7,59746.0,59975.1,296.70957392
1726426800000,59975.2,60142.0,59804.0,59879.7,97.18227814
1726430400000,59879.7,59941.9,59676.5,59797.7,103.98728337
1726434000000,59797.7,59805.5,59477.5,59658.0,290.14684915
1726437600000,59660.5,59678.3,59390.0,59433.6,124.9763007
1726441200000,59427.5,59459.2,58692.8,59126.2,1030.18111203
1726444800000,59126.3,59209.9,58600.0,58668.9,420.46522014
1726448400000,58666.0,58803.9,58400.2,58604.6,395.86805845
1726452000000,58605.9,58672.0,58120.0,58263.4,491.42366405
1726455600000,58265.0,58636.9,58220.0,58573.6,270.31994925
1726459200000,58573.6,58599.0,58318.3,58360.0,174.28107483
1726462800000,58359.9,58673.9,58343.6,58668.1,187.41816145
1726466400000,58668.1,58855.6,58622.3,58706.0,244.74890716
1726470000000,58705.9,58967.3,58666.9,58901.5,162.49987003
1726473600000,58907.4,59179.9,58849.0,58924.9,193.99684114
1726477200000,58925.0,59037.9,58588.0,58628.6,166.67970322
1726480800000,58628.6,58749.9,58506.4,58745.9,166.89045185
1726484400000,58745.9,58841.6,58650.0,58661.6,320.69141774
1726488000000,58659.9,58790.7,58444.0,58527.0,192.78743559
1726491600000,58527.1,58616.2,58016.7,58488.5,536.67939645
1726495200000,58495.9,58564.5,57575.9,57608.1,901.0294839
1726498800000,57612.9,58000.0,57565.3,57881.8,465.28369108
1726502400000,57881.6,57953.9,57671.6,57806.7,516.29502535
1726506000000,57806.8,58268.3,57431.1,58169.4,672.7423282
1726509600000,58170.1,58195.7,57692.8,57891.1,459.14904575
1726513200000,57892.3,58036.1,57798.4,57951.9,318.20774043
1726516800000,57942.1,58176.7,57636.3,57690.0,248.80969526
1726520400000,57689.9,57999.5,57602.1,57999.5,190.10434866
1726524000000,57999.6,58037.7,57837.6,57970.4,90.43206595
1726527600000,57970.4,58428.4,57970.1,58211.9,294.57464501
1726531200000,58212.0,58346.5,57616.0,57626.0,264.5797022
1726534800000,57628.2,57963.8,57615.7,57895.7,208.04348042
1726538400000,57894.4,58220.8,57828.7,58110.9,230.62978692
1726542000000,58110.8,58149.2,58008.0,58066.1,95.76464778
1726545600000,58066.1,58334.3,58028.1,58241.5,145.85787285
1726549200000,58244.7,58786.6,58223.6,58649.5,335.65634667
1726552800000,58649.4,58678.0,58442.1,58485.5,120.95671738
1726556400000,58485.5,58726.1,58446.5,58700.0,155.96659395
1726560000000,58700.1,58861.9,58634.1,58800.8,230.84768254
1726563600000,58800.8,59083.0,58695.3,58970.6,285.68984534
1726567200000,58967.3,59274.0,58908.1,59240.7,451.25396618
1726570800000,59240.6,59300.0,59028.7,59090.7,338.67800861
1726574400000,59090.7,59447.9,59050.1,59378.3,267.32771207
1726578000000,59378.3,59420.0,58872.1,58956.1,435.45290945
1726581600000,58963.9,60400.0,58940.0,60267.9,1606.50422498
1726585200000,60276.0,61343.1,60229.5,61134.0,1926.35216294
1726588800000,61133.4,61268.0,60732.6,60869.5,799.5061452
1726592400000,60875.5,61000.0,60683.1,60954.5,305.18736268
1726596000000,60954.5,61071.0,60407.4,60540.6,298.58531154
1726599600000,60540.6,60699.5,59627.3,59971.9,777.84775674
1726603200000,59972.0,60347.9,59742.5,60117.1,467.72457525
1726606800000,60117.6,60454.5,60102.1,60331.9,110.46407936
1726610400000,60332.0,60348.0,60125.0,60239.6,130.76221458
1726614000000,60239.6,60329.1,60006.1,60314.6,116.01207955
1726617600000,60314.7,60337.8,59877.7,60234.0,357.46338387
1726621200000,60234.1,60325.9,59989.2,60112.0,151.07816755
1726624800000,60112.1,60361.0,60071.2,60355.5,157.41195559
1726628400000,60356.0,60771.0,60346.6,60517.9,372.7376754
1726632000000,60518.0,60698.0,60314.0,60430.0,182.81323827
1726635600000,60430.0,60430.0,60202.0,60233.2,144.39213474
1726639200000,60233.2,60493.6,60200.0,60457.9,158.77103173
1726642800000,60457.5,60550.0,60336.1,60427.0,240.0621503
1726646400000,60427.0,60428.0,60089.9,60202.8,170.47907521
1726650000000,60198.3,60199.3,59654.0,59656.7,441.3499036
1726653600000,59654.0,59932.5,59379.9,59905.0,572.21586118
1726657200000,59905.1,60012.3,59822.4,59851.2,145.31590515
1726660800000,59851.9,60012.0,59690.0,59980.0,232.65463253
1726664400000,59980.1,60160.1,59312.1,59509.9,547.90005189
1726668000000,59509.8,59791.1,59338.0,59493.1,359.57128846
1726671600000,59493.1,59761.0,59329.9,59430.0,235.80412839
1726675200000,59430.0,59953.9,59179.7,59916.7,349.75283316
1726678800000,59917.8,60249.9,59512.8,60007.8,375.99649388
1726682400000,60006.1,61355.6,59777.0,60621.8,3075.36433498
1726686000000,60625.5,60754.7,59971.7,60061.5,1169.80041133
1726689600000,60066.0,60315.0,59468.3,60224.4,503.3941292
1726693200000,60224.4,60487.3,60161.4,60201.4,211.64510102
1726696800000,60201.4,60703.2,60199.9,60692.5,245.01759308
1726700400000,60694.7,61807.8,60686.0,61767.7,1178.49938526
1726704000000,61770.7,62588.8,61720.0,62240.1,1490.59402069
1726707600000,62240.0,62330.0,61558.0,62014.4,812.31433812
1726711200000,62014.5,62326.2,61787.9,62202.1,463.68571831
1726714800000,62208.4,62277.9,62001.0,62112.1,230.31521396
1726718400000,62112.1,62149.0,61892.2,62079.2,314.13042562
1726722000000,62080.8,62173.8,61904.0,61991.3,238.85045041
1726725600000,61991.4,62127.8,61817.0,62017.9,176.82946278
1726729200000,62016.9,62167.9,61925.6,62099.5,371.92200677
1726732800000,62099.8,62195.4,61889.3,61933.7,212.95856866
1726736400000,61933.8,62350.1,61899.0,62269.9,333.28564004
1726740000000,62270.0,62734.8,62269.9,62313.7,521.76540837
1726743600000,62315.4,62709.8,62232.5,62644.6,273.59317905
1726747200000,62643.4,63214.8,62556.9,62922.5,981.09533953
1726750800000,62925.6,63368.5,62693.8,63038.0,742.77182422
1726754400000,63041.4,63509.1,62881.1,62935.1,775.10977265
1726758000000,62935.2,63366.5,62834.6,63156.2,372.17794898
1726761600000,63157.6,63683.7,62923.0,63554.7,609.35245827
1726765200000,63552.4,63858.1,63283.3,63714.6,820.37007293
1726768800000,63714.7,63790.7,63488.1,63632.7,367.95967602
1726772400000,63632.8,63647.1,63200.0,63253.8,342.23595606
1726776000000,63254.3,63260.0,62983.8,63025.4,246.45464253
1726779600000,63025.4,63184.2,62882.6,62882.6,193.38001653
1726783200000,62882.3,63103.4,62654.4,62945.0,420.54604206
1726786800000,62947.1,63076.4,62908.2,62956.3,152.31539741
1726790400000,62956.4,63023.7,62666.3,62766.4,262.78662479
1726794000000,62766.4,63182.9,62614.0,63039.6,366.60321278
1726797600000,63039.7,63127.5,62818.0,63124.1,312.12071423
1726801200000,63124.1,63750.0,63081.0,63738.0,489.40732673
1726804800000,63741.4,64142.8,63665.4,63839.9,1054.71549246
1726808400000,63840.0,64029.8,63602.1,63809.9,441.01962821
1726812000000,63809.9,63925.5,63629.9,63791.0,235.64670881
1726815600000,63793.1,63794.1,63390.5,63516.0,613.48189516
1726819200000,63516.1,63532.3,63100.1,63305.0,430.72480589
1726822800000,63305.1,63554.9,63267.0,63460.7,233.1139379
1726826400000,63460.8,63674.1,63349.9,63667.9,280.28401872
1726830000000,63667.9,63704.1,63349.9,63441.2,246.26323424
1726833600000,63441.1,63548.0,63334.5,63429.7,236.7315071
1726837200000,63429.8,63462.4,62680.0,62842.9,714.85754066
1726840800000,62843.0,63511.6,62574.5,63041.8,848.14373351
1726844400000,63041.8,63359.9,62700.0,63160.0,409.09353016
1726848000000,63159.9,63285.9,62810.9,62871.3,219.82858472
1726851600000,62868.2,62987.7,62616.0,62700.0,224.59004549
1726855200000,62699.4,62981.2,62338.0,62865.4,413.93280926
1726858800000,62865.5,63027.1,62785.1,62806.1,308.10006481
1726862400000,62806.2,62949.6,62702.0,62815.8,73.76751214
1726866000000,62815.9,63300.5,62810.0,63118.4,621.63821966
1726869600000,63118.5,63283.3,63116.6,63172.7,68.55629734
1726873200000,63172.8,63217.3,63070.7,63200.0,86.28322484
1726876800000,63199.9,63300.0,63032.0,63167.4,121.31858883
1726880400000,63167.5,63193.8,62835.6,62840.8,146.24228713
1726884000000,62840.9,62991.0,62812.3,62910.0,87.53782206
1726887600000,62910.1,63000.0,62870.0,62888.0,52.14523956
1726891200000,62888.0,62929.3,62820.0,62857.1,155.27791943
1726894800000,62857.0,62950.4,62750.6,62913.9,111.01718065
1726898400000,62914.0,63093.1,62888.2,62993.2,126.06016488
1726902000000,62993.2,63128.0,62966.7,63082.5,78.02117729
1726905600000,63082.5,63117.7,63002.7,63028.5,56.6119305
1726909200000,63028.5,63139.0,63001.4,63118.0,48.08549838
1726912800000,63118.1,63122.8,62958.0,62982.8,51.67971709
1726916400000,62982.8,63105.6,62966.1,63084.2,50.26165354
1726920000000,63084.3,63158.0,63034.0,63152.7,59.49331721
1726923600000,63150.1,63222.8,63029.3,63185.3,137.61765368
1726927200000,63185.2,63299.0,63131.0,63299.0,156.53113331
1726930800000,63298.9,63305.0,63053.4,63170.1,137.47650508
1726934400000,63170.2,63229.8,63084.4,63218.5,76.06653824
1726938000000,63218.6,63399.0,63182.0,63281.1,149.70296237
1726941600000,63281.2,63303.4,63230.0,63269.8,44.97644396
1726945200000,63269.8,63340.9,63164.0,63204.0,122.07391551
1726948800000,63204.1,63218.0,63123.0,63140.2,41.96775178
1726952400000,63140.3,63152.0,63046.4,63088.9,65.96176499
1726956000000,63089.0,63234.0,63052.0,63225.6,22.77623238
1726959600000,63225.6,63569.1,63152.0,63348.0,278.56218473
1726963200000,63348.1,63450.0,63105.0,63232.0,206.51458331
1726966800000,63232.0,63294.7,63010.1,63038.0,95.19053884
1726970400000,63038.0,63100.7,62800.0,62957.3,173.24646344
1726974000000,62957.2,63210.0,62921.9,63114.8,181.54502207
1726977600000,63114.9,63205.9,63074.0,63074.0,65.5957107
1726981200000,63074.1,63087.7,62908.0,62933.7,124.53875483
1726984800000,62933.8,63045.7,62837.4,62881.2,129.93166156
1726988400000,62881.2,62977.5,62881.2,62944.1,68.17506741
1726992000000,62944.2,63035.0,62900.0,63029.9,103.99957662
1726995600000,63030.0,63030.0,62649.7,62705.1,282.30209854
1726999200000,62705.1,62788.1,62561.0,62665.2,126.25741933
1727002800000,62665.2,62864.2,62551.0,62779.3,194.66831217
1727006400000,62779.4,62940.0,62734.9,62780.6,177.12693974
1727010000000,62780.6,62837.7,62566.0,62592.2,149.59462099
1727013600000,62592.2,62702.0,62466.5,62671.2,150.40372395
1727017200000,62671.2,62814.0,62578.6,62656.1,72.41188531
1727020800000,62656.0,62850.0,62470.2,62780.3,181.78104778
1727024400000,62780.3,63138.6,62780.2,63063.1,155.26213176
1727028000000,63063.1,63073.1,62827.9,62960.0,154.24897125
1727031600000,62961.8,63229.8,62803.7,63164.1,95.3645807
1727035200000,63164.1,63311.0,63104.0,63211.7,126.54659434
1727038800000,63212.1,63326.3,62780.0,62791.0,257.43918401
1727042400000,62791.0,64019.0,62364.8,63876.1,994.98434762
1727046000000,63876.1,63975.9,63423.8,63574.2,293.55968522
1727049600000,63577.5,63760.3,62560.0,63574.5,642.18271417
1727053200000,63574.5,63961.5,63471.6,63824.1,412.25955572
1727056800000,63824.0,63980.0,63678.5,63933.9,144.50203717
1727060400000,63935.5,64750.0,63916.0,64358.7,1088.57966436
1727064000000,64358.7,64467.8,63786.0,63902.0,433.67658429
1727067600000,63902.1,63942.1,63658.2,63761.9,213.19444277
1727071200000,63760.2,63781.0,63530.5,63663.9,339.69760221
1727074800000,63663.9,63663.9,63382.1,63551.9,261.38866353
1727078400000,63551.9,63617.7,63305.2,63493.4,231.73405602
1727082000000,63493.5,63695.9,63486.0,63627.5,193.85102239
1727085600000,63627.6,63642.8,63412.0,63497.0,153.14071796
1727089200000,63497.0,63536.2,63368.0,63428.6,112.73921091
1727092800000,63429.8,63531.9,63229.8,63314.0,224.05290855
1727096400000,63314.1,63423.4,63060.2,63183.1,530.91802746
1727100000000,63183.1,63807.5,63066.0,63387.5,724.29418805
1727103600000,63387.0,63770.2,63108.1,63616.1,380.1708735
1727107200000,63616.0,63823.0,63200.1,63232.0,344.2734104
1727110800000,63231.9,63342.0,63102.0,63320.5,169.28258405
1727114400000,63320.6,63559.9,63280.1,63431.2,144.76707292
1727118000000,63429.3,63497.9,63258.0,63300.0,151.07523069
1727121600000,63305.8,63441.9,63262.0,63313.0,66.1283321
1727125200000,63312.9,63504.0,63092.2,63380.0,297.28862312
1727128800000,63380.0,63380.0,63196.4,63222.6,98.99521552
1727132400000,63224.0,63420.4,63191.5,63336.1,107.91518394
1727136000000,63334.1,63404.0,62806.0,62913.9,503.61917517
1727139600000,62918.0,63266.8,62808.6,62938.0,318.91618304
1727143200000,62938.0,63151.9,62702.3,63122.4,325.90778399
1727146800000,63123.7,63183.8,62935.1,63122.0,212.36546978
1727150400000,63122.1,63139.9,62941.1,63079.8,108.6051362
1727154000000,63079.6,63236.1,63060.0,63222.9,271.52426749
1727157600000,63222.9,63396.1,63222.9,63310.1,167.43433709
1727161200000,63310.5,63576.0,63300.5,63565.9,246.22528963
1727164800000,63565.9,63950.0,63543.4,63849.1,482.0415715
1727168400000,63849.0,63896.0,63484.0,63526.8,292.16124195
1727172000000,63526.9,63725.9,63508.9,63524.1,193.81788469
1727175600000,63526.5,63605.1,63379.1,63475.9,157.17793255
1727179200000,63476.0,63664.0,63410.0,63451.9,169.89198707
1727182800000,63452.0,63776.6,63402.0,63521.8,318.23673824
1727186400000,63521.8,63557.1,62728.1,63192.0,1254.09107915
1727190000000,63192.0,63362.3,63002.0,63160.0,364.01289467
1727193600000,63161.0,63376.3,63093.1,63262.0,279.38517622
1727197200000,63262.0,64007.4,63238.0,63781.3,551.62609738
1727200800000,63779.5,63889.9,63540.6,63728.0,254.56343377
1727204400000,63728.0,64384.2,63684.0,64297.2,443.7706599
1727208000000,64297.2,64620.0,64091.7,64219.8,767.87351338
1727211600000,64219.4,64290.3,63976.9,64036.6,141.94111361
1727215200000,64036.7,64698.0,64036.6,64589.9,324.69577563
1727218800000,64590.0,64632.0,64256.1,64275.8,206.16946022
1727222400000,64275.8,64442.7,63993.1,64128.5,298.96073967
1727226000000,64128.6,64822.2,64081.0,64389.0,529.94362234
1727229600000,64389.1,64573.2,64294.0,64428.0,221.70568404
1727233200000,64428.1,64465.9,64230.0,64456.0,189.73429171
1727236800000,64456.0,64462.9,64178.5,64181.0,121.82581305
1727240400000,64181.0,64287.5,64146.6,64173.1,142.02263966
1727244000000,64173.0,64173.0,63758.0,63810.1,388.9936942
1727247600000,63810.0,63872.1,63643.0,63850.9,335.16916586
1727251200000,63850.9,63914.0,63761.8,63825.0,140.89127474
1727254800000,63825.1,63874.5,63606.0,63614.0,183.57739596
1727258400000,63614.1,63738.2,63406.0,63635.9,441.5052291
1727262000000,63636.0,63844.0,63500.0,63837.9,214.36361379
1727265600000,63838.0,63840.0,63596.0,63596.0,235.58315667
1727269200000,63596.1,63768.5,63320.0,63758.0,497.00904447
1727272800000,63758.0,63951.0,63645.0,63938.0,461.95416353
1727276400000,63938.0,64000.0,63444.5,63499.0,663.69618148
1727280000000,63499.3,63669.9,63454.0,63461.9,195.90935657
1727283600000,63463.0,63563.0,63000.0,63167.6,584.9258839
1727287200000,63167.7,63385.1,63124.0,63352.2,243.46107984
1727290800000,63354.0,63472.5,63140.9,63187.7,217.70346364
1727294400000,63183.6,63532.0,63182.4,63509.0,110.49914869
1727298000000,63510.0,63569.4,63408.6,63439.9,59.21109488
1727301600000,63439.9,63518.1,63050.1,63263.9,199.42001912
1727305200000,63264.0,63272.0,62950.0,63154.9,225.83736174
1727308800000,63154.9,63288.0,62850.0,62950.5,215.51362647
1727312400000,62950.6,63153.7,62671.0,63153.7,388.40167518
1727316000000,63153.6,63372.5,63096.0,63348.2,202.72578059
1727319600000,63348.3,63545.3,63281.0,63509.9,392.49335299
1727323200000,63510.0,63537.9,63329.7,63425.8,160.66660209
1727326800000,63425.9,63730.2,63358.0,63597.9,256.14187335
1727330400000,63597.9,63779.4,63584.5,63722.4,192.79932676
1727334000000,63722.4,63874.0,63664.0,63852.4,278.73232549
1727337600000,63852.5,63892.1,63699.6,63717.9,270.06276699
1727341200000,63714.5,63970.0,63590.0,63797.9,352.79799909
1727344800000,63798.0,64466.4,63762.0,64394.8,632.11276957
1727348400000,64395.9,64500.0,64299.1,64400.5,277.59179063
1727352000000,64400.0,64735.6,64328.0,64484.1,538.15856446
1727355600000,64484.1,64567.0,64154.1,64434.4,380.22863465
1727359200000,64434.5,65223.9,64373.0,64431.5,1512.13610998
1727362800000,64431.4,65556.6,64318.8,65233.0,1035.21379916
1727366400000,65234.0,65565.9,65104.1,65340.4,354.68075842
1727370000000,65340.5,65831.9,65112.5,65125.1,526.9608083
1727373600000,65128.0,65305.0,64936.7,65284.1,293.41981614
1727377200000,65284.7,65295.7,64679.6,64698.2,504.86091363
1727380800000,64699.9,64862.0,64637.1,64650.0,314.09894912
1727384400000,64650.0,65199.9,64625.8,65043.9,274.64253263
1727388000000,65043.9,65246.0,64955.2,65086.6,131.27577992
1727391600000,65086.7,65173.9,64728.4,65163.4,147.72269591
1727395200000,65163.4,65293.8,64988.5,65238.0,194.16298866
1727398800000,65238.1,65346.0,65000.1,65113.8,288.87732654
1727402400000,65113.9,65196.5,64829.6,64885.3,265.82123273
1727406000000,64885.3,65420.0,64820.0,65366.0,273.42297037
1727409600000,65366.1,65456.0,65267.8,65305.0,229.19479573
1727413200000,65305.0,65382.0,65070.9,65353.6,396.05976491
1727416800000,65353.7,65522.3,65216.2,65343.9,400.13565828
1727420400000,65344.0,65546.5,65260.0,65464.7,592.1191668
1727424000000,65464.7,65798.9,65417.0,65731.9,340.86383336
1727427600000,65732.0,65997.2,65662.8,65746.8,474.89754478
1727431200000,65746.3,65781.1,65488.0,65488.0,249.03212384
1727434800000,65488.1,65616.3,65342.0,65436.4,219.15672049
1727438400000,65436.5,65883.4,65316.1,65740.1,286.49604886
1727442000000,65740.2,65791.1,65359.0,65672.1,259.90249226
1727445600000,65672.5,66500.0,65562.0,66243.8,1465.68948022
1727449200000,66243.8,66425.6,66000.1,66000.1,489.6438797
1727452800000,66000.0,66364.0,65893.3,66299.9,429.52999127
1727456400000,66299.9,66355.1,65676.7,65919.9,447.20221859
1727460000000,65920.0,65935.6,65520.1,65875.9,280.56584614
1727463600000,65876.0,65977.6,65633.8,65651.3,303.77097972
1727467200000,65650.3,65917.7,65620.0,65799.3,102.60472354
1727470800000,65799.4,65882.0,65742.3,65814.0,84.03714636
1727474400000,65816.1,65969.8,65766.5,65871.5,69.14319275
1727478000000,65871.6,65909.9,65678.0,65774.1,72.50527345
1727481600000,65774.0,65912.7,65718.0,65903.5,74.36643271
1727485200000,65903.7,66005.5,65800.0,65991.1,81.83794546
1727488800000,65991.1,66197.9,65900.0,66169.4,145.57691359
1727492400000,66169.5,66269.7,65976.2,66071.9,198.28807939
1727496000000,66072.0,66097.9,65970.0,66016.8,69.00356895
1727499600000,66016.9,66030.5,65911.3,65956.4,148.87075946
1727503200000,65956.4,65966.1,65729.9,65800.0,185.15062559
1727506800000,65800.1,65899.9,65756.4,65816.6,168.60943683
1727510400000,65816.6,65816.7,65570.2,65639.9,217.77409062
1727514000000,65640.0,65649.3,65446.1,65629.8,164.12254002
1727517600000,65629.9,65774.2,65580.0,65761.5,93.71401329
1727521200000,65761.6,65807.8,65703.5,65799.9,99.17567252
1727524800000,65800.0,65800.0,65435.9,65549.3,203.46146534
1727528400000,65549.3,65613.2,65414.6,65536.1,112.78350335
1727532000000,65536.1,65814.8,65536.1,65724.7,171.48152884
1727535600000,65724.8,65725.0,65618.0,65619.0,109.85163467
1727539200000,65619.1,65664.5,65490.0,65512.5,108.80636588
1727542800000,65512.6,65719.3,65500.0,65635.5,45.54765279
1727546400000,65637.6,65820.0,65633.3,65699.9,54.26093951
1727550000000,65700.0,65778.0,65691.2,65730.3,37.40427973
1727553600000,65730.4,65777.2,65615.0,65644.8,78.22531665
1727557200000,65644.8,65701.7,65420.0,65698.9,104.68593361
1727560800000,65698.9,65787.7,65579.7,65686.0,82.65418835
1727564400000,65686.1,66000.0,65616.1,65853.3,144.69644211
1727568000000,65853.4,65982.0,65650.0,65682.7,124.18010491
1727571600000,65683.0,65880.0,65653.2,65869.1,84.87871839
1727575200000,65869.2,65942.2,65817.9,65826.4,110.24395441
1727578800000,65826.5,65834.0,65720.0,65820.6,85.26628179
1727582400000,65820.7,65820.7,65689.1,65750.3,83.36991374
1727586000000,65750.4,65763.6,65516.0,65600.4,122.72152405
1727589600000,65600.4,65652.8,65500.0,65505.9,104.34344422
1727593200000,65506.0,65569.9,65440.0,65474.0,176.12226915
1727596800000,65474.0,65598.9,65440.0,65561.0,121.84034034
1727600400000,65560.9,65690.0,65556.7,65582.6,85.41675026
1727604000000,65582.0,65588.0,65460.0,65575.6,78.20340647
1727607600000,65575.7,65735.4,65566.2,65699.1,138.13941858
1727611200000,65699.1,65766.9,65615.8,65626.3,164.8871569
1727614800000,65626.4,65857.8,65578.0,65816.0,143.77606912
1727618400000,65816.0,65828.3,65650.0,65691.9,120.77592338
1727622000000,65692.0,65806.9,65555.0,65756.2,193.2564261
1727625600000,65756.2,65799.0,65648.1,65766.1,85.47488398
1727629200000,65766.2,65938.1,65763.2,65816.6,81.25785523
1727632800000,65816.7,65869.0,65745.6,65786.4,50.10550179
1727636400000,65786.5,65970.0,65779.5,65953.9,45.73227788
1727640000000,65954.0,66079.6,65797.5,65813.7,110.57656345
1727643600000,65813.8,65976.6,65797.7,65874.4,44.56343995
1727647200000,65874.4,65955.9,65580.6,65668.9,135.17369887
1727650800000,65669.0,65733.7,65526.1,65603.5,87.0647885
1727654400000,65603.6,65623.7,65100.0,65468.4,417.74798969
1727658000000,65468.5,65550.0,64727.2,64767.5,666.51445214
1727661600000,64764.7,64817.9,64335.1,64371.7,809.06791903
1727665200000,64371.7,64574.0,64194.6,64551.1,835.79569311
1727668800000,64551.2,64551.2,64320.0,64428.2,240.0239928
1727672400000,64428.2,64531.1,64387.0,64525.8,176.27851066
1727676000000,64525.8,64712.0,64342.0,64342.0,394.77176466
1727679600000,64342.1,64686.0,64340.0,64563.9,299.4127626
1727683200000,64564.0,64580.0,64033.0,64309.5,565.48705982
1727686800000,64309.5,64309.5,63542.0,63542.0,732.25878304
1727690400000,63541.9,63671.8,63250.0,63637.9,976.83220451
1727694000000,63638.0,63871.4,63510.0,63822.0,376.421176
1727697600000,63822.0,64134.5,63750.0,64043.1,465.04557922
1727701200000,64043.2,64153.6,63816.3,63878.4,488.00566778
1727704800000,63879.6,64012.0,63568.0,63746.8,444.16895791
1727708400000,63746.7,64006.7,63537.9,63558.8,359.27693719
1727712000000,63558.8,63733.7,63457.8,63489.8,280.14754046
1727715600000,63491.7,63708.0,63376.0,63693.9,220.11575457
1727719200000,63699.1,63733.5,63055.6,63333.3,402.16969168
1727722800000,63333.4,63639.4,63266.5,63485.4,441.91622235
1727726400000,63486.6,63854.4,63440.0,63803.6,269.0872094
1727730000000,63805.5,63830.0,63639.0,63704.4,91.40818612
1727733600000,63704.5,63775.8,63470.2,63486.0,118.80046094
1727737200000,63487.9,63621.9,62850.0,63327.5,484.2149585
1727740800000,63327.6,63598.0,63000.0,63530.6,462.92923904
1727744400000,63530.6,63639.9,63350.0,63461.9,277.77979662
1727748000000,63461.9,63461.9,63180.0,63444.1,195.18066545
1727751600000,63445.0,63744.0,63425.5,63718.3,193.69148978
1727755200000,63718.3,63859.9,63644.0,63851.7,147.90495577
1727758800000,63857.1,63890.0,63660.0,63747.9,171.83691557
1727762400000,63748.0,64097.9,63744.0,64030.5,240.63931765
1727766000000,64030.9,64128.0,63918.2,64044.9,296.61259944
1727769600000,64045.0,64097.9,63824.1,63946.6,259.51237297
1727773200000,63946.5,64102.2,63852.3,63863.9,168.79428811
1727776800000,63864.0,63947.8,63722.0,63915.0,150.63164182
1727780400000,63915.1,63985.9,63725.0,63725.0,97.37899071
1727784000000,63725.1,63811.9,63575.1,63663.2,159.27624263
1727787600000,63663.3,63686.6,62513.6,62860.3,1063.01823182
1727791200000,62860.4,63080.0,62441.0,62591.8,1550.62317634
1727794800000,62591.9,62810.0,61798.1,62629.6,2527.78951735
1727798400000,62629.6,62777.0,61906.4,62455.6,988.44019211
1727802000000,62455.5,62455.5,61070.0,62151.0,2230.37803724
1727805600000,62151.5,62441.9,61866.0,61991.8,509.02067064
1727809200000,61991.9,62094.5,61606.1,61754.5,592.2883667
1727812800000,61754.6,61769.6,60160.1,60799.4,1502.77015973
1727816400000,60799.5,61223.5,60656.0,61140.0,339.48934883
1727820000000,61140.0,61149.9,60630.1,60773.8,394.96540019
1727823600000,60773.9,61034.0,60650.0,60814.5,305.80740272
1727827200000,60814.5,61204.0,60733.7,61040.0,284.30653979
1727830800000,61040.1,61540.3,61000.0,61527.8,319.25407511
1727834400000,61527.9,61819.9,61432.5,61780.0,437.87448031
1727838000000,61780.0,61876.3,61657.9,61742.0,250.05166547
1727841600000,61742.1,61744.9,61432.0,61490.4,217.19188628
1727845200000,61490.4,61609.2,61350.0,61485.7,185.38193978
1727848800000,61485.8,61785.5,61353.2,61700.0,248.36249728
1727852400000,61700.1,61942.7,61590.0,61726.4,294.3923557
1727856000000,61726.4,61920.7,61609.2,61795.8,212.53623556
1727859600000,61795.9,61818.0,61134.7,61274.1,273.08937419
1727863200000,61272.4,61557.7,61153.7,61192.3,233.30179923
1727866800000,61192.4,61388.0,60888.0,61163.6,443.25760906
1727870400000,61163.7,61223.5,60703.9,60806.1,392.62836679
1727874000000,60806.1,61476.0,60526.9,61354.1,971.12885755
1727877600000,61352.9,61672.2,61071.9,61078.0,529.24915094
1727881200000,61078.6,61925.9,61050.4,61875.5,405.53430571
1727884800000,61875.5,62375.6,61778.0,61800.4,564.1421179
1727888400000,61801.7,61839.9,61240.1,61625.4,255.97785206
1727892000000,61625.4,61688.0,60763.9,60763.9,394.84138553
1727895600000,60763.1,60934.1,60000.0,60186.1,1205.97771942
1727899200000,60186.1,60991.8,60130.0,60923.0,676.9239241
1727902800000,60923.9,60951.9,60646.0,60827.4,126.53670791
1727906400000,60826.0,60853.7,60438.1,60853.0,140.70898886
1727910000000,60852.0,60865.8,60590.0,60642.1,398.68632009
1727913600000,60642.1,61098.0,60530.0,60985.7,302.3241731
1727917200000,60985.7,61184.1,60914.1,61029.2,206.85297549
1727920800000,61029.7,61274.8,60983.5,61181.5,133.73702018
1727924400000,61181.6,61471.3,61086.0,61460.8,238.57710593
1727928000000,61460.8,61479.0,61276.2,61326.1,113.22472287
1727931600000,61330.0,61364.4,61103.4,61171.5,158.92992692
1727935200000,61171.4,61410.0,61103.8,61323.9,180.5123607
1727938800000,61323.9,61419.6,60815.7,60927.0,383.8311726
1727942400000,60926.2,60980.1,60150.0,60349.9,592.38431213
1727946000000,60348.1,60768.6,60125.9,60716.7,616.0487689
1727949600000,60716.8,61050.0,60647.0,61029.8,261.18892672
1727953200000,61029.5,61070.5,60600.0,60768.0,202.04127522
1727956800000,60765.5,60779.1,60370.0,60471.7,268.70531627
1727960400000,60473.9,60586.5,59800.0,60377.7,975.84039641
1727964000000,60379.6,60898.2,60155.0,60174.0,824.05006092
1727967600000,60174.1,60687.9,60022.0,60636.3,549.54838876
1727971200000,60636.4,60781.3,60080.3,60164.3,523.31731031
1727974800000,60164.3,60723.2,59910.0,60628.4,1671.90730483
1727978400000,60628.5,60851.9,60536.0,60717.8,226.25220157
1727982000000,60717.8,61056.0,60541.8,61031.4,300.85901634
1727985600000,61029.9,61100.0,60666.6,60777.9,164.44988889
1727989200000,60779.9,60960.0,60610.2,60812.0,152.8955358
1727992800000,60812.1,60986.6,60717.5,60893.0,68.01469142
1727996400000,60894.0,60984.0,60703.0,60753.8,71.52441833
1728000000000,60752.8,60816.4,60462.0,60504.1,222.38022552
1728003600000,60504.2,61256.0,60488.0,61219.2,296.08427969
1728007200000,61220.2,61272.0,60933.9,61038.8,300.46738154
1728010800000,61038.9,61071.3,60871.3,60956.2,103.12868376
1728014400000,60956.3,61200.0,60934.0,61007.1,152.03915116
1728018000000,61007.2,61241.2,60980.5,61221.0,286.5394181
1728021600000,61222.0,61343.0,61091.9,61118.1,213.18608666
1728025200000,61118.0,61500.0,61067.4,61439.9,296.6680398
1728028800000,61439.9,61644.0,61332.0,61446.2,261.70035877
1728032400000,61446.3,61593.9,61285.9,61334.1,229.48875993
1728036000000,61334.0,61432.9,61260.2,61282.3,136.62780195
1728039600000,61283.8,61476.0,61272.0,61446.0,149.32579982
1728043200000,61446.0,61944.2,61210.6,61926.0,842.4793717
1728046800000,61926.0,62010.4,61491.7,61583.9,636.98853694
1728050400000,61583.9,61589.2,60784.5,61240.7,649.33414396
1728054000000,61240.7,61899.9,61227.0,61884.0,500.69257824
1728057600000,61884.1,62297.4,61643.4,62250.5,361.95643094
1728061200000,62250.5,62340.9,61841.1,61983.4,197.15494636
1728064800000,61985.0,62356.6,61905.6,62347.1,172.67846758
1728068400000,62350.0,62471.3,62250.3,62369.9,441.28066333
1728072000000,62371.6,62480.8,62167.5,62411.5,123.6063292
1728075600000,62412.3,62462.1,62268.1,62276.0,60.7532224
1728079200000,62278.1,62360.5,62195.0,62215.8,187.52066899
1728082800000,62215.8,62219.5,61970.1,62094.1,109.90028243
1728086400000,62093.4,62199.9,62043.3,62174.1,144.54645355
1728090000000,62174.1,62205.8,61990.0,62076.0,100.86474519
1728093600000,62076.0,62076.6,61781.5,61809.9,124.72305099
1728097200000,61812.7,61966.5,61687.0,61872.3,147.05557614
1728100800000,61874.7,62023.9,61810.6,61947.9,122.58517439
1728104400000,61948.0,62165.4,61943.1,62141.6,65.19378051
1728108000000,62141.7,62249.9,62074.4,62230.3,65.35002416
1728111600000,62231.0,62270.0,62063.4,62067.3,134.61078424
1728115200000,62067.3,62203.3,62067.3,62161.0,30.96941028
1728118800000,62161.0,62331.6,62140.0,62254.1,83.98496852
1728122400000,62254.2,62279.0,62201.0,62218.6,56.18031947
1728126000000,62217.9,62244.8,62180.0,62188.5,48.07946619
1728129600000,62188.6,62316.2,62188.5,62314.1,144.95185575
1728133200000,62314.2,62382.9,62096.1,62148.1,141.95843098
1728136800000,62148.2,62248.6,62100.0,62198.0,92.02467819
1728140400000,62198.1,62231.9,62116.7,62167.2,91.61507035
1728144000000,62167.3,62189.0,61961.8,61961.8,112.87224321
1728147600000,61961.9,62041.3,61900.0,62019.5,56.2020625
1728151200000,62019.5,62054.9,61842.1,61861.1,77.72582509
1728154800000,61861.1,61918.0,61788.0,61854.8,95.98110353
1728158400000,61854.9,61854.9,61729.1,61734.1,55.31797645
1728162000000,61734.2,61952.7,61706.0,61861.7,35.4799667
1728165600000,61861.8,62098.0,61849.1,62047.1,76.95667804
1728169200000,62047.0,62111.1,61978.7,62058.6,43.16310886
1728172800000,62058.6,62101.0,61890.0,61928.6,53.27261775
1728176400000,61928.6,62159.9,61922.3,62088.7,83.1138725
1728180000000,62092.2,62125.0,61946.0,61964.0,43.22246544
1728183600000,61964.0,62028.3,61886.0,61886.1,54.27380161
1728187200000,61886.1,61975.6,61820.0,61882.4,51.90167699
1728190800000,61882.5,61985.8,61841.4,61949.9,50.0198899
1728194400000,61949.9,62023.8,61890.5,61967.3,41.48959823
1728198000000,61967.3,62013.4,61949.5,61950.5,26.1159889
1728201600000,61950.4,62080.0,61922.5,61990.7,75.02940236
1728205200000,61990.8,62168.3,61978.0,62074.5,102.63601976
1728208800000,62074.5,62091.8,62006.6,62019.0,76.85565769
1728212400000,62019.0,62153.8,62000.8,62099.9,159.15315198
1728216000000,62099.9,62246.5,62064.4,62230.0,115.41870297
1728219600000,62230.0,62358.3,62229.9,62251.8,128.60100901
1728223200000,62251.7,62782.2,62188.7,62715.5,329.69955393
1728226800000,62715.6,62797.1,62444.0,62724.8,213.57749204
1728230400000,62724.9,62932.0,62596.6,62602.9,201.02389408
1728234000000,62602.9,62760.0,62550.0,62589.8,69.8252034
1728237600000,62589.5,62785.9,62588.0,62723.8,146.58612712
1728241200000,62723.9,62986.9,62588.0,62634.0,99.55047895
1728244800000,62634.0,62760.8,62590.4,62626.0,44.2031904
1728248400000,62626.0,62668.3,62305.6,62306.1,88.49195189
1728252000000,62306.2,62636.3,62306.2,62616.1,105.84863149
1728255600000,62616.2,62919.9,62616.1,62825.3,266.76230368
1728259200000,62825.4,63726.9,62660.9,63688.9,667.51891098
1728262800000,63684.6,63980.0,63673.1,63824.2,598.46029117
1728266400000,63827.9,63954.8,63593.6,63638.3,275.29856333
1728270000000,63638.4,63775.9,63346.0,63533.0,320.1947501
1728273600000,63533.0,63683.3,63460.2,63473.8,145.92627509
1728277200000,63473.8,63635.2,63352.8,63390.0,139.8376619
1728280800000,63390.1,63726.9,63322.0,63708.1,189.50085179
1728284400000,63705.7,63715.9,63442.6,63542.1,156.85278278
1728288000000,63542.2,63713.5,63522.9,63554.0,172.7157895
1728291600000,63554.0,63554.0,63086.0,63216.0,487.72093109
1728295200000,63214.1,63228.1,62888.8,62899.0,380.94609935
1728298800000,62899.2,63188.0,62658.0,63139.9,522.67555334
1728302400000,63140.0,63140.0,62838.0,62891.0,180.39144646
1728306000000,62891.1,63571.4,62824.0,63457.4,589.68532994
1728309600000,63457.9,64466.9,63457.9,63998.7,1839.05587846
1728313200000,63998.6,64009.8,63537.0,63658.0,653.99189978
1728316800000,63658.0,63884.8,63432.5,63821.4,248.74018891
1728320400000,63821.5,63916.5,63540.0,63831.2,151.4803711
1728324000000,63830.1,63831.3,62738.0,62853.7,471.74014664
1728327600000,62856.9,63470.9,62856.9,63385.3,294.31395591
1728331200000,63384.2,63414.6,62989.9,63026.0,88.18002317
1728334800000,63026.8,63379.6,63005.4,63379.6,88.5912229
1728338400000,63379.7,63379.7,62428.6,62456.1,631.01695706
1728342000000,62460.0,62666.5,62126.0,62222.1,402.29381474
1728345600000,62222.0,62581.2,62158.0,62550.0,120.6184875
1728349200000,62550.1,62724.3,62312.7,62634.5,307.27251729
1728352800000,62636.0,62800.1,62422.2,62779.9,141.68251166
1728356400000,62780.0,62818.0,62549.6,62626.4,145.99668481
1728360000000,62626.9,62780.0,62526.1,62687.7,122.77023561
1728363600000,62687.8,62725.9,62306.2,62513.3,294.79735093
1728367200000,62513.4,62530.3,62198.0,62508.2,175.6056251
1728370800000,62508.3,62508.3,62002.9,62315.5,243.07731251
1728374400000,62315.6,62437.5,62188.0,62411.8,102.40405763
1728378000000,62412.0,62587.9,62296.2,62534.1,142.09657168
1728381600000,62534.2,62588.0,62402.5,62518.1,125.63920819
1728385200000,62518.1,62663.4,62464.1,62624.6,67.29826034
1728388800000,62624.5,62674.0,62420.5,62438.5,166.82202904
1728392400000,62438.1,63046.0,62323.0,63031.9,550.51778433
1728396000000,63032.5,63200.0,62169.3,62778.3,791.35760308
1728399600000,62778.4,62842.0,61866.0,62287.5,918.66716582
1728403200000,62287.5,62596.0,62027.2,62564.4,302.57439427
1728406800000,62566.4,62566.4,62077.5,62389.9,192.19917695
1728410400000,62390.0,62517.5,61922.1,62112.3,279.5855659
1728414000000,62110.1,62348.0,61870.0,62245.5,510.06914544
1728417600000,62245.9,62399.9,62144.7,62384.2,82.3090421
1728421200000,62386.3,62571.9,62310.0,62434.0,61.41164015
1728424800000,62434.1,62452.0,62154.1,62176.4,138.47277147
1728428400000,62176.5,62271.6,62018.3,62155.9,90.84450324
1728432000000,62156.0,62262.0,61994.9,62153.9,160.12974403
1728435600000,62154.0,62494.0,62098.0,62406.0,169.43011418
1728439200000,62406.1,62420.0,62254.3,62263.9,70.51624782
1728442800000,62264.0,62459.9,62150.1,62388.1,135.63423085
1728446400000,62388.1,62438.8,62296.0,62344.0,51.52568132
1728450000000,62344.1,62545.6,62344.0,62530.2,116.57331178
1728453600000,62530.2,62549.2,62378.1,62437.1,68.12421525
1728457200000,62437.1,62437.1,62200.0,62273.6,75.98986056
1728460800000,62273.5,62290.0,62040.0,62150.9,472.58287655
1728464400000,62150.9,62290.0,62094.6,62263.4,201.79841455
1728468000000,62263.4,62263.4,62050.0,62150.3,142.89541002
1728471600000,62150.2,62222.0,62102.0,62196.1,174.63069777
1728475200000,62196.2,62224.0,61750.0,61970.0,627.35594025
1728478800000,61971.9,62065.7,61757.2,61800.0,302.547585
1728482400000,61800.1,62026.4,61634.0,61873.1,410.89223695
1728486000000,61873.2,62411.4,61775.7,62309.9,417.53959636
1728489600000,62310.0,62346.5,61689.4,61808.4,413.76562035
1728493200000,61808.5,61904.8,61666.7,61749.2,97.12928685
1728496800000,61749.1,61824.5,61150.0,61189.8,486.99550705
1728500400000,61191.9,61210.6,60832.5,61028.5,791.85064362
1728504000000,61029.5,61120.0,60302.0,60420.1,474.81574636
1728507600000,60420.2,60960.0,60364.8,60903.7,182.16840692
1728511200000,60903.7,60916.5,60692.1,60800.0,113.33114493
1728514800000,60800.1,60832.0,60606.0,60637.5,119.14030698
1728518400000,60637.5,60694.4,60365.7,60444.9,202.36253065
1728522000000,60444.8,60857.1,60434.0,60804.4,158.12762211
1728525600000,60804.5,60932.0,60708.0,60877.0,153.88814342
1728529200000,60877.0,60954.8,60816.5,60864.7,130.40340972
1728532800000,60864.8,60954.9,60812.6,60868.0,111.28236864
1728536400000,60868.1,61052.0,60850.0,60938.4,229.36379623
1728540000000,60938.5,61154.0,60890.0,61136.6,166.10238714
1728543600000,61136.7,61143.8,60892.9,60892.9,137.94125002
1728547200000,60892.9,61070.6,60800.0,60820.1,156.10810871
1728550800000,60820.5,60981.7,60625.0,60929.1,394.7200767
1728554400000,60929.0,61200.0,60926.0,61066.7,216.19766035
1728558000000,61066.7,61315.8,61044.3,61258.2,117.5754401
1728561600000,61258.1,61315.9,60755.5,60955.1,629.74415695
1728565200000,60955.2,61250.0,60614.0,60940.1,389.71231735
1728568800000,60940.0,61058.0,60511.0,60597.0,298.2983038
1728572400000,60598.0,60819.8,60450.0,60795.2,299.01716687
1728576000000,60796.0,61035.1,60252.4,60298.0,410.16127771
1728579600000,60298.0,60464.0,59560.0,59604.0,856.08208768
1728583200000,59604.2,59604.2,58935.6,59502.0,1226.51458169
1728586800000,59502.0,59764.0,59358.5,59725.9,286.00781163
1728590400000,59725.8,60017.0,59583.6,59803.4,451.60481038
1728594000000,59803.4,60190.1,59686.8,60190.0,167.04752468
1728597600000,60190.0,60249.9,59944.1,60147.9,155.83694456
1728601200000,60147.9,60322.4,60145.9,60322.4,106.56780024
1728604800000,60322.5,60360.0,60160.6,60188.0,142.73427877
1728608400000,60188.1,60774.3,60088.0,60580.2,303.90622937
1728612000000,60580.5,60651.9,60365.0,60548.0,134.61272519
1728615600000,60548.0,60722.1,60548.0,60610.0,108.23180978
1728619200000,60610.1,60724.6,60572.3,60703.9,94.25985405
1728622800000,60704.0,60769.8,60586.4,60596.8,136.15760055
1728626400000,60596.8,60923.0,60591.0,60795.9,209.50537507
1728630000000,60796.0,60912.0,60656.0,60672.0,250.37047378
1728633600000,60672.0,60804.3,60650.0,60660.0,82.53460162
1728637200000,60660.1,61111.0,60652.5,61076.9,227.22294037
1728640800000,61077.0,61248.4,60991.5,61152.2,305.2618919
1728644400000,61152.3,61264.0,61068.0,61172.2,207.36418056
1728648000000,61172.3,61479.4,61127.5,61386.1,353.85574004
1728651600000,61386.1,61869.2,61210.6,61685.7,749.43171354
1728655200000,61685.9,61954.0,61632.0,61757.8,788.34131919
1728658800000,61757.8,62466.0,61757.8,62267.1,1100.03330375
1728662400000,62267.2,62451.9,62130.0,62275.2,692.76320809
1728666000000,62275.3,62946.2,62166.1,62918.3,547.42803574
1728669600000,62918.3,62977.0,62721.9,62923.7,401.23483208
1728673200000,62928.5,63419.5,62822.1,63088.0,964.36364862
1728676800000,63086.8,63092.3,62924.0,62998.3,209.61938708
1728680400000,62998.4,63171.9,62802.0,62845.8,211.39922042
1728684000000,62845.9,62922.8,62367.4,62453.9,278.22443451
1728687600000,62452.9,62666.0,62349.2,62546.0,157.29885026
1728691200000,62546.1,62922.7,62500.0,62832.1,164.74450301
1728694800000,62832.0,63098.8,62690.6,62733.9,242.27012918
1728698400000,62734.0,62766.0,62522.4,62558.0,129.49635409
1728702000000,62558.1,62632.9,62477.4,62572.6,79.17500421
1728705600000,62572.7,62750.0,62570.0,62588.0,133.28185101
1728709200000,62588.1,62827.2,62580.0,62768.3,139.79845035
1728712800000,62778.1,62790.0,62666.6,62686.5,148.00704388
1728716400000,62686.6,62776.5,62642.0,62755.6,129.39845503
1728720000000,62755.6,62780.0,62689.9,62717.5,83.81138017
1728723600000,62717.6,62839.9,62669.0,62839.8,112.1484814
1728727200000,62839.9,63064.7,62807.0,63048.0,126.23687909
1728730800000,63048.0,63269.4,62917.2,62948.0,214.8851444
1728734400000,62948.0,63065.5,62821.3,63050.0,134.55302525
1728738000000,63050.1,63160.0,62962.9,63074.0,205.64292618
1728741600000,63074.1,63414.4,63008.0,63238.2,403.75401686
1728745200000,63238.0,63488.0,63062.0,63166.1,786.40376515
1728748800000,63166.2,63400.0,63062.0,63062.0,127.32602825
1728752400000,63062.1,63265.9,63050.9,63101.7,63.94739106
1728756000000,63101.7,63181.8,62937.2,62939.1,81.89026493
1728759600000,62939.2,63080.0,62912.0,63000.0,57.94114647
1728763200000,63000.1,63122.0,63000.0,63042.0,54.6398343
1728766800000,63042.0,63229.7,63042.0,63220.0,43.42504237
1728770400000,63219.8,63333.2,63132.0,63295.0,54.00324249
1728774000000,63294.1,63389.8,63176.1,63209.9,131.93119268
1728777600000,63209.4,63294.5,63069.5,63187.9,132.40024294
1728781200000,63188.0,63188.0,62828.0,62879.5,248.85228764
1728784800000,62879.6,62922.0,62701.7,62866.0,116.54874994
1728788400000,62866.1,62899.9,62659.2,62713.9,110.00671677
1728792000000,62715.5,62868.0,62711.0,62825.4,91.4701858
1728795600000,62825.3,62973.4,62819.0,62859.1,48.45408417
1728799200000,62859.1,63000.0,62859.1,62874.0,70.13879063
1728802800000,62874.1,62928.0,62722.0,62853.9,180.33468666
1728806400000,62850.8,62971.3,62800.1,62818.1,115.62916442
1728810000000,62816.1,62879.9,62770.1,62834.2,45.80062446
1728813600000,62834.2,62838.4,62690.0,62705.0,41.1519559
1728817200000,62705.6,62792.3,62521.7,62567.0,174.20639801
1728820800000,62567.1,62738.0,62552.1,62676.0,102.20183018
1728824400000,62676.1,62834.9,62626.1,62659.4,89.303406
1728828000000,62659.3,62667.1,62200.0,62243.5,495.85545726
1728831600000,62243.5,62349.6,62050.0,62230.1,466.90799758
1728835200000,62230.0,62711.8,62169.4,62630.0,178.30130948
1728838800000,62630.0,62884.9,62415.2,62511.9,180.95496591
1728842400000,62511.9,62630.1,62309.2,62410.0,72.46987311
1728846000000,62410.1,62744.6,62410.1,62735.9,74.1528915
1728849600000,62737.5,62764.9,62604.3,62764.9,32.7004559
1728853200000,62764.9,63036.1,62682.1,62889.5,91.16108604
1728856800000,62889.5,63141.7,62725.3,62836.9,98.95261171
1728860400000,62836.1,62901.0,62630.0,62872.0,86.31346674
1728864000000,62872.1,62900.9,62453.4,62516.1,89.17039336
1728867600000,62516.0,62828.5,62504.0,62632.9,77.78682873
1728871200000,62633.0,62642.8,62476.0,62615.3,73.8304167
1728874800000,62618.2,64400.0,62616.0,64309.9,1790.80883321
1728878400000,64309.9,64531.9,64090.6,64140.0,1095.45656072
1728882000000,64139.9,64150.0,63779.4,63934.0,621.61418917
1728885600000,63934.1,64233.7,63796.0,64094.5,371.83319336
1728889200000,64094.6,64682.5,64025.0,64620.0,709.83580968
1728892800000,64619.9,64867.0,64385.7,64428.6,489.25674692
1728896400000,64428.7,64899.9,64344.0,64822.1,393.13298719
1728900000000,64822.2,65000.0,64708.0,64865.2,406.16994728
1728903600000,64863.0,65171.2,64806.5,64922.6,765.97815269
1728907200000,64922.7,65028.4,64719.3,64867.7,615.0789317
1728910800000,64867.8,65294.6,64653.9,65143.8,890.97511391
1728914400000,65144.6,66294.0,65108.0,65921.7,1831.71743609
1728918000000,65921.8,66119.9,65834.0,65878.1,674.88048791
1728921600000,65878.0,66024.2,65626.1,65710.0,647.20728084
1728925200000,65710.0,65859.0,65530.9,65640.5,294.57109353
1728928800000,65640.0,65967.1,65578.0,65770.0,243.82395358
1728932400000,65770.1,66087.9,65724.8,65948.0,900.01248574
1728936000000,65948.0,66087.6,65812.9,65935.9,358.65908878
1728939600000,65936.0,66013.9,65733.5,65787.5,109.86605842
1728943200000,65787.4,66577.1,65773.6,66466.1,839.63670033
1728946800000,66466.1,66529.8,66051.2,66089.8,273.87439143
1728950400000,66089.9,66332.6,65861.8,65932.0,240.63091972
1728954000000,65932.1,66019.9,65749.9,65874.1,181.62756526
1728957600000,65872.1,65934.0,65705.9,65762.4,176.94441153
1728961200000,65762.4,65762.4,65333.7,65406.0,335.43611281
1728964800000,65406.1,65706.4,65327.5,65611.9,181.54471088
1728968400000,65611.9,65614.7,65228.3,65372.8,255.98542541
1728972000000,65372.9,65627.3,65290.1,65570.6,262.67716975
1728975600000,65570.7,65855.9,65568.0,65661.3,291.50384138
1728979200000,65662.5,65860.7,65631.6,65759.9,187.27167472
1728982800000,65760.0,65785.5,65592.3,65640.5,140.21143213
1728986400000,65640.6,65750.0,65575.0,65682.1,143.65083026
1728990000000,65682.1,65728.1,65280.1,65403.0,409.28287666
1728993600000,65403.1,65963.9,65390.1,65805.5,348.34563111
1728997200000,65804.0,67777.0,65770.0,67669.9,1407.07573374
1729000800000,67669.9,67963.6,65143.6,65376.0,3405.45080449
1729004400000,65376.0,66301.0,64781.5,66023.1,1851.07493972
1729008000000,66023.1,67221.6,65982.7,66868.3,1400.04829534
1729011600000,66872.8,67065.9,66492.0,66808.5,595.90919146
1729015200000,66808.6,67388.0,66754.0,66901.0,655.42764013
1729018800000,66900.9,67063.9,66577.5,66974.1,855.46066087
1729022400000,66974.1,67015.9,66385.1,66466.2,322.9132973
1729026000000,66464.1,66614.0,66136.6,66431.2,281.03749793
1729029600000,66431.2,67000.0,66412.0,66750.1,199.64052551
1729033200000,66750.2,67178.8,66678.1,67072.1,269.66183522
1729036800000,67072.1,67144.4,66755.1,66881.9,193.0391804
1729040400000,66882.0,67500.0,66758.0,67374.1,586.75878232
1729044000000,67374.0,67564.5,67238.1,67281.9,318.57190683
1729047600000,67280.2,67298.0,67080.0,67094.1,145.65267271
1729051200000,67093.5,67249.6,66888.8,66990.0,139.20124863
1729054800000,66989.2,67356.1,66924.0,67212.7,163.89408673
1729058400000,67215.9,67303.9,66964.0,67048.0,188.38346261
1729062000000,67048.5,67050.0,66770.1,66984.6,352.58980431
1729065600000,66984.7,67272.0,66918.0,67131.9,420.99333093
1729069200000,67132.0,67470.0,67080.0,67427.9,294.97320443
1729072800000,67428.0,67810.0,67327.2,67740.7,717.79392459
1729076400000,67740.7,68422.6,67602.0,67913.9,1633.64494788
1729080000000,67914.0,68080.0,67674.3,67838.1,519.84691225
1729083600000,67838.0,67974.0,67128.4,67394.2,761.03193478
1729087200000,67396.0,68318.2,67348.4,67681.2,919.17820905
1729090800000,67682.7,68050.0,67400.0,67759.3,369.01172529
1729094400000,67759.5,67933.9,67480.2,67819.1,219.84378131
1729098000000,67819.0,68107.9,67683.9,67942.9,423.70412178
1729101600000,67942.1,68067.9,67778.0,67824.0,146.96566306
1729105200000,67824.0,67959.9,67634.1,67728.7,356.02352837
1729108800000,67725.3,67963.9,67624.0,67628.0,196.19253793
1729112400000,67628.0,67714.0,67500.1,67573.1,200.72382882
1729116000000,67573.2,67870.0,67573.2,67785.5,77.70207591
1729119600000,67785.6,67836.2,67594.4,67614.3,101.26731195
1729123200000,67614.4,67941.0,67571.4,67708.4,88.08264241
1729126800000,67708.5,67900.0,67407.6,67895.9,200.04908672
1729130400000,67896.0,67900.0,67410.0,67474.0,232.28006818
1729134000000,67474.1,67700.0,67433.0,67598.0,137.87204929
1729137600000,67598.0,67598.0,67250.5,67262.9,212.90488348
1729141200000,67264.0,67470.3,67256.0,67340.0,187.19614326
1729144800000,67340.0,67507.3,67118.0,67156.5,319.17066905
1729148400000,67156.5,67303.1,67079.9,67299.9,439.87218337
1729152000000,67300.0,67476.4,67182.3,67449.8,193.80861112
1729155600000,67449.9,67526.0,67182.0,67193.7,154.65312895
1729159200000,67193.7,67312.7,66826.0,67214.0,446.75482998
1729162800000,67212.2,67292.6,66813.1,66874.6,407.88922235
1729166400000,66874.5,67180.0,66810.0,67173.0,244.29453787
1729170000000,67173.9,67350.1,66670.0,67025.9,660.85253435
1729173600000,67026.0,67285.7,66680.0,67118.5,761.64727113
1729177200000,67118.6,67681.7,66900.3,67590.5,542.49572773
1729180800000,67590.5,67595.5,67118.3,67379.3,299.02596773
1729184400000,67380.1,67525.9,67153.8,67290.1,221.93416751
1729188000000,67290.2,67313.2,66720.0,66930.7,645.7760801
1729191600000,66930.6,67027.9,66775.6,66845.7,286.73765966
1729195200000,66845.9,67148.0,66824.2,66939.7,114.6694454
1729198800000,66939.8,67131.9,66932.4,67080.4,76.61200646
1729202400000,67080.5,67488.0,67080.5,67443.9,242.22465574
1729206000000,67444.0,67497.7,67286.5,67426.5,183.54504238
1729209600000,67426.5,67464.0,67188.5,67211.2,151.5774083
1729213200000,67211.3,68265.6,67189.0,68086.0,558.65582289
1729216800000,68086.5,68146.1,67800.0,68104.2,360.08164879
1729220400000,68104.2,68118.7,67512.0,67550.1,265.95322213
1729224000000,67550.2,67874.0,67536.1,67740.8,180.12732446
1729227600000,67740.8,68055.2,67634.1,68002.4,216.68405431
1729231200000,68002.5,68387.0,67916.1,68107.8,399.44414251
1729234800000,68107.9,68200.0,67864.5,67967.6,517.63992531
1729238400000,67967.6,68056.7,67826.5,67924.7,210.11575862
1729242000000,67924.7,68050.0,67744.7,67800.0,262.59338332
1729245600000,67800.1,67972.0,67774.8,67876.0,161.18402903
1729249200000,67876.0,68033.9,67674.0,67699.9,230.75810232
1729252800000,67700.0,67829.3,67642.0,67666.0,181.19640327
1729256400000,67666.1,68200.0,67650.0,68197.1,364.72252796
1729260000000,68197.1,68624.4,67932.0,68430.0,1329.26868984
1729263600000,68430.1,68880.0,68288.0,68744.2,1216.6696098
1729267200000,68744.5,68900.0,68358.0,68788.0,591.32661094
1729270800000,68788.1,68900.0,68650.0,68707.7,185.46854027
1729274400000,68707.7,69000.0,68554.1,68903.6,519.39970173
1729278000000,68904.2,68984.5,68572.8,68603.0,409.89490566
1729281600000,68604.5,68696.0,68392.1,68434.0,149.54058458
1729285200000,68432.0,68497.9,68240.0,68416.0,96.98882936
1729288800000,68416.0,68422.1,68211.0,68212.0,174.34743439
1729292400000,68212.1,68478.2,68211.0,68431.4,135.6099486
1729296000000,68431.4,68486.9,68300.1,68332.8,103.13946403
1729299600000,68332.9,68464.0,68326.0,68339.8,65.60922506
1729303200000,68339.9,68474.0,68328.9,68461.5,88.2441413
1729306800000,68461.6,68700.0,68434.1,68452.0,151.47203123
1729310400000,68452.1,68572.0,68340.0,68340.0,84.34327308
1729314000000,68340.1,68440.0,68328.5,68400.0,60.33208537
1729317600000,68400.0,68449.4,68332.1,68334.8,83.9178849
1729321200000,68334.9,68409.8,68301.8,68350.7,82.38398825
1729324800000,68350.7,68474.3,68340.1,68409.2,79.55762577
1729328400000,68409.3,68432.1,68344.1,68344.1,85.08613584
1729332000000,68344.2,68382.5,68239.9,68244.0,97.82434888
1729335600000,68244.1,68309.4,68080.0,68083.3,137.66463438
1729339200000,68083.4,68270.0,68080.0,68218.3,114.19182056
1729342800000,68218.3,68223.7,68108.3,68109.8,124.80956684
1729346400000,68109.9,68351.9,68109.9,68298.5,103.77498263
1729350000000,68298.5,68340.2,68158.6,68227.7,76.39829865
1729353600000,68227.8,68235.4,68030.4,68041.0,116.61458019
1729357200000,68040.1,68146.6,68006.0,68127.9,88.64073922
1729360800000,68128.0,68196.0,68090.0,68175.1,54.79976036
1729364400000,68175.2,68245.9,68142.0,68176.8,43.98859357
1729368000000,68176.9,68259.6,68162.6,68238.1,39.2192969
1729371600000,68238.2,68342.8,68214.0,68220.5,43.552632
1729375200000,68220.6,68425.2,68197.1,68330.6,87.73232946
1729378800000,68331.0,68418.2,68297.2,68366.2,123.93454605
1729382400000,68366.3,68445.9,68228.0,68228.0,74.37255037
1729386000000,68228.1,68256.9,68150.0,68156.1,57.86070181
1729389600000,68157.1,68232.0,68113.0,68174.8,65.90266887
1729393200000,68174.9,68202.6,68100.0,68190.4,72.28461115
1729396800000,68190.5,68322.0,68180.3,68240.2,75.43679189
1729400400000,68240.3,68286.0,68163.7,68214.2,66.71338938
1729404000000,68214.3,68415.1,68172.6,68394.1,107.19108122
1729407600000,68394.1,68434.1,68347.8,68366.1,93.57990215
1729411200000,68366.1,68494.6,68341.0,68392.3,106.92885298
1729414800000,68392.3,68451.3,68347.3,68428.6,52.82990289
1729418400000,68428.7,68462.1,68370.0,68370.0,43.06255575
1729422000000,68370.1,68444.4,68366.5,68413.8,31.50208451
1729425600000,68413.9,68439.9,68254.1,68260.0,84.92642645
1729429200000,68260.1,68488.0,68208.0,68457.9,159.67190471
1729432800000,68458.0,68765.2,68458.0,68646.9,429.35266824
1729436400000,68646.9,68693.9,68357.8,68631.9,246.93540523
1729440000000,68632.0,68664.8,68496.1,68501.5,219.06631752
1729443600000,68501.5,68620.1,68418.0,68560.3,117.07305624
1729447200000,68560.4,68663.9,68560.3,68603.8,39.41336239
1729450800000,68603.8,68611.4,68489.0,68509.6,41.28707227
1729454400000,68509.7,68921.9,68462.0,68786.4,141.5957594
1729458000000,68786.5,68876.5,68662.0,68770.0,111.16431463
1729461600000,68770.1,69425.0,68600.0,69143.9,865.12290508
1729465200000,69144.0,69200.0,68926.5,69035.6,239.17953261
1729468800000,69035.7,69546.0,68972.6,69164.6,551.64235153
1729472400000,69164.7,69487.9,69107.2,69211.8,351.52709868
1729476000000,69211.9,69272.0,68712.1,68723.6,374.93474782
1729479600000,68723.7,68946.2,68604.3,68940.0,313.49929711
1729483200000,68940.0,69044.5,68792.0,69038.0,111.15963715
1729486800000,69038.1,69192.7,68948.8,68988.0,142.6927393
1729490400000,68988.1,69150.0,68630.7,68688.0,244.45242189
1729494000000,68688.1,68799.7,68467.2,68512.4,469.49211303
1729497600000,68512.4,68664.9,68297.8,68306.0,293.63139131
1729501200000,68305.2,68428.4,68140.9,68385.4,300.47407964
1729504800000,68386.9,68494.0,68267.8,68287.1,244.20829492
1729508400000,68287.2,68441.2,68200.0,68241.4,258.17417405
1729512000000,68241.4,68339.8,68075.6,68212.3,484.50360344
1729515600000,68212.3,68255.4,67149.3,67314.8,1582.64939387
1729519200000,67314.8,67616.4,67023.8,67280.9,1100.79552189
1729522800000,67280.9,67338.1,66842.8,67331.5,872.30801093
1729526400000,67331.5,67331.6,66889.3,67317.3,608.54332028
1729530000000,67317.3,67656.0,67246.0,67516.4,445.66890003
1729533600000,67518.1,67518.1,67029.9,67323.5,380.83501631
1729537200000,67323.6,67925.9,67320.0,67755.9,506.37246158
1729540800000,67756.0,67809.6,67616.4,67738.2,172.98079523
1729544400000,67738.3,67922.0,67670.2,67792.7,142.52083768
1729548000000,67792.8,67872.3,67587.5,67779.9,292.56053991
1729551600000,67779.9,67779.9,67344.0,67371.7,378.82103489
1729555200000,67371.8,67400.0,66555.0,67139.8,952.41609987
1729558800000,67139.9,67537.9,67039.9,67507.8,373.42189966
1729562400000,67507.8,67688.0,67266.0,67314.4,205.20208074
1729566000000,67314.5,67555.0,67300.3,67393.9,198.92583699
1729569600000,67394.0,67510.1,67282.0,67499.9,121.63814451
1729573200000,67500.0,67652.0,67450.0,67583.9,218.57421935
1729576800000,67584.0,67790.5,67557.1,67557.1,362.05130611
1729580400000,67557.2,67700.0,67376.0,67400.7,260.08504671
1729584000000,67400.7,67400.8,66892.1,66934.5,375.9290485
1729587600000,66937.5,67128.5,66746.0,66956.0,397.4647662
1729591200000,66956.0,67234.0,66860.0,67187.4,311.38545121
1729594800000,67187.5,67523.9,67156.0,67300.0,540.17811799
1729598400000,67300.1,67473.4,66857.4,66987.4,333.98662422
1729602000000,66987.6,67172.8,66640.0,66996.0,601.92447803
1729605600000,66996.0,67697.2,66825.0,67561.8,915.56021129
1729609200000,67561.9,67691.8,67105.4,67283.5,620.94599486
1729612800000,67283.6,67283.6,66917.4,66966.0,396.39003495
1729616400000,66966.1,67428.0,66938.0,67325.8,388.08090263
1729620000000,67325.9,67522.4,67238.0,67379.0,212.93110001
1729623600000,67379.8,67639.8,67333.1,67481.0,454.16898416
1729627200000,67480.0,67579.4,67416.0,67523.1,121.35801128
1729630800000,67523.2,67550.1,67408.0,67528.0,53.12510736
1729634400000,67528.0,67838.0,67474.1,67722.1,221.27175523
1729638000000,67722.0,67777.3,67285.7,67421.2,166.16949024
1729641600000,67421.3,67470.3,67089.0,67173.3,245.00018466
1729645200000,67173.3,67393.0,67167.1,67349.6,201.35814259
1729648800000,67349.6,67390.0,67064.0,67098.7,155.56579125
1729652400000,67098.8,67180.6,66888.8,67079.8,213.25623787
1729656000000,67079.9,67237.9,66996.0,67218.9,97.52011462
1729659600000,67218.9,67229.9,67046.9,67086.4,86.47730193
1729663200000,67086.5,67299.9,66907.6,66923.7,160.01784668
1729666800000,66923.8,67000.0,66800.0,66856.1,252.80378269
1729670400000,66856.2,67048.8,66420.1,66531.8,620.10309111
1729674000000,66531.7,66606.9,66199.8,66509.3,531.18237779
1729677600000,66509.3,66643.5,66392.3,66400.7,180.81080426
1729681200000,66400.8,66598.1,66312.4,66422.0,221.83913571
1729684800000,66422.5,66504.6,66106.0,66408.6,386.68767337
1729688400000,66408.6,66898.3,66351.7,66798.4,379.23160787
1729692000000,66798.3,66878.3,66436.0,66492.1,322.30682364
1729695600000,66492.2,66496.0,65923.1,66220.0,637.54894923
1729699200000,66220.1,66299.8,65801.0,65872.0,425.80243497
1729702800000,65872.0,65984.0,65638.0,65718.9,477.85382914
1729706400000,65719.0,66064.0,65251.0,66050.5,968.02408201
1729710000000,66050.5,66566.0,65866.0,66474.8,532.55082859
1729713600000,66477.2,66682.5,66338.0,66668.1,225.33278221
1729717200000,66668.2,66685.5,66365.0,66418.1,119.8298874
1729720800000,66418.2,66587.9,66354.0,66481.8,116.40309818
1729724400000,66481.9,66812.0,66464.0,66666.0,222.64365121
1729728000000,66666.1,67484.4,66514.0,67436.0,508.37084239
1729731600000,67436.0,67616.4,67060.0,67266.2,545.95643941
1729735200000,67266.3,67514.9,67152.0,67454.4,271.94343768
1729738800000,67455.7,67473.4,67215.1,67215.1,258.92756606
1729742400000,67215.1,67438.0,67212.0,67384.1,196.40455706
1729746000000,67384.2,67475.4,67348.0,67358.6,144.70426622
1729749600000,67358.1,67475.5,67103.2,67115.1,299.89212286
1729753200000,67115.2,67320.1,67074.3,67124.8,237.185758
1729756800000,67124.1,67250.0,66855.1,66859.5,153.39475466
1729760400000,66859.5,67012.0,66728.0,66879.0,299.87714709
1729764000000,66879.0,67124.4,66866.0,67006.6,184.52348179
1729767600000,67006.6,67328.8,66988.3,67293.9,154.75637624
1729771200000,67294.0,67616.3,67261.0,67515.5,296.31763997
1729774800000,67515.4,67984.0,67450.0,67906.2,604.31634413
1729778400000,67906.2,67979.0,67532.0,67782.5,504.28750244
1729782000000,67782.5,67977.9,67596.6,67697.7,495.83550789
1729785600000,67697.8,67792.0,67350.7,67578.0,343.80249222
1729789200000,67578.0,67855.0,67460.0,67653.1,163.74796906
1729792800000,67653.8,67959.9,67626.0,67827.9,231.92736153
1729796400000,67827.9,68330.0,67722.0,68298.0,463.25091377
1729800000000,68297.9,68333.0,67951.6,68197.5,256.58744136
1729803600000,68197.6,68850.3,68197.6,68347.0,356.89966049
1729807200000,68347.0,68557.4,68180.1,68180.1,211.6757446
1729810800000,68180.1,68265.7,68044.2,68198.5,131.07017032
1729814400000,68198.6,68278.0,67884.9,67982.4,207.70137908
1729818000000,67982.4,68000.1,67840.2,67977.3,169.14184807
1729821600000,67977.4,68084.0,67833.0,68064.1,133.75754243
1729825200000,68064.1,68240.0,67979.9,68006.8,164.91089228
1729828800000,68006.8,68048.9,67687.3,67738.9,277.36098762
1729832400000,67739.0,67876.0,67589.5,67757.4,179.82832632
1729836000000,67757.5,67860.7,67592.0,67642.4,153.98273827
1729839600000,67642.5,67732.0,67250.0,67529.9,548.3602577
1729843200000,67529.9,67762.9,67312.9,67661.9,288.98858681
1729846800000,67661.9,67876.7,67519.0,67837.8,200.08986809
1729850400000,67837.9,67874.4,67670.0,67857.9,202.0427181
1729854000000,67858.0,68173.9,67788.0,68108.3,220.19024232
1729857600000,68108.7,68299.9,67974.3,68058.0,220.43340714
1729861200000,68058.1,68437.3,67708.0,68339.9,366.29639848
1729864800000,68340.0,68771.9,68132.0,68310.5,876.12981906
1729868400000,68312.9,68542.0,67445.5,67687.5,712.92238893
1729872000000,67687.5,67870.2,67343.1,67669.0,515.50335293
1729875600000,67670.0,67812.6,66768.8,66834.0,846.38750183
1729879200000,66834.1,67580.6,66000.0,67026.7,2029.17580352
1729882800000,67026.7,67229.1,66625.0,66847.3,649.45003429
1729886400000,66847.3,67036.1,66623.4,66934.1,347.54653376
1729890000000,66937.5,67304.0,66937.5,67294.0,145.97486307
1729893600000,67294.1,67391.3,66620.0,66626.1,244.86028854
1729897200000,66629.7,66800.0,65588.7,66710.0,1620.41303893
1729900800000,66710.0,66850.0,66560.0,66741.6,459.8470217
1729904400000,66742.0,66816.8,66517.8,66704.6,265.65934562
1729908000000,66704.7,67041.6,66442.0,66844.1,280.4417543
1729911600000,66844.2,66986.0,66694.2,66912.0,172.20802741
1729915200000,66912.8,66988.0,66781.9,66947.4,131.60730132
1729918800000,66947.5,67228.5,66944.3,67135.3,271.38996597
1729922400000,67135.3,67239.9,67046.8,67164.0,125.62413689
1729926000000,67164.0,67185.4,66990.1,67008.0,161.86608997
1729929600000,67008.0,67173.9,66990.0,67130.0,99.11786089
1729933200000,67130.7,67263.9,67052.0,67052.0,107.34951989
1729936800000,67052.1,67178.5,66984.5,67052.1,74.93968703
1729940400000,67052.2,67166.6,66954.1,67132.2,99.23676024
1729944000000,67132.2,67178.5,67008.1,67037.2,74.93697308
1729947600000,67037.1,67119.2,66885.9,66896.0,167.08756682
1729951200000,66896.0,66957.8,66744.3,66800.6,182.54392766
1729954800000,66800.7,67012.0,66760.2,66886.2,131.18446794
1729958400000,66886.1,67052.0,66788.9,66979.7,152.24912608
1729962000000,66979.7,67146.0,66962.9,67068.2,118.48513349
1729965600000,67068.2,67154.0,67024.9,67040.2,79.65947564
1729969200000,67040.2,67195.9,67038.3,67187.4,97.85122564
1729972800000,67187.5,67482.7,67146.0,67273.9,163.3761444
1729976400000,67274.0,67286.0,67076.9,67176.3,97.25530456
1729980000000,67176.2,67243.9,67106.0,67134.2,43.93896135
1729983600000,67134.1,67156.0,67085.0,67095.9,57.71156284
1729987200000,67095.8,67120.0,66972.1,67013.7,64.74225706
1729990800000,67013.8,67129.9,66936.9,67076.1,56.54670842
1729994400000,67076.2,67118.9,67024.0,67054.7,29.30734613
1729998000000,67056.0,67324.4,67001.0,67290.8,80.69753528
1730001600000,67290.9,67322.0,67119.3,67156.0,40.88961365
1730005200000,67156.1,67220.0,67144.0,67178.5,32.91865674
1730008800000,67178.5,67188.4,67125.2,67188.3,19.60876688
1730012400000,67188.4,67238.0,67183.3,67203.4,41.56680097
1730016000000,67203.4,67270.0,67167.0,67225.3,29.52081062
1730019600000,67225.3,67225.3,67107.0,67146.6,105.70965266
1730023200000,67146.6,67199.9,67066.4,67092.2,47.69626753
1730026800000,67092.3,67182.3,67042.0,67125.8,37.07507401
1730030400000,67125.9,67511.6,67122.0,67400.7,106.13506026
1730034000000,67400.7,67762.9,67394.0,67616.0,297.52050577
1730037600000,67615.9,67750.0,67604.0,67696.0,118.44070513
1730041200000,67696.1,67852.1,67690.3,67786.0,189.72483443
1730044800000,67785.9,67875.4,67658.3,67829.4,144.81619748
1730048400000,67829.5,68000.0,67722.0,67760.1,174.96741145
1730052000000,67760.2,67774.8,67544.4,67566.1,145.08570338
1730055600000,67566.2,67854.9,67556.1,67845.3,88.30467818
1730059200000,67845.4,67925.3,67722.5,67765.7,96.36989183
1730062800000,67765.8,68199.8,67736.0,67930.7,170.62404843
1730066400000,67930.7,68344.0,67930.6,68121.8,449.7910712
1730070000000,68121.8,68297.8,67990.0,68022.9,140.23147705
1730073600000,68022.2,68119.9,67836.1,67860.3,188.09659179
1730077200000,67860.3,67914.6,67735.3,67744.0,130.72964933
1730080800000,67744.0,67870.9,67678.0,67807.8,110.39964638
1730084400000,67807.9,67990.0,67700.0,67726.0,145.72613972
1730088000000,67726.1,67800.0,67638.1,67744.6,171.97881177
1730091600000,67744.6,67964.1,67618.0,67911.0,105.77765459
1730095200000,67911.1,67959.9,67804.0,67959.9,113.59728181
1730098800000,67960.0,68678.5,67959.9,68420.0,646.70426773
1730102400000,68420.0,68598.0,68328.1,68328.1,245.77698262
1730106000000,68328.1,68616.0,68235.4,68574.2,219.75734554
1730109600000,68574.1,68838.0,68546.4,68625.5,317.75791218
1730113200000,68625.6,68777.7,68487.7,68761.7,171.04854715
1730116800000,68761.8,69079.4,68584.0,68910.1,528.61371596
1730120400000,68910.1,69285.0,68764.6,68823.9,748.75508969
1730124000000,68824.0,69100.0,68687.6,68847.0,811.61014061
1730127600000,68848.4,68861.9,68431.2,68491.5,529.57890009
1730131200000,68490.8,68979.6,68450.0,68707.9,339.40809306
1730134800000,68707.7,69214.7,68500.9,68983.8,491.00650461
1730138400000,68983.9,69250.0,68843.3,69202.0,218.32379042
1730142000000,69202.0,69910.0,69141.3,69632.4,1438.27471207
1730145600000,69632.1,69723.7,69426.1,69644.3,185.83889292
1730149200000,69644.4,69796.7,69518.0,69793.9,147.0482005
1730152800000,69794.0,70332.9,69794.0,69963.1,1306.0924234
1730156400000,69963.1,70151.9,69738.1,69961.2,249.35474931
1730160000000,69961.3,70013.4,69754.6,69958.8,168.61214713
1730163600000,69958.9,70382.0,69835.7,70302.4,306.09668969
1730167200000,70302.5,71600.0,70218.0,71190.6,2216.28188826
1730170800000,71190.7,71428.0,70889.0,70945.2,525.38115308
1730174400000,70945.1,71140.0,70923.9,71079.9,328.52617333
1730178000000,71079.9,71099.9,70899.1,71036.0,225.175368
1730181600000,71036.0,71360.6,71004.0,71241.8,277.77444273
1730185200000,71241.8,71267.9,70835.9,71018.0,320.1102387
1730188800000,71017.9,71227.8,70977.6,71136.0,273.67674501
1730192400000,71136.1,71354.3,71115.9,71299.0,271.96459117
1730196000000,71300.0,71340.0,71076.0,71170.1,259.70714854
1730199600000,71170.1,71585.0,71146.6,71457.9,470.30594681
1730203200000,71457.9,71508.7,71107.8,71110.0,266.81701451
1730206800000,71110.0,71833.9,70927.7,71799.9,789.32570776
1730210400000,71799.9,71986.4,71310.1,71871.6,1273.24104926
1730214000000,71873.5,72440.3,71660.0,72398.3,1337.87671722
1730217600000,72398.1,72920.0,72350.4,72735.9,1161.5676845
1730221200000,72737.4,72980.0,72500.1,72717.1,767.92554138
1730224800000,72717.1,73267.8,72656.4,73169.2,832.22366836
1730228400000,73174.6,73650.0,72501.2,72538.9,1990.74316693
1730232000000,72538.9,72679.9,71886.7,72338.2,793.91592231
1730235600000,72338.2,72628.1,72226.6,72309.0,203.04923132
1730239200000,72308.9,73000.0,72207.3,72680.0,353.04185724
1730242800000,72680.0,72822.3,72528.0,72746.0,253.52532546
1730246400000,72746.0,72799.9,72132.8,72299.4,448.4156202
1730250000000,72299.5,72436.3,72014.4,72429.9,533.9390198
1730253600000,72429.9,72659.9,72326.1,72342.4,310.13750763
1730257200000,72342.5,72492.0,72166.1,72245.7,298.33110663
1730260800000,72245.8,72367.3,72190.1,72289.9,154.64261205
1730264400000,72290.0,72525.7,72280.0,72513.8,238.79160424
1730268000000,72513.8,72628.6,72306.1,72306.1,263.74652338
1730271600000,72306.2,72457.9,72100.0,72232.0,369.13895026
1730275200000,72232.1,72549.9,72219.7,72245.9,241.23068052
1730278800000,72245.9,72600.0,72224.1,72572.4,272.41501996
1730282400000,72572.5,72600.0,72360.0,72365.2,170.07858972
1730286000000,72365.3,72370.9,71928.4,71987.6,340.62716018
1730289600000,71988.0,72149.9,71758.0,71875.1,480.33518346
1730293200000,71875.2,72100.0,71440.0,71961.1,878.97260184
1730296800000,71961.1,72466.0,71924.9,72413.5,443.86037079
1730300400000,72416.0,72442.9,71700.0,72060.2,530.03222239
1730304000000,72060.2,72200.0,71791.9,72110.0,298.57391368
1730307600000,72110.1,72130.0,71650.0,71894.5,264.5400551
1730311200000,71894.6,72144.0,71848.5,71972.2,213.35439018
1730314800000,71970.5,72063.6,71777.7,71815.5,275.52892543
1730318400000,71814.2,72854.4,71640.2,72854.3,937.199468
1730322000000,72854.4,72962.0,72093.4,72387.4,359.23637026
1730325600000,72387.5,72694.4,72248.1,72395.4,157.48046719
1730329200000,72395.5,72695.9,72345.2,72345.2,96.97367965
1730332800000,72345.2,72414.6,72035.7,72163.7,225.64038875
1730336400000,72164.0,72464.4,72023.6,72365.5,144.43503244
1730340000000,72365.6,72578.4,72182.0,72552.3,211.32261101
1730343600000,72552.4,72596.0,72271.0,72349.8,232.36828113
1730347200000,72349.9,72385.9,72209.0,72277.8,127.51386317
1730350800000,72278.0,72393.9,72210.1,72285.6,111.33412433
1730354400000,72285.6,72328.0,72142.0,72204.9,152.21401088
1730358000000,72204.1,72477.9,72146.6,72414.9,238.10913678
1730361600000,72415.0,72451.5,72138.1,72277.8,402.09605769
1730365200000,72277.8,72395.6,72248.0,72300.0,136.6599267
1730368800000,72300.1,72696.0,72223.5,72634.1,316.12232294
1730372400000,72634.2,72662.1,72210.1,72218.0,290.45869841
1730376000000,72218.1,72278.0,71945.4,72114.1,416.15865506
1730379600000,72114.2,72187.8,71111.0,71312.0,1341.21811449
1730383200000,71312.1,71388.0,70616.4,70750.3,2150.74341021
1730386800000,70750.3,71060.9,70444.0,70628.0,1324.23469307
1730390400000,70627.9,70907.9,70369.8,70402.2,451.49732986
1730394000000,70402.2,70803.9,70356.9,70794.8,387.99987602
1730397600000,70794.8,70794.9,70119.2,70635.0,496.88614219
1730401200000,70635.1,70760.2,70033.5,70096.1,316.83855488
1730404800000,70092.9,70300.3,69688.0,70026.9,760.04834191
1730408400000,70027.0,70542.0,69854.0,70447.6,244.49832835
1730412000000,70449.9,70534.0,70176.5,70481.1,141.80005639
1730415600000,70481.0,70648.6,70300.0,70302.2,145.81170915
1730419200000,70302.3,70471.8,70130.4,70172.0,152.25601201
1730422800000,70172.0,70370.8,69304.1,69400.0,825.96302275
1730426400000,69400.0,69597.8,68829.9,69570.5,964.16791893
1730430000000,69571.3,69710.0,69323.3,69364.0,267.08730504
1730433600000,69364.1,69625.5,69338.0,69600.9,116.97442666
1730437200000,69601.0,69673.6,69521.8,69607.8,73.53995057
1730440800000,69607.9,69699.0,69210.7,69214.5,204.89216938
1730444400000,69214.5,69419.6,69082.8,69274.0,284.76098335
1730448000000,69274.1,69537.9,69226.9,69372.4,190.7121474
1730451600000,69372.5,69583.9,69305.1,69528.1,192.12176487
1730455200000,69528.2,70164.3,69510.4,69984.4,571.65933385
1730458800000,69984.5,70231.9,69984.4,70004.6,282.00798202
1730462400000,70004.7,70466.0,69892.0,70352.3,506.96149814
1730466000000,70352.3,71220.1,70141.6,71202.0,1031.7415381
1730469600000,71202.0,71629.9,70910.4,71272.3,1203.21181118
1730473200000,71273.6,71359.9,69030.1,69391.0,1799.80954887
1730476800000,69391.5,70514.5,69358.1,69922.0,798.92838105
1730480400000,69922.1,70176.4,69455.5,69585.9,666.18833507
1730484000000,69587.4,69644.0,69070.0,69156.0,465.15806395
1730487600000,69156.0,69452.3,68800.2,69265.9,817.13892981
1730491200000,69265.8,69462.0,69173.6,69255.7,199.04740999
1730494800000,69255.8,69362.1,68861.7,69268.3,242.04307911
1730498400000,69268.3,69484.5,69239.5,69442.0,177.59929131
1730502000000,69442.2,69628.0,69364.4,69495.5,109.83979398
1730505600000,69495.6,69685.0,69478.1,69672.6,119.57329127
1730509200000,69672.5,69700.0,69508.0,69674.1,111.78604179
1730512800000,69674.1,69914.2,69661.4,69663.8,212.6597232
1730516400000,69663.8,69793.3,69558.5,69599.9,135.07109529
1730520000000,69600.0,69630.0,69467.0,69569.1,67.40409125
1730523600000,69569.0,69733.3,69446.0,69711.0,71.83301667
1730527200000,69712.0,69754.0,69573.0,69753.9,54.47190281
1730530800000,69754.0,69828.0,69682.0,69821.9,123.05761678
1730534400000,69821.9,69848.0,69582.0,69634.0,82.98342042
1730538000000,69634.1,69678.0,69514.0,69563.7,83.16264516
1730541600000,69563.8,69628.0,69414.0,69621.2,120.72106684
1730545200000,69621.3,69699.9,69570.0,69604.1,60.41800507
1730548800000,69604.2,69685.3,69377.5,69453.0,117.06938457
1730552400000,69453.1,69707.9,69345.8,69363.3,164.53801699
1730556000000,69363.3,69431.9,69017.8,69269.4,392.45570708
1730559600000,69269.4,69450.0,69133.9,69391.3,165.94675233
1730563200000,69391.4,69607.1,69312.5,69581.9,129.19731568
1730566800000,69582.0,69600.5,69333.6,69397.8,105.06889405
1730570400000,69398.0,69482.8,69223.4,69421.3,77.62931301
1730574000000,69421.4,69558.0,69381.0,69504.5,83.53219331
1730577600000,69504.6,69568.0,69454.0,69539.9,107.51534042
1730581200000,69540.0,69558.0,69431.0,69434.0,33.02140219
1730584800000,69434.1,69545.4,69350.2,69426.0,54.93430967
1730588400000,69426.1,69448.0,69155.1,69371.0,180.84021724
1730592000000,69371.0,69386.0,69150.0,69154.5,100.82709574
1730595600000,69154.6,69226.0,69000.0,69009.0,182.62382479
1730599200000,69009.1,69030.0,67825.2,68209.9,1444.3364067
1730602800000,68210.0,68448.0,68010.7,68374.9,249.006168
1730606400000,68375.0,68700.3,68300.0,68589.9,379.87733834
1730610000000,68590.0,68697.9,68424.1,68431.9,107.20928404
1730613600000,68433.1,68787.4,68392.0,68582.1,152.78506895
1730617200000,68582.2,68709.9,68378.0,68398.0,140.83331406
1730620800000,68398.0,68607.4,68285.5,68481.1,146.45400572
1730624400000,68481.2,68530.0,68200.5,68240.7,200.93373206
1730628000000,68240.8,68550.0,68240.3,68436.0,96.86528414
1730631600000,68436.0,68577.9,68309.1,68347.8,78.33823463
1730635200000,68347.9,68560.0,68280.0,68485.2,91.91401693
1730638800000,68484.7,68507.0,67974.9,68047.9,310.03530316
1730642400000,68048.0,68196.0,67566.8,67769.2,786.85196603
1730646000000,67771.7,68230.6,67458.0,68100.0,683.48648281
1730649600000,68100.0,68560.0,68060.0,68148.8,540.03990629
1730653200000,68147.1,68476.0,68133.3,68355.9,164.25098728
1730656800000,68356.0,68449.9,67682.6,68014.8,214.83771497
1730660400000,68014.8,68699.4,67993.4,68679.9,214.35413768
1730664000000,68679.9,68974.6,68500.0,68964.0,192.20476531
1730667600000,68964.1,69350.0,68958.0,69138.8,418.06184418
1730671200000,69138.8,69300.0,68777.7,68870.1,234.94521989
1730674800000,68870.0,68903.1,68506.0,68769.3,536.89559758
1730678400000,68770.0,68770.0,68233.4,68710.5,257.80317996
1730682000000,68710.6,69027.2,68549.9,68968.6,296.55269579
1730685600000,68969.1,69350.1,68876.2,69302.0,495.69698577
1730689200000,69302.1,69499.0,69005.0,69046.3,219.66797481
1730692800000,69046.4,69400.0,69046.3,69160.1,154.30857784
1730696400000,69160.3,69185.1,68716.4,68815.9,260.3802952
1730700000000,68816.0,69164.1,68810.3,69125.9,144.01436821
1730703600000,69126.0,69183.5,68617.9,68620.5,254.09524446
1730707200000,68620.5,68756.7,68471.4,68696.1,212.78738428
1730710800000,68696.2,68933.2,68486.1,68652.1,237.5705835
1730714400000,68652.2,68928.3,68613.7,68837.8,225.45411629
1730718000000,68837.8,69046.0,68702.6,68794.1,180.55555408
1730721600000,68794.2,69020.0,68740.0,68976.2,181.82815896
1730725200000,68976.3,69260.0,68658.0,68668.6,331.50288114
1730728800000,68668.6,68727.9,68206.1,68405.3,470.88479835
1730732400000,68408.3,68756.7,68244.8,68645.5,406.33274336
1730736000000,68645.5,68809.0,67618.0,67749.4,725.02528642
1730739600000,67749.5,67933.9,67240.7,67829.7,792.59904088
1730743200000,67829.8,68047.2,67551.1,67651.6,380.05384003
1730746800000,67654.5,68066.3,67638.0,67849.4,297.02910779
1730750400000,67849.4,67849.9,67312.6,67347.4,489.62344303
1730754000000,67347.3,67621.9,66822.5,67112.9,788.41115686
1730757600000,67113.0,68109.6,67058.0,67923.2,424.87161735
1730761200000,67923.1,68036.0,67636.6,67850.0,208.8429003
1730764800000,67850.1,68181.9,67790.0,68023.6,374.65603093
1730768400000,68021.5,68093.3,67471.4,67996.0,296.00790472
1730772000000,67995.9,68071.9,67818.6,67870.9,115.76880374
1730775600000,67873.9,68258.4,67873.0,68239.4,147.08612051
1730779200000,68239.5,68509.3,68212.9,68320.0,230.0591443
1730782800000,68320.1,68799.2,68300.0,68741.1,264.91460528
1730786400000,68741.5,68806.4,68572.0,68778.1,191.25695125
1730790000000,68778.0,68974.8,68564.5,68899.9,230.61485301
1730793600000,68899.9,69054.2,68768.3,69035.1,219.27207398
1730797200000,69035.1,69102.1,68735.4,68776.0,354.90501721
1730800800000,68776.1,68845.9,68616.0,68772.6,214.97905653
1730804400000,68772.7,68975.8,68767.0,68812.6,302.60919538
1730808000000,68812.6,68944.0,68663.2,68863.9,439.31117587
1730811600000,68864.0,68906.7,68673.3,68822.1,368.53778008
1730815200000,68822.0,70329.9,68764.0,69973.0,1692.46557721
1730818800000,69970.1,70078.4,69217.6,69632.1,1079.6739139
1730822400000,69632.7,70554.9,69524.0,70193.6,859.01017894
1730826000000,70194.0,70477.9,69894.0,69951.9,422.63903364
1730829600000,69952.0,70263.5,69738.5,70235.8,332.89780339
1730833200000,70237.6,70272.6,68709.0,68989.9,899.85430036
1730836800000,68990.0,69650.1,68830.0,69439.5,606.9160776
1730840400000,69440.0,69616.0,69084.0,69163.7,220.20925673
1730844000000,69164.0,69596.2,68892.1,69590.0,215.2969792
1730847600000,69590.1,69908.6,69291.6,69372.7,446.62187656
1730851200000,69372.8,71458.0,69289.9,71098.4,1740.15584329
1730854800000,71097.6,71419.0,70621.5,71130.0,1322.23294444
1730858400000,71130.1,73333.0,70945.0,73100.4,2472.11851968
1730862000000,73098.2,75242.2,73080.2,74356.1,5216.58698586
1730865600000,74356.0,74968.3,73908.7,74258.0,2273.94266201
1730869200000,74258.0,74856.0,73616.0,74772.0,1676.04861668
1730872800000,74771.9,75409.6,74173.9,74255.9,2283.18396149
1730876400000,74256.0,74660.0,73089.0,73376.1,1916.26605782
1730880000000,73376.1,73540.2,72700.0,73456.3,1716.57126082
1730883600000,73456.3,74101.9,73456.0,73771.1,944.03224164
1730887200000,73771.2,73949.7,73364.8,73833.6,686.69607231
1730890800000,73838.0,74497.5,73639.7,74273.6,707.33057911
1730894400000,74277.2,74777.1,74166.8,74175.2,621.60908432
1730898000000,74175.3,74283.9,73598.0,73992.4,627.19388177
1730901600000,73992.4,74732.8,73486.0,73642.1,1239.92968793
1730905200000,73642.2,74496.0,73519.9,74296.4,921.6984543
1730908800000,74299.6,74565.0,74116.5,74327.0,643.4182781
1730912400000,74326.7,74680.0,74144.0,74448.4,603.69543542
1730916000000,74448.3,75227.9,74396.0,75225.9,821.66530275
1730919600000,75225.9,75850.0,75040.0,75814.1,1372.35763634
1730923200000,75814.2,76388.0,75502.1,76087.9,1254.57963957
1730926800000,76080.0,76163.9,75661.5,75895.6,428.81131379
1730930400000,75897.7,76039.9,75527.2,75636.8,404.44640362
1730934000000,75636.8,75840.1,75570.0,75584.8,328.19593144
1730937600000,75584.9,75651.0,75062.4,75351.8,487.55011581
1730941200000,75351.8,76031.7,75219.3,75394.5,835.15737252
1730944800000,75394.5,75468.0,75142.0,75272.0,505.36560475
1730948400000,75272.0,75395.9,75000.0,75040.0,438.62680762
1730952000000,75040.1,75056.4,74623.3,74727.3,449.2415157
1730955600000,74727.2,74900.0,74680.1,74759.9,215.5983882
1730959200000,74759.9,74847.5,74429.0,74772.3,475.18525225
1730962800000,74772.4,74968.6,74681.4,74768.6,238.7292785
1730966400000,74768.6,75159.9,74672.0,75159.9,274.52725386
1730970000000,75158.5,75160.0,74820.2,74917.4,183.39565181
1730973600000,74917.5,75037.5,74750.7,75029.5,187.2323029
1730977200000,75029.4,75037.5,74708.0,74752.0,160.96419799
1730980800000,74751.9,75119.0,74728.1,75000.2,207.71706396
1730984400000,75000.3,75048.7,74605.0,74677.5,306.14622658
1730988000000,74677.6,75014.7,74516.0,74828.1,565.03585978
1730991600000,74828.1,76071.4,74688.1,76056.3,751.50443369
1730995200000,76056.5,76198.0,75550.6,75879.1,419.01490201
1730998800000,75879.0,76462.4,75734.9,76258.6,570.29048054
1731002400000,76258.7,76700.0,75750.0,76591.9,793.22569413
1731006000000,76588.0,76597.1,75888.0,76510.0,731.38442037
1731009600000,76510.0,76848.1,76278.6,76422.9,962.88042987
1731013200000,76426.4,76564.6,75860.0,75873.2,348.43259172
1731016800000,75873.2,75990.8,75484.3,75870.8,247.04924391
1731020400000,75870.9,76088.0,75692.0,75860.3,264.36726879
1731024000000,75860.4,76364.0,75834.1,76015.5,524.34463532
1731027600000,76017.1,76327.9,75828.3,75980.0,281.78750526
1731031200000,75980.1,76019.4,75650.1,75716.2,146.18867214
1731034800000,75716.2,75899.0,75583.4,75898.9,229.42422714
1731038400000,75898.9,76032.0,75819.3,75844.5,163.11683523
1731042000000,75844.5,76156.0,75808.8,75988.0,237.48662778
1731045600000,75987.9,76019.9,75823.7,75874.3,126.66107881
1731049200000,75874.4,76224.9,75683.5,76156.5,1340.78210187
1731052800000,76156.5,76175.7,75759.0,75802.0,245.16145172
1731056400000,75802.1,76084.1,75766.6,75934.0,289.68647631
1731060000000,75934.0,76320.0,75770.8,76231.1,262.60123604
1731063600000,76231.1,76290.4,75921.6,75936.7,208.31970804
1731067200000,75937.1,76179.1,75919.8,76063.5,179.02335488
1731070800000,76063.4,76274.2,75850.0,76263.6,267.22668359
1731074400000,76267.1,76300.0,75614.4,75757.1,597.35655993
1731078000000,75757.1,76588.0,75623.2,76418.8,907.87652933
1731081600000,76418.9,76518.0,75800.2,75919.1,518.31528476
1731085200000,75919.0,76512.0,75813.9,76374.2,450.4332265
1731088800000,76374.2,77000.0,76330.9,76795.3,679.24661753
1731092400000,76792.5,77179.1,76723.1,76906.0,508.32628073
1731096000000,76906.0,77087.9,76402.1,76574.2,638.88237378
1731099600000,76574.2,76760.3,76371.1,76472.1,369.50719918
1731103200000,76472.1,76625.7,76279.5,76360.0,174.86982964
1731106800000,76360.0,76516.6,76292.5,76499.1,127.85511138
1731110400000,76499.1,76625.7,76357.6,76421.3,136.88110586
1731114000000,76419.9,76549.9,76250.0,76312.2,223.040927
1731117600000,76312.2,76433.2,76132.9,76431.7,270.26378475
1731121200000,76431.7,76449.5,76235.6,76340.0,111.18559742
1731124800000,76340.1,76411.0,76288.1,76380.0,96.04622392
1731128400000,76380.1,76680.0,76359.1,76559.8,285.43746962
1731132000000,76554.5,76799.9,76404.0,76512.1,262.59926916
1731135600000,76512.0,76536.0,76350.0,76531.8,281.38032195
1731139200000,76531.8,76735.9,76435.9,76547.9,160.13306678
1731142800000,76547.9,76644.0,76501.3,76553.9,131.80737924
1731146400000,76553.9,76622.0,76407.5,76459.9,146.49964875
1731150000000,76460.0,76520.0,76378.0,76489.3,100.03307922
1731153600000,76489.3,76543.3,76273.1,76279.8,134.37921211
1731157200000,76279.9,76492.0,76279.8,76421.4,156.85501976
1731160800000,76421.3,76443.2,76272.1,76367.0,192.34214427
1731164400000,76367.1,76419.3,76282.0,76321.2,78.72256167
1731168000000,76321.3,76332.0,76050.0,76085.1,271.03795647
1731171600000,76085.2,76236.0,75714.2,76235.9,330.12601293
1731175200000,76236.0,76392.5,76192.0,76356.2,110.53842443
1731178800000,76356.2,76724.0,76107.3,76209.0,344.1914414
1731182400000,76209.1,76371.4,76173.6,76303.1,94.91701742
1731186000000,76303.1,76490.0,76224.3,76454.3,78.84993155
1731189600000,76454.3,76634.5,76364.1,76513.7,149.54520784
1731193200000,76513.6,76915.8,76474.2,76675.0,378.6532887
1731196800000,76675.1,77099.0,76494.1,76876.1,359.56631113
1731200400000,76876.1,76957.9,76659.3,76696.2,211.65181719
1731204000000,76696.3,77516.1,76650.2,77039.9,1037.43626601
1731207600000,77039.9,77439.9,76985.8,77204.7,395.04226752
1731211200000,77204.8,79548.6,77136.1,79200.1,2295.13911841
1731214800000,79192.0,79787.2,78860.3,79076.2,1543.51013265
1731218400000,79076.2,79249.0,78600.2,78898.5,693.94261198
1731222000000,78898.5,79147.5,78732.1,78827.7,450.7939514
1731225600000,78827.7,79144.0,78827.7,79134.7,313.14024999
1731229200000,79134.7,79500.0,79118.8,79371.0,310.62653037
1731232800000,79371.1,79790.0,79275.3,79544.1,444.04661549
1731236400000,79544.1,80045.0,79540.4,79841.6,1056.85884384
1731240000000,79841.6,80100.0,79256.2,79662.6,825.08295764
1731243600000,79662.7,79908.0,79539.2,79717.5,398.27827182
1731247200000,79719.7,79980.0,79172.0,79504.1,632.48593963
1731250800000,79504.1,79771.5,79374.3,79687.3,357.1247719
1731254400000,79687.2,79792.0,79484.1,79780.0,283.09531891
1731258000000,79778.5,80728.5,79644.0,80328.3,1029.69173381
1731261600000,80328.0,81055.2,80324.1,80544.0,874.85757148
1731265200000,80544.1,80848.0,79317.8,79742.9,789.87078932
1731268800000,79743.0,79908.8,78955.4,78960.1,594.24988865
1731272400000,78960.2,80016.6,78500.0,79870.2,715.02264465
1731276000000,79870.1,81568.0,79783.8,80608.0,869.8257153
1731279600000,80608.1,80696.0,79940.6,80360.0,513.90857179
1731283200000,80358.8,80816.4,80212.1,80579.7,524.47893718
1731286800000,80580.8,81733.0,80367.0,81211.3,840.29008084
1731290400000,81212.0,81527.4,81028.6,81439.8,440.09987153
1731294000000,81439.8,81848.0,80950.0,81610.1,456.71002924
1731297600000,81610.1,81730.6,81138.8,81436.2,308.50586865
1731301200000,81436.2,81580.0,80430.2,80724.1,526.11307721
1731304800000,80724.1,81240.0,80580.3,80893.4,336.99776767
1731308400000,80893.5,81208.0,80750.2,81104.4,435.27895539
1731312000000,81104.0,81367.0,81012.0,81239.9,332.98635708
1731315600000,81239.9,81760.0,81158.0,81684.2,465.1176108
1731319200000,81684.2,82373.9,81652.5,81989.3,886.61840301
1731322800000,81989.4,82244.2,81823.6,82136.1,312.58506164
1731326400000,82136.0,82464.9,81700.0,82155.1,643.58895097
1731330000000,82155.2,82216.6,81460.4,81824.0,527.624659
1731333600000,81824.0,82630.0,81488.4,82479.7,1169.57254519
1731337200000,82479.7,84288.0,82340.0,84068.2,2298.56794444
1731340800000,84068.1,84883.3,83825.6,84200.0,1792.79096041
1731344400000,84200.0,84847.9,84183.8,84595.9,821.81527675
1731348000000,84595.9,85825.2,84189.0,85825.1,1118.29914107
1731351600000,85825.1,86675.3,85396.3,86091.6,1686.24629968
1731355200000,86091.7,87364.1,86038.2,86875.8,1800.30638326
1731358800000,86880.0,88383.2,86660.0,87893.7,1367.93741211
1731362400000,87895.1,88069.9,86322.4,87967.2,1460.01882519
1731366000000,87967.1,89575.0,87967.1,88640.0,2175.40424454
1731369600000,88640.1,88993.2,86557.2,88977.2,1711.76898668
1731373200000,88979.7,89483.8,88392.1,88539.9,1259.7582984
1731376800000,88539.9,88870.0,86971.2,87724.9,1305.95725964
1731380400000,87732.1,88228.0,87500.0,88060.0,670.10773453
1731384000000,88056.1,88991.4,87714.4,88428.3,669.3184832
1731387600000,88428.3,88800.0,88165.1,88383.3,649.46749834
1731391200000,88381.1,89848.6,88176.0,89572.2,1539.51725118
1731394800000,89572.2,89970.2,88986.4,89011.8,1262.88206004
1731398400000,89011.8,89327.0,88750.0,89310.0,866.46530024
1731402000000,89308.2,89400.0,87643.2,87644.1,1236.47081413
1731405600000,87644.1,88051.9,85323.0,86828.2,3002.95442537
1731409200000,86828.0,87858.9,86567.2,87156.1,1481.47350904
1731412800000,87156.0,87855.0,86217.7,86355.6,1054.99947558
1731416400000,86355.5,86536.8,85091.8,86332.0,1804.98365322
1731420000000,86328.1,87084.3,85210.5,86999.9,1412.30849447
1731423600000,86999.8,87494.0,86126.1,86611.9,1434.63165426
1731427200000,86611.8,87612.0,85725.7,87031.9,1286.85698141
1731430800000,87031.9,87880.0,86850.0,86956.0,854.68259675
1731434400000,86959.5,88867.9,86900.0,88783.2,922.48878644
1731438000000,88783.1,89750.0,88603.7,88697.9,1146.86061174
1731441600000,88698.0,89852.0,88652.1,89454.9,880.15134213
1731445200000,89450.0,89680.0,88144.5,88256.0,944.1934191
1731448800000,88255.9,88648.9,87602.8,88590.6,575.42831177
1731452400000,88591.9,88591.9,87400.0,87944.5,841.67125975
1731456000000,87944.6,88462.9,87588.1,88039.7,574.32844578
1731459600000,88038.4,88558.0,87695.2,88252.2,595.46648393
1731463200000,88252.1,88323.9,87028.0,87871.1,659.43400032
1731466800000,87871.1,88158.5,87050.3,87139.1,501.80979559
1731470400000,87139.1,87693.9,86200.0,87161.6,942.83942724
1731474000000,87161.5,87428.4,86452.0,86543.7,574.17387022
1731477600000,86543.7,86944.2,86126.1,86490.2,583.35530629
1731481200000,86490.2,87475.9,86458.6,87357.6,395.5377465
1731484800000,87357.7,87680.0,87096.8,87226.5,336.69707616
1731488400000,87226.5,87540.6,87078.9,87392.7,243.98970483
1731492000000,87392.6,87547.7,87120.0,87527.1,195.64319126
1731495600000,87527.1,88088.2,87446.5,87666.5,481.66398967
1731499200000,87660.1,87999.9,87487.5,87627.9,324.1795465
1731502800000,87628.0,89700.0,87544.0,89147.6,1361.93117597
1731506400000,89147.6,91777.6,88639.0,91504.1,2804.90731538
1731510000000,91507.8,92666.0,90439.8,92525.6,2320.22235221
1731513600000,92525.7,93263.0,91465.9,92247.3,2074.01912556
1731517200000,92247.3,92791.9,91737.2,92231.9,900.46595133
1731520800000,92232.0,93123.5,92017.0,92809.7,638.47613457
1731524400000,92811.9,92878.1,89938.0,90176.9,2334.71681596
1731528000000,90176.8,91157.3,89276.2,89683.7,1364.84846668
1731531600000,89693.8,89799.9,87977.0,88543.2,1170.18109803
1731535200000,88544.4,89850.1,88342.5,89724.1,387.92772168
1731538800000,89724.0,90549.0,89264.0,90378.4,613.31986711
1731542400000,90378.4,90515.9,89671.7,90105.9,507.26610123
1731546000000,90105.9,90444.8,89500.0,90369.1,464.46122975
1731549600000,90366.6,90568.0,89665.1,90104.1,446.24256527
1731553200000,90104.1,90223.9,89527.1,89936.2,495.15117752
1731556800000,89936.1,90195.9,89309.7,90112.5,553.83254249
1731560400000,90116.0,90119.4,89652.2,89955.0,386.51585094
1731564000000,89955.3,90300.0,89289.3,89306.4,436.30567237
1731567600000,89303.6,90865.9,89106.2,90781.0,687.35213383
1731571200000,90780.0,91427.2,90332.1,90557.6,1045.83076834
1731574800000,90557.5,90916.2,90358.0,90911.9,469.15852826
1731578400000,90911.9,91412.0,90829.8,91108.5,497.21219554
1731582000000,91109.3,91663.0,90462.5,91483.8,638.10624546
1731585600000,91483.8,91600.0,90939.3,91231.7,407.94323858
1731589200000,91231.7,91389.4,90578.0,90749.5,490.727614
1731592800000,90749.5,91777.7,88680.0,88734.2,1600.29388217
1731596400000,88735.6,89612.2,87837.7,87954.9,1777.35222673
1731600000000,87954.9,89223.9,87526.2,89184.0,1227.95207636
1731603600000,89184.0,89376.5,88562.7,89221.7,481.60291069
1731607200000,89221.7,89690.8,88910.0,89110.9,426.15507481
1731610800000,89111.0,89663.8,89111.0,89464.0,294.13349431
1731614400000,89463.9,89463.9,87561.3,87604.0,642.23923018
1731618000000,87604.1,88274.0,87007.9,88216.6,833.75046101
1731621600000,88216.8,88367.9,87045.5,87624.1,454.46900888
1731625200000,87624.0,87771.9,86666.6,87330.0,825.26701566
1731628800000,87330.0,88400.0,87248.2,87869.6,520.49307799
1731632400000,87869.6,88172.0,87329.9,88094.0,334.764857
1731636000000,88098.1,88434.3,87727.3,88356.0,221.98679083
1731639600000,88356.0,88500.0,88107.5,88201.9,194.0443891
1731643200000,88201.9,88259.6,87070.9,87444.1,487.07370842
1731646800000,87452.9,87863.0,87250.5,87710.0,291.15975756
1731650400000,87710.1,88173.9,87600.0,88173.4,288.05401116
1731654000000,88173.4,88387.9,87588.0,87623.9,537.11862928
1731657600000,87625.2,88172.8,87372.8,88076.4,420.75894943
1731661200000,88076.4,89340.6,88014.3,89195.9,792.38259295
1731664800000,89196.4,89447.6,88932.2,89349.9,392.63189343
1731668400000,89349.9,89766.6,89132.2,89731.9,332.37542903
1731672000000,89732.0,90707.5,89575.4,89752.9,881.479763
1731675600000,89751.7,90474.3,89281.5,90155.8,713.04415463
1731679200000,90155.8,90208.0,88578.9,89107.8,1097.63695652
1731682800000,89106.9,89137.0,87763.3,88439.9,1104.84627665
1731686400000,88439.9,89750.0,88376.1,89355.7,740.11323243
1731690000000,89359.2,89931.1,89146.4,89474.3,420.91678708
1731693600000,89474.5,89808.0,89208.0,89382.2,363.75852893
1731697200000,89382.2,90833.0,89227.5,90374.2,787.16429009
1731700800000,90374.8,91451.8,90327.5,91428.6,825.01817162
1731704400000,91430.7,91825.0,91050.1,91679.9,604.85204879
1731708000000,91679.9,91851.2,91048.2,91199.8,365.96240105
1731711600000,91206.5,91463.7,90866.5,91022.9,397.31847603
1731715200000,91022.9,91337.9,90832.1,90999.9,262.67031983
1731718800000,91000.0,91469.7,90940.9,91238.8,203.06503384
1731722400000,91238.9,91700.0,91142.8,91408.5,215.9969116
1731726000000,91411.9,91581.0,91000.0,91248.1,249.50978938
1731729600000,91248.1,91409.3,91061.5,91273.0,112.00850014
1731733200000,91273.0,91784.6,91145.9,91344.2,192.39398287
1731736800000,91344.1,91447.8,91150.0,91191.8,137.50295546
1731740400000,91191.9,91392.8,91059.1,91117.9,205.50068743
1731744000000,91117.8,91413.0,91000.4,91412.9,178.01251482
1731747600000,91412.9,91428.7,91220.7,91228.1,127.72301333
1731751200000,91227.7,91587.9,91214.2,91383.6,145.60362365
1731754800000,91383.7,91418.0,90972.4,91169.9,265.20111557
1731758400000,91166.2,91316.0,90497.1,90888.0,450.15047189
1731762000000,90890.9,91192.0,90684.0,90750.0,298.98799769
1731765600000,90757.1,91066.6,90604.1,90967.5,187.54801273
1731769200000,90967.4,91031.6,90060.1,90527.8,433.41420744
1731772800000,90527.8,90838.7,90200.0,90615.5,230.1980512
1731776400000,90615.5,91009.9,90504.0,90913.5,133.39367298
1731780000000,90913.5,91388.0,90836.7,91295.8,173.6797328
1731783600000,91295.9,91333.0,90948.0,91108.4,130.14523147
1731787200000,91108.4,91185.1,90672.1,90755.9,141.6582574
1731790800000,90756.1,91065.5,90700.1,90992.7,108.49464662
1731794400000,90992.7,90999.9,90273.8,90319.4,192.04938071
1731798000000,90319.5,90660.0,90314.3,90583.3,177.15560646
1731801600000,90583.9,90899.9,90570.0,90811.8,230.30844693
1731805200000,90811.7,90866.5,90000.0,90260.7,339.80855388
1731808800000,90263.5,90278.8,89354.3,90036.0,524.89485035
1731812400000,90032.1,90248.0,89749.9,90247.9,252.18089144
1731816000000,90248.0,90680.0,90140.4,90583.2,240.1103803
1731819600000,90583.1,90887.9,90374.0,90466.5,301.14590054
1731823200000,90466.5,90784.3,90375.6,90648.0,119.93090303
1731826800000,90646.7,90672.0,90369.0,90564.4,134.18907719
1731830400000,90564.5,91050.0,90481.4,91010.7,408.65057215
1731834000000,91010.6,91489.9,90980.0,91301.3,408.28974268
1731837600000,91300.0,91330.0,90865.5,91071.9,171.86164083
1731841200000,91071.9,91094.2,90531.2,90688.1,337.88682659
1731844800000,90688.1,91190.8,90644.1,91079.9,154.34136625
1731848400000,91083.3,91105.5,90260.1,90501.6,317.40921845
1731852000000,90501.6,90769.2,89912.8,90318.0,376.08076291
1731855600000,90318.1,90592.6,90124.0,90260.0,206.11512544
1731859200000,90260.1,90540.0,90079.9,90466.1,191.7402712
1731862800000,90458.7,90644.0,90148.2,90582.6,238.79415134
1731866400000,90582.6,90624.0,89846.7,89930.0,266.51056293
1731870000000,89928.1,90150.6,89690.3,90048.9,281.23127571
1731873600000,90048.9,90222.7,89500.0,89640.4,265.58265022
1731877200000,89640.5,89740.0,89000.1,89132.8,336.8492166
1731880800000,89132.8,89640.0,88714.2,89553.0,399.99514669
1731884400000,89552.5,89873.0,89320.4,89860.0,245.36802842
1731888000000,89860.8,90131.0,89632.4,89940.7,180.99997744
1731891600000,89944.8,90936.3,89893.9,90751.9,379.85924765
1731895200000,90752.0,90850.9,90407.6,90494.0,255.97447764
1731898800000,90494.0,90666.0,90294.3,90655.9,234.14825964
1731902400000,90655.9,90700.0,90440.3,90442.8,202.84270467
1731906000000,90442.8,90811.9,90442.8,90609.2,192.84997757
1731909600000,90609.2,92093.2,90609.1,92072.3,1084.47123042
1731913200000,92072.3,92279.1,91413.9,91716.4,983.52887616
1731916800000,91721.4,92144.0,91555.1,91816.4,598.68690252
1731920400000,91816.5,92256.2,91624.5,91723.9,637.51782831
1731924000000,91723.9,92028.7,91683.4,91771.9,451.44108675
1731927600000,91771.9,91828.8,90040.8,90277.1,1244.47022048
1731931200000,90280.2,90766.2,90100.0,90520.2,642.69298381
1731934800000,90520.1,90600.0,89375.0,89496.1,990.69532027
1731938400000,89496.2,91047.4,89428.3,90300.3,969.08328076
1731942000000,90300.0,92644.1,90250.0,92333.3,2139.16702703
1731945600000,92339.1,92592.6,91114.3,91407.9,1172.51579251
1731949200000,91405.2,92165.7,90890.0,91564.2,809.07554644
1731952800000,91564.4,91655.0,90056.3,90356.8,536.56363041
1731956400000,90356.8,90641.8,89675.2,90608.9,527.32863883
1731960000000,90608.9,91933.3,90405.5,91478.5,966.57186364
1731963600000,91471.2,91979.9,91144.0,91278.3,476.38338928
1731967200000,91276.7,91457.1,90944.6,91153.6,186.89136101
1731970800000,91153.6,91223.8,90220.9,90464.0,507.81434723
1731974400000,90463.9,91228.0,90348.0,91049.9,405.7624155
1731978000000,91050.0,91241.2,90617.4,90710.1,220.36867972
1731981600000,90710.1,91269.0,90697.1,91236.0,247.12703736
1731985200000,91238.0,91559.1,91139.8,91428.8,338.1205868
1731988800000,91429.5,91812.0,91250.0,91527.9,289.8951643
1731992400000,91528.0,91888.0,91238.1,91875.8,292.91268208
1731996000000,91875.8,91981.3,91600.0,91955.8,320.05495808
1731999600000,91956.1,92019.9,91596.0,91624.7,404.980912
1732003200000,91627.5,91780.2,91389.5,91768.5,303.0007933
1732006800000,91770.2,91950.0,91190.4,91692.2,523.31152921
1732010400000,91692.0,91916.0,91484.1,91773.8,379.0248421
1732014000000,91773.8,91875.9,91517.3,91660.0,317.76042444
1732017600000,91660.1,92535.4,91660.1,92481.6,1141.15336818
1732021200000,92481.5,92800.0,91027.9,91127.9,1203.28590365
1732024800000,91127.9,92311.4,90986.9,91832.0,1028.49845045
1732028400000,91833.3,92437.1,91475.3,92380.7,766.70026438
1732032000000,92382.5,92612.2,92128.0,92520.0,513.78834421
1732035600000,92520.0,93250.0,92300.0,92838.4,817.31281732
1732039200000,92836.1,93832.8,92711.2,93633.3,1052.12515323
1732042800000,93635.5,93888.0,93073.4,93225.7,631.03716715
1732046400000,93225.6,93569.0,92150.1,92447.9,598.28728472
1732050000000,92447.9,92736.7,91800.0,92196.0,612.39123274
1732053600000,92196.0,92419.0,91304.1,91822.0,495.89853575
1732057200000,91821.9,92316.5,91588.0,92307.9,343.74283701
1732060800000,92307.9,92423.9,91980.0,92040.1,206.36660735
1732064400000,92040.0,92253.8,91720.0,91967.3,357.79969064
1732068000000,91971.6,92037.0,91562.4,91749.3,368.97896883
1732071600000,91749.3,92099.9,91479.7,92043.9,343.82264603
1732075200000,92043.9,92268.0,91857.2,92112.0,187.25224138
1732078800000,92112.1,92520.1,91950.0,92504.2,304.48453845
1732082400000,92509.0,92647.5,92346.7,92372.9,267.86518513
1732086000000,92372.9,92848.0,92292.0,92842.4,219.97289285
1732089600000,92842.3,93327.9,92719.0,93191.3,418.74646064
1732093200000,93191.3,93666.0,92958.0,93085.2,601.81910655
1732096800000,93085.2,93549.0,93020.0,93274.3,322.97940562
1732100400000,93274.4,93633.2,92801.9,93453.1,432.61082224
1732104000000,93453.1,93728.8,93301.9,93531.8,460.8243409
1732107600000,93531.7,94589.5,93531.7,94380.0,1241.33281892
1732111200000,94380.0,94750.0,93828.3,94612.0,1215.2175219
1732114800000,94615.1,94800.0,94054.1,94724.9,795.71895236
1732118400000,94724.8,94818.0,93300.0,94044.0,1058.25236292
1732122000000,94044.0,94347.7,93591.6,93904.1,554.72031671
1732125600000,93904.1,94271.2,93128.0,93683.3,638.64774885
1732129200000,93681.0,94015.7,93239.8,94015.7,322.54889161
1732132800000,94015.7,94604.2,93827.9,94259.0,295.59148019
1732136400000,94262.3,94500.0,93896.1,94365.7,233.43320548
1732140000000,94365.7,94480.0,93935.0,94143.9,258.76300297
1732143600000,94143.8,94286.8,93759.0,94286.8,241.5561331
1732147200000,94287.0,94920.0,94187.3,94712.8,563.90677046
1732150800000,94712.8,94950.0,94592.7,94700.5,369.90090913
1732154400000,94700.1,94764.0,94000.0,94396.8,488.65039404
1732158000000,94396.9,95910.2,94376.0,95792.6,1576.04345385
1732161600000,95792.7,97687.9,95791.1,97548.2,2120.87983937
1732165200000,97551.9,97850.0,96692.1,97324.7,1434.93153064
1732168800000,97324.7,97407.2,96800.0,97013.3,780.95405009
1732172400000,97013.3,97397.7,96908.1,96908.2,476.92103782
1732176000000,96908.1,97144.0,96729.1,97104.2,487.54956371
1732179600000,97104.2,97684.0,97024.4,97607.1,631.17480925
1732183200000,97607.0,97759.8,97264.0,97724.4,435.07089301
1732186800000,97731.1,98400.0,97700.1,97975.9,1047.06812848
1732190400000,97976.0,98255.6,97273.3,97312.1,882.85662509
1732194000000,97312.1,97757.3,97050.0,97518.9,952.02361892
1732197600000,97518.9,97690.9,96510.4,97049.9,1068.8040012
1732201200000,97044.2,97129.0,95588.0,96659.9,1852.41269886
1732204800000,96659.9,97425.9,96300.0,97147.4,653.82308677
1732208400000,97147.9,98040.1,96916.0,98036.0,435.22708808
1732212000000,98036.0,98420.0,97665.1,98263.5,611.02455268
1732215600000,98263.6,98960.0,97700.0,97815.7,954.80413642
1732219200000,97815.7,98666.6,97600.0,98107.9,652.42879752
1732222800000,98105.1,98192.1,97513.1,97967.2,599.02349806
1732226400000,97967.3,98437.5,97837.5,98363.0,203.78195021
1732230000000,98362.9,98727.5,98305.0,98317.2,309.60706211
1732233600000,98317.2,98516.6,97845.4,97988.1,374.97339356
1732237200000,97988.1,98377.6,97827.0,98067.4,300.29363804
1732240800000,98067.4,98776.0,98024.8,98600.0,395.72033839
1732244400000,98600.0,99300.0,98377.1,98841.4,875.38938155
1732248000000,98841.4,99100.0,98648.0,98791.9,270.35557948
1732251600000,98791.9,98992.0,98500.4,98793.1,238.92163466
1732255200000,98792.0,99053.7,98634.1,98999.9,319.22794945
1732258800000,99000.0,99408.0,98858.0,99169.5,937.59858354
1732262400000,99169.4,99260.2,98758.0,98828.1,448.70037884
1732266000000,98828.1,98857.0,98396.0,98710.3,493.48086924
1732269600000,98710.3,98788.3,98279.5,98396.1,414.40083198
1732273200000,98396.2,98917.0,98240.7,98876.0,253.01579499
1732276800000,98876.0,98949.9,98500.0,98627.9,258.20483946
1732280400000,98627.9,98629.0,97336.8,97749.9,1156.06085032
1732284000000,97749.9,98147.9,97152.5,97304.3,747.98369098
1732287600000,97307.8,98775.3,97160.9,98650.5,944.61360336
1732291200000,98648.1,98996.0,98200.0,98851.2,611.64411013
1732294800000,98851.3,99270.0,98732.0,98783.2,730.44865795
1732298400000,98778.1,99165.0,98665.4,99100.0,329.65725899
1732302000000,99100.1,99588.0,98829.7,99071.1,844.23615601
1732305600000,99071.2,99456.7,98907.0,99157.2,613.51243598
1732309200000,99157.2,99290.0,98720.0,99278.1,311.17260194
1732312800000,99276.2,99375.5,98550.0,98612.2,235.01915175
1732316400000,98612.1,98900.0,98612.1,98891.8,121.0623034
1732320000000,98891.8,98908.0,98550.0,98629.9,247.96733923
1732323600000,98629.8,98653.2,98306.3,98580.5,268.46649381
1732327200000,98580.5,98615.9,98293.9,98489.0,222.64041181
1732330800000,98489.0,98815.1,98408.0,98648.2,198.8406814
1732334400000,98648.3,98700.0,98280.2,98570.2,262.67329388
1732338000000,98568.3,98779.6,98389.3,98746.4,153.08522008
1732341600000,98746.3,98794.9,98588.0,98704.2,112.80854072
1732345200000,98704.2,98724.6,98380.1,98541.2,154.46589927
1732348800000,98541.2,98625.0,98366.6,98460.3,178.00371103
1732352400000,98460.4,98533.3,98350.1,98450.8,236.91493778
1732356000000,98450.7,98563.1,98300.0,98420.3,141.3413719
1732359600000,98420.2,98523.2,98379.3,98420.7,108.18465044
1732363200000,98420.8,98616.0,98408.4,98594.1,154.0222013
1732366800000,98594.2,98828.0,98491.3,98499.7,544.50346724
1732370400000,98499.8,98779.4,98439.3,98741.4,617.7916935
1732374000000,98741.4,98786.5,98377.0,98377.2,247.16467023
1732377600000,98377.3,98457.0,97510.0,97694.0,1024.91643333
1732381200000,97692.2,98069.7,97300.0,97902.1,555.52609208
1732384800000,97902.0,97984.1,97642.1,97834.4,175.51336051
1732388400000,97834.5,97834.5,97346.0,97500.1,137.23421906
1732392000000,97500.1,97721.4,97135.3,97711.9,288.79458434
1732395600000,97712.0,98032.8,97553.4,97965.3,188.45897768
1732399200000,97964.3,98027.7,97507.1,97648.1,113.46117297
1732402800000,97648.1,97742.9,97385.1,97666.5,145.36414097
1732406400000,97666.5,98010.0,97617.3,97928.9,241.35470817
1732410000000,97934.4,98410.7,97934.3,98185.8,246.68330746
1732413600000,98191.6,98569.3,98191.6,98387.9,212.64663761
1732417200000,98388.0,98431.2,98089.1,98192.1,184.91521174
1732420800000,98192.1,98260.0,97880.8,98161.5,143.83129369
1732424400000,98161.5,98272.5,97908.0,98256.2,162.86276586
1732428000000,98256.1,98403.2,98028.0,98343.0,116.56420506
1732431600000,98343.0,98411.7,98170.0,98397.9,140.77122029
1732435200000,98398.0,98449.0,97930.3,98061.1,181.56818668
1732438800000,98061.1,98196.0,97800.3,97923.2,254.34612932
1732442400000,97923.2,97971.4,97428.1,97666.6,361.58349689
1732446000000,97666.5,97743.7,97232.1,97271.7,294.23079031
1732449600000,97271.7,97415.8,96415.0,96894.2,676.56806877
1732453200000,96894.2,97600.0,96724.3,97227.6,440.85322523
1732456800000,97227.7,97229.1,96568.1,97042.6,312.72855376
1732460400000,97044.0,97097.9,95920.4,95920.9,636.73976957
1732464000000,95920.4,96758.5,95745.5,96414.7,531.25158198
1732467600000,96409.1,96420.0,95750.1,95903.9,295.52863065
1732471200000,95904.0,96569.4,95836.0,96539.1,150.29257916
1732474800000,96539.1,96539.1,96118.1,96315.1,116.09869614
1732478400000,96315.1,96825.0,96194.5,96817.3,86.42981008
1732482000000,96811.0,97000.0,96584.5,96975.7,123.31933914
1732485600000,96981.8,98000.0,96976.0,97999.9,462.98673957
1732489200000,97999.9,98375.0,97499.9,97899.9,373.99881498
1732492800000,97902.5,98049.0,97525.0,97716.6,184.65252262
1732496400000,97716.1,97848.9,96860.8,97200.6,290.10369392
1732500000000,97200.6,97711.0,97196.8,97369.1,165.17194298
1732503600000,97369.1,97891.4,97330.8,97879.2,139.05743135
1732507200000,97879.2,98033.0,97539.7,97791.0,319.82535031
1732510800000,97791.0,98234.6,97769.2,98077.3,273.51004765
1732514400000,98077.0,98357.9,98032.3,98072.0,245.87755817
1732518000000,98071.9,98262.0,97714.0,98053.5,259.09632097
1732521600000,98053.5,98287.9,97852.1,98216.0,259.59521364
1732525200000,98216.1,98876.0,98200.0,98491.9,694.80437069
1732528800000,98491.8,98676.0,98200.0,98308.2,304.61164122
1732532400000,98308.2,98558.0,97999.9,98181.2,327.00568622
1732536000000,98181.2,98312.9,97849.0,97897.5,329.55375267
1732539600000,97897.5,97939.6,97224.1,97480.0,686.97743761
1732543200000,97480.1,97666.9,95348.0,95389.7,1442.41983381
1732546800000,95395.2,96491.3,94583.0,95995.1,2016.97730899
1732550400000,95995.1,96498.4,95700.0,95916.1,585.61297044
1732554000000,95916.0,95916.0,94853.0,95233.4,652.62538068
1732557600000,95233.3,95914.5,94863.7,95149.8,366.76741603
1732561200000,95149.9,95297.9,94400.0,94645.6,624.83093572
1732564800000,94651.9,95300.0,94470.0,94950.4,667.62935574
1732568400000,94950.4,95152.0,93566.1,93750.9,665.71248405
1732572000000,93750.9,94420.0,92601.6,94405.6,1110.08564655
1732575600000,94411.9,94411.9,92822.2,93002.0,547.88736367
1732579200000,93002.0,94368.7,92752.0,93838.5,599.96368156
1732582800000,93840.0,94854.5,93816.7,94854.5,477.28687332
1732586400000,94854.5,94925.9,94407.5,94583.8,341.21310766
1732590000000,94583.9,94701.3,94178.1,94471.5,316.30792364
1732593600000,94471.5,94540.0,94060.3,94289.0,138.454748
1732597200000,94289.0,94679.8,94185.6,94648.2,151.25067544
1732600800000,94648.2,94999.9,94435.3,94490.8,257.73078365
1732604400000,94490.8,94515.2,93478.3,93783.8,612.88309928
1732608000000,93783.7,93783.8,92333.0,93151.9,1206.7489387
1732611600000,93151.9,93733.3,93066.7,93520.0,478.84196114
1732615200000,93520.1,93750.0,92300.0,92350.4,641.29444967
1732618800000,92353.2,92700.0,91466.0,92360.4,1226.23986104
1732622400000,92360.1,92676.8,91800.0,92157.6,607.76031875
1732626000000,92159.4,92914.2,91900.0,92176.5,449.55050498
1732629600000,92176.4,93524.9,91749.9,93273.6,819.39536858
1732633200000,93273.7,93568.9,92321.5,92815.1,635.26415545
1732636800000,92815.1,94666.6,92691.1,94024.0,827.6723833
1732640400000,94024.0,94042.8,93413.7,93558.2,355.84766512
1732644000000,93558.2,93630.6,92001.0,92120.8,515.27291986
1732647600000,92123.9,92683.9,91577.1,91687.2,454.23039764
1732651200000,91687.1,92045.1,90800.0,91047.4,927.34875541
1732654800000,91045.1,91921.7,90850.0,91681.0,450.85996008
1732658400000,91683.9,92354.8,91535.0,91809.1,256.07640183
1732662000000,91809.2,92066.9,91576.8,91960.1,160.80079748
1732665600000,91960.1,92429.0,91784.0,91939.4,363.14513584
1732669200000,91939.4,92821.5,91823.5,92757.2,323.39995112
1732672800000,92757.9,93046.6,92304.1,92944.0,300.99967357
1732676400000,92944.0,92956.6,92510.4,92584.0,280.60129028
1732680000000,92584.0,93207.9,92508.5,92566.5,675.18661893
1732683600000,92566.6,92821.4,92356.6,92767.0,255.13173562
1732687200000,92766.9,93381.0,92766.9,93050.7,444.88273525
1732690800000,93050.8,93648.6,92998.3,93596.9,392.89145996
1732694400000,93596.8,93611.2,93231.6,93434.8,276.16291209
1732698000000,93434.9,93489.3,93104.0,93400.2,257.14263808
1732701600000,93400.2,93880.0,93351.4,93817.7,369.5915306
1732705200000,93817.7,93825.4,93302.9,93363.5,323.63189045
1732708800000,93363.4,93516.7,92843.0,93508.1,433.46397412
1732712400000,93508.1,94256.0,93412.0,94256.0,503.19042095
1732716000000,94255.9,94886.0,94108.0,94834.4,794.61799434
1732719600000,94830.4,95858.0,94295.3,95544.3,1104.47549568
1732723200000,95544.3,96320.0,95180.0,95652.3,843.50281835
1732726800000,95652.2,96288.7,95304.0,96227.2,547.00519736
1732730400000,96227.3,96529.2,96008.1,96108.0,427.33892176
1732734000000,96107.9,96629.4,95863.1,96627.9,239.22270307
1732737600000,96627.9,97203.8,96307.6,96499.6,587.38626731
1732741200000,96499.6,96593.5,96056.1,96265.5,261.76369191
1732744800000,96267.8,96520.7,96028.1,96043.7,209.85819004
1732748400000,96040.8,96177.7,95734.9,95848.1,249.25625719
1732752000000,95848.1,96567.7,95718.1,96549.8,245.20443579
1732755600000,96549.9,96559.4,96076.5,96267.2,144.68495496
1732759200000,96267.3,96444.0,95619.5,95693.5,271.25162691
1732762800000,95693.6,95789.5,94800.0,95471.4,495.74004812
1732766400000,95466.2,95819.9,95340.1,95747.8,236.57062244
1732770000000,95747.9,95908.8,95350.0,95452.9,273.0057911
1732773600000,95452.8,95693.2,95075.5,95473.9,277.03336742
1732777200000,95474.0,95751.4,95210.5,95300.0,180.53859842
1732780800000,95300.0,95616.0,95080.0,95442.8,207.02860608
1732784400000,95442.9,95511.0,94937.7,94976.9,133.47027423
1732788000000,94976.9,95143.0,94610.0,94952.4,473.33253217
1732791600000,94952.4,95789.0,94765.2,95456.0,486.56964509
1732795200000,95455.9,95666.0,95205.2,95488.1,205.40747884
1732798800000,95488.1,95786.9,95025.2,95716.6,209.37672847
1732802400000,95719.3,96231.1,95345.5,95380.3,330.33841136
1732806000000,95380.4,95505.1,94812.3,94998.4,399.46877179
1732809600000,94998.4,95313.7,94813.3,94960.0,181.68941114
1732813200000,94960.1,95257.3,94827.7,94872.1,127.17357998
1732816800000,94872.1,95337.1,94864.7,95301.4,121.71397007
1732820400000,95301.4,95449.5,95034.8,95126.3,99.67516328
1732824000000,95126.4,95147.9,94703.2,94815.1,98.80437552
1732827600000,94815.2,95181.7,94800.0,95132.7,124.77691631
1732831200000,95132.6,95652.4,95024.1,95652.4,166.16582933
1732834800000,95653.1,96023.9,95521.3,95636.7,295.41670332
1732838400000,95636.7,95829.2,95357.7,95472.4,159.20384258
1732842000000,95470.6,95972.5,95406.4,95913.2,164.0717092
1732845600000,95913.2,96867.9,95904.6,96754.4,723.63387217
1732849200000,96754.4,96813.3,96444.7,96609.8,286.99384829
1732852800000,96603.9,96628.9,96248.9,96270.0,262.59277538
1732856400000,96270.0,96536.4,96167.0,96167.0,168.83796126
1732860000000,96167.1,96363.6,95961.8,96266.0,216.20493525
1732863600000,96266.1,96420.9,95590.0,95616.4,570.89184038
1732867200000,95614.8,95989.9,95614.7,95976.2,236.6800488
1732870800000,95976.7,96469.9,95867.2,96350.2,267.86605349
1732874400000,96350.3,96840.0,96286.7,96840.0,360.03136679
1732878000000,96840.0,97358.6,96540.0,97239.6,469.88760958
1732881600000,97239.7,97498.2,96868.0,96921.6,267.69577057
1732885200000,96921.6,97259.0,96759.1,97216.1,267.32211667
1732888800000,97216.1,98041.2,96911.5,97997.5,606.77755539
1732892400000,97998.2,98628.0,97680.0,98003.1,1191.39324052
1732896000000,98008.0,98439.7,97636.4,97779.7,550.95623914
1732899600000,97779.6,97802.6,96953.0,96963.2,514.26715874
1732903200000,96965.0,97354.7,96850.1,97171.4,185.51388438
1732906800000,97171.5,97423.0,96875.0,97332.0,193.15009917
1732910400000,97332.0,97636.0,97182.9,97314.8,187.07605425
1732914000000,97314.9,97438.3,96981.6,97387.4,155.47412111
1732917600000,97387.5,97500.0,97231.3,97291.8,122.45441745
1732921200000,97288.7,97488.2,97108.1,97456.1,83.51314158
1732924800000,97456.1,97460.0,96950.1,96969.6,144.74818242
1732928400000,96969.6,96969.6,96419.3,96423.9,303.06813492
1732932000000,96424.0,96700.0,96300.1,96608.0,221.67543318
1732935600000,96607.9,96691.7,96354.9,96641.2,152.79042124
1732939200000,96641.2,96730.3,96519.2,96666.9,98.66758379
1732942800000,96666.9,97197.4,96666.8,97100.4,174.75669385
1732946400000,97100.1,97241.4,96600.0,96639.9,610.50004394
1732950000000,96640.0,96917.2,96540.0,96777.2,142.72356638
1732953600000,96777.1,96964.0,96688.0,96947.2,182.95273874
1732957200000,96947.2,96947.2,96596.0,96770.1,128.04876771
1732960800000,96770.2,96800.0,96104.3,96131.3,303.71172052
1732964400000,96134.8,96449.9,96080.1,96268.7,156.10061025
1732968000000,96268.8,96564.2,96241.9,96548.1,183.25156111
1732971600000,96548.2,96674.5,96400.0,96407.9,125.87244978
1732975200000,96407.9,96722.9,96300.0,96450.6,221.6548171
1732978800000,96456.0,96738.2,96400.0,96646.7,68.29371762
1732982400000,96646.6,96950.0,96516.3,96875.9,168.11467311
1732986000000,96876.0,96950.9,96758.3,96789.3,76.81996219
1732989600000,96789.4,97007.5,96761.7,96959.0,97.79307701
1732993200000,96959.1,97065.9,96873.3,97014.7,53.08599413
1732996800000,97014.7,97043.9,96820.2,96973.9,42.01507671
1733000400000,96973.9,96986.9,96767.1,96783.8,44.19153375
1733004000000,96783.9,96827.8,96320.5,96469.8,89.56408556
1733007600000,96469.9,96593.8,96319.7,96409.0,60.68484074
1733011200000,96409.1,96672.4,96257.8,96331.5,114.67115747
1733014800000,96334.6,96527.2,96044.0,96100.6,206.08302713
1733018400000,96100.6,96500.0,95678.0,95781.8,840.49097216
1733022000000,95781.8,96449.3,95769.5,96335.7,142.10009682
1733025600000,96335.7,96510.3,96183.3,96498.1,120.22571101
1733029200000,96498.1,96509.6,96273.6,96314.1,73.10581756
1733032800000,96314.1,96484.0,96280.1,96321.6,86.08728376
1733036400000,96321.7,96499.7,96292.7,96464.9,92.71353284
1733040000000,96464.8,97222.0,96414.8,97044.3,758.89608289
1733043600000,97044.4,97100.0,96844.1,97027.9,98.89562711
1733047200000,97028.0,97045.1,96536.1,96815.9,125.22061625
1733050800000,96815.9,97148.0,96815.9,97119.9,128.57493359
1733054400000,97119.9,97138.5,96781.8,96781.9,153.74774033
1733058000000,96781.8,97406.8,96671.0,97069.9,260.42701368
1733061600000,97075.9,97332.4,96961.5,97288.3,225.74625302
1733065200000,97288.4,97314.1,96947.3,97029.4,140.31363286
1733068800000,97029.5,97342.0,97000.0,97204.0,187.7272944
1733072400000,97204.1,97300.0,97032.0,97299.9,73.28706583
1733076000000,97300.0,97533.0,97091.5,97124.2,140.65635597
1733079600000,97121.0,97317.1,96958.6,97178.4,88.90293904
1733083200000,97178.5,97211.9,96794.0,97100.6,93.75028918
1733086800000,97100.6,97780.0,97048.0,97776.1,225.83271526
1733090400000,97776.1,97841.7,97376.0,97583.9,284.56434088
1733094000000,97584.0,97787.8,97173.1,97190.2,311.55655868
1733097600000,97190.2,97619.7,97068.9,97444.0,280.06258635
1733101200000,97444.0,98174.4,97400.1,97986.3,485.06528118
1733104800000,97986.4,98068.5,97454.5,97652.1,282.04010817
1733108400000,97652.0,97680.0,96357.5,96481.6,463.54988852
1733112000000,96481.7,96845.2,96087.5,96700.2,621.71319384
1733115600000,96700.3,96930.1,96350.3,96375.7,293.80212057
1733119200000,96375.8,96440.0,96136.0,96288.0,217.12391513
1733122800000,96288.3,96474.7,95753.1,95996.1,469.0777311
1733126400000,95996.1,96112.4,94876.1,95047.8,701.35223736
1733130000000,95047.9,95549.2,94964.1,95493.2,390.942614
1733133600000,95493.3,95500.0,94818.0,94962.4,523.87338201
1733137200000,94963.8,95331.8,94860.1,95110.4,402.56016044
1733140800000,95110.4,95399.1,94770.0,94971.9,380.69709769
1733144400000,94972.0,95800.0,94821.5,95683.3,385.1422865
1733148000000,95683.3,96808.8,95503.7,96320.2,433.61195671
1733151600000,96319.9,97200.0,95732.1,97035.8,593.85475854
1733155200000,97035.7,97352.0,95976.1,96165.1,522.79592765
1733158800000,96165.2,96574.5,94388.5,94604.3,721.63739761
1733162400000,94604.3,95843.9,94488.0,95640.1,592.17647752
1733166000000,95639.5,95867.4,95161.2,95820.0,216.5860135
1733169600000,95820.1,96332.4,95445.6,95672.0,277.94919252
1733173200000,95662.4,95760.0,95347.7,95398.8,147.70169998
1733176800000,95398.8,95540.9,95111.0,95374.7,141.14018574
1733180400000,95372.7,95848.0,95324.9,95828.1,110.41430006
1733184000000,95828.2,96098.4,95671.8,95800.0,199.20826661
1733187600000,95800.1,95939.6,95455.0,95523.8,196.67349675
1733191200000,95520.3,96302.6,95406.0,96049.8,239.23198288
1733194800000,96049.8,96212.1,95908.1,96070.1,157.32554905
1733198400000,96070.1,96230.0,95904.0,95916.1,128.70241167
1733202000000,95916.1,96183.0,95856.0,96154.0,110.88614134
1733205600000,96154.1,96252.0,95540.6,95641.3,270.21579445
1733209200000,95641.4,95734.9,95275.0,95551.0,389.64858956
1733212800000,95551.0,95661.0,95303.8,95529.9,165.28951952
1733216400000,95530.0,95547.0,95099.9,95244.7,417.38543007
1733220000000,95244.6,95488.7,94656.1,94702.3,305.0055648
1733223600000,94702.3,95045.2,94625.7,95001.0,321.87673736
1733227200000,95001.0,95001.1,94680.0,94818.7,239.85475913
1733230800000,94818.8,94875.2,93652.0,93709.5,871.50247625
1733234400000,93709.2,95441.6,93583.8,95236.1,1095.30048621
1733238000000,95236.1,96249.9,95093.1,95683.9,1263.14995639
1733241600000,95684.0,96164.0,94852.0,95112.1,468.7615783
1733245200000,95112.0,95910.2,94880.1,95832.1,331.22249325
1733248800000,95832.1,95832.1,95267.0,95472.1,212.19342124
1733252400000,95472.2,95505.1,94941.7,95435.5,220.73002105
1733256000000,95435.5,95695.6,95258.2,95616.0,480.55350576
1733259600000,95606.4,96094.0,95544.0,95993.7,272.27775512
1733263200000,95993.8,96114.8,95650.4,96114.6,169.16427309
1733266800000,96114.6,96117.6,95800.0,95857.3,426.02730258
1733270400000,95857.4,96025.0,95568.0,95748.0,320.37716138
1733274000000,95752.0,96636.0,95483.8,96214.0,450.04660116
1733277600000,96216.6,96224.0,95213.8,95784.0,309.18187358
1733281200000,95784.0,95908.9,95577.6,95775.9,148.03860503
1733284800000,95776.0,95999.9,95708.0,95999.8,133.99751755
1733288400000,95999.8,96475.5,95999.8,96468.0,336.17928456
1733292000000,96468.0,96700.0,96264.0,96529.7,299.6056815
1733295600000,96533.3,96691.9,96342.2,96583.2,360.55580323
1733299200000,96583.3,96820.9,96516.8,96684.6,368.37909172
1733302800000,96684.6,96965.1,96660.7,96826.8,242.3826607
1733306400000,96830.4,96845.3,96433.3,96522.5,178.27379691
1733310000000,96522.5,96522.6,96200.0,96200.2,204.41563604
1733313600000,96200.2,96314.5,95680.0,95971.9,254.78974354
1733317200000,95974.4,96019.9,95360.6,95667.2,338.72473397
1733320800000,95667.3,96564.0,95461.4,95830.1,536.83834242
1733324400000,95830.1,96399.9,95408.0,95746.3,572.34929643
1733328000000,95746.4,95827.8,94580.0,94833.8,934.82887619
1733331600000,94831.5,95573.8,94691.3,95544.0,319.58540343
1733335200000,95547.9,96267.4,95436.0,96114.8,491.9781151
1733338800000,96114.8,97222.0,96043.1,97205.8,559.90596833
1733342400000,97206.9,99000.0,97117.3,98740.0,2849.4128406
1733346000000,98733.4,98891.9,97427.8,97705.7,1096.86219414
1733349600000,97705.7,98567.5,97545.9,98149.9,607.05211187
1733353200000,98149.9,98966.0,98142.0,98580.7,1030.12861471
1733356800000,98580.6,98794.8,98217.1,98292.0,433.07022585
1733360400000,98290.0,98641.9,97884.0,98175.8,485.50951162
1733364000000,98175.9,101716.0,98134.8,101255.9,3814.27629281
1733367600000,101255.9,104056.0,101252.2,102950.0,2514.73954907
1733371200000,102949.9,103535.3,102441.5,103321.8,1175.24560633
1733374800000,103323.6,103467.7,101800.0,102470.1,706.52995592
1733378400000,102470.1,102759.0,101428.1,101897.8,664.89230776
1733382000000,101897.7,102563.2,101324.1,102247.9,976.86432574
1733385600000,102247.9,102896.4,102247.9,102763.0,447.0081359
1733389200000,102763.0,103132.0,102564.0,102695.3,314.36783091
1733392800000,102695.2,102918.7,102256.4,102278.4,307.73428378
1733396400000,102278.4,102688.0,102250.0,102565.0,211.45080546
1733400000000,102565.1,103315.5,102446.2,102841.9,482.12430706
1733403600000,102840.1,103250.0,102681.1,102765.5,322.43779914
1733407200000,102765.5,103548.0,102288.1,103516.1,666.52892269
1733410800000,103516.1,103523.1,100944.0,101308.1,1647.71293421
1733414400000,101308.1,102028.0,100588.0,101051.8,739.06866782
1733418000000,101054.3,101360.0,100560.0,101290.9,435.71692191
1733421600000,101290.9,101534.9,100185.7,100188.2,545.73747677
1733425200000,100188.2,100940.0,98634.4,99025.9,1102.17260573
1733428800000,99026.0,99423.6,97872.6,99064.2,1395.35110537
1733432400000,99072.0,99483.9,98820.1,98906.6,423.13429622
1733436000000,98906.6,99035.8,89711.9,96533.7,6053.59696328
1733439600000,96527.4,97446.3,95266.4,96960.0,1705.19151699
1733443200000,96960.0,97767.0,96243.3,97554.7,1102.33225614
1733446800000,97554.6,98812.2,97133.9,98113.3,917.35048571
1733450400000,98113.4,98160.0,97449.9,97583.3,450.7561714
1733454000000,97584.0,97755.3,97183.9,97745.5,334.4766483
1733457600000,97745.5,97931.9,97365.5,97852.3,346.56055635
1733461200000,97852.3,98268.5,97623.5,97869.1,382.45160383
1733464800000,97869.2,98256.1,97752.1,98080.4,351.7717723
1733468400000,98080.5,98285.4,97761.7,98147.2,414.30265753
1733472000000,98147.9,98700.0,98012.1,98330.0,418.79791358
1733475600000,98330.1,98416.7,97920.0,97978.7,423.03489243
1733479200000,97978.7,98195.8,97640.3,98128.0,228.0880156
1733482800000,98127.9,98323.8,97800.0,98058.9,135.94217962
1733486400000,98059.8,98384.0,97500.1,97638.7,307.46917282
1733490000000,97638.9,98905.0,97512.0,98587.9,818.79516597
1733493600000,98588.0,99480.2,98332.3,99475.3,748.37465886
1733497200000,99475.4,99494.4,98583.4,99312.2,771.86335804
1733500800000,99312.2,99500.0,98752.0,98999.2,443.99750104
1733504400000,98999.3,101267.4,98873.7,100838.8,1036.98292371
1733508000000,100846.4,101752.5,100600.3,101363.8,634.69460401
1733511600000,101363.0,101793.0,101180.0,101440.0,279.27548271
1733515200000,101440.0,101901.8,101045.1,101367.2,380.44272811
1733518800000,101368.0,101453.5,100200.0,100373.6,339.45698279
1733522400000,100373.7,100699.3,100356.1,100508.9,201.99137793
1733526000000,100509.0,100583.9,99023.6,99734.0,522.10370012
1733529600000,99734.1,100412.0,99524.9,100276.3,261.73777925
1733533200000,100283.3,100439.0,99839.9,100050.3,149.22691485
1733536800000,100050.3,100175.7,99854.0,99927.9,96.60169649
1733540400000,99928.0,99936.8,99280.0,99303.3,247.4813733
1733544000000,99303.4,99680.0,99023.6,99497.6,251.18748728
1733547600000,99497.7,99640.0,98846.2,99143.9,277.78918154
1733551200000,99148.0,99389.5,99054.3,99338.9,132.62768873
1733554800000,99338.9,99487.9,99078.4,99397.0,153.75095122
1733558400000,99396.9,99565.2,99252.0,99413.0,122.23184818
1733562000000,99413.1,99824.4,99412.8,99660.5,154.80373382
1733565600000,99660.5,99699.7,99420.0,99520.2,155.59133218
1733569200000,99520.2,99747.9,99410.4,99600.0,116.86095078
1733572800000,99600.1,99700.0,99352.0,99414.2,112.76653572
1733576400000,99414.2,99516.0,99284.6,99337.2,127.54430227
1733580000000,99337.2,99778.4,99022.1,99444.6,272.59861119
1733583600000,99444.6,99799.5,99316.5,99733.3,191.27851623
1733587200000,99733.4,99785.0,99457.1,99619.9,137.06329489
1733590800000,99620.0,99720.5,99434.7,99630.2,103.41868162
1733594400000,99630.3,100263.7,99580.8,100121.4,178.1675339
1733598000000,100121.4,100251.3,99907.1,100066.5,132.81177041
1733601600000,100066.5,100363.9,100066.5,100307.8,168.78693244
1733605200000,100307.9,100433.0,99692.0,99871.2,163.65871842
1733608800000,99871.3,100043.9,99600.0,99600.0,50.77341918
1733612400000,99600.1,100256.0,99600.0,99835.4,95.24200688
1733616000000,99835.5,99975.9,99643.5,99975.8,125.09439553
1733619600000,99975.8,100135.3,99680.6,99842.7,174.92515543
1733623200000,99842.8,100323.3,99744.1,100142.7,132.0239161
1733626800000,100142.8,100260.1,99911.5,99924.5,136.07314945
1733630400000,99924.6,100031.3,99700.0,99754.3,151.71284452
1733634000000,99754.2,99777.5,99356.7,99535.0,161.14768317
1733637600000,99535.1,99808.0,99336.8,99670.4,134.89616912
1733641200000,99670.5,99858.8,99609.9,99665.0,83.24436975
1733644800000,99665.0,99692.1,98958.2,98985.8,266.85722038
1733648400000,98985.8,99308.6,98663.2,98883.5,276.94944572
1733652000000,98883.6,99414.1,98878.5,99242.8,143.66375371
1733655600000,99242.8,99842.1,99114.2,99689.8,150.95226763
1733659200000,99689.8,100200.0,99453.7,99916.1,304.18213103
1733662800000,99916.2,100500.0,99784.4,100399.9,275.18747164
1733666400000,100401.0,100408.5,99727.9,99727.9,313.20551182
1733670000000,99728.0,99969.8,99341.3,99907.1,262.71701136
1733673600000,99907.2,100115.7,99714.2,99833.3,170.19480507
1733677200000,99833.3,100000.0,99627.1,99940.1,106.99660761
1733680800000,99940.2,100000.0,99568.4,99659.9,110.07744752
1733684400000,99660.0,100199.9,99464.9,100110.9,109.82880691
1733688000000,100111.0,100164.2,99794.0,99797.6,77.80324135
1733691600000,99797.7,100062.6,99730.1,100028.0,70.91916159
1733695200000,100027.3,100287.6,99874.2,100217.0,75.86166739
1733698800000,100217.0,101362.7,100064.5,101107.7,519.18176364
1733702400000,101107.8,101221.7,99323.1,99653.6,626.25531156
1733706000000,99652.0,99863.3,99381.8,99527.0,272.92069518
1733709600000,99527.0,99725.9,99015.3,99200.0,269.34105524
1733713200000,99200.1,99375.5,98444.3,99099.9,385.07080646
1733716800000,99100.0,99466.6,98791.3,99435.6,226.39941254
1733720400000,99435.7,99547.9,99312.6,99435.6,113.38337728
1733724000000,99435.7,99476.3,98859.8,99048.4,160.11250822
1733727600000,99048.5,99744.0,98300.0,99576.1,679.43837165
1733731200000,99576.2,99699.9,98800.0,98904.0,347.73350081
1733734800000,98903.5,99097.9,98400.0,98410.5,410.5737635
1733738400000,98410.5,98771.4,98268.0,98715.4,304.81189617
1733742000000,98715.4,98715.5,98029.8,98075.8,369.41685723
1733745600000,98075.2,98623.7,97940.0,98595.0,361.91627538
1733749200000,98595.0,99230.3,98235.7,98993.5,471.21709012
1733752800000,98993.6,100396.8,98852.3,100145.9,817.97712502
1733756400000,100149.7,100424.4,97512.2,97805.4,1384.75150952
1733760000000,97807.9,98391.8,97461.6,97828.1,655.82749895
1733763600000,97828.2,98234.6,97338.0,97356.2,383.96596294
1733767200000,97361.0,98259.9,97354.4,97780.1,350.95169855
1733770800000,97780.1,97780.1,97001.0,97071.9,390.37571084
1733774400000,97074.4,97333.3,96111.2,96245.4,871.50497779
1733778000000,96244.2,97552.0,94000.0,96893.9,3092.34642538
1733781600000,96893.9,97391.8,94819.0,96981.3,1215.424215
1733785200000,96981.4,97528.0,96701.7,97267.2,366.53372865
1733788800000,97275.7,98138.3,96987.2,97867.8,448.03413621
1733792400000,97867.8,98056.0,97472.0,97937.5,326.1946102
1733796000000,97936.9,97947.5,96612.5,96662.9,442.42567327
1733799600000,96662.8,96988.1,95557.4,96923.0,1107.46343757
1733803200000,96925.7,97120.6,95890.0,97039.9,518.67916067
1733806800000,97040.0,97050.0,96508.8,96935.9,227.51572673
1733810400000,96935.9,97499.9,96803.3,97455.7,198.95668899
1733814000000,97455.7,97490.0,96896.8,97197.3,355.97665783
1733817600000,97197.3,97516.9,96943.0,97374.7,285.39215154
1733821200000,97374.6,97676.5,97220.1,97489.0,172.05148616
1733824800000,97489.0,97860.0,97489.0,97683.3,244.60776431
1733828400000,97683.2,97921.1,97428.0,97720.6,179.77957931
1733832000000,97720.6,97839.7,96860.1,97152.1,436.89119206
1733835600000,97153.3,97915.5,97117.3,97715.5,441.97585971
1733839200000,97715.5,98300.0,97133.3,97807.4,671.36836534
1733842800000,97801.1,98111.0,95626.3,95655.9,1131.40117411
1733846400000,95656.0,96498.7,94530.0,96316.0,1597.15331689
1733850000000,96308.1,96388.2,94388.3,94482.0,1121.02309265
1733853600000,94493.7,95522.2,94244.3,95128.3,514.73227097
1733857200000,95133.3,96165.8,94973.5,95846.7,323.07467379
1733860800000,95848.5,96699.9,95605.9,96428.1,619.69526863
1733864400000,96428.1,97196.3,96383.4,96855.5,471.54037249
1733868000000,96855.6,97094.7,96583.3,96839.5,153.88049255
1733871600000,96839.6,97126.8,96412.0,96593.2,224.04593598
1733875200000,96593.2,96839.7,95803.6,96410.0,295.33489745
1733878800000,96409.9,96638.2,95666.6,95755.3,367.69558524
1733882400000,95755.3,97437.7,95672.0,97212.5,467.61657117
1733886000000,97205.9,97631.7,97121.3,97389.5,340.57245707
1733889600000,97392.1,97594.1,97172.4,97529.0,278.52336169
1733893200000,97531.9,97686.4,97300.0,97495.4,188.12470145
1733896800000,97497.4,97759.8,97384.9,97680.1,147.97743279
1733900400000,97683.0,97779.2,97250.0,97331.9,145.12632616
1733904000000,97331.8,98463.6,97304.1,98099.7,510.54620861
1733907600000,98099.8,98171.5,97750.0,97998.4,228.23074099
1733911200000,97998.3,98283.3,97853.0,98208.9,219.09625442
1733914800000,98209.0,98454.5,98136.4,98294.1,244.52436291
1733918400000,98294.1,98499.9,98159.0,98233.8,181.00392485
1733922000000,98233.9,98851.2,98063.7,98733.4,642.67245384
1733925600000,98733.4,99548.0,98360.0,99535.4,747.70070337
1733929200000,99531.4,100790.0,99410.0,100374.1,1994.13058299
1733932800000,100374.2,101075.9,100280.0,100574.9,689.16018995
1733936400000,100574.9,100981.3,99650.0,99768.0,685.81940195
1733940000000,99767.9,100777.0,99602.9,100387.8,399.493858
1733943600000,100387.8,101152.9,100387.7,101125.4,641.13805582
1733947200000,101125.5,101672.0,101020.1,101265.9,552.55122373
1733950800000,101266.0,101524.9,100863.8,101511.8,196.51492619
1733954400000,101512.0,101884.0,101152.0,101197.4,325.28341498
1733958000000,101200.9,101486.4,101056.4,101117.4,181.41808739
1733961600000,101117.4,101192.0,100552.1,100758.7,380.11785274
1733965200000,100758.8,100863.8,100337.0,100498.7,262.17125935
1733968800000,100498.8,101824.3,100498.8,101824.3,411.72424541
1733972400000,101824.3,101824.7,100800.0,101035.4,389.60317221
1733976000000,101035.5,101193.9,100561.0,100690.7,221.50280588
1733979600000,100691.8,101115.8,100618.2,100624.4,200.84489368
1733983200000,100624.5,100712.0,100404.0,100583.9,254.54389591
1733986800000,100584.0,100819.2,100450.0,100491.2,317.63624311
1733990400000,100491.2,101048.3,100460.9,100981.4,219.77060463
1733994000000,100981.4,101118.1,100790.0,100803.2,290.46750284
1733997600000,100803.3,100803.3,100467.4,100585.8,208.27938892
1734001200000,100585.9,100640.0,100177.1,100364.1,174.78275396
1734004800000,100364.9,100940.7,100356.2,100830.0,237.77943302
1734008400000,100830.2,101554.0,100523.4,100911.9,740.17085757
1734012000000,100912.0,101711.5,100610.8,101698.0,883.70254173
1734015600000,101698.7,101862.9,100707.6,101795.4,674.47407022
1734019200000,101795.5,102538.9,101459.2,101463.5,1169.78918386
1734022800000,101463.6,101714.2,101205.4,101607.7,283.69704954
1734026400000,101607.9,101669.7,100815.6,100849.8,248.30478781
1734030000000,100849.7,101056.0,99307.1,99477.4,958.03180036
1734033600000,99477.4,100401.2,99457.0,100012.1,592.86091728
1734037200000,100009.4,100104.3,99690.0,99743.7,329.63693559
1734040800000,99744.6,100482.9,99506.0,100438.2,222.07894864
1734044400000,100438.2,100479.9,99879.6,100001.1,137.14259502
1734048000000,100001.2,100348.0,99926.6,100077.4,278.84502364
1734051600000,100077.4,100155.8,99200.0,99332.4,590.60127855
1734055200000,99332.5,99692.8,99202.2,99482.4,437.19735568
1734058800000,99482.4,99802.6,99482.4,99738.3,151.19876509
1734062400000,99738.4,100061.6,99662.2,100013.3,195.84768293
1734066000000,100013.3,100174.7,99850.0,99887.3,152.54721611
1734069600000,99887.4,100100.0,99697.3,99698.4,231.56875706
1734073200000,99698.4,100239.2,99501.0,100140.1,560.63719698
1734076800000,100140.1,100376.5,99893.6,100274.2,336.58220806
1734080400000,100274.2,100338.9,99900.0,100112.0,127.5405566
1734084000000,100111.9,100570.3,99915.0,100459.6,225.56760321
1734087600000,100459.5,100790.0,100314.0,100356.1,195.13134193
1734091200000,100356.1,100477.3,100148.3,100299.9,83.9235163
1734094800000,100300.0,100530.3,99950.0,100291.2,305.89153699
1734098400000,100291.2,101030.5,100221.6,101030.5,374.54945669
1734102000000,101030.7,101385.0,99700.0,99874.9,1057.58739853
1734105600000,99872.6,101283.2,99792.0,100992.5,804.04670854
1734109200000,100992.5,101799.9,100780.0,101752.8,641.8251664
1734112800000,101752.1,101911.4,101309.3,101503.4,565.95057582
1734116400000,101503.5,101628.3,101205.4,101471.4,220.73329283
1734120000000,101471.5,101906.1,101228.1,101686.9,707.55475911
1734123600000,101690.4,101697.3,101255.5,101299.3,144.433024
1734127200000,101303.3,101410.3,101089.9,101239.1,196.75262334
1734130800000,101239.1,101537.4,101133.9,101418.6,107.79561189
1734134400000,101418.6,101550.1,101143.1,101299.5,93.92123378
1734138000000,101299.5,102666.0,101299.5,102166.5,877.93576521
1734141600000,102166.5,102300.0,101668.5,102040.5,237.92539695
1734145200000,102040.6,102368.6,102033.3,102080.1,171.10950693
1734148800000,102080.1,102160.1,101584.8,101680.0,217.72272098
1734152400000,101680.0,101822.1,101628.1,101730.8,100.21704835
1734156000000,101730.9,102000.0,101696.4,101908.3,66.21876282
1734159600000,101911.4,101929.6,101608.0,101811.5,226.00984847
1734163200000,101811.5,101864.0,101587.1,101801.2,64.1309713
1734166800000,101801.2,101801.2,101479.3,101550.1,76.62485007
1734170400000,101550.0,101609.0,101324.3,101557.0,122.39360615
1734174000000,101557.1,101709.5,101468.0,101589.2,57.20145134
1734177600000,101589.3,101653.2,101200.1,101293.3,165.73361221
1734181200000,101292.5,101415.2,100816.5,101176.2,279.01521213
1734184800000,101176.3,101536.2,101166.6,101430.9,133.76912368
1734188400000,101430.9,101742.5,101334.6,101624.2,101.56684467
1734192000000,101624.2,101685.1,101411.7,101652.3,102.74256458
1734195600000,101651.7,101730.3,100884.7,100983.4,133.72524326
1734199200000,100983.3,101187.0,100833.3,100889.6,97.57785107
1734202800000,100889.6,101373.0,100869.2,101330.0,102.72419496
1734206400000,101330.1,101425.1,100606.9,100761.9,112.02187625
1734210000000,100762.0,101200.1,100760.5,101079.3,111.83002866
1734213600000,101079.4,101273.0,100899.1,101119.4,64.57538434
1734217200000,101119.4,101495.6,101046.6,101421.3,105.38951348
1734220800000,101422.0,101566.6,101228.0,101446.6,92.68397453
1734224400000,101446.7,102190.0,101419.3,102124.4,210.60127664
1734228000000,102124.4,102150.4,101769.9,101822.1,115.71894746
1734231600000,101822.2,101940.2,101724.3,101733.2,66.16255585
1734235200000,101733.2,102858.6,101733.2,102363.6,755.56893992
1734238800000,102363.7,102500.0,102090.3,102157.4,186.45223829
1734242400000,102157.5,102169.2,101758.4,101758.4,109.5293343
1734246000000,101758.5,101953.4,101515.4,101732.9,269.90089032
1734249600000,101732.9,102060.0,101585.9,102024.0,114.11878612
1734253200000,102024.1,102280.6,101918.2,102261.8,89.00864827
1734256800000,102261.9,102450.0,102138.0,102272.0,134.15423665
1734260400000,102272.1,102684.7,102233.1,102653.4,346.43742449
1734264000000,102653.5,103360.7,102529.1,102950.3,582.20259543
1734267600000,102950.4,102993.7,102466.6,102782.7,255.69195154
1734271200000,102782.9,103060.8,102649.3,102999.0,216.98210149
1734274800000,102999.1,103055.5,102693.0,102696.9,150.50593517
1734278400000,102696.9,103500.0,102580.5,103125.2,320.35667342
1734282000000,103125.3,103365.5,102984.6,103162.2,124.66130369
1734285600000,103162.3,103359.5,102985.5,103203.3,73.43240871
1734289200000,103203.4,103454.6,103183.3,103258.8,105.96612726
1734292800000,103258.9,103412.8,103069.9,103150.6,82.24212863
1734296400000,103150.6,103217.6,102646.2,102858.8,157.97641509
1734300000000,102858.8,103391.9,102621.0,103266.6,211.05190226
1734303600000,103266.6,105333.0,103229.3,104477.4,1586.07595454
1734307200000,104477.5,106660.8,104337.6,105455.0,1552.4956591
1734310800000,105454.3,105624.8,104990.7,105560.4,530.00889896
1734314400000,105548.3,105661.1,104475.0,104596.4,735.40710625
1734318000000,104592.8,105000.0,104278.7,104588.5,346.02349017
1734321600000,104588.6,104810.4,104473.6,104681.1,177.76782656
1734325200000,104681.2,105073.7,104486.8,105030.3,146.74822911
1734328800000,105030.4,105379.9,104938.3,105159.0,274.31521526
1734332400000,105159.0,105434.3,104880.1,104972.4,242.93992417
1734336000000,104973.9,105020.3,104506.8,104549.3,273.80716899
1734339600000,104549.4,104947.1,104500.3,104684.7,183.83399094
1734343200000,104684.8,104734.0,104332.1,104697.0,188.74314967
1734346800000,104697.0,104845.7,103636.0,103767.0,453.30410716
1734350400000,103767.1,104150.8,103307.9,103653.8,441.00917056
1734354000000,103653.8,104161.6,103472.0,103899.9,259.17981092
1734357600000,103900.0,105999.0,103873.9,105497.8,880.69495036
1734361200000,105497.8,106495.7,105254.3,106319.9,1243.0752965
1734364800000,106324.7,107171.2,106131.2,106825.8,776.69573586
1734368400000,106825.9,107177.0,106690.4,107075.7,390.54744093
1734372000000,107075.8,107796.3,106872.0,107085.8,570.58144227
1734375600000,107083.4,107095.0,105810.7,106591.0,538.80642646
1734379200000,106591.1,106660.7,105773.9,105802.2,368.25931922
1734382800000,105802.3,106275.6,105680.0,106050.9,161.99129779
1734386400000,106050.9,106309.3,105697.4,105815.7,216.75582692
1734390000000,105815.8,106066.5,105461.5,106066.0,287.93541642
1734393600000,106066.1,106249.9,105672.0,105861.4,312.94832231
1734397200000,105861.5,106491.3,105750.0,106376.6,311.43992103
1734400800000,106376.6,106600.0,106201.3,106267.3,192.25419685
1734404400000,106267.2,107035.5,106240.1,106874.5,373.1817008
1734408000000,106874.6,106874.6,106409.3,106490.1,149.65508349
1734411600000,106490.0,106838.4,106429.1,106827.9,155.52431538
1734415200000,106828.0,106856.0,106375.2,106552.4,170.11525614
1734418800000,106552.4,107135.9,106468.1,106810.4,459.52068257
1734422400000,106810.5,107500.0,106751.1,107398.6,533.82531512
1734426000000,107399.8,107466.0,107114.7,107306.9,263.55390942
1734429600000,107306.8,107346.4,106926.3,107218.6,265.14974675
1734433200000,107218.7,107333.3,106720.0,106804.9,169.4958757
1734436800000,106804.9,107183.4,106536.4,107130.0,231.88516309
1734440400000,107130.0,107600.0,106979.5,107295.6,339.75569991
1734444000000,107295.5,108365.0,107035.6,108262.9,1281.73960468
1734447600000,108262.9,108262.9,105718.0,106471.0,1549.63449441
1734451200000,106471.1,107108.2,106137.9,107073.7,386.78972198
1734454800000,107073.8,107615.1,106714.2,107491.6,313.95060829
1734458400000,107491.6,107636.3,106420.0,106557.7,251.93258865
1734462000000,106557.6,106999.9,106218.0,106483.8,303.9421554
1734465600000,106483.8,106924.0,106159.5,106729.5,300.86845549
1734469200000,106732.4,106810.6,106229.0,106403.0,101.1418429
1734472800000,106403.0,106420.0,105306.4,105970.8,371.69478133
1734476400000,105970.8,106333.2,105550.0,106128.4,289.00937191
1734480000000,106128.4,106461.9,105604.6,106093.9,287.3087706
1734483600000,106094.0,106500.0,104927.2,105342.8,651.4858908
1734487200000,105353.1,105655.0,105018.3,105310.7,367.81996079
1734490800000,105310.7,105329.9,104580.3,104760.0,383.75950482
1734494400000,104760.0,104760.0,103525.6,103869.4,822.06521885
1734498000000,103869.4,104139.9,103266.6,103568.0,563.2086461
1734501600000,103568.1,103999.9,103113.2,103786.6,387.13197178
1734505200000,103786.7,104306.2,103709.4,104235.5,500.6996065
1734508800000,104235.5,104371.1,103706.2,103786.1,282.02800976
1734512400000,103786.1,104403.6,103786.1,104032.5,222.51228441
1734516000000,104032.5,104655.6,103964.1,104526.9,304.36046014
1734519600000,104527.0,105028.0,104486.1,105008.9,382.74318563
1734523200000,105003.1,105357.2,104688.0,104916.0,483.46698953
1734526800000,104916.1,105269.0,104523.3,104574.3,300.28086028
1734530400000,104577.5,104866.5,103861.1,104022.3,852.89981146
1734534000000,104022.3,104574.2,103599.9,104427.3,789.83171926
1734537600000,104432.5,104476.6,103400.0,104189.9,597.58003169
1734541200000,104189.9,104832.2,103873.9,104644.8,383.41418545
1734544800000,104647.5,104983.4,104150.1,104809.8,399.22179701
1734548400000,104804.1,104829.1,102810.5,102810.5,1003.07318516
1734552000000,102810.5,102984.0,100300.1,100840.0,3439.68124169
1734555600000,100840.1,101734.9,100468.8,101014.6,719.13299242
1734559200000,101004.4,101562.1,100647.9,101161.3,327.6180748
1734562800000,101161.3,101190.9,100000.0,100213.1,523.14522683
1734566400000,100208.2,100989.6,100125.1,100824.4,569.44322296
1734570000000,100824.3,100925.4,99586.2,99774.0,783.08540827
1734573600000,99774.0,100526.1,98770.1,100520.6,1829.86433918
1734577200000,100526.0,101345.3,100433.1,101174.7,1339.11921745
1734580800000,101175.3,101224.8,100623.9,100655.9,516.72364804
1734584400000,100656.0,101426.0,100655.9,101298.6,495.05128226
1734588000000,101300.0,101390.0,101014.9,101194.9,162.47295691
1734591600000,101195.0,101722.4,101117.5,101657.9,414.74875138
1734595200000,101657.9,101818.8,101360.6,101639.6,344.86479118
1734598800000,101639.6,101867.4,101524.8,101811.8,184.52900437
1734602400000,101811.9,102640.0,101777.6,102408.9,715.12674174
1734606000000,102416.4,102510.1,102200.0,102459.9,306.96866596
1734609600000,102459.9,102573.8,101883.3,102000.0,436.03337882
1734613200000,102000.0,102225.4,101671.1,101959.8,615.82494277
1734616800000,101963.8,102805.0,100708.2,100965.9,1225.57443171
1734620400000,100965.9,101076.2,99500.0,100676.1,1307.28586575
1734624000000,100676.1,101199.9,99882.2,100715.5,553.35062495
1734627600000,100713.1,100750.0,97400.0,98804.1,2369.60778145
1734631200000,98804.1,98964.8,96888.0,98933.3,2316.73766727
1734634800000,98933.3,99072.9,96238.4,97207.8,1930.42331222
1734638400000,97202.8,97317.5,95682.2,96409.0,2231.09272655
1734642000000,96411.8,98080.7,95832.9,97412.9,862.37445405
1734645600000,97407.1,98416.2,97215.5,98365.0,316.02688903
1734649200000,98365.0,98365.0,97454.5,97458.1,297.35555698
1734652800000,97458.1,97815.9,96631.6,97246.8,739.5916114
1734656400000,97246.8,97542.7,96153.8,96328.5,710.39574034
1734660000000,96329.1,97740.5,95986.8,97642.0,970.22274543
1734663600000,97642.0,97814.7,96961.9,97113.1,259.38275004
1734667200000,97111.8,97849.9,96857.1,97293.1,499.60550895
1734670800000,97293.1,97490.9,96659.3,96734.4,473.99481699
1734674400000,96734.4,97317.9,96349.9,97281.0,1157.05302519
1734678000000,97281.5,98240.0,97268.5,97816.6,1108.33202093
1734681600000,97816.5,97880.4,95289.8,95476.6,1252.09555707
1734685200000,95476.7,95750.0,94676.6,94813.7,1545.66770572
1734688800000,94813.7,95128.7,93900.0,94361.5,1801.51620156
1734692400000,94361.5,94687.8,92595.9,92719.9,2731.13069701
1734696000000,92720.0,94267.7,92268.0,93938.0,1528.39659579
1734699600000,93937.9,95800.3,93574.5,95197.2,1244.18259675
1734703200000,95197.3,96188.0,94736.0,95626.5,977.15661697
1734706800000,95626.4,97558.4,95600.1,96989.3,1066.49336491
1734710400000,96988.9,97696.1,96300.0,96733.3,989.92307829
1734714000000,96736.2,97380.3,96438.2,97201.9,428.66303134
1734717600000,97202.0,97307.6,96600.1,96994.6,279.30168321
1734721200000,96989.9,97718.7,96848.5,97116.6,515.95643626
1734724800000,97116.7,97236.3,96408.8,96444.5,462.01526175
1734728400000,96447.2,96653.8,95400.0,96620.8,436.05185485
1734732000000,96620.9,97545.2,96453.4,97458.9,237.7756552
1734735600000,97458.9,97840.0,97381.5,97806.4,324.56745539
1734739200000,97809.1,97812.2,97203.6,97530.5,352.39709313
1734742800000,97523.2,97666.7,97181.5,97352.8,251.90746547
1734746400000,97352.8,97618.0,97185.5,97392.2,150.44999489
1734750000000,97393.1,97496.3,97247.5,97494.0,118.35764646
1734753600000,97494.1,97642.7,97379.5,97582.1,147.24668602
1734757200000,97582.1,98696.8,97530.0,98684.8,959.86033111
1734760800000,98684.8,98842.6,98308.0,98722.9,643.35128286
1734764400000,98723.0,99553.7,98500.0,99031.6,632.70337296
1734768000000,99031.5,99190.0,98455.0,98649.9,388.58883563
1734771600000,98649.8,98689.1,98297.2,98562.4,270.43138787
1734775200000,98562.3,98650.1,98001.6,98120.5,257.74043251
1734778800000,98121.5,98427.3,97788.2,98265.2,240.79745236
1734782400000,98265.2,98298.4,97100.0,97137.8,380.63369403
1734786000000,97137.8,97549.4,96396.1,97329.6,756.554757
1734789600000,97329.3,97758.7,97064.3,97080.7,261.47098766
1734793200000,97083.0,97720.2,97064.6,97524.1,138.58490382
1734796800000,97524.0,97720.3,96944.0,97294.4,217.93577781
1734800400000,97293.3,97698.6,97021.1,97597.4,180.24305441
1734804000000,97597.5,97727.1,97288.1,97411.4,70.31647943
1734807600000,97411.5,97439.0,96803.4,97272.3,178.11689273
1734811200000,97276.3,98053.6,97229.4,97456.3,234.42878487
1734814800000,97456.5,97578.1,96529.2,96882.1,164.27122598
1734818400000,96882.1,97385.3,96606.5,97137.7,164.08241566
1734822000000,97133.4,97305.2,96893.7,97283.3,72.13212832
1734825600000,97289.2,97459.4,97051.5,97245.0,77.25198815
1734829200000,97243.3,97439.8,96711.2,97049.9,118.03706879
1734832800000,97050.0,97238.4,96604.0,96720.0,120.54163575
1734836400000,96720.0,97323.7,96550.0,96989.3,229.21560184
1734840000000,96985.4,97078.6,96067.9,96082.5,167.45594768
1734843600000,96082.5,96416.6,95888.1,96160.0,318.69492712
1734847200000,96160.1,96749.9,96116.3,96739.2,109.64752066
1734850800000,96739.3,96843.6,96068.7,96215.0,128.23754441
1734854400000,96216.2,96692.7,96194.1,96533.0,169.99548326
1734858000000,96533.1,97265.1,96314.0,96938.1,243.25399757
1734861600000,96938.2,97356.9,96847.1,97008.2,171.04140923
1734865200000,97008.3,97333.0,96987.4,97093.2,75.34934535
1734868800000,97093.2,97300.0,96843.8,96990.8,114.0738348
1734872400000,96990.8,97258.8,96843.8,96987.9,144.88146998
1734876000000,96988.0,97067.5,95281.8,95366.6,667.83377098
1734879600000,95366.6,95656.5,95131.0,95370.9,438.44885352
1734883200000,95370.9,95866.4,95200.0,95715.1,259.35168628
1734886800000,95715.1,95856.4,95447.3,95615.5,109.36773272
1734890400000,95615.6,96448.2,95370.0,95958.9,243.46526826
1734894000000,95958.9,96146.2,94683.6,94831.8,289.96777499
1734897600000,94836.2,95624.7,94420.0,95587.7,268.13567236
1734901200000,95601.0,95741.4,95070.5,95206.5,130.14407224
1734904800000,95206.4,95628.8,94258.1,95550.0,303.66418839
1734908400000,95552.3,95850.2,95016.6,95173.4,226.94708846
1734912000000,95173.4,95415.9,94339.9,94398.0,324.66756983
1734915600000,94398.9,95118.3,93754.5,94454.1,630.1705283
1734919200000,94458.0,94771.3,93699.2,94720.0,487.83900916
1734922800000,94716.1,96030.7,94603.2,96014.3,450.56303474
1734926400000,96014.2,96508.4,95644.7,95833.5,470.38644129
1734930000000,95829.6,95964.9,95337.2,95618.0,242.24607747
1734933600000,95616.1,95662.3,94700.0,94822.0,333.30367352
1734937200000,94824.2,95599.9,94824.2,95410.3,255.50990513
1734940800000,95410.4,95573.6,95040.0,95500.2,204.03269618
1734944400000,95500.7,96158.0,95492.1,96011.5,231.09903542
1734948000000,96011.5,96450.0,95955.2,96378.2,213.1904657
1734951600000,96384.0,96538.4,95819.8,95924.1,171.14524316
1734955200000,95924.1,96403.7,95862.0,96296.7,263.1968413
1734958800000,96296.6,96348.3,94829.7,94920.2,444.45291563
1734962400000,94920.2,95620.8,93719.2,94391.7,853.09015299
1734966000000,94397.3,94439.6,93112.0,93256.3,1020.30259746
1734969600000,93253.9,94261.0,92920.1,93971.6,720.9733526
1734973200000,93971.6,94136.6,93214.6,93374.6,379.25291376
1734976800000,93374.6,93748.3,92688.0,92751.0,399.81968052
1734980400000,92751.0,93711.6,92696.1,93037.4,299.19571624
1734984000000,93037.4,93529.0,92525.0,93189.6,585.24571898
1734987600000,93189.7,94297.9,93189.6,93964.3,359.75163845
1734991200000,93966.3,95192.0,93891.9,95192.0,299.65405411
1734994800000,95191.9,95513.3,94688.0,94884.1,297.71817801
1734998400000,94884.1,94884.1,94137.7,94551.0,234.27235848
1735002000000,94551.1,94672.4,94021.0,94116.7,147.44904703
1735005600000,94118.2,94322.8,93555.9,93948.0,244.58723786
1735009200000,93950.2,94400.0,93808.1,94359.2,165.8345475
1735012800000,94359.2,94425.4,94051.3,94421.5,150.30979163
1735016400000,94423.2,94656.5,94320.0,94600.0,151.48149692
1735020000000,94600.0,94600.0,93832.0,93916.4,303.28271268
1735023600000,93916.4,94301.1,93811.4,94224.6,576.06360034
1735027200000,94224.6,94639.3,94109.1,94490.0,530.5225913
1735030800000,94490.1,94529.7,93950.0,94061.8,177.35460692
1735034400000,94055.8,94200.0,93835.4,93975.3,168.05464321
1735038000000,93975.4,94423.8,93925.2,94389.5,158.49896432
1735041600000,94389.4,94412.0,94061.2,94298.6,108.92539811
1735045200000,94301.2,96085.4,94288.0,96079.9,438.59340926
1735048800000,96079.9,97500.0,95853.3,97456.5,1089.41259733
1735052400000,97456.5,98319.7,97232.0,98306.8,768.12692701
1735056000000,98306.7,98666.0,97961.4,98476.5,1121.97945935
1735059600000,98478.5,99031.6,98313.9,98803.8,742.66240928
1735063200000,98803.9,99480.2,98419.1,98604.5,484.28291854
1735066800000,98604.6,98733.2,97555.7,97580.1,334.08190532
1735070400000,97580.0,98055.9,97249.2,97295.4,348.55975505
1735074000000,97295.4,98465.5,97277.1,98395.0,218.18898153
1735077600000,98395.0,99083.9,98344.2,98769.7,188.65016645
1735081200000,98769.8,99033.9,98487.6,98661.3,103.81347331
1735084800000,98656.1,98883.0,98423.4,98427.0,273.0682809
1735088400000,98426.4,98600.0,97900.0,97986.3,196.19291304
1735092000000,97986.3,98370.4,97722.8,98130.9,232.22530765
1735095600000,98130.9,98279.8,97931.0,98033.3,154.86352403
1735099200000,98033.3,98363.5,97883.5,98237.1,100.41934582
1735102800000,98237.1,98366.6,98155.7,98282.2,69.01343878
1735106400000,98282.2,98586.4,97846.4,97899.4,168.31886906
1735110000000,97899.5,98372.0,97869.4,98085.0,213.33947453
1735113600000,98085.1,98272.0,97935.8,98088.0,142.1067984
1735117200000,98088.1,98275.4,98000.0,98187.5,80.62563938
1735120800000,98187.4,99347.3,98144.5,98444.5,661.79936168
1735124400000,98447.8,98869.6,97756.0,97903.9,529.77762625
1735128000000,97907.9,98622.2,97626.1,98175.7,625.00242665
1735131600000,98177.4,98620.0,98127.0,98464.4,176.93304854
1735135200000,98464.4,98838.0,98261.3,98712.0,174.88372704
1735138800000,98712.0,98725.8,98206.1,98532.9,179.52379602
1735142400000,98533.3,98714.2,98135.7,98424.4,134.06620555
1735146000000,98424.5,98661.2,98190.0,98576.6,77.57135457
1735149600000,98571.5,98979.0,98545.1,98749.9,140.6048613
1735153200000,98749.9,99288.0,98724.1,99018.8,183.29707333
1735156800000,99018.8,99412.0,98881.9,99149.5,155.39447023
1735160400000,99149.1,99599.0,98373.9,98512.1,284.09146829
1735164000000,98512.1,99120.9,98435.9,98813.3,131.9408098
1735167600000,98813.3,99570.1,98812.4,99440.3,252.17877837
1735171200000,99440.4,99968.9,98950.0,99038.6,339.2806938
1735174800000,99038.6,99266.3,98580.1,99063.1,273.91025304
1735178400000,99063.5,99204.0,98500.0,98748.4,193.27599921
1735182000000,98748.4,99146.7,98572.0,99000.0,249.71772395
1735185600000,99000.0,99000.1,98239.9,98300.1,315.10791041
1735189200000,98300.0,98468.4,98067.7,98375.3,230.17758111
1735192800000,98375.2,98479.9,98025.2,98131.5,151.8529148
1735196400000,98128.1,98310.0,97718.0,97732.3,215.91378905
1735200000000,97731.3,97776.0,95600.0,95875.2,1337.30296178
1735203600000,95875.4,95981.9,95401.3,95439.5,690.7115748
1735207200000,95439.5,95777.0,95179.4,95506.3,307.11119497
1735210800000,95506.3,96033.7,95466.6,95692.3,204.71254236
1735214400000,95692.2,95876.1,95443.2,95664.1,171.63499422
1735218000000,95669.0,95773.0,95282.4,95694.2,242.81956792
1735221600000,95693.6,96278.7,95202.8,95451.9,499.07918935
1735225200000,95451.9,96207.8,95260.1,96039.7,351.39643385
1735228800000,96039.2,96617.2,95800.0,96511.1,506.14939928
1735232400000,96511.1,96545.4,95670.0,95807.9,212.64478239
1735236000000,95807.9,95981.9,95483.8,95736.8,134.03378172
1735239600000,95736.8,96195.4,95436.5,96103.9,113.78691843
1735243200000,96101.9,96119.5,95399.2,95587.9,193.44603725
1735246800000,95589.4,95933.2,95302.5,95813.2,138.98842107
1735250400000,95813.2,95985.6,95630.3,95818.0,91.86532219
1735254000000,95819.3,95886.4,95375.5,95783.3,118.13053011
1735257600000,95777.9,95926.0,95392.4,95788.6,165.79809183
1735261200000,95788.7,96245.9,95563.5,95916.1,124.63600962
1735264800000,95916.1,96441.9,95700.1,96066.4,200.1277293
1735268400000,96066.5,96446.4,95980.5,96412.1,203.45327614
1735272000000,96412.2,96596.4,96224.0,96290.3,122.98383343
1735275600000,96293.8,96330.1,95993.0,96250.1,89.64466096
1735279200000,96250.1,96598.8,96111.8,96593.3,232.29877585
1735282800000,96593.3,96613.2,94666.1,95100.0,1394.81719884
1735286400000,95099.9,96400.0,95099.9,95717.0,530.33137419
1735290000000,95726.5,97561.4,95667.9,96785.2,661.58815227
1735293600000,96785.3,97023.4,96182.6,96609.9,220.42586281
1735297200000,96610.1,96954.5,96378.2,96953.9,139.09195546
1735300800000,96953.9,97044.9,96615.9,96687.4,346.50072558
1735304400000,96686.2,96686.2,96259.8,96416.2,166.72322431
1735308000000,96416.1,96485.8,95167.2,95685.5,450.97272395
1735311600000,95685.5,95719.1,94012.9,94576.5,1040.24719241
1735315200000,94576.7,95000.0,94100.0,94172.0,475.12496503
1735318800000,94172.0,94359.5,93500.0,94287.9,836.35282356
1735322400000,94287.9,94756.6,94210.5,94561.7,163.67590215
1735326000000,94559.9,94797.0,94245.8,94746.6,134.13818608
1735329600000,94749.0,94773.5,94310.1,94579.9,321.17219074
1735333200000,94583.4,94826.6,94383.2,94533.1,131.93312347
1735336800000,94533.1,94682.8,94193.4,94434.5,104.22952258
1735340400000,94434.5,94529.5,94131.0,94304.1,164.79026696
1735344000000,94303.6,94538.4,94256.1,94399.1,139.43902871
1735347600000,94399.2,94618.9,94143.0,94548.8,130.48420283
1735351200000,94548.9,94619.9,94281.0,94334.6,89.76486461
1735354800000,94334.6,94714.8,94330.0,94589.4,60.35061002
1735358400000,94589.5,94643.5,94501.0,94522.4,46.97700529
1735362000000,94522.4,94797.0,94522.3,94624.7,77.9752811
1735365600000,94624.7,94720.0,94403.1,94472.0,134.14500831
1735369200000,94472.1,94642.9,94304.0,94386.0,171.78277184
1735372800000,94385.9,94540.0,94308.0,94488.3,61.18561831
1735376400000,94488.3,94685.8,94478.9,94579.2,91.78256682
1735380000000,94579.2,94717.9,94491.4,94616.6,75.09110217
1735383600000,94616.6,94900.0,94592.4,94756.1,121.49677383
1735387200000,94755.9,94883.1,94600.0,94600.7,78.28039505
1735390800000,94600.0,94761.5,94500.0,94666.6,87.75742923
1735394400000,94665.5,95331.2,94404.0,94593.2,268.92984091
1735398000000,94593.2,94824.0,94370.4,94444.1,90.11257385
1735401600000,94444.1,94929.4,94394.9,94869.6,89.32149907
1735405200000,94869.7,95245.5,94806.6,95023.0,142.41689722
1735408800000,95023.1,95104.1,94709.5,94842.8,62.08786568
1735412400000,94842.9,95186.9,94837.8,95040.6,117.49901992
1735416000000,95040.6,95161.1,94882.6,95082.0,30.68877425
1735419600000,95082.0,95232.0,94960.6,95166.5,32.09331679
1735423200000,95166.5,95750.0,95039.1,95326.6,168.64814239
1735426800000,95326.7,95427.4,95121.4,95305.3,77.22758174
1735430400000,95304.1,95346.6,95050.0,95152.4,69.16621026
1735434000000,95152.4,95218.0,94810.0,94856.5,104.11854322
1735437600000,94856.6,95217.8,94848.0,95155.6,98.71005751
1735441200000,95155.7,95217.7,94979.6,95168.4,115.71075957
1735444800000,95172.0,95279.8,95044.0,95120.7,111.43419694
1735448400000,95120.8,95200.0,95060.2,95124.1,89.39763378
1735452000000,95124.2,95220.0,94969.9,95178.9,106.50493821
1735455600000,95179.0,95300.0,95059.9,95265.9,90.42862874
1735459200000,95266.0,95307.6,95062.5,95114.6,154.32277043
1735462800000,95115.0,95207.9,95043.6,95179.2,61.78308881
1735466400000,95179.2,95270.7,95091.4,95153.6,145.41942938
1735470000000,95153.6,95180.0,95000.0,95020.5,98.2244699
1735473600000,95020.6,95133.2,94888.8,94900.0,123.35935907
1735477200000,94900.0,95006.6,94727.0,94930.4,99.53003845
1735480800000,94930.5,95236.2,94000.1,94609.1,439.63097596
1735484400000,94609.1,94787.0,94394.7,94505.4,220.16115663
1735488000000,94505.5,94575.6,93583.9,93899.2,606.7611155
1735491600000,93899.2,94120.3,93800.1,93932.0,234.56465331
1735495200000,93932.0,93939.9,93588.2,93655.9,299.63143705
1735498800000,93655.9,93882.0,93401.3,93612.6,225.79254943
1735502400000,93612.6,93884.7,93364.2,93856.2,123.44724548
1735506000000,93856.1,93944.6,93100.3,93357.4,228.54632943
1735509600000,93357.4,93759.7,93000.0,93131.9,420.30381784
1735513200000,93133.3,93864.0,93000.0,93737.6,578.95758977
1735516800000,93737.6,93917.9,93503.5,93586.8,259.66497052
1735520400000,93586.8,94280.5,93361.3,93952.0,555.45840628
1735524000000,93952.0,93975.1,93416.1,93908.2,235.48947064
1735527600000,93908.2,94082.8,93651.0,93721.3,147.26936335
1735531200000,93721.3,93979.5,93269.9,93277.3,216.71321499
1735534800000,93277.3,93585.6,93200.0,93585.6,222.91034596
1735538400000,93585.6,94054.4,93509.6,93893.5,207.32544889
1735542000000,93893.5,93949.3,93334.2,93734.9,139.28684957
1735545600000,93734.9,93978.9,93710.6,93843.6,261.60241514
1735549200000,93843.5,94044.1,93664.0,93882.0,462.60869788
1735552800000,93880.1,94061.2,93687.7,93787.4,99.46783753
1735556400000,93787.5,93956.0,93473.2,93930.9,193.95633323
1735560000000,93930.8,94266.0,93717.9,93750.7,270.51639538
1735563600000,93750.6,93829.3,92615.0,92690.5,1050.65887486
1735567200000,92690.6,93123.2,91816.5,91887.9,1153.58992076
1735570800000,91889.3,92467.7,91540.0,92123.0,653.80351997
1735574400000,92122.7,92226.4,91807.0,92119.9,246.42422459
1735578000000,92120.0,94195.1,91962.2,93829.4,772.54476596
1735581600000,93829.2,94692.1,93565.2,94580.0,914.56072465
1735585200000,94580.0,94623.7,93900.0,94418.5,422.78760317
1735588800000,94418.5,95041.2,94286.9,94328.0,384.2843
1735592400000,94330.7,94372.0,91899.9,92069.7,778.58073536
1735596000000,92069.7,93053.0,91911.1,92794.2,355.43939755
1735599600000,92794.1,92888.5,92386.4,92796.4,165.7095574
1735603200000,92796.4,92906.3,92363.6,92469.6,552.17310552
1735606800000,92470.4,92584.6,92030.2,92435.7,267.18431711
1735610400000,92439.5,92709.3,92293.0,92471.5,128.04193349
1735614000000,92471.5,92648.0,92243.1,92513.6,151.94076547
1735617600000,92513.6,92822.6,92352.3,92455.9,199.14107959
1735621200000,92456.0,92750.0,92354.0,92602.0,125.41428655
1735624800000,92602.0,93031.9,92574.7,92829.9,279.37641836
1735628400000,92829.8,92911.0,92765.7,92853.3,261.97622435
1735632000000,92853.3,94744.0,92832.0,93920.0,1067.58004226
1735635600000,93920.0,94163.0,93816.4,94022.9,179.41960169
1735639200000,94023.0,94268.2,93637.4,94110.9,231.81218772
1735642800000,94111.0,94300.1,93970.0,94225.4,211.10349674
1735646400000,94228.8,94958.6,94228.8,94544.1,404.88508568
1735650000000,94544.2,96075.6,94522.2,95584.0,838.16584472
1735653600000,95585.2,96258.9,95391.0,95676.3,537.43169376
1735657200000,95681.9,95997.9,94931.2,95417.8,507.16276187
1735660800000,95417.9,95590.0,94605.9,94864.0,324.62858669
1735664400000,94864.1,95062.2,93200.0,94114.5,666.0378063
1735668000000,94114.4,94400.6,93790.0,93871.3,200.43523434
1735671600000,93872.7,94280.5,93706.8,94170.7,128.11742073
1735675200000,94170.7,94220.0,93457.1,93572.0,274.98643272
1735678800000,93572.0,93966.2,93500.0,93892.7,176.74990827
1735682400000,93892.6,93892.6,93379.6,93484.0,82.08503966
1735686000000,93484.0,93764.9,93380.0,93585.1,125.37544509
1735689600000,93585.0,94495.2,93500.0,94399.9,322.77787727
1735693200000,94400.0,94410.4,93572.2,93604.7,186.27899604
1735696800000,93604.7,94106.1,93588.1,94094.9,72.04941216
1735700400000,94095.0,94095.0,93731.6,93835.3,79.27184206
1735704000000,93835.4,93835.4,93531.2,93561.5,65.4115224
1735707600000,93561.6,93936.1,93550.6,93788.4,44.81611331
1735711200000,93788.5,93788.5,93565.2,93757.5,67.49688086
1735714800000,93757.4,93811.0,93655.5,93684.0,59.69983033
1735718400000,93684.0,93761.3,93300.0,93434.7,128.53520609
1735722000000,93434.8,93487.5,92888.0,93411.3,334.63107655
1735725600000,93413.9,93548.2,93276.1,93327.6,127.81953691
1735729200000,93327.7,93735.8,93173.3,93456.0,262.06844014
1735732800000,93456.1,93995.9,93402.6,93820.4,333.81511832
1735736400000,93820.4,94083.3,93606.4,94038.9,210.93071683
1735740000000,94038.9,94456.1,93677.3,94184.9,528.86100026
1735743600000,94185.0,94527.0,93913.7,94442.9,165.26928349
1735747200000,94442.9,94505.0,93928.5,94090.1,153.52641807
1735750800000,94090.1,94189.5,93740.4,94139.2,98.18922612
1735754400000,94139.3,94384.8,93932.0,94339.0,86.04697505
1735758000000,94339.0,94856.6,94143.5,94629.9,143.97205721
1735761600000,94630.0,94882.9,94589.3,94797.1,158.53595253
1735765200000,94795.0,95192.1,94695.0,94974.1,130.88523763
1735768800000,94974.2,94999.0,94687.5,94803.4,87.02876698
1735772400000,94803.4,94949.2,94526.6,94589.5,182.24015778
1735776000000,94589.5,95376.1,94390.4,95121.0,583.41348784
1735779600000,95121.0,95531.2,94717.3,94865.5,276.08615053
1735783200000,94865.5,95240.7,94806.1,95240.7,113.73699542
1735786800000,95240.8,95300.0,94914.7,94996.3,320.77899818
1735790400000,94996.4,96000.0,94976.0,95699.8,672.89464234
1735794000000,95699.9,95812.0,95392.4,95586.5,163.76249529
1735797600000,95586.5,95699.9,95366.8,95582.8,143.67543891
1735801200000,95582.9,95886.2,95510.2,95825.9,246.60466213
1735804800000,95826.0,96221.4,95632.0,96138.5,198.88927677
1735808400000,96138.4,96800.0,96028.5,96734.8,310.50525571
1735812000000,96734.9,96794.6,96527.5,96716.3,242.93826227
1735815600000,96716.3,96880.0,96466.2,96739.0,180.44989319
1735819200000,96739.1,96917.8,96595.2,96859.7,461.86381683
1735822800000,96859.7,96980.9,96439.5,96460.1,238.25404268
1735826400000,96460.1,97428.4,95940.0,97255.8,1421.4295516
1735830000000,97249.0,97322.3,96146.6,96476.5,504.11004113
1735833600000,96473.0,97655.0,96043.8,97231.9,635.39745948
1735837200000,97231.9,97589.7,96323.3,96757.7,293.42260149
1735840800000,96757.8,97348.0,96395.4,97311.8,247.01373197
1735844400000,97311.8,97777.1,97190.2,97316.8,370.89711321
1735848000000,97324.4,97847.6,97300.1,97306.7,209.23316567
1735851600000,97306.8,97355.3,97046.8,97212.2,113.65095971
1735855200000,97212.2,97212.2,96677.6,96900.1,112.53448377
1735858800000,96900.0,97083.8,96783.0,96988.4,94.37862571
1735862400000,96988.4,97075.0,96787.1,96830.3,99.32657901
1735866000000,96830.3,97043.3,96646.2,97000.1,249.56652022
1735869600000,97000.1,97346.6,96857.3,96967.9,114.98222346
1735873200000,96967.9,97100.0,96834.3,97068.4,85.12429434
1735876800000,97068.4,97071.4,96757.1,96817.4,93.8789449
1735880400000,96817.9,96865.7,96590.3,96757.2,91.96748369
1735884000000,96757.3,96916.0,96508.1,96551.0,188.23930014
1735887600000,96550.9,96650.0,96288.1,96311.5,303.82277745
1735891200000,96311.6,96531.9,96100.1,96130.9,176.90979495
1735894800000,96130.8,96705.8,96103.1,96541.9,291.32954199
1735898400000,96541.9,96655.0,96398.7,96493.7,152.52832352
1735902000000,96493.7,96843.6,96488.8,96767.5,126.92509875
1735905600000,96767.5,96928.2,96655.5,96655.5,168.75627306
1735909200000,96654.8,96845.2,96469.4,96508.2,142.12511755
1735912800000,96508.3,97349.9,96508.3,97027.5,425.44875355
1735916400000,97027.6,97660.0,96750.3,97524.4,617.86612395
1735920000000,97525.0,98447.4,97392.5,97863.0,848.41483624
1735923600000,97863.1,98294.3,97833.3,98026.7,264.64287406
1735927200000,98026.7,98688.0,97993.3,98528.4,177.1023288
1735930800000,98528.3,98977.9,98489.7,98591.6,308.83586872
1735934400000,98591.6,98779.3,98293.6,98308.8,351.4784875
1735938000000,98311.8,98424.9,98188.2,98269.5,118.70463963
1735941600000,98269.5,98520.0,98243.9,98298.2,65.4769357
1735945200000,98303.0,98390.4,98078.2,98183.4,65.94140746
1735948800000,98183.9,98293.6,97901.6,97948.7,151.92177459
1735952400000,97948.7,98099.3,97789.9,98035.3,112.26624512
1735956000000,98035.3,98315.5,97849.9,98311.0,102.51974305
1735959600000,98310.9,98310.9,98048.3,98194.0,77.33507078
1735963200000,98194.0,98207.9,97865.6,97999.9,129.76960203
1735966800000,98000.0,98195.9,97986.7,98128.3,95.85089452
1735970400000,98128.4,98221.9,98043.1,98133.8,98.37675262
1735974000000,98133.9,98358.0,98100.1,98273.4,145.83988106
1735977600000,98273.3,98302.1,97900.0,97905.2,105.14847678
1735981200000,97905.3,97989.4,97548.0,97695.3,188.13217309
1735984800000,97695.3,97863.6,97599.9,97800.1,133.57674014
1735988400000,97800.1,97933.3,97720.0,97895.5,237.71911951
1735992000000,97895.4,98029.4,97805.6,97897.0,128.96107297
1735995600000,97897.1,98093.0,97754.6,97992.9,157.15970652
1735999200000,97992.9,98082.6,97835.1,98040.0,86.67285063
1736002800000,98040.4,98167.9,97527.2,97665.3,218.99268077
1736006400000,97665.3,97875.0,97580.6,97716.0,81.34806094
1736010000000,97716.0,98050.0,97688.8,98021.3,40.97576914
1736013600000,98021.3,98148.9,97905.7,97966.7,51.62311168
1736017200000,97966.7,98352.7,97928.9,98162.7,159.79053216
1736020800000,98162.7,98695.6,98162.7,98603.7,198.50164519
1736024400000,98603.8,98785.7,98333.2,98366.5,76.80791795
1736028000000,98366.6,98500.0,98257.5,98419.4,83.2190357
1736031600000,98416.7,98430.5,98151.9,98221.9,78.12282105
1736035200000,98221.9,98391.8,98160.0,98225.5,32.45178859
1736038800000,98225.4,98329.3,98041.7,98131.6,61.45877039
1736042400000,98131.6,98225.3,98106.6,98225.2,46.26439767
1736046000000,98225.3,98238.6,98063.0,98188.8,69.07552395
1736049600000,98188.9,98532.9,98188.8,98358.7,111.22965093
1736053200000,98358.7,98503.3,98270.0,98346.4,58.84403794
1736056800000,98346.4,98500.0,98294.3,98449.8,104.57621055
1736060400000,98449.8,98471.1,98260.1,98267.2,92.03269761
1736064000000,98267.2,98267.3,97753.4,97863.2,258.73522671
1736067600000,97863.3,97940.0,97626.5,97651.3,108.46708391
1736071200000,97651.3,97775.0,97577.0,97731.0,88.11427875
1736074800000,97731.0,97829.1,97605.6,97642.0,63.27302577
1736078400000,97642.1,97950.0,97561.7,97754.6,115.54909572
1736082000000,97754.7,98021.7,97669.3,97695.3,109.70847987
1736085600000,97695.4,97967.9,97260.8,97855.2,244.18346125
1736089200000,97855.1,98276.8,97705.5,98029.8,102.13649519
1736092800000,98029.8,98332.0,97926.5,98029.7,103.55250228
1736096400000,98029.7,98086.8,97650.7,97735.4,72.74558044
1736100000000,97735.4,97932.1,97561.9,97910.8,51.09578123
1736103600000,97910.9,98128.0,97845.3,98078.3,54.88193685
1736107200000,98078.4,98676.4,98024.9,98275.7,137.0547461
1736110800000,98270.4,98515.7,98220.4,98490.6,34.82958703
1736114400000,98490.7,98753.0,98336.9,98681.8,84.43013751
1736118000000,98681.8,98842.4,98317.3,98363.9,146.79213808
1736121600000,98363.9,98785.3,98192.0,98224.2,113.30242153
1736125200000,98224.2,98823.3,97924.0,98757.9,258.57817863
1736128800000,98758.0,99300.0,98642.6,98829.0,484.96953569
1736132400000,98829.0,99230.7,98754.4,99035.1,132.50960884
1736136000000,99035.1,99496.8,99035.1,99465.8,165.4322309
1736139600000,99465.8,99900.0,99376.8,99610.1,309.23608473
1736143200000,99610.1,99759.0,99425.2,99506.4,240.26341831
1736146800000,99506.5,99535.2,99165.5,99317.5,206.91401038
1736150400000,99317.5,99632.7,99000.0,99050.2,183.41989103
1736154000000,99050.3,99260.0,98954.3,99000.0,131.14357647
1736157600000,99000.0,99076.5,98703.0,98781.8,172.83110247
1736161200000,98781.8,99400.0,98700.0,99259.5,161.03999963
1736164800000,99259.5,99723.9,99143.3,99159.9,169.70915444
1736168400000,99160.0,99585.8,98904.5,99498.7,203.30586181
1736172000000,99498.7,101308.0,98706.7,100729.9,1138.23279088
1736175600000,100723.1,102476.0,100467.0,102149.4,1375.80127102
1736179200000,102149.9,102479.3,101707.6,102151.9,599.07943544
1736182800000,102143.6,102143.7,101224.8,101830.9,384.75013734
1736186400000,101830.9,102055.2,101533.7,101746.7,163.512192
1736190000000,101745.0,102032.4,101631.8,101807.2,138.68944568
1736193600000,101807.2,102328.0,101799.9,102116.2,681.63622638
1736197200000,102115.2,102330.0,101579.6,101607.8,211.69318563
1736200800000,101607.8,102077.6,101601.2,102002.0,92.96503556
1736204400000,102002.1,102240.0,101892.1,102230.6,127.77734682
1736208000000,102224.5,102750.0,101942.0,102044.2,230.63497592
1736211600000,102044.2,102066.6,101688.2,101906.9,140.22672063
1736215200000,101907.0,102018.7,101648.1,101676.8,102.47684896
1736218800000,101676.8,101825.8,101508.0,101703.1,147.33000471
1736222400000,101703.2,101932.1,101666.6,101666.6,116.8319104
1736226000000,101666.7,101796.5,101580.3,101732.4,167.88431238
1736229600000,101732.4,101897.9,101627.7,101813.6,138.47686539
1736233200000,101813.7,102020.4,101631.8,101675.8,215.66348108
1736236800000,101675.8,101999.9,101614.0,101903.2,156.43271771
1736240400000,101903.2,101921.3,101640.0,101723.2,137.20748904
1736244000000,101723.3,101723.3,101379.9,101399.3,261.07670448
1736247600000,101399.1,101461.6,100484.6,100844.1,500.45265659
1736251200000,100844.1,100966.6,100618.9,100765.1,246.58556916
1736254800000,100765.1,100966.6,100611.2,100638.0,198.90433693
1736258400000,100638.0,100880.5,99735.1,99994.7,607.23756728
1736262000000,99994.7,100154.0,97097.6,97942.8,2947.67807797
1736265600000,97952.2,98352.2,97583.0,97720.1,679.10414227
1736269200000,97723.6,97794.4,96567.0,97273.4,723.13510444
1736272800000,97268.5,97546.8,96600.0,96750.0,468.04293436
1736276400000,96749.3,97191.4,96300.1,96451.9,301.81018595
1736280000000,96451.9,96866.0,96176.6,96533.4,349.68808031
1736283600000,96533.3,97093.2,96395.6,96501.1,232.53128123
1736287200000,96501.1,97215.5,96403.0,97164.4,137.2729115
1736290800000,97166.2,97174.8,96800.1,96957.9,202.89855975
1736294400000,96958.0,97290.7,96700.0,97264.4,214.29219342
1736298000000,97264.3,97264.3,96614.9,96909.9,288.87711753
1736301600000,96910.0,97177.6,96780.3,96871.9,181.85036927
1736305200000,96872.0,96872.0,96230.1,96526.8,463.82059427
1736308800000,96526.8,96631.4,96041.2,96277.6,354.63948649
1736312400000,96274.7,96650.0,96096.4,96483.5,310.12368969
1736316000000,96484.4,96639.9,95250.0,95277.4,860.2015821
1736319600000,95277.5,95812.2,95183.0,95658.8,679.19380476
1736323200000,95658.8,96148.4,95524.0,95949.9,165.04137603
1736326800000,95947.7,96106.5,95404.4,95430.8,162.58796516
1736330400000,95429.5,96000.0,95429.5,95959.4,164.03869885
1736334000000,95959.5,96058.5,94529.0,95140.5,743.07063808
1736337600000,95136.5,95379.8,94858.9,94880.1,253.53744473
1736341200000,94880.1,95682.7,94880.1,95388.1,303.26481131
1736344800000,95388.0,95864.9,94888.0,95287.2,434.21695833
1736348400000,95287.1,96081.9,94626.5,95481.4,551.73374142
1736352000000,95481.5,95497.5,94556.0,94784.1,289.88043186
1736355600000,94784.0,94861.2,92500.2,94021.9,1523.57388746
1736359200000,94021.9,95108.7,93752.1,94250.4,422.2896424
1736362800000,94251.9,94857.1,94046.0,94247.3,243.52507731
1736366400000,94248.5,94408.1,93752.8,93972.7,324.49004387
1736370000000,93972.7,94581.9,93600.0,94460.5,191.65453162
1736373600000,94460.6,95298.0,94451.4,95288.9,215.36832538
1736377200000,95289.0,95294.2,94900.0,95037.0,153.53122803
1736380800000,95042.7,95159.6,94800.1,95137.1,112.34214905
1736384400000,95137.1,95391.9,94967.8,94990.4,167.69797938
1736388000000,94990.5,95036.8,93436.4,94774.3,819.87707635
1736391600000,94780.9,94800.5,94010.0,94022.3,236.6264581
1736395200000,94022.3,94489.0,93798.3,94416.6,181.52463013
1736398800000,94413.9,94566.0,94275.6,94472.0,64.41998463
1736402400000,94472.0,94625.0,94030.5,94086.8,438.85927138
1736406000000,94086.8,94299.9,93200.0,93228.3,823.98398196
1736409600000,93228.3,93417.0,92751.6,93030.8,758.84857328
1736413200000,93031.6,93734.6,92974.7,93514.1,166.72243142
1736416800000,93514.1,93663.1,93023.3,93457.1,88.57018902
1736420400000,93457.1,93878.0,93221.0,93466.6,175.60299875
1736424000000,93466.6,93695.4,93159.8,93417.8,126.10628923
1736427600000,93417.8,93493.5,91896.0,91985.1,684.57251933
1736431200000,91985.1,92897.3,91800.0,92866.6,682.42548707
1736434800000,92866.2,94590.2,92667.8,94247.1,539.53347015
1736438400000,94247.1,94694.1,93845.4,94250.7,342.21023437
1736442000000,94250.8,94291.9,92325.8,92690.0,558.79894823
1736445600000,92690.0,93239.6,92396.1,93020.6,332.36953183
1736449200000,93020.6,93297.4,91900.0,91912.7,378.12562225
1736452800000,91910.0,92371.7,91200.0,91890.2,851.43234608
1736456400000,91895.9,92493.1,91774.1,92113.4,247.63675338
1736460000000,92108.4,92722.8,91621.6,92453.3,218.7631863
1736463600000,92461.8,92691.0,92047.2,92553.1,162.0772104
1736467200000,92553.0,92855.8,92459.7,92770.0,176.65452301
1736470800000,92770.0,93170.7,92593.2,93109.0,163.17423275
1736474400000,93109.0,93707.3,93043.5,93371.2,260.5876884
1736478000000,93372.1,93737.8,93316.0,93720.1,149.98187597
1736481600000,93720.1,93916.9,93500.9,93846.7,153.86622725
1736485200000,93846.7,94265.0,93654.1,93968.9,210.83285788
1736488800000,93968.9,94335.3,93733.4,94253.2,273.19433256
1736492400000,94253.2,94990.0,94076.6,94498.1,482.34739224
1736496000000,94498.0,94760.1,94382.1,94673.5,189.20449084
1736499600000,94674.0,94981.0,94573.3,94787.6,160.54773699
1736503200000,94787.7,95264.4,94753.6,95205.7,227.77543657
1736506800000,95205.6,95248.2,94560.0,95065.4,670.62563935
1736510400000,95066.2,95125.2,94707.1,95028.4,258.96045098
1736514000000,95028.5,95040.1,92718.5,93548.6,1558.89755148
1736517600000,93541.6,94687.5,93397.8,94110.8,1334.45575717
1736521200000,94112.1,94531.4,92222.0,93734.9,979.9825862
1736524800000,93735.0,94042.4,93185.4,93654.3,356.72581115
1736528400000,93658.5,95853.1,93308.7,95814.2,599.5451146
1736532000000,95814.1,95814.1,94579.0,94866.6,460.42943657
1736535600000,94871.7,95384.3,94400.0,95323.0,233.87263725
1736539200000,95323.0,95448.4,94589.3,94668.6,214.88105023
1736542800000,94678.2,94926.0,94601.2,94615.7,143.60231947
1736546400000,94619.2,94975.0,94583.0,94775.0,87.0047369
1736550000000,94775.0,94911.0,94653.7,94726.5,54.26632039
1736553600000,94724.5,94746.2,94349.5,94599.4,91.27163644
1736557200000,94599.4,94695.9,94217.3,94431.1,79.06214251
1736560800000,94431.2,94506.9,94175.1,94426.6,232.38482891
1736564400000,94426.5,94442.2,94100.0,94209.7,84.54298472
1736568000000,94209.7,94316.6,93829.6,94067.0,121.83240722
1736571600000,94067.1,94385.3,94016.7,94365.0,64.3706199
1736575200000,94365.0,94437.6,94210.1,94210.1,59.53947938
1736578800000,94210.2,94341.2,94143.0,94253.6,45.36338602
1736582400000,94252.5,94401.8,94029.8,94069.4,88.08563633
1736586000000,94069.5,94334.0,94036.7,94332.6,53.4629984
1736589600000,94332.7,94549.9,94301.5,94494.8,93.34674639
1736593200000,94494.8,94798.0,94454.0,94625.6,98.30657747
1736596800000,94625.7,94650.0,94530.3,94550.6,90.0609914
1736600400000,94550.7,94606.7,94334.7,94391.3,88.08751369
1736604000000,94391.3,94642.3,94300.0,94615.1,118.28868134
1736607600000,94614.4,94644.2,94380.0,94413.0,47.72864325
1736611200000,94412.9,94722.1,94307.6,94454.0,108.82087898
1736614800000,94454.0,94454.0,93968.9,94155.1,144.25571738
1736618400000,94155.2,94313.3,94118.9,94278.0,43.63302199
1736622000000,94277.9,94339.9,94077.6,94245.4,55.69862654
1736625600000,94245.4,94670.5,94188.5,94594.2,46.81616853
1736629200000,94594.2,95029.6,94569.0,94940.9,101.79146567
1736632800000,94940.9,95039.2,94567.0,94589.4,53.34293485
1736636400000,94589.4,94768.4,94546.5,94612.5,44.697313
1736640000000,94612.5,94668.6,94422.7,94453.3,69.04138127
1736643600000,94453.3,94593.7,94300.1,94579.7,43.80253
1736647200000,94579.7,94668.4,94479.7,94626.2,43.33747721
1736650800000,94627.4,94725.6,94416.2,94629.1,40.12847539
1736654400000,94629.1,94663.0,94501.5,94584.2,35.41953061
1736658000000,94584.2,94630.2,94500.2,94573.9,18.67228248
1736661600000,94573.9,94618.4,94369.8,94371.3,46.33216614
1736665200000,94371.3,94451.2,94244.3,94332.7,82.80073083
1736668800000,94332.7,94397.3,94102.0,94172.1,75.38061638
1736672400000,94172.2,94228.3,93711.8,93905.9,121.54403532
1736676000000,93905.4,94080.0,93830.0,94016.5,64.7095705
1736679600000,94016.5,94359.6,94013.9,94261.7,75.76018978
1736683200000,94257.9,94612.0,94173.5,94333.3,165.05177525
1736686800000,94333.4,94734.2,94303.6,94671.5,138.63018304
1736690400000,94671.5,94989.2,94671.5,94815.2,158.86147547
1736694000000,94815.3,95465.0,94675.6,95073.9,278.0415506
1736697600000,95073.9,95130.0,94801.6,95057.0,92.87924409
1736701200000,95057.0,95274.2,94973.0,95131.7,67.38802586
1736704800000,95129.5,95309.9,94908.0,94992.7,40.80856482
1736708400000,94992.5,95072.5,94563.5,94657.0,68.45268903
1736712000000,94657.0,94808.5,94612.7,94692.6,71.52347694
1736715600000,94697.0,94729.8,94300.0,94347.5,71.97515124
1736719200000,94345.7,94362.3,93800.0,93969.4,148.79276286
1736722800000,93969.5,94566.0,93952.3,94549.9,126.61656631
1736726400000,94549.9,95947.2,94450.1,95340.8,505.18991084
1736730000000,95322.2,95408.0,94084.2,94221.8,430.77283563
1736733600000,94219.0,94509.4,93900.0,94217.2,189.33485082
1736737200000,94217.1,94420.1,93979.1,94264.0,131.87152747
1736740800000,94264.1,94920.0,94196.6,94498.3,180.02257639
1736744400000,94498.3,94543.1,94037.2,94171.2,134.63491179
1736748000000,94171.3,94341.8,93266.6,93638.8,308.16508189
1736751600000,93639.4,93950.7,93470.5,93592.7,139.43530305
1736755200000,93592.6,93656.7,92904.0,93048.1,254.39354065
1736758800000,93048.1,93205.0,92650.0,92846.5,299.37999914
1736762400000,92845.1,92888.0,91350.0,91630.0,1356.63039324
1736766000000,91630.0,91782.1,90833.1,90872.3,1737.78757085
1736769600000,90872.3,91351.4,90300.0,90737.8,1730.70778472
1736773200000,90737.9,91777.0,90580.2,91100.0,1212.74759778
1736776800000,91100.0,92294.7,89111.0,91819.7,2298.06356353
1736780400000,91819.7,93096.9,91571.6,92123.5,875.19180974
1736784000000,92123.6,92295.8,91243.7,91348.1,501.14157869
1736787600000,91346.6,92304.7,91242.5,91980.1,397.43910642
1736791200000,91980.1,92406.6,91592.1,92072.9,273.40221338
1736794800000,92072.8,92535.9,91591.8,92303.8,281.34624164
1736798400000,92314.2,93790.1,91900.1,93577.9,339.35184861
1736802000000,93579.4,94474.3,93400.1,94201.1,434.02134531
1736805600000,94201.2,94724.8,94147.4,94406.5,272.61544781
1736809200000,94406.5,94623.9,94175.5,94538.5,231.56444023
1736812800000,94538.6,94885.9,94350.0,94473.3,228.9951331
1736816400000,94473.4,95050.0,94463.2,94839.3,342.04244239
1736820000000,94839.3,95293.5,94740.1,94892.7,475.92679671
1736823600000,94892.6,95126.0,94828.1,94869.1,203.85026643
1736827200000,94869.1,95170.0,94836.0,95126.9,143.88074363
1736830800000,95126.9,95492.4,94839.7,94923.9,238.64585993
1736834400000,94923.9,95037.4,94742.6,95037.3,132.43352341
1736838000000,95037.3,95173.8,94844.5,94866.5,237.74698978
1736841600000,94866.4,95820.0,94866.0,95495.2,592.07527598
1736845200000,95495.2,97384.0,95454.1,97173.4,1497.79233874
1736848800000,97173.5,97200.0,96571.4,96685.0,499.72894378
1736852400000,96685.0,96695.8,96337.6,96548.6,310.22116016
1736856000000,96548.6,96729.8,95990.5,95993.7,553.71515728
1736859600000,95993.7,97292.4,95759.5,96336.0,792.70562539
1736863200000,96336.1,97292.3,96029.0,96300.2,710.05459649
1736866800000,96301.6,96981.1,96189.3,96475.7,432.31994686
1736870400000,96475.7,96475.7,95340.1,95739.3,536.84164465
1736874000000,95739.2,96565.7,95580.5,96529.5,305.54000986
1736877600000,96526.9,96964.1,96292.0,96785.1,227.58503399
1736881200000,96785.0,97110.1,96474.5,96545.1,315.57687411
1736884800000,96539.1,96926.9,96141.0,96505.2,233.68289949
1736888400000,96509.8,96683.3,96323.1,96480.3,137.95368296
1736892000000,96482.1,96749.7,96451.3,96694.7,87.33113297
1736895600000,96694.6,96786.4,96500.0,96559.9,59.21414218
1736899200000,96560.0,97347.9,96500.0,96900.0,449.33085381
1736902800000,96899.9,97557.1,96794.0,97338.2,416.65816328
1736906400000,97341.9,97457.9,96745.6,96823.7,163.71211696
1736910000000,96822.2,97327.7,96755.1,97317.1,174.49296865
1736913600000,97317.1,97720.6,97052.7,97192.1,259.31540559
1736917200000,97194.3,97248.2,96748.0,97040.0,244.37419863
1736920800000,97040.0,97162.3,96862.1,97116.5,98.09674708
1736924400000,97116.5,97593.7,97116.4,97294.9,236.65567137
1736928000000,97294.9,97533.9,97152.1,97210.8,192.58707534
1736931600000,97210.7,97367.9,96763.1,96825.3,257.680687
1736935200000,96825.3,97146.3,96700.2,96938.3,156.4393553
1736938800000,96938.5,96956.6,96531.1,96771.2,227.87743724
1736942400000,96771.2,97200.0,96547.1,96944.6,174.0324199
1736946000000,96944.6,99032.0,96859.4,98959.9,1285.22326217
1736949600000,98959.9,99500.0,98616.7,99439.4,789.97153187
1736953200000,99440.6,99773.0,98968.7,98985.9,799.99065159
1736956800000,98985.8,99480.0,98875.2,98999.5,354.78541042
1736960400000,98999.6,99328.0,98602.7,98644.2,228.51936285
1736964000000,98644.2,99454.0,98644.2,99447.8,169.22824953
1736967600000,99446.0,99967.0,99287.4,99846.0,531.31680447
1736971200000,99846.1,100687.0,99416.9,99550.7,698.10564579
1736974800000,99554.3,99856.2,99480.4,99679.0,142.90112243
1736978400000,99679.0,99845.2,99552.1,99728.5,100.67844731
1736982000000,99728.5,100500.0,99626.7,100497.0,303.86827445
1736985600000,100495.2,100880.0,99658.5,99876.0,574.403205
1736989200000,99876.1,100202.0,99806.1,100074.5,268.60073992
1736992800000,100081.2,100129.3,99477.6,99640.7,238.28159889
1736996400000,99640.7,99854.8,99162.9,99470.4,273.20813307
1737000000000,99470.4,99699.9,99470.3,99614.4,111.99968841
1737003600000,99614.4,99626.0,99358.5,99382.0,87.47049705
1737007200000,99382.1,99909.2,99312.0,99798.3,241.42475971
1737010800000,99798.3,99850.0,99643.1,99814.0,193.47955857
1737014400000,99812.9,99831.7,98632.0,98958.0,556.91797626
1737018000000,98958.1,99336.5,98646.5,99153.3,257.29231551
1737021600000,99153.4,99427.5,99118.3,99212.6,98.30962941
1737025200000,99212.7,99340.9,98726.0,99156.1,325.97501625
1737028800000,99156.0,99517.6,98885.3,99387.4,281.89380489
1737032400000,99387.5,99427.8,98766.0,99081.9,404.15252644
1737036000000,99081.9,99391.5,97500.1,97615.2,965.29399603
1737039600000,97615.2,99300.0,97311.1,99299.9,639.61891216
1737043200000,99299.9,99872.0,99063.4,99348.2,870.60012485
1737046800000,99348.1,100372.3,99175.2,99835.6,464.81734307
1737050400000,99829.3,100065.9,99250.0,99579.2,317.35935847
1737054000000,99579.3,100443.9,99401.5,100415.1,293.32464506
1737057600000,100415.2,100642.0,100262.4,100358.4,440.48013494
1737061200000,100349.9,100386.0,99701.3,100155.3,231.87102337
1737064800000,100155.3,100155.3,99351.4,99836.0,117.49772571
1737068400000,99836.1,100113.3,99735.2,99990.8,151.01267469
1737072000000,99990.9,100442.9,99950.1,100133.0,175.95479154
1737075600000,100133.0,101857.3,100038.5,101658.4,1094.09706516
1737079200000,101659.7,102164.0,100782.3,101103.2,697.50911189
1737082800000,101103.2,101264.2,100936.0,101047.1,247.95078926
1737086400000,101047.1,101495.9,100950.4,101477.7,206.90140049
1737090000000,101477.8,101769.9,101285.5,101345.7,218.4238603
1737093600000,101341.6,101598.0,101306.3,101409.4,93.02942475
1737097200000,101409.4,101893.7,101391.3,101430.2,472.98108093
1737100800000,101430.2,102212.9,101430.2,102129.8,505.55958452
1737104400000,102129.8,102299.9,101740.0,101856.6,308.28966593
1737108000000,101855.1,102597.7,101800.0,102334.7,755.74423307
1737111600000,102334.7,102455.8,102089.2,102229.8,157.30354954
1737115200000,102229.8,102970.0,102193.6,102749.9,376.36943608
1737118800000,102750.0,102974.0,102425.2,102478.5,526.15064694
1737122400000,102478.5,103382.2,102273.0,103382.2,797.31896544
1737126000000,103382.2,104248.3,103286.4,104013.6,1067.45936374
1737129600000,104013.6,105000.0,103835.0,104979.9,794.59256887
1737133200000,104983.8,105300.0,104001.5,104143.8,901.13326065
1737136800000,104143.9,104964.7,104046.7,104848.2,691.38432946
1737140400000,104848.2,105845.7,104687.6,105838.0,907.04739512
1737144000000,105840.0,105847.4,104540.4,104683.0,1090.57567071
1737147600000,104682.9,105039.9,104470.8,104610.1,261.72969351
1737151200000,104610.1,104700.0,104210.7,104426.1,209.10627603
1737154800000,104426.0,104535.1,104080.0,104084.4,136.27347751
1737158400000,104084.5,104666.0,104077.2,104663.9,137.91618949
1737162000000,104664.0,104664.0,104104.1,104262.3,203.47455035
1737165600000,104262.4,104501.9,104246.0,104324.0,103.55794081
1737169200000,104324.1,104473.4,103046.1,103589.2,603.01575484
1737172800000,103589.2,103715.2,102670.4,103599.9,474.05558864
1737176400000,103600.0,103783.1,102800.0,102831.1,334.11791147
1737180000000,102831.2,103664.5,102822.0,103444.6,606.27370099
1737183600000,103444.7,103502.0,102600.1,102827.7,401.76729067
1737187200000,102827.5,103333.3,102288.0,103276.7,430.59384042
1737190800000,103276.7,103461.5,103050.3,103162.2,169.78893422
1737194400000,103162.2,103292.1,102844.3,103180.1,271.80884911
1737198000000,103178.9,103896.7,102935.4,103592.1,288.48503673
1737201600000,103592.1,104034.0,103378.0,103447.9,218.23969843
1737205200000,103446.1,104400.0,103128.3,104365.5,255.25297327
1737208800000,104365.6,104566.0,103720.2,103991.1,363.34675881
1737212400000,103991.1,104984.0,103750.1,104561.4,320.04726541
1737216000000,104561.4,104719.5,103148.1,103247.2,499.36133994
1737219600000,103247.1,104213.4,103247.1,103817.9,217.86176778
1737223200000,103817.9,104399.6,103778.1,104088.2,204.25315407
1737226800000,104088.3,104486.4,104081.7,104384.9,112.63650633
1737230400000,104384.9,104496.0,103752.2,104026.1,423.94159841
1737234000000,104026.2,104279.7,103886.5,103893.2,188.71781868
1737237600000,103893.1,104319.8,103866.6,104293.5,82.20527877
1737241200000,104293.5,104750.0,104293.5,104551.6,226.20812388
1737244800000,104551.6,104551.6,104111.0,104111.1,139.87788751
1737248400000,104111.1,104680.0,104010.3,104487.3,174.5770424
1737252000000,104487.4,105458.0,104479.1,104870.0,375.71054564
1737255600000,104870.1,105178.0,104550.0,104977.9,265.53865648
1737259200000,104977.9,105257.6,104666.0,105033.0,328.85330398
1737262800000,105033.1,105131.1,104260.0,105117.2,323.24223749
1737266400000,105117.2,105633.9,105020.0,105567.9,437.82437348
1737270000000,105570.1,105599.8,104957.1,105164.9,403.70347735
1737273600000,105164.9,105175.4,104326.6,104426.2,501.85540619
1737277200000,104426.1,105462.0,103426.7,105297.3,827.30359984
1737280800000,105299.9,105311.8,104400.0,104829.2,442.78692614
1737284400000,104829.3,105364.1,104203.4,104365.0,463.75615889
1737288000000,104365.1,105061.3,104308.1,104949.8,487.36241347
1737291600000,104950.7,105332.0,104873.6,104977.3,426.72717122
1737295200000,104977.3,105730.7,104784.4,105156.3,679.1673912
1737298800000,105160.5,105240.6,104513.7,104933.5,387.19165803
1737302400000,104933.5,105223.5,104705.9,104956.8,261.51775098
1737306000000,104956.8,105158.0,104523.5,105114.7,232.68432567
1737309600000,105114.7,105250.0,104908.0,105032.0,126.24698877
1737313200000,105032.0,106235.6,104970.0,106217.0,368.97075443
1737316800000,106216.9,106448.6,105492.9,106293.1,379.68187021
1737320400000,106293.1,106390.0,103679.3,103679.5,1092.811296
1737324000000,103679.4,104500.0,101077.8,103406.1,1574.21232872
1737327600000,103406.0,103413.3,99639.4,101334.0,3169.86122535
1737331200000,101334.0,101666.6,99526.4,99787.3,1670.56493635
1737334800000,99787.4,100992.7,99600.0,100686.1,973.28968533
1737338400000,100691.6,102343.5,100603.8,101940.3,749.1171994
1737342000000,101944.6,102227.1,101419.8,101919.6,521.14797073
1737345600000,101903.0,102832.8,101550.0,102233.6,516.4807168
1737349200000,102233.6,102832.0,102135.6,102354.9,609.1072711
1737352800000,102355.0,109800.0,102233.1,107516.2,4103.05978073
1737356400000,107517.8,109490.6,106958.3,107148.3,2727.55802183
1737360000000,107156.4,108429.6,107109.3,108343.8,676.21984044
1737363600000,108343.8,109222.2,107568.1,108158.1,1197.86092306
1737367200000,108158.2,108772.3,107791.9,107982.2,624.32341809
1737370800000,107991.8,108566.4,107818.0,108245.1,532.89494623
1737374400000,108245.2,108716.1,105511.3,106919.1,1443.42598356
1737378000000,106919.2,108132.1,106653.3,107963.9,858.49100769
1737381600000,107964.0,108153.7,107288.6,107886.6,470.17021013
1737385200000,107885.0,108001.0,104486.1,104940.7,1294.93482585
1737388800000,104950.3,107040.7,103721.1,106682.9,1458.28966575
1737392400000,106673.0,106806.6,100555.1,102951.9,5571.69425195
1737396000000,102955.9,104500.0,102727.3,103920.2,871.79128276
1737399600000,103911.6,103959.9,102727.3,103681.2,513.6021501
1737403200000,103681.7,104350.4,103347.8,103646.3,383.16863343
1737406800000,103638.6,104072.6,102567.0,102603.7,342.63415722
1737410400000,102595.0,103824.4,101818.8,103604.5,478.90890966
1737414000000,103606.5,103693.5,101723.7,102264.3,627.06693325
1737417600000,102263.9,102673.0,101030.3,101180.2,852.43954257
1737421200000,101180.2,102228.1,100111.0,101492.0,1136.68506478
1737424800000,101495.9,102750.4,101058.3,102540.0,609.67253302
1737428400000,102539.4,103250.0,102298.4,102922.6,447.63363626
1737432000000,102922.6,102967.8,101898.8,102334.6,805.43699482
1737435600000,102334.5,102516.0,101298.3,101364.3,433.44110812
1737439200000,101374.4,102176.6,101107.2,102167.9,582.80242809
1737442800000,102167.9,102480.6,101805.7,101994.8,1039.6718952
1737446400000,101994.8,102490.0,101733.2,102457.9,306.56550756
1737450000000,102454.8,102913.8,102069.9,102704.8,340.41895735
1737453600000,102704.8,103373.3,102563.4,103163.9,507.53776486
1737457200000,103164.0,103969.5,103071.9,103750.1,581.96933509
1737460800000,103750.1,104730.7,103605.0,104511.1,558.30928716
1737464400000,104512.1,104972.1,104141.6,104447.9,385.17044499
1737468000000,104448.0,105312.5,103024.0,103269.9,912.20380719
1737471600000,103263.6,104110.7,102800.0,103954.2,751.94559658
1737475200000,103954.2,106553.1,103816.1,104980.6,2215.80019102
1737478800000,104980.5,106429.0,104889.4,106181.9,762.09107114
1737482400000,106181.9,107285.8,105874.8,106866.1,829.38264935
1737486000000,106866.1,107150.0,106267.3,107022.0,546.62430916
1737489600000,107022.1,107200.0,105912.6,106137.2,1082.43266018
1737493200000,106133.3,106822.5,105753.2,106776.6,435.22012246
1737496800000,106775.4,106784.0,105971.1,106004.3,320.82509719
1737500400000,106004.4,106303.1,105425.3,106150.1,418.31108288
1737504000000,106150.1,106360.0,105800.0,105956.0,317.73697291
1737507600000,105963.9,106416.3,105446.6,105807.0,291.85998694
1737511200000,105806.9,106200.0,105532.0,105592.5,282.33565366
1737514800000,105593.7,105923.6,105593.2,105607.0,209.03147756
1737518400000,105607.0,105825.7,105290.5,105585.7,179.35836968
1737522000000,105585.8,105861.3,105492.1,105701.8,422.95511318
1737525600000,105701.9,105956.2,105180.2,105385.3,267.9806855
1737529200000,105385.2,105680.8,105037.8,105071.3,330.46641964
1737532800000,105071.3,105361.7,104700.0,105266.6,306.6929114
1737536400000,105266.5,105272.3,104907.9,104987.8,160.6976186
1737540000000,104987.8,105160.0,104628.6,105128.1,222.56220283
1737543600000,105127.6,105466.2,104750.1,105103.4,307.43186604
1737547200000,105107.0,105610.9,105058.8,105275.3,382.5302947
1737550800000,105275.2,105357.8,103811.5,104065.2,360.22040751
1737554400000,104074.0,104948.6,103638.5,104386.6,739.91541124
1737558000000,104388.8,105155.5,103973.7,104188.0,456.50684073
1737561600000,104189.0,104237.9,103308.3,103700.0,636.44227899
1737565200000,103700.1,104600.0,103660.1,104333.3,577.65719089
1737568800000,104328.2,104682.0,103745.8,103894.1,303.67391022
1737572400000,103893.9,104759.2,103849.0,104631.6,208.11080067
1737576000000,104631.7,104822.9,104074.4,104315.7,536.22230702
1737579600000,104321.6,104372.3,103625.8,104080.8,190.06048666
1737583200000,104081.1,104513.4,103780.0,103878.0,94.16883356
1737586800000,103877.9,104145.4,103657.8,103704.1,180.16957743
1737590400000,103704.2,103821.9,103053.6,103300.1,219.10522623
1737594000000,103300.1,103662.0,102585.0,102943.2,416.05730662
1737597600000,102943.2,103000.0,102109.5,102646.1,503.60015024
1737601200000,102646.1,102988.2,102171.8,102455.6,213.74168053
1737604800000,102455.6,102494.0,101500.0,102057.8,584.24868179
1737608400000,102057.7,102637.4,101984.1,102530.5,237.72740482
1737612000000,102530.4,102968.0,102132.8,102262.2,224.96743172
1737615600000,102261.4,102792.5,102058.0,102709.5,262.50623861
1737619200000,102709.4,102711.6,102032.9,102218.2,216.93379066
1737622800000,102218.2,102465.4,101642.9,101660.0,258.00775354
1737626400000,101660.0,102072.0,101233.0,101685.5,354.60533371
1737630000000,101685.6,102190.5,101685.5,101943.6,201.93377765
1737633600000,101943.6,102128.0,101411.9,101638.8,237.86873686
1737637200000,101638.7,102705.8,101322.3,102508.0,366.58037846
1737640800000,102507.9,106062.1,101982.1,105212.1,1721.23169949
1737644400000,105212.1,105783.8,102662.9,105272.7,3058.02363224
1737648000000,105272.9,106863.1,105023.2,105139.0,1658.89643138
1737651600000,105133.3,106252.0,104205.2,105930.0,748.05177012
1737655200000,105932.1,106156.1,105106.0,105431.2,432.49636762
1737658800000,105431.3,105517.8,103359.4,103766.6,820.06436519
1737662400000,103766.6,106415.3,102581.0,103287.7,4287.97365167
1737666000000,103279.3,103405.5,102213.2,103073.0,810.42302863
1737669600000,103076.5,104738.1,102967.7,103985.3,642.15801619
1737673200000,103977.8,104569.5,103782.2,103914.8,285.17982342
1737676800000,103914.8,104171.9,103427.8,103459.5,264.33555718
1737680400000,103459.6,103912.3,103076.0,103244.6,252.09517163
1737684000000,103244.7,103549.9,102966.4,103022.7,380.57244345
1737687600000,103022.7,104311.0,102750.0,103897.1,372.85056861
1737691200000,103897.1,104932.4,103802.2,104630.4,330.56013301
1737694800000,104630.0,105277.5,104544.8,105229.0,331.43666485
1737698400000,105229.0,105360.0,104624.0,104999.9,312.72487147
1737702000000,105000.0,105191.9,104656.6,105041.3,403.70505266
1737705600000,105041.3,105666.5,104916.7,105502.7,327.19175633
1737709200000,105502.6,105763.3,105057.0,105158.1,279.19730953
1737712800000,105156.2,105444.9,105050.0,105417.0,202.16253861
1737716400000,105419.1,105565.4,105215.4,105422.3,147.60262529
1737720000000,105424.6,105593.8,105185.1,105540.8,235.06041147
1737723600000,105540.9,105799.0,104973.4,105114.2,227.00162545
1737727200000,105114.2,106333.3,104658.7,105752.7,539.93452488
1737730800000,105752.8,105997.0,105255.5,105862.2,308.13990977
1737734400000,105862.1,106194.6,105583.1,105646.0,408.23006187
1737738000000,105645.9,106700.0,105620.0,106468.5,388.86402903
1737741600000,106468.5,107146.3,106061.8,106326.1,468.19155217
1737745200000,106326.0,106621.8,105686.7,105766.4,331.54545336
1737748800000,105766.3,105774.4,104728.1,104859.9,422.02046089
1737752400000,104860.0,105383.0,104860.0,105117.3,217.13505841
1737756000000,105117.3,105499.7,104718.0,104773.1,183.53410198
1737759600000,104780.0,104932.0,104416.1,104866.1,265.86047279
1737763200000,104866.2,104866.2,104352.9,104410.4,224.55271787
1737766800000,104410.4,104823.4,104379.1,104736.9,100.97831788
1737770400000,104736.9,104844.4,104473.4,104557.4,109.97807511
1737774000000,104557.5,105290.5,104460.0,105216.1,188.11388239
1737777600000,105216.1,105216.7,104600.0,104654.1,143.60419539
1737781200000,104654.1,104699.9,104250.0,104369.4,184.90320363
1737784800000,104369.4,104479.9,104218.1,104320.0,114.8693455
1737788400000,104320.0,104530.4,104293.5,104399.9,101.86354662
1737792000000,104399.8,104500.0,104120.1,104346.6,91.29752488
1737795600000,104346.6,104454.6,104280.0,104361.8,53.93160021
1737799200000,104361.8,104659.0,104106.1,104537.3,128.86596708
1737802800000,104537.3,104721.3,104387.3,104672.2,74.70566117
1737806400000,104672.1,104800.0,104450.0,104755.5,88.68544488
1737810000000,104755.6,104873.9,104616.0,104714.1,107.31208465
1737813600000,104714.2,104725.3,104451.4,104588.8,120.12768023
1737817200000,104588.7,105132.8,104588.7,104897.2,143.72965894
1737820800000,104897.3,104988.7,104578.0,104655.0,124.08792389
1737824400000,104655.0,104930.2,104433.2,104891.6,197.91800338
1737828000000,104891.6,105300.0,104819.9,104974.8,222.27448997
1737831600000,104974.8,105182.6,104900.0,105042.7,85.7371481
1737835200000,105042.8,105193.2,104939.9,104956.9,76.34222246
1737838800000,104957.0,105113.2,104855.3,105092.2,78.08712698
1737842400000,105092.3,105253.2,105000.0,105071.8,83.79289905
1737846000000,105071.8,105125.7,104685.0,104740.3,97.69594292
1737849600000,104740.3,104843.3,104517.7,104593.9,83.33400212
1737853200000,104593.8,104774.9,104510.1,104617.8,63.80678353
1737856800000,104617.8,104723.9,104520.0,104692.6,119.67588587
1737860400000,104692.7,105243.6,104692.7,105059.9,125.21746562
1737864000000,105060.0,105526.6,104972.1,105174.2,131.01673186
1737867600000,105174.2,105205.8,105002.8,105094.1,46.5662419
1737871200000,105094.2,105112.3,104958.0,104992.0,47.35220186
1737874800000,104992.0,105116.3,104917.9,104993.7,93.22048688
1737878400000,104993.6,105227.1,104860.0,105027.7,65.68086348
1737882000000,105027.6,105029.8,104429.1,104621.4,220.71182744
1737885600000,104621.5,104719.9,104486.0,104717.5,120.49218266
1737889200000,104717.5,104862.0,104646.6,104820.0,65.76824363
1737892800000,104820.1,104908.7,104700.3,104908.7,46.8600216
1737896400000,104908.7,105057.1,104833.5,104953.9,98.37926893
1737900000000,104953.9,105000.0,104791.5,104942.6,43.27650406
1737903600000,104942.7,105109.7,104878.6,104972.6,78.38278559
1737907200000,104972.5,105040.9,104900.0,104933.1,78.5514693
1737910800000,104933.1,105061.9,104918.9,104946.4,26.94354353
1737914400000,104946.4,105270.4,104901.4,105170.6,88.0382643
1737918000000,105170.7,105241.3,105030.8,105081.6,46.1137572
1737921600000,105081.7,105204.0,104926.8,104961.2,44.3062439
1737925200000,104961.3,105003.8,104547.2,104561.5,89.54985899
1737928800000,104560.1,104715.2,104306.0,104331.4,134.89358282
1737932400000,104331.1,104331.1,102500.0,102604.5,1148.55051754
1737936000000,102600.7,103272.2,101591.8,101728.2,706.17996683
1737939600000,101731.2,102077.2,101156.1,101300.0,800.4594758
1737943200000,101300.0,101700.0,100835.3,100996.1,795.94825575
1737946800000,100996.0,101854.0,100696.6,101388.9,480.87105481
1737950400000,101389.0,101397.8,100238.2,100400.0,950.88064446
1737954000000,100399.9,100731.2,99718.0,100366.6,1033.06893256
1737957600000,100366.6,100487.2,98705.5,98949.9,1135.61907048
1737961200000,98949.9,99399.9,97751.6,99036.4,1497.45350038
1737964800000,99036.1,99363.8,98684.0,99037.5,580.59505041
1737968400000,99037.5,99531.9,98800.0,99421.5,480.26971915
1737972000000,99421.5,99457.0,98273.6,98391.6,419.90487291
1737975600000,98379.2,99359.2,98315.0,98753.0,405.0045679
1737979200000,98753.0,100878.6,98708.1,100614.5,1015.9161374
1737982800000,100614.5,101650.0,100000.8,100491.4,1042.67223795
1737986400000,100491.3,102349.0,100101.8,101904.1,1123.98808358
1737990000000,101904.1,102128.1,100826.6,101101.3,835.15620208
1737993600000,101101.3,101246.9,99553.7,99740.2,901.74952673
1737997200000,99740.2,100049.5,99045.1,99157.3,672.99638611
1738000800000,99153.7,99750.4,98859.0,99190.5,413.29021376
1738004400000,99190.6,99953.8,99181.3,99699.9,289.89336632
1738008000000,99699.8,101759.1,99609.2,101384.0,612.35044274
1738011600000,101382.0,102438.9,100943.1,101342.5,618.59711592
1738015200000,101342.6,101964.4,101274.4,101631.5,170.4387773
1738018800000,101632.6,102170.2,101632.6,102076.1,306.93366299
1738022400000,102076.1,102903.3,101751.0,101861.6,427.55269929
1738026000000,101861.6,102008.2,101358.8,101371.8,334.07876552
1738029600000,101371.7,102437.9,101333.4,102400.1,277.07222655
1738033200000,102400.1,102899.0,102033.3,102627.5,342.41432181
1738036800000,102627.6,103373.6,102600.9,102912.9,425.84533624
1738040400000,102913.5,103340.0,102809.8,103010.1,177.18259009
1738044000000,103010.0,103206.2,102619.1,102746.7,179.43931455
1738047600000,102746.8,103333.2,102525.8,102794.9,395.50363614
1738051200000,102795.0,103041.2,102605.3,102859.2,213.25175863
1738054800000,102859.2,102972.0,102381.2,102966.9,298.90037781
1738058400000,102966.8,103200.5,102600.0,102748.9,390.79261176
1738062000000,102752.4,102947.2,102560.1,102761.6,105.81457885
1738065600000,102761.6,102995.8,102466.9,102602.2,165.49660162
1738069200000,102602.3,102950.0,102481.7,102601.2,134.96088691
1738072800000,102601.2,102900.0,101812.3,102633.5,725.11850709
1738076400000,102633.6,103848.0,102504.0,102776.8,943.1659149
1738080000000,102776.7,102914.7,101921.2,102252.6,669.73119452
1738083600000,102252.7,103108.2,102222.1,102570.7,526.35016016
1738087200000,102570.6,103114.5,102153.1,102200.6,375.69743171
1738090800000,102200.7,102677.7,101818.1,102428.4,289.16661963
1738094400000,102427.9,102535.8,101199.9,101255.7,400.70979316
1738098000000,101254.3,101550.3,100274.5,100332.7,422.68087774
1738101600000,100327.5,101399.7,100274.4,101263.8,256.71991301
1738105200000,101263.8,101447.1,100750.0,101349.3,190.26765386
1738108800000,101345.2,101818.0,101331.0,101707.5,192.13356116
1738112400000,101707.5,101998.0,101456.0,101841.9,130.38920853
1738116000000,101842.0,102318.5,101690.1,101789.3,159.98490684
1738119600000,101789.3,102160.3,101763.6,102043.2,96.04461076
1738123200000,102043.3,102186.3,101961.9,102005.0,100.73518908
1738126800000,102000.2,102379.8,101980.3,102263.7,141.20000144
1738130400000,102265.4,102857.9,102235.1,102799.9,240.69898696
1738134000000,102800.0,102829.2,102460.7,102749.9,145.96334764
1738137600000,102749.9,103008.0,102677.0,102744.1,313.15078223
1738141200000,102744.2,102777.8,102308.0,102334.4,218.97998018
1738144800000,102334.4,102727.9,102194.7,102544.8,109.77038766
1738148400000,102547.9,102806.0,102416.1,102629.9,67.97892361
1738152000000,102629.9,102815.0,102220.0,102235.1,156.16530142
1738155600000,102237.3,102336.6,101681.4,101832.0,343.66388386
1738159200000,101830.8,102382.5,101580.7,102026.8,368.22955991
1738162800000,102028.9,102534.5,101789.7,101975.5,244.84350305
1738166400000,101975.5,102147.4,101676.3,102092.4,170.4169267
1738170000000,102092.5,102810.8,102002.4,102413.1,331.29695088
1738173600000,102413.1,103020.2,102000.0,102850.0,511.96554326
1738177200000,102853.3,104049.8,101416.9,103593.6,1691.90241295
1738180800000,103595.9,104795.1,102855.4,104207.9,760.36988465
1738184400000,104198.5,104388.0,103711.8,103744.3,600.25919023
1738188000000,103742.2,104022.4,103400.0,103487.8,147.3767452
1738191600000,103487.9,104360.0,103458.3,103733.3,249.84223204
1738195200000,103735.3,104135.3,103282.8,104031.5,265.74541009
1738198800000,104031.5,104551.8,103928.5,104264.8,248.89996701
1738202400000,104264.8,104675.8,103989.1,104675.8,241.92806648
1738206000000,104675.8,105314.2,104510.1,105200.6,476.31307506
1738209600000,105200.0,105617.2,104817.1,105492.1,365.44853342
1738213200000,105492.2,105530.9,105040.7,105395.7,271.87690692
1738216800000,105395.7,105586.8,105161.3,105190.2,222.16086336
1738220400000,105190.2,105357.9,104825.0,105142.7,256.83736392
1738224000000,105142.7,105348.0,104932.0,105061.0,241.21553381
1738227600000,105061.1,105553.4,105018.1,105418.1,201.54126874
1738231200000,105418.1,105431.8,105100.0,105350.8,173.29820473
1738234800000,105350.9,105419.6,105049.9,105302.3,340.68460769
1738238400000,105302.2,105324.6,104859.3,105021.9,191.72586886
1738242000000,105021.9,105355.0,104844.8,104884.4,297.45120989
1738245600000,104884.3,106222.0,104660.1,105925.8,1174.61040696
1738249200000,105925.8,106450.3,105383.2,105564.0,853.46319612
1738252800000,105564.0,106000.0,105451.4,105694.2,298.14497854
1738256400000,105694.2,105700.2,104900.1,105292.7,424.74392971
1738260000000,105292.7,105577.8,104750.0,105573.6,357.97919276
1738263600000,105573.6,105776.1,105230.2,105706.1,176.36728714
1738267200000,105709.3,105817.9,104820.5,104892.3,416.70973391
1738270800000,104892.0,105214.8,104793.1,105045.9,206.74172189
1738274400000,105046.0,105349.9,104965.1,105098.3,53.92852766
1738278000000,105098.4,105261.6,104684.7,104727.2,90.26217185
1738281600000,104727.2,105037.5,104401.4,104891.9,228.68030105
1738285200000,104892.0,104900.0,104416.6,104728.4,156.64797715
1738288800000,104728.4,104863.9,104245.7,104326.2,250.85593022
1738292400000,104326.2,104386.2,103900.0,104322.1,310.17991895
1738296000000,104324.3,104551.2,103963.8,104009.0,134.2417422
1738299600000,104011.1,104483.4,104004.8,104318.0,99.23983076
1738303200000,104318.1,104742.1,104293.7,104513.4,111.23417347
1738306800000,104513.5,104807.0,104015.8,104194.6,610.34532904
1738310400000,104194.5,104337.1,104007.4,104017.6,257.60406306
1738314000000,104017.7,104320.3,103907.5,104252.0,148.47739103
1738317600000,104252.0,104456.5,104076.9,104287.3,72.6634627
1738321200000,104287.3,104850.0,104285.1,104729.2,286.94342323
1738324800000,104729.3,104921.9,104551.3,104709.7,190.73906179
1738328400000,104709.8,105024.1,104555.1,104663.6,176.27377396
1738332000000,104663.7,104862.5,104106.1,104458.3,453.9996429
1738335600000,104459.9,106000.0,104448.1,105438.0,1375.83782541
1738339200000,105437.9,105574.6,104700.1,105076.0,376.49697952
1738342800000,105075.9,105084.0,104536.9,104581.2,146.49649654
1738346400000,104581.2,104820.0,102590.0,102624.3,998.7398206
1738350000000,102623.5,103016.0,102112.2,102294.3,921.02361791
1738353600000,102293.9,102300.0,101576.4,101660.0,1144.75325712
1738357200000,101660.0,102152.0,101542.4,102143.7,333.94049115
1738360800000,102143.7,102490.7,101950.0,102269.8,507.92839962
1738364400000,102269.7,102448.8,101956.3,102439.9,129.35598904
1738368000000,102440.0,102585.4,102206.1,102494.8,214.01713894
1738371600000,102494.8,102772.7,102464.9,102567.4,121.77430186
1738375200000,102567.4,102788.0,102371.8,102457.3,122.55011709
1738378800000,102457.4,102516.7,102188.9,102240.9,200.29346288
1738382400000,102240.9,102498.3,102102.0,102319.2,322.21979814
1738386000000,102319.2,102593.0,102239.9,102494.7,69.0997282
1738389600000,102494.7,102572.0,102180.0,102404.9,69.33800753
1738393200000,102405.0,102492.2,102165.0,102172.4,118.74885165
1738396800000,102173.1,102282.9,101828.0,102006.6,576.06839829
1738400400000,102006.4,102006.8,101389.6,101675.3,324.89199791
1738404000000,101676.0,101970.4,101624.7,101642.6,129.35647316
1738407600000,101643.7,102100.0,101643.6,102030.0,180.85209288
1738411200000,102030.1,102329.3,102006.7,102279.6,94.83200323
1738414800000,102279.6,102287.2,101820.0,101868.5,105.27026326
1738418400000,101868.5,102172.8,101810.1,101825.1,81.21455742
1738422000000,101825.1,102185.9,101726.5,102074.3,121.52774327
1738425600000,102074.2,102222.0,101860.0,101894.7,63.05952492
1738429200000,101894.7,102289.0,101894.7,102260.2,121.93503008
1738432800000,102260.3,102275.8,101969.8,101993.3,43.72031596
1738436400000,101993.2,102024.8,101448.2,101673.6,113.73283778
1738440000000,101673.5,101673.6,100959.3,101337.4,314.81459651
1738443600000,101337.4,101578.4,100995.0,101194.7,101.28025779
1738447200000,101192.0,101424.9,100475.4,100650.3,626.82886405
1738450800000,100650.3,100866.3,100270.0,100633.2,259.79120423
1738454400000,100633.1,101294.7,100492.7,101244.0,298.82142359
1738458000000,101244.3,101461.7,101160.0,101237.1,82.98575076
1738461600000,101239.8,101264.8,100416.6,100449.6,180.69397196
1738465200000,100450.0,100755.0,99155.8,99197.3,1066.60650403
1738468800000,99197.3,99875.5,99026.5,99550.1,337.60104305
1738472400000,99550.1,100342.8,99500.0,100254.8,228.97586842
1738476000000,100254.9,100500.0,100096.0,100267.9,150.25720328
1738479600000,100270.0,100272.1,99600.0,99640.0,213.19077394
1738483200000,99640.0,100114.6,99321.0,99829.2,220.98096547
1738486800000,99829.1,99865.7,99333.8,99683.7,153.58185623
1738490400000,99683.6,99693.1,99223.5,99417.8,180.80015865
1738494000000,99417.8,99599.9,98619.7,98873.5,443.6516113
1738497600000,98873.4,99160.0,98170.0,98191.4,379.66407431
1738501200000,98191.3,98835.4,98170.2,98801.0,259.50417103
1738504800000,98801.0,99437.5,98706.9,99201.0,331.7730126
1738508400000,99201.0,99400.0,98705.0,99348.2,190.00760143
1738512000000,99348.2,99369.8,98067.7,98269.3,313.14895315
1738515600000,98269.4,98584.4,97013.2,97237.5,1191.33354591
1738519200000,97244.2,97939.5,96825.0,97094.2,598.81782288
1738522800000,97095.8,98745.0,96840.0,98258.1,533.16764908
1738526400000,98262.8,98620.9,97650.1,97795.4,261.68564026
1738530000000,97795.4,97972.0,96560.1,97030.8,499.37238518
1738533600000,97030.9,98029.9,96137.6,97996.4,672.23869514
1738537200000,97996.4,98003.9,96548.6,97698.9,706.39484915
1738540800000,97698.9,97779.2,95432.0,96506.0,1780.09472508
1738544400000,96510.0,96928.4,91900.1,93477.6,4959.73671552
1738548000000,93449.9,94986.0,91182.6,93551.3,6143.04975986
1738551600000,93551.3,94686.4,93425.0,94045.1,1803.41635977
1738555200000,94045.2,94496.4,92645.4,92776.9,898.99467899
1738558800000,92776.9,94261.0,92752.2,94200.0,645.58809201
1738562400000,94200.0,94610.5,93640.2,93901.8,527.58198423
1738566000000,93901.8,95413.8,93827.8,95314.0,659.85153236
1738569600000,95316.7,95608.0,94850.1,95330.1,473.62254729
1738573200000,95330.1,95938.6,95228.9,95274.0,512.34380333
1738576800000,95274.0,95720.9,94756.0,95708.4,440.02363702
1738580400000,95710.6,95716.0,94958.4,95113.0,284.60019099
1738584000000,95113.1,95612.2,94752.9,94759.9,582.20090027
1738587600000,94760.0,95392.6,94365.8,94659.7,423.54065167
1738591200000,94659.7,96732.5,94104.5,96590.2,1449.48895934
1738594800000,96586.8,99490.0,96180.6,98831.9,2288.80112946
1738598400000,98832.0,99045.2,98108.3,98532.5,787.99617855
1738602000000,98532.6,99310.0,98011.0,99190.8,582.70431032
1738605600000,99187.9,99941.6,98940.1,99813.2,534.41490652
1738609200000,99812.1,101888.0,99583.3,101887.9,1266.46747724
1738612800000,101887.9,101956.9,101014.3,101074.3,928.23320537
1738616400000,101080.0,101983.0,100927.8,101800.0,563.39339726
1738620000000,101803.0,102500.0,101481.2,101691.9,821.14126767
1738623600000,101691.9,101830.7,101258.3,101337.5,231.14445149
1738627200000,101337.6,101666.0,101033.0,101062.1,290.15414411
1738630800000,101063.9,101743.9,100751.6,101385.5,333.97431237
1738634400000,101385.7,101440.0,100819.4,100852.2,234.3818442
1738638000000,100852.3,101032.8,100549.9,100629.3,331.4370897
1738641600000,100629.3,100779.3,100023.6,100066.0,501.11043704
1738645200000,100066.0,100115.9,98253.1,98890.0,1289.603263
1738648800000,98891.0,99650.0,98838.3,99377.0,545.96356777
1738652400000,99377.0,99488.1,98325.0,98450.0,627.65294721
1738656000000,98450.1,98738.1,97843.9,98293.1,559.37461229
1738659600000,98296.0,98820.9,98269.9,98345.1,306.40656636
1738663200000,98345.1,98977.4,98339.9,98789.0,184.66332823
1738666800000,98787.9,99430.7,98754.4,98974.5,233.96671646
1738670400000,98974.6,99800.0,98974.6,99361.5,328.40063461
1738674000000,99369.3,99550.0,98956.5,99016.0,189.00563094
1738677600000,99016.1,100416.5,98564.1,99986.8,692.44316687
1738681200000,99986.8,100236.5,98272.8,99355.3,850.65254827
1738684800000,99357.6,99949.9,99042.7,99050.1,313.72546525
1738688400000,99050.1,99628.0,98829.9,99172.6,239.90194006
1738692000000,99172.7,99578.3,98779.6,99411.6,161.06393326
1738695600000,99411.7,100780.9,98790.0,98864.0,1009.30959638
1738699200000,98866.0,99453.5,97964.2,98648.8,1240.69491763
1738702800000,98648.9,98664.8,96420.2,96505.9,1109.72780601
1738706400000,96505.9,97949.8,96136.2,97690.0,481.4741447
1738710000000,97689.9,98238.3,97475.9,97767.9,250.89258646
1738713600000,97768.0,98398.8,97714.2,98274.2,228.47522997
1738717200000,98274.2,98941.3,97684.1,97834.0,421.77858405
1738720800000,97834.1,98215.6,97142.1,97997.1,648.70795704
1738724400000,97997.1,98323.9,97772.6,98052.1,286.91369089
1738728000000,98052.2,98350.0,97905.3,98048.3,227.3153162
1738731600000,98048.4,98338.7,97688.1,98145.2,230.97272211
1738735200000,98145.3,98229.1,97555.8,97660.9,471.12809142
1738738800000,97661.0,97990.1,97358.1,97875.9,252.2588903
1738742400000,97873.9,98045.9,97570.4,97630.6,109.53867799
1738746000000,97630.5,97957.9,97275.0,97420.0,254.56793167
1738749600000,97419.9,98035.7,97372.1,97738.1,157.13920175
1738753200000,97738.0,98239.5,97701.6,98208.8,362.016745
1738756800000,98208.9,98722.6,98003.0,98055.5,369.30764973
1738760400000,98055.6,98689.9,97955.2,98574.0,253.4717914
1738764000000,98573.9,99166.6,98125.0,98300.1,389.80020705
1738767600000,98300.2,98566.0,97762.2,98114.6,359.53191542
1738771200000,98114.6,98300.0,97320.1,97980.1,324.06119269
1738774800000,97988.7,98262.0,97353.6,97554.9,259.1892018
1738778400000,97555.0,97709.1,96517.3,96725.7,475.2007993
1738782000000,96723.6,97520.5,96500.0,97377.2,321.8384124
1738785600000,97377.3,97725.0,96860.5,97313.9,335.62593933
1738789200000,97317.1,97542.9,96760.3,96920.3,140.3055914
1738792800000,96920.3,97055.1,96277.6,96472.0,264.99582658
1738796400000,96471.9,96861.1,96156.0,96616.1,268.53668174
1738800000000,96615.7,96989.9,96439.9,96825.9,199.40201939
1738803600000,96826.5,97225.0,96625.9,97160.0,147.75329006
1738807200000,97160.0,97460.0,97106.7,97369.1,129.29634993
1738810800000,97369.2,97499.8,97055.9,97348.0,290.26073995
1738814400000,97348.1,97862.3,97270.1,97622.4,161.83955446
1738818000000,97622.4,97884.7,97592.9,97829.4,99.76592782
1738821600000,97829.5,98440.0,97708.0,98381.9,252.35268297
1738825200000,98381.9,98381.9,98022.0,98205.0,186.49421465
1738828800000,98205.0,98328.7,97915.5,98134.8,171.56645883
1738832400000,98137.9,98738.6,98108.1,98619.6,435.00541962
1738836000000,98619.7,99065.4,98619.7,99027.0,399.37333995
1738839600000,99027.0,99132.2,98410.4,98873.9,333.58144119
1738843200000,98874.0,99044.7,98281.0,98354.0,301.11881595
1738846800000,98352.8,98791.8,98170.7,98609.8,218.06587626
1738850400000,98609.9,98921.6,97777.5,97843.3,521.57905579
1738854000000,97836.2,98055.4,96934.0,97338.6,639.91419042
1738857600000,97338.7,97546.5,96401.3,96592.8,506.23221714
1738861200000,96592.9,97201.6,96386.0,96711.9,297.74731761
1738864800000,96711.8,96839.9,95888.0,96319.5,619.63599538
1738868400000,96319.5,96923.1,95680.0,95984.7,344.33083543
1738872000000,95984.7,97083.3,95798.6,96928.5,210.71333404
1738875600000,96925.9,96944.8,96105.0,96808.9,177.02477945
1738879200000,96810.3,96961.2,96173.9,96959.9,141.08832441
1738882800000,96959.9,96961.3,96201.2,96554.7,144.45250298
1738886400000,96554.8,96931.4,96409.1,96511.5,198.47773054
1738890000000,96510.3,97835.0,96509.9,97400.1,207.87428544
1738893600000,97400.1,97629.0,97076.4,97578.0,221.81453752
1738897200000,97578.1,97765.6,97248.3,97465.7,129.65317243
1738900800000,97464.1,97893.3,97388.0,97426.3,152.9711283
1738904400000,97426.4,97542.9,97138.5,97356.0,149.64798528
1738908000000,97356.0,97370.0,96587.1,96749.9,308.89834288
1738911600000,96750.0,97222.2,96652.3,96754.5,437.13855525
1738915200000,96754.6,97263.5,96611.7,97032.0,197.36780276
1738918800000,97032.0,97398.6,97032.0,97290.5,150.59258154
1738922400000,97290.6,97487.3,97246.5,97262.0,224.84177917
1738926000000,97262.1,97759.2,97262.1,97749.0,175.89097548
1738929600000,97748.9,98041.2,97510.0,97974.7,334.46853988
1738933200000,97976.6,98850.0,97165.0,98825.8,1141.70723429
1738936800000,98825.8,100149.8,98681.0,99729.8,1388.35374962
1738940400000,99729.8,99729.8,97610.7,98302.1,1727.27008492
1738944000000,98305.1,98595.7,97672.9,97830.0,671.56067806
1738947600000,97830.1,98172.9,97100.4,97436.0,488.72837378
1738951200000,97436.1,98368.4,97297.4,97755.4,286.66543077
1738954800000,97755.4,97838.4,96871.4,96900.4,301.48595383
1738958400000,96900.0,96939.6,95601.0,95754.3,1016.5845163
1738962000000,95754.3,96151.6,95685.3,96009.6,309.33431617
1738965600000,96009.6,96109.9,95629.2,96063.2,243.87381237
1738969200000,96063.2,96525.9,95866.2,96504.1,214.00669638
1738972800000,96504.0,96849.9,96333.4,96654.1,205.90826649
1738976400000,96654.1,96774.8,96373.2,96513.4,179.67309107
1738980000000,96514.0,96822.8,96400.0,96750.0,123.22174671
1738983600000,96750.0,96888.7,96530.0,96698.1,230.79378109
1738987200000,96698.1,96698.1,96211.9,96308.6,154.05443231
1738990800000,96308.7,96368.2,96066.7,96214.0,106.5620115
1738994400000,96214.0,96231.6,95900.0,95999.9,119.14470818
1738998000000,96000.0,96310.6,95781.1,96207.1,150.61246591
1739001600000,96207.1,96298.0,95883.0,95901.1,78.45967644
1739005200000,95901.2,96203.0,95894.9,96175.1,73.9640475
1739008800000,96175.1,96296.0,96013.2,96040.0,66.39990035
1739012400000,96039.9,96129.3,95864.6,96127.3,72.99916544
1739016000000,96127.3,96263.8,95908.0,96062.8,77.97511638
1739019600000,96062.9,96510.5,95995.9,96242.8,232.52982401
1739023200000,96242.8,96388.1,95955.8,96101.8,112.02521274
1739026800000,96101.8,96224.0,95683.0,95855.6,122.29125304
1739030400000,95855.6,96140.0,95750.0,96135.0,93.7091943
1739034000000,96135.0,96382.8,96128.1,96372.6,110.12160055
1739037600000,96370.3,96526.8,96231.0,96501.9,98.7933045
1739041200000,96502.0,96750.0,96384.0,96585.5,89.07470216
1739044800000,96585.5,96633.2,96362.1,96462.0,40.80206892
1739048400000,96462.0,96607.1,96358.0,96540.0,37.30853401
1739052000000,96540.6,96700.0,96389.9,96484.4,38.68669304
1739055600000,96484.3,96690.0,96434.8,96458.1,62.4449037
1739059200000,96458.1,96600.0,96355.2,96574.6,84.17992732
1739062800000,96574.7,96991.0,96486.1,96976.0,184.41254504
1739066400000,96972.8,97045.3,96690.9,96734.1,119.08904546
1739070000000,96734.0,97319.7,96690.0,97318.6,355.27330725
1739073600000,97318.6,97329.0,96965.4,97228.8,120.92087836
1739077200000,97228.9,97232.9,97001.3,97031.9,62.91659225
1739080800000,97032.0,97079.9,96778.0,97003.0,132.39128519
1739084400000,97003.1,97124.0,96931.8,97065.8,67.80085509
1739088000000,97065.8,97298.6,97056.0,97073.9,101.73330146
1739091600000,97074.0,97087.6,96862.0,96930.0,88.08540179
1739095200000,96930.1,96930.1,96663.4,96772.2,185.61702381
1739098800000,96772.2,97065.3,96553.0,96558.0,126.78053842
1739102400000,96558.0,96712.2,96353.6,96545.9,108.0069026
1739106000000,96546.0,96551.4,95830.1,95884.0,283.77682889
1739109600000,95884.0,96320.0,95688.0,96130.0,195.27223551
1739113200000,96129.6,96670.4,96118.3,96488.7,150.77652445
1739116800000,96488.8,96556.6,96322.7,96456.9,65.71208528
1739120400000,96457.0,96584.2,95930.1,96175.0,107.5857506
1739124000000,96175.1,96280.6,95981.8,96220.2,43.64518244
1739127600000,96220.3,96280.0,95900.0,96071.6,77.95267173
1739131200000,96071.5,96777.0,96050.1,96322.3,137.60770742
1739134800000,96322.4,96348.6,94705.8,95181.9,653.94320897
1739138400000,95181.9,96450.0,94781.4,95828.0,321.41603644
1739142000000,95828.0,96584.0,95726.2,96475.9,231.69262743
1739145600000,96475.9,97135.7,96465.4,96730.8,277.6455702
1739149200000,96730.9,96845.6,95254.0,95576.0,512.37596961
1739152800000,95578.0,96075.0,95418.0,95804.0,265.04572892
1739156400000,95804.1,97095.0,95771.7,96805.8,423.58227785
1739160000000,96805.9,97183.8,96620.0,96934.0,259.27554105
1739163600000,96934.1,97662.3,96761.5,97022.2,420.96141177
1739167200000,97022.7,97219.9,96801.0,97156.7,306.22626831
1739170800000,97156.7,97483.3,97113.0,97436.5,181.24631982
1739174400000,97436.4,97914.6,97359.4,97690.3,404.10498114
1739178000000,97690.4,97874.8,97470.0,97677.0,241.21237942
1739181600000,97677.1,97968.0,97608.1,97741.8,336.93194308
1739185200000,97741.8,97910.5,97618.4,97659.9,169.64253353
1739188800000,97660.0,97800.0,97182.7,97364.8,258.3776409
1739192400000,97364.8,98358.3,97360.0,98230.1,387.93322364
1739196000000,98230.1,98328.8,97092.6,97283.6,733.75610026
1739199600000,97283.7,97571.5,96852.2,97224.0,470.44517538
1739203200000,97226.0,97417.1,96857.7,97298.4,296.96789632
1739206800000,97298.5,97523.4,96887.0,97500.0,148.39360745
1739210400000,97499.9,97572.6,97183.8,97572.6,137.60982844
1739214000000,97572.7,97655.9,97263.6,97386.1,241.10762363
1739217600000,97386.0,97496.3,97224.5,97337.1,169.88825997
1739221200000,97343.1,97391.8,97129.1,97387.4,70.84764093
1739224800000,97387.4,97499.9,97279.6,97389.4,62.36389798
1739228400000,97389.5,97456.4,97232.3,97431.7,59.58774742
1739232000000,97431.7,98146.6,97401.4,97784.9,284.51020425
1739235600000,97784.9,98100.0,97778.4,98000.0,261.76056753
1739239200000,98000.1,98119.9,97474.0,97779.9,205.20575944
1739242800000,97780.0,97780.0,97484.3,97621.6,109.46689393
1739246400000,97621.6,98200.0,97535.0,98065.2,190.8311607
1739250000000,98065.2,98489.7,98013.4,98420.8,282.79324679
1739253600000,98420.9,98488.0,98133.3,98433.7,137.79114666
1739257200000,98433.8,98478.0,98260.0,98274.0,153.22613822
1739260800000,98273.9,98344.0,98099.9,98223.9,307.27720076
1739264400000,98224.0,98312.6,97907.9,98005.8,198.91793073
1739268000000,98005.8,98142.0,97880.7,97973.1,95.99870672
1739271600000,97973.1,98240.0,97895.9,98145.9,100.58332625
1739275200000,98145.9,98161.9,97666.7,97768.0,210.72895765
1739278800000,97768.0,97847.3,96686.3,96794.9,347.81035631
1739282400000,96794.2,97324.0,96565.6,96965.0,474.71791855
1739286000000,96965.1,97265.9,96630.0,97020.2,224.47459708
1739289600000,97024.3,97049.6,96300.6,96360.3,369.62238284
1739293200000,96361.9,96382.1,95936.0,96160.0,310.36558505
1739296800000,96160.0,96162.0,95400.0,95452.9,426.58876342
1739300400000,95459.9,95659.2,94859.5,95034.7,552.36456383
1739304000000,95032.2,95449.8,94904.1,95292.5,318.09437189
1739307600000,95292.5,96462.6,95265.7,96381.5,293.78027117
1739311200000,96381.4,96508.6,95350.8,95580.2,191.96264866
1739314800000,95580.2,95972.5,95488.0,95779.9,126.49535988
1739318400000,95779.9,96131.1,95683.3,96056.1,80.51574439
1739322000000,96058.9,96272.4,95821.2,96213.5,85.25030966
1739325600000,96213.6,96227.1,95385.3,95577.6,149.90643058
1739329200000,95577.7,95800.5,95100.1,95308.0,311.81624812
1739332800000,95308.0,95615.0,95268.0,95550.7,167.96317971
1739336400000,95553.7,95944.1,95501.1,95881.3,246.0675748
1739340000000,95881.3,95949.9,95678.1,95812.0,147.31697554
1739343600000,95811.0,96168.5,95787.3,96069.1,249.47598124
1739347200000,96066.1,96466.1,96044.2,96354.4,276.72751741
1739350800000,96354.4,96380.0,96042.3,96137.1,104.48250574
1739354400000,96137.1,96197.9,95908.1,95982.0,69.83785704
1739358000000,95982.0,96388.1,95981.9,96099.8,83.17416339
1739361600000,96099.9,96353.6,95939.5,95984.1,140.20054215
1739365200000,95983.8,96637.4,94021.3,94973.2,2031.26417347
1739368800000,94968.1,95694.6,94500.0,95638.0,699.40516131
1739372400000,95635.9,95993.6,94736.8,95805.1,512.91616243
1739376000000,95805.1,97100.0,95120.2,96991.9,426.55957226
1739379600000,96992.0,97707.7,96744.0,97353.3,751.08121254
1739383200000,97353.4,97451.9,96620.0,96905.4,192.74400531
1739386800000,96905.4,97280.3,96333.3,97200.3,192.28997538
1739390400000,97200.4,97643.0,96928.5,97030.9,195.00644104
1739394000000,97033.3,97912.0,96849.9,97644.1,328.83980686
1739397600000,97644.2,98136.1,97410.3,97806.0,438.92068797
1739401200000,97805.9,98020.6,97587.8,97870.1,347.17231551
1739404800000,97870.1,97872.9,97529.0,97821.7,101.49864739
1739408400000,97821.8,98091.4,97748.4,97987.3,241.05648911
1739412000000,97984.2,97984.2,97373.0,97482.4,180.09915699
1739415600000,97483.3,97639.5,97450.2,97503.9,124.15686658
1739419200000,97504.0,97562.5,96776.8,96949.0,253.57926002
1739422800000,96949.0,96949.0,96522.2,96669.9,242.03014178
1739426400000,96670.8,96764.5,95800.0,96052.7,467.3092222
1739430000000,96052.7,96236.0,95900.0,96075.0,235.75364132
1739433600000,96075.1,96172.2,95705.2,95936.5,396.44352557
1739437200000,95936.5,96296.0,95774.2,96263.0,267.26675078
1739440800000,96263.0,96336.0,96104.1,96167.1,128.88879359
1739444400000,96167.2,96290.0,95555.0,95930.0,290.70008009
1739448000000,95930.0,96069.1,95714.3,95824.3,146.1086584
1739451600000,95824.1,96333.0,95659.5,96075.9,438.52649257
1739455200000,96074.0,96105.9,95330.3,95865.2,392.54175775
1739458800000,95866.6,96480.0,95554.0,95999.9,458.6137761
1739462400000,95996.0,96009.5,95209.4,95363.0,251.90205147
1739466000000,95360.3,96030.5,95306.7,95708.5,170.06897023
1739469600000,95708.5,95996.8,95336.9,95975.6,268.38071428
1739473200000,95985.2,96383.9,95564.5,95628.6,317.58492448
1739476800000,95628.7,96305.6,95606.8,96276.1,217.9613485
1739480400000,96278.4,96800.1,96264.8,96491.9,381.17509492
1739484000000,96490.1,96613.4,96280.0,96419.9,79.68753061
1739487600000,96420.0,96642.8,96320.7,96617.0,90.92673104
1739491200000,96617.0,96989.7,96537.8,96758.3,141.88875403
1739494800000,96758.3,96900.0,96377.5,96540.1,156.95321352
1739498400000,96538.8,96842.2,96450.6,96541.1,141.48398726
1739502000000,96541.1,97209.9,96539.7,97147.3,147.48648459
1739505600000,97147.3,97250.0,96756.0,96758.5,122.55276843
1739509200000,96758.5,96919.5,96569.4,96684.3,138.43027567
1739512800000,96684.4,96869.3,96619.0,96840.0,135.37638338
1739516400000,96840.0,97076.7,96818.0,96940.9,191.32718842
1739520000000,96941.0,97037.5,96800.0,96877.3,168.8305675
1739523600000,96877.2,97164.3,96840.7,97112.5,132.36820413
1739527200000,97112.6,97200.0,96960.8,97014.4,117.92849236
1739530800000,97014.3,97138.0,96800.0,96888.2,103.85795922
1739534400000,96888.2,96888.2,96511.9,96652.0,111.31611928
1739538000000,96652.0,97000.0,96457.3,96800.0,191.02968925
1739541600000,96800.1,97583.1,96575.7,97298.9,526.34367388
1739545200000,97299.0,97415.0,96274.5,96936.1,601.67618001
1739548800000,96938.0,97747.9,96494.4,97669.2,336.6991456
1739552400000,97669.2,98843.9,97144.6,98545.9,1253.91754439
1739556000000,98538.1,98765.9,98173.0,98205.4,536.24799766
1739559600000,98205.5,98447.6,97663.6,97946.0,298.28484159
1739563200000,97946.1,98277.5,97011.3,97199.9,274.31456063
1739566800000,97198.0,97496.3,96700.0,97456.7,285.32619946
1739570400000,97456.7,97533.0,96931.5,97124.1,110.12285825
1739574000000,97124.1,97518.3,96993.4,97504.0,55.24155927
1739577600000,97504.1,97520.9,97222.0,97463.9,156.64276068
1739581200000,97463.9,97844.9,97436.1,97803.3,132.39382686
1739584800000,97803.3,97936.1,97640.0,97820.0,431.12808072
1739588400000,97820.0,97987.2,97640.0,97664.3,116.38845367
1739592000000,97664.3,97796.0,97468.9,97532.0,202.07909296
1739595600000,97531.9,97642.0,97468.0,97605.5,45.35062972
1739599200000,97605.5,97676.9,97429.8,97488.2,65.4235841
1739602800000,97488.3,97527.5,97349.4,97350.0,67.0681951
1739606400000,97350.0,97546.5,97304.2,97513.9,67.53556818
1739610000000,97514.0,97601.2,97433.3,97564.9,28.87235464
1739613600000,97564.9,97735.9,97432.5,97665.2,51.82831644
1739617200000,97665.2,97678.4,97486.7,97622.0,119.99165582
1739620800000,97623.0,97842.0,97546.3,97754.1,113.48383094
1739624400000,97755.9,97946.3,97671.5,97710.0,109.86264626
1739628000000,97710.1,97770.6,97422.2,97608.3,103.51038443
1739631600000,97608.4,97727.2,97559.9,97639.0,71.2894085
1739635200000,97639.1,97720.0,97449.0,97537.4,63.90377446
1739638800000,97537.4,97583.5,97318.4,97416.1,51.95273408
1739642400000,97416.1,97584.3,97375.7,97542.5,36.73058479
1739646000000,97542.5,97664.1,97520.2,97536.1,32.8604879
1739649600000,97539.0,97650.2,97420.2,97547.2,59.96537274
1739653200000,97547.2,97698.5,97537.2,97689.9,53.62951274
1739656800000,97690.0,97754.0,97441.8,97554.1,67.85918253
1739660400000,97554.2,97647.5,97435.8,97587.3,106.555412
1739664000000,97587.4,97722.2,97567.9,97600.9,70.12732447
1739667600000,97600.9,97681.9,97550.0,97651.2,87.4714869
1739671200000,97651.2,97670.3,97479.5,97539.6,163.32074482
1739674800000,97539.5,97558.1,97418.0,97554.0,163.1952208
1739678400000,97554.0,97600.0,97482.1,97546.7,222.77487319
1739682000000,97546.8,97699.9,97490.0,97606.3,105.73730363
1739685600000,97606.2,97630.8,97456.6,97495.4,67.93890561
1739689200000,97495.5,97495.5,97215.5,97258.2,167.14547068
1739692800000,97260.3,97349.0,97136.2,97188.6,144.53102907
1739696400000,97188.6,97388.4,97066.9,97374.5,169.04013922
1739700000000,97374.4,97411.4,97174.4,97186.6,182.97606489
1739703600000,97186.7,97356.0,97161.0,97350.2,78.30621807
1739707200000,97350.1,97357.3,97096.8,97129.7,205.0802289
1739710800000,97129.7,97227.2,96756.1,96844.1,258.78830411
1739714400000,96843.5,97037.5,96685.7,96978.7,111.71293173
1739718000000,96978.7,97096.0,96909.5,96913.6,71.30955225
1739721600000,96913.7,97129.8,96882.8,97059.0,68.87654194
1739725200000,97059.1,97179.7,96931.0,96984.2,51.62829309
1739728800000,96984.0,96993.7,96622.3,96882.0,86.12940879
1739732400000,96882.1,97120.0,96772.5,97064.8,56.47804933
1739736000000,97064.8,97175.0,96869.8,96912.4,31.51629291
1739739600000,96912.4,97300.0,96856.0,97183.9,84.06963387
1739743200000,97185.0,97197.6,96567.5,96872.3,112.93633171
1739746800000,96873.9,96893.2,96048.4,96105.6,437.43750615
1739750400000,96105.6,96449.9,96010.1,96318.2,313.91063451
1739754000000,96318.2,96534.7,96073.7,96500.9,148.98230358
1739757600000,96500.9,96634.1,96166.6,96229.2,84.66141338
1739761200000,96229.2,96289.7,96062.0,96211.7,105.1119186
1739764800000,96211.8,96272.4,96003.0,96030.1,205.4961486
1739768400000,96030.1,96336.9,95778.9,96240.0,456.74697671
1739772000000,96240.0,96450.0,96205.7,96377.8,161.05509076
1739775600000,96377.9,96458.2,95890.0,96056.3,334.1001944
1739779200000,96056.3,96301.0,95928.0,96144.9,233.04547599
1739782800000,96144.9,96328.0,96084.7,96163.3,101.86733993
1739786400000,96163.4,96400.0,96041.7,96100.0,144.1130975
1739790000000,96100.1,96298.4,95991.0,96073.4,119.59888578
1739793600000,96073.5,96516.6,96071.3,96451.5,129.27699098
1739797200000,96451.5,96485.2,96250.5,96410.2,63.31261467
1739800800000,96410.2,97047.4,96392.2,96796.8,375.85334415
1739804400000,96796.8,96892.0,95558.1,95656.1,544.27313531
1739808000000,95656.1,95943.8,95300.0,95326.4,549.85511853
1739811600000,95326.4,95743.6,95282.1,95472.4,269.73330391
1739815200000,95470.0,95777.3,95239.3,95333.3,213.1163594
1739818800000,95333.3,95600.0,95188.8,95541.2,136.76115518
1739822400000,95540.1,96266.5,95499.8,95979.1,100.33436672
1739826000000,95979.2,96419.2,95912.2,96412.2,139.26022392
1739829600000,96406.7,96414.2,95849.8,95876.0,56.06470037
1739833200000,95876.0,96013.3,95702.0,95778.3,55.28618294
1739836800000,95778.3,96045.6,95548.0,95635.5,152.72498826
1739840400000,95635.7,96300.0,95601.0,96261.4,79.55642757
1739844000000,96261.5,96323.3,96010.0,96064.7,80.81813066
1739847600000,96064.7,96295.8,95984.1,96198.0,72.36992557
1739851200000,96198.0,96298.0,95956.2,96063.4,101.89294372
1739854800000,96063.4,96099.7,95555.6,95604.1,157.39514168
1739858400000,95604.2,95647.8,95250.0,95375.7,351.94744841
1739862000000,95375.6,95716.5,95300.1,95459.8,168.4246181
1739865600000,95459.9,95591.5,95072.6,95233.6,246.23607702
1739869200000,95233.6,95788.0,95143.5,95782.0,141.11448074
1739872800000,95781.9,95874.0,95621.5,95744.0,157.24480174
1739876400000,95744.0,95780.3,95566.9,95627.5,108.29831251
1739880000000,95627.6,96280.6,95591.3,96182.2,281.28946896
1739883600000,96182.1,96472.0,96093.8,96216.3,534.72735127
1739887200000,96216.3,96750.0,95400.8,95533.4,902.81526543
1739890800000,95533.3,95728.6,95200.0,95542.0,411.50173193
1739894400000,95542.0,95644.7,94610.0,94639.9,552.66499163
1739898000000,94638.2,94880.3,94103.0,94103.1,535.88470589
1739901600000,94103.1,94344.2,93592.4,93922.5,686.74543547
1739905200000,93922.5,94413.7,93363.3,94101.8,452.77070014
1739908800000,94101.9,94466.0,93742.4,94208.0,356.55559283
1739912400000,94209.6,95333.0,94126.8,95066.1,557.07666275
1739916000000,95071.9,95519.9,94876.5,95299.6,180.04180993
1739919600000,95297.9,95670.5,95257.5,95656.6,133.61287208
1739923200000,95665.1,95830.0,95281.1,95333.0,203.83296071
1739926800000,95333.1,95478.1,95000.0,95478.1,164.45208488
1739930400000,95478.1,95964.3,95444.7,95823.9,179.39846415
1739934000000,95824.0,95840.2,95568.0,95719.8,149.95862357
1739937600000,95719.7,95776.9,95233.4,95233.4,138.37107224
1739941200000,95233.3,95347.2,95050.3,95285.4,153.98549898
1739944800000,95285.0,95664.9,95238.7,95624.5,159.43174753
1739948400000,95624.5,95848.0,95586.7,95684.8,271.67798776
1739952000000,95684.9,95863.3,95625.3,95639.9,225.46053269
1739955600000,95641.5,96029.8,95629.9,95938.2,187.69088574
1739959200000,95938.2,96474.9,95938.2,96333.9,455.48709071
1739962800000,96333.8,96451.7,96210.1,96437.2,217.56455671
1739966400000,96437.3,96500.0,96163.6,96167.2,209.3709792
1739970000000,96167.3,96499.0,96167.3,96297.4,178.75192419
1739973600000,96297.4,96710.5,95680.9,95758.5,566.37220478
1739977200000,95760.5,96400.0,95514.7,95940.2,314.37029661
1739980800000,95940.1,96380.0,95923.6,96299.9,181.17441703
1739984400000,96300.0,96485.8,96116.9,96388.1,162.10213475
1739988000000,96388.1,96416.6,95633.0,95668.3,183.12117264
1739991600000,95668.4,96225.0,95403.7,96206.3,262.09994796
1739995200000,96205.3,96493.5,96098.0,96175.2,379.5110957
1739998800000,96175.2,96472.7,96055.6,96314.9,74.5493499
1740002400000,96314.9,96700.0,96308.1,96540.1,140.44832796
1740006000000,96540.1,96899.9,96520.4,96644.3,222.40844805
1740009600000,96644.4,96860.0,96415.2,96857.9,70.90704792
1740013200000,96858.0,97000.0,96638.0,96769.8,145.15996346
1740016800000,96769.9,97292.8,96746.2,97142.1,218.97580557
1740020400000,97142.2,97388.0,96994.1,97067.2,158.33311673
1740024000000,97067.1,97359.1,97063.1,97236.8,194.89896019
1740027600000,97236.9,97236.9,96897.3,96916.3,179.1130687
1740031200000,96916.3,96984.1,96776.2,96914.1,123.56760143
1740034800000,96914.1,97092.7,96800.9,96862.7,157.79902478
1740038400000,96862.8,97192.6,96800.0,97143.4,110.9433652
1740042000000,97143.5,97282.0,97142.9,97187.5,124.58677512
1740045600000,97187.6,97375.0,97100.2,97375.0,202.05814198
1740049200000,97375.2,97388.0,97146.6,97203.4,180.04467292
1740052800000,97203.3,97537.4,97203.3,97420.8,171.91291339
1740056400000,97420.9,97555.0,97263.8,97546.2,176.45956816
1740060000000,97546.1,98038.0,96876.4,96960.3,698.12848799
1740063600000,96962.3,97310.5,96788.8,96907.3,442.59584732
1740067200000,96907.4,97969.5,96874.1,97544.7,368.75636075
1740070800000,97544.7,98016.0,97532.2,97963.9,301.36210606
1740074400000,97963.9,98440.7,97942.5,98292.1,458.55521269
1740078000000,98296.3,98525.0,98238.3,98422.9,336.50002684
1740081600000,98422.9,98722.0,98308.0,98459.3,308.91574968
1740085200000,98460.0,98500.0,98007.0,98088.2,132.29280229
1740088800000,98088.3,98372.6,98062.5,98123.1,100.63439887
1740092400000,98123.0,98516.0,98109.2,98307.9,208.58491775
1740096000000,98308.0,98500.0,98081.2,98259.1,261.133086
1740099600000,98246.0,98359.2,98106.9,98314.7,133.60146789
1740103200000,98314.8,98380.0,98111.1,98115.4,110.32716783
1740106800000,98115.4,98315.4,98091.8,98163.9,124.00762935
1740110400000,98164.0,98283.6,98121.9,98214.5,104.06734013
1740114000000,98214.5,98400.0,98173.8,98344.0,76.44982152
1740117600000,98344.0,98431.9,98298.4,98399.3,101.58057778
1740121200000,98399.2,98600.0,98164.0,98173.9,314.81762206
1740124800000,98173.9,98257.9,98126.5,98211.5,188.04182632
1740128400000,98211.6,98926.6,98100.1,98343.9,646.647907
1740132000000,98343.9,98666.0,98235.1,98613.4,212.049745
1740135600000,98613.5,98814.9,98486.1,98623.8,198.78794164
1740139200000,98623.9,98966.0,98520.0,98904.0,259.1809452
1740142800000,98904.0,99485.9,98797.3,99329.7,756.218377
1740146400000,99329.6,99355.0,98346.9,98781.6,974.01160687
1740150000000,98785.3,99338.0,97174.0,98110.0,1473.12023785
1740153600000,98109.9,98760.0,97731.5,98227.9,809.7637224
1740157200000,98227.9,98446.1,96818.2,96974.0,957.70990148
1740160800000,96974.0,97229.7,96520.0,96528.1,1302.19643185
1740164400000,96528.1,96832.7,95234.1,95272.4,846.44086825
1740168000000,95272.4,95700.6,94858.5,95050.6,793.20064218
1740171600000,95047.6,95486.0,95001.5,95390.6,398.98728689
1740175200000,95390.7,95937.8,95232.2,95831.5,339.69993159
1740178800000,95831.4,96194.0,95653.6,96172.9,342.2054955
1740182400000,96172.9,96200.0,95760.4,96184.2,260.50460051
1740186000000,96184.2,96447.6,96113.2,96229.8,214.40133611
1740189600000,96229.9,96439.3,96091.6,96337.8,158.47714523
1740193200000,96337.7,96345.1,96129.2,96282.1,173.77874837
1740196800000,96282.1,96463.6,96251.6,96382.2,177.93979565
1740200400000,96382.2,96525.9,96301.9,96510.9,104.53315107
1740204000000,96511.0,96581.6,96298.0,96384.9,116.95459313
1740207600000,96384.9,96513.4,96279.5,96287.3,246.04201989
1740211200000,96287.2,96346.6,96131.2,96206.7,116.11932433
1740214800000,96206.7,96600.1,96140.8,96487.1,239.72539461
1740218400000,96487.2,96600.0,96418.1,96479.5,218.08253041
1740222000000,96479.5,96613.8,96479.4,96569.8,142.43103218
1740225600000,96568.3,96983.3,96550.4,96807.1,262.64994942
1740229200000,96807.1,96900.0,96506.9,96555.3,195.20313212
1740232800000,96555.4,96706.8,96523.7,96523.7,112.26789078
1740236400000,96523.8,96710.0,96487.6,96581.4,252.00051499
1740240000000,96581.4,96800.0,96442.8,96500.2,162.61796181
1740243600000,96500.2,96676.0,96463.1,96626.1,70.3575769
1740247200000,96626.1,96814.0,96404.5,96450.1,61.57169202
1740250800000,96450.1,96652.0,96358.0,96643.9,55.7291746
1740254400000,96644.0,96645.9,96507.6,96580.2,40.47819937
1740258000000,96580.2,96673.9,96512.6,96659.8,29.22159395
1740261600000,96659.8,96710.7,96597.0,96634.0,113.46890093
1740265200000,96634.1,96658.0,96477.4,96552.1,54.71767269
1740268800000,96552.1,96648.0,96480.2,96631.6,46.5699263
1740272400000,96630.1,96630.1,96368.0,96452.2,71.71088074
1740276000000,96452.2,96504.0,96384.1,96410.8,34.90315557
1740279600000,96410.8,96564.2,96388.0,96418.1,64.0095809
1740283200000,96418.1,96525.4,96384.5,96392.9,65.63799229
1740286800000,96393.0,96410.0,96200.1,96207.1,100.06139271
1740290400000,96207.1,96354.1,96126.3,96345.9,72.72155886
1740294000000,96345.9,96550.0,96300.0,96509.1,120.05330793
1740297600000,96509.1,96509.2,96301.0,96366.0,67.73413495
1740301200000,96366.0,96469.9,96256.0,96272.5,88.27658672
1740304800000,96272.6,96300.0,96080.4,96183.2,227.95536705
1740308400000,96183.3,96244.2,96080.0,96113.0,86.09789358
1740312000000,96113.1,96160.5,95650.0,95733.8,250.89261872
1740315600000,95733.8,95976.0,95713.0,95973.2,145.25255928
1740319200000,95973.3,96051.2,95524.6,95584.0,168.32178298
1740322800000,95584.1,95728.8,95400.1,95451.7,182.60473444
1740326400000,95451.7,95624.4,95400.0,95425.7,165.24046265
1740330000000,95425.7,95759.6,95250.1,95660.0,141.94067244
1740333600000,95660.1,95884.4,95622.1,95746.2,68.62898046
1740337200000,95746.2,95851.5,95718.1,95763.9,45.51849128
1740340800000,95763.9,95819.6,95678.0,95789.8,45.15085618
1740344400000,95789.9,95798.5,95624.9,95769.6,49.04201005
1740348000000,95769.6,95940.0,95540.2,95786.0,97.78494259
1740351600000,95786.1,96333.3,95772.6,96264.7,324.8703571
1740355200000,96264.7,96513.7,96135.5,96234.3,349.16681737
1740358800000,96234.3,96339.2,95750.0,95978.5,340.33103185
1740362400000,95978.6,96208.4,95744.3,95816.2,270.11813454
1740366000000,95816.1,95816.1,95302.0,95428.0,259.65962649
1740369600000,95428.1,95583.4,95070.7,95293.3,604.00953746
1740373200000,95293.6,95765.8,95219.4,95727.0,236.43903986
1740376800000,95727.0,95895.8,95602.7,95858.3,159.16952536
1740380400000,95858.4,95954.9,95691.4,95868.4,201.58587244
1740384000000,95868.4,95936.5,95380.3,95506.0,246.71067039
1740387600000,95506.1,96179.1,95494.0,95761.3,248.28258563
1740391200000,95760.0,95923.4,95357.9,95632.1,174.47649995
1740394800000,95632.1,95866.6,95408.7,95823.1,188.95399363
1740398400000,95823.1,95951.9,95676.5,95788.0,105.55933862
1740402000000,95788.1,96094.4,95333.3,95595.7,273.5791123
1740405600000,95595.7,95797.9,94567.4,94680.7,616.81721236
1740409200000,94680.6,94964.3,93827.1,94338.1,1408.93027835
1740412800000,94334.1,94979.5,94143.0,94416.5,420.20677036
1740416400000,94416.6,95191.6,94310.0,94642.8,257.82576084
1740420000000,94642.8,94854.4,94125.1,94157.9,179.63787929
1740423600000,94155.9,94560.8,93650.0,93940.1,343.3413975
1740427200000,93941.4,94568.2,93820.1,94007.0,659.57107002
1740430800000,94006.9,94349.4,93600.0,93978.1,250.34305801
1740434400000,93978.1,93993.5,92349.1,92416.4,1445.15241326
1740438000000,92416.4,92854.0,91333.8,91534.5,1556.63759326
1740441600000,91534.5,92180.0,90888.0,91868.7,929.72204766
1740445200000,91868.7,92407.4,91166.0,92032.0,595.69873359
1740448800000,92032.0,92530.0,91600.0,92384.0,315.65340971
1740452400000,92384.0,92545.9,91950.0,92162.9,217.03141975
1740456000000,92162.9,92327.5,91827.1,91902.0,671.80734478
1740459600000,91902.0,92104.4,91695.4,92073.9,507.83519679
1740463200000,92072.5,92166.6,91210.0,91280.4,458.80869773
1740466800000,91280.5,91442.0,88189.0,89310.6,3898.29788002
1740470400000,89318.3,89994.0,89000.1,89411.6,852.60164593
1740474000000,89412.9,89607.9,88300.0,88325.7,1027.64856478
1740477600000,88325.7,88906.9,86879.6,88205.8,2791.72763615
1740481200000,88202.1,89379.9,87624.1,89252.3,1312.68969082
1740484800000,89252.2,89533.0,88923.8,89406.7,822.90697277
1740488400000,89406.8,89555.0,88765.4,88848.2,779.35849004
1740492000000,88848.3,89400.0,87071.2,87168.6,1540.52172566
1740495600000,87168.6,87788.2,86050.0,87241.6,2929.32172299
1740499200000,87243.9,87787.5,86168.9,87464.0,1091.89056679
1740502800000,87463.9,87825.2,86838.1,87272.7,607.81698299
1740506400000,87272.9,87797.9,86916.6,87072.5,646.47266558
1740510000000,87072.4,88062.5,86504.0,87928.4,1034.41093772
1740513600000,87928.4,89026.8,87614.9,88170.3,1641.54667358
1740517200000,88165.8,88833.6,87765.7,88814.1,351.12288177
1740520800000,88814.1,89470.2,88504.5,88812.0,422.74339414
1740524400000,88811.9,89142.4,88671.7,88680.7,377.11020661
1740528000000,88680.7,88680.7,88128.1,88140.1,292.92018241
1740531600000,88140.1,88841.9,88140.1,88700.1,184.16580727
1740535200000,88700.1,89192.9,88428.1,89015.9,299.62856152
1740538800000,89011.3,89415.5,88888.0,88895.6,563.04342137
1740542400000,88895.6,89249.9,88672.9,88698.4,202.59624024
1740546000000,88698.4,88887.8,88400.0,88418.0,292.17209959
1740549600000,88418.1,88923.8,88414.3,88912.0,442.38756659
1740553200000,88912.0,89183.7,88409.4,88718.1,329.58303282
1740556800000,88718.1,88797.9,88150.0,88481.6,314.06140709
1740560400000,88481.7,89287.2,88453.1,89111.7,379.76109548
1740564000000,89111.7,89300.3,88870.3,89246.1,209.43992917
1740567600000,89246.0,89262.0,88544.5,88611.9,324.22112072
1740571200000,88612.0,88678.0,87602.1,87936.4,937.69726261
1740574800000,87935.7,88089.0,87015.9,87175.7,438.53618012
1740578400000,87175.7,87732.2,85425.5,87610.0,2155.99312078
1740582000000,87610.1,88530.0,87412.1,87559.9,1025.77333333
1740585600000,87564.7,87799.9,86274.3,86816.0,932.35797586
1740589200000,86816.0,87309.9,85680.0,86051.3,536.06788548
1740592800000,86051.2,86493.0,83361.0,84257.1,2570.33452978
1740596400000,84257.0,85080.0,83736.5,83854.1,1154.46325041
1740600000000,83854.1,84633.2,82236.0,84401.4,1872.13930995
1740603600000,84398.5,85153.5,83466.6,84626.0,1133.96418461
1740607200000,84622.1,85419.5,84166.7,84436.0,574.02954994
1740610800000,84436.0,84781.9,83926.0,84254.0,485.80650774
1740614400000,84254.0,84802.4,84034.1,84746.8,522.45347021
1740618000000,84746.9,85454.9,84315.6,84768.1,481.96218591
1740621600000,84768.1,85216.6,84193.0,84283.9,1002.34729268
1740625200000,84282.1,85332.8,84264.9,85214.0,498.24758402
1740628800000,85214.0,85370.0,84680.0,85152.1,521.93873036
1740632400000,85152.1,85965.6,85050.1,85882.0,522.47804161
1740636000000,85882.1,86732.8,85709.5,86264.1,514.8989326
1740639600000,86264.1,86590.0,86111.1,86269.9,370.30446456
1740643200000,86269.9,86433.9,85888.0,86070.7,374.7197631
1740646800000,86070.8,86350.0,85849.0,86168.0,358.61194445
1740650400000,86168.0,87080.7,86040.6,87016.0,536.04548906
1740654000000,87016.0,87090.3,86376.1,86690.0,413.90459141
1740657600000,86690.0,86780.0,86249.5,86321.8,242.37229058
1740661200000,86321.9,86764.0,85756.4,86115.7,592.66263083
1740664800000,86113.9,86410.9,84950.1,84977.9,1478.68557067
1740668400000,84974.5,86168.0,84649.8,85499.6,945.43318147
1740672000000,85500.8,85699.6,84369.0,84476.7,580.06139712
1740675600000,84476.8,85057.1,84369.0,84609.0,456.48309387
1740679200000,84609.1,85000.0,84517.4,84643.1,327.88097054
1740682800000,84644.0,84654.0,83620.0,84124.3,777.65493356
1740686400000,84124.4,84171.0,82725.7,83531.7,1130.38766449
1740690000000,83527.4,84436.8,83218.5,84421.9,392.62057098
1740693600000,84422.0,84765.5,83888.5,84710.1,344.25476531
1740697200000,84708.3,84938.0,84418.1,84717.4,357.57227249
1740700800000,84717.7,84903.1,84228.9,84268.1,245.68080979
1740704400000,84268.1,84418.1,81056.2,81667.8,2270.33814877
1740708000000,81673.9,82879.2,79510.0,80817.7,3231.36614146
1740711600000,80818.6,81567.6,80258.1,80454.9,1563.91931006
1740715200000,80455.9,80973.5,79373.6,80405.9,1598.57616676
1740718800000,80405.9,80550.0,79130.8,79969.9,1595.44767108
1740722400000,79970.4,80430.0,79010.0,79343.3,1082.34121862
1740726000000,79343.0,80249.9,78855.1,79216.1,1998.091027
1740729600000,79216.1,79445.5,78258.5,78982.0,1190.64845675
1740733200000,78981.9,80740.0,78900.0,80341.1,1160.88378322
1740736800000,80343.9,80472.0,79563.6,80015.8,608.31331023
1740740400000,80015.9,80844.8,79989.5,80521.9,714.04934185
1740744000000,80520.5,80824.1,80076.0,80775.9,577.78279194
1740747600000,80774.8,81720.0,80618.2,81508.1,1140.98697717
1740751200000,81508.1,82540.0,81076.3,82106.6,1903.84001801
1740754800000,82105.2,84433.3,81994.1,83997.2,2592.44262659
1740758400000,83997.1,84932.0,83488.3,84352.0,1824.72492153
1740762000000,84354.0,84399.7,83574.5,83598.8,705.3962192
1740765600000,83600.0,85121.9,83181.7,84438.7,707.88998382
1740769200000,84435.2,84813.8,84206.9,84443.4,452.84744154
1740772800000,84443.4,84784.5,83586.7,84189.1,475.50988385
1740776400000,84182.5,84590.9,84000.0,84248.6,223.32815323
1740780000000,84248.5,84480.8,83888.8,84146.1,131.600868
1740783600000,84146.1,84560.5,84013.0,84339.4,252.79598299
1740787200000,84346.0,84615.3,83812.9,83854.3,214.70928942
1740790800000,83850.1,84872.5,83830.7,84652.2,521.49122655
1740794400000,84652.3,85678.0,84342.4,85238.3,972.26221277
1740798000000,85241.3,85517.9,84953.4,85331.2,324.35255002
1740801600000,85331.2,86547.3,85304.0,86188.4,717.62058648
1740805200000,86188.4,86250.0,85574.5,85592.1,422.89728892
1740808800000,85592.2,85665.0,84817.5,85074.5,552.2747031
1740812400000,85074.4,85074.5,84724.6,84736.1,483.76326586
1740816000000,84736.1,85337.2,84736.1,85304.3,247.65492428
1740819600000,85310.6,85500.0,85102.4,85379.9,190.63526291
1740823200000,85379.9,85430.4,84783.5,84878.4,253.74281014
1740826800000,84881.7,84957.0,84349.2,84621.1,547.268417
1740830400000,84621.2,84938.1,84468.0,84750.0,262.89583763
1740834000000,84750.1,84926.2,84318.1,84517.9,283.24329701
1740837600000,84518.0,84852.2,84408.1,84704.2,242.23876751
1740841200000,84704.3,84910.7,84546.0,84790.0,206.39355314
1740844800000,84790.0,85283.3,84690.2,85266.0,283.27646458
1740848400000,85265.9,85368.3,84950.1,85205.5,173.95935713
1740852000000,85205.5,85336.1,85062.0,85318.4,102.53952567
1740855600000,85318.5,85588.0,85200.1,85480.0,156.3770549
1740859200000,85480.0,85588.8,85325.3,85529.6,66.55378321
1740862800000,85529.9,86154.4,85278.1,86070.9,154.84632891
1740866400000,86070.9,86268.0,85666.6,86114.8,195.75569891
1740870000000,86114.9,86203.9,85669.9,86056.1,190.99408257
1740873600000,86056.1,86314.4,85799.6,86020.0,207.79709945
1740877200000,86020.0,86358.9,85961.4,86354.6,379.55997328
1740880800000,86354.5,86496.0,85606.9,85778.0,431.30372345
1740884400000,85781.4,86216.3,85756.1,85859.2,151.24980942
1740888000000,85859.1,85878.5,85522.4,85746.6,636.93065418
1740891600000,85746.7,86047.8,85666.0,85948.3,80.56372843
1740895200000,85948.4,86600.0,85911.2,86268.9,265.79273716
1740898800000,86268.7,86349.0,86058.4,86233.6,155.25467438
1740902400000,86233.6,86257.2,85698.7,85750.8,390.47854021
1740906000000,85750.1,86125.0,85657.1,85900.0,161.66921154
1740909600000,85900.1,86000.0,85782.0,85996.2,83.45024031
1740913200000,85996.3,86219.7,85946.1,86092.3,133.66402018
1740916800000,86092.3,86104.9,85736.1,85986.6,172.74832843
1740920400000,85986.5,85988.0,85472.1,85706.3,226.14167651
1740924000000,85706.3,85899.9,85040.8,85105.9,429.41965074
1740927600000,85107.3,88675.6,85061.5,87427.9,2072.39300531
1740931200000,87428.0,91978.9,87310.8,91201.2,3268.41435775
1740934800000,91206.2,95000.0,90648.6,94092.6,3356.05708131
1740938400000,94094.6,94413.1,92354.0,92804.5,1604.90734748
1740942000000,92805.8,93567.8,92615.6,93524.0,342.78244552
1740945600000,93524.0,94444.4,93497.5,94326.0,682.33262666
1740949200000,94326.0,94418.0,93676.1,94298.0,413.16333987
1740952800000,94296.2,94798.2,93913.0,94242.4,414.66854262
1740956400000,94241.0,94862.3,93852.0,94269.5,1150.51513733
1740960000000,94269.5,94426.0,93272.3,93304.9,670.24653968
1740963600000,93305.9,93400.0,92626.7,93074.5,794.88998038
1740967200000,93075.2,93473.6,92444.1,93318.2,1096.2917337
1740970800000,93318.1,93446.3,92450.0,92714.0,407.77522673
1740974400000,92713.9,92957.4,92593.0,92867.9,443.22654342
1740978000000,92866.0,93345.9,92822.5,93337.9,498.76974656
1740981600000,93338.0,93338.0,91330.3,91643.7,1015.4277919
1740985200000,91649.9,92566.0,91155.8,92363.9,876.14792511
1740988800000,92365.9,92404.4,91100.0,91471.0,507.59833743
1740992400000,91471.1,92079.3,91184.1,91844.0,410.64390222
1740996000000,91842.1,92586.5,91543.5,92548.0,290.41973436
1740999600000,92547.9,92909.0,92403.9,92742.1,391.82349469
1741003200000,92742.1,93250.0,92643.8,93021.5,461.86252064
1741006800000,93023.5,93689.1,92866.7,93572.0,467.03051281
1741010400000,93571.9,93706.0,89148.2,89278.6,2356.59634062
1741014000000,89278.6,91287.6,89108.0,90031.0,2178.76141721
1741017600000,90031.1,90750.0,89682.2,90151.5,804.66272068
1741021200000,90148.0,90999.9,89903.1,90288.6,477.83616961
1741024800000,90291.9,90439.9,86752.0,87137.3,2072.41314061
1741028400000,87142.4,87724.8,85501.9,85587.8,1238.18688315
1741032000000,85587.9,86412.8,85178.4,86071.0,1514.76362145
1741035600000,86071.1,86586.4,85111.5,85363.8,677.91854008
1741039200000,85363.8,87030.7,85297.2,86647.0,369.08668943
1741042800000,86646.9,86799.9,86000.0,86219.7,437.0456738
1741046400000,86219.8,86800.0,85870.2,86039.4,532.26564101
1741050000000,86040.1,86195.9,82600.0,83385.9,2707.61688904
1741053600000,83388.3,84408.0,82480.0,83932.1,1455.92219376
1741057200000,83932.1,84444.4,83604.1,83980.1,917.04254628
1741060800000,83981.7,84053.4,83316.0,83418.4,346.17202491
1741064400000,83418.3,84589.2,83344.0,84280.0,467.70872863
1741068000000,84278.2,84415.4,83575.6,83870.1,434.59271676
1741071600000,83868.2,84018.0,83138.6,83191.7,645.0572915
1741075200000,83191.7,83946.3,83039.3,83898.6,479.00826699
1741078800000,83898.6,84192.6,83633.3,83744.8,255.44198039
1741082400000,83744.8,84062.0,83492.9,83972.7,277.53542987
1741086000000,83968.1,84382.2,83701.3,83939.9,336.24459814
1741089600000,83939.8,83978.0,83271.9,83768.0,384.11430701
1741093200000,83766.1,83768.1,82277.0,82814.1,898.53364869
1741096800000,82814.9,84970.0,82051.0,83197.1,1884.91329306
1741100400000,83197.9,83375.0,81501.0,82980.2,1588.04661288
1741104000000,82981.9,83791.1,82000.4,83544.0,770.08950547
1741107600000,83546.2,85524.6,83401.8,85440.0,924.11550541
1741111200000,85439.9,86922.9,85135.2,86737.9,882.32400774
1741114800000,86750.7,88500.0,86514.5,88207.2,1318.60610118
1741118400000,88207.1,88828.5,86690.2,86834.0,866.64628222
1741122000000,86847.4,88948.4,86500.0,87516.6,1040.61462294
1741125600000,87523.6,87977.9,87402.1,87484.7,263.23280239
1741129200000,87484.7,87741.8,87097.3,87277.9,293.33164237
1741132800000,87276.6,87276.6,86356.5,86796.8,448.52427997
1741136400000,86796.9,87800.0,86600.0,87632.0,383.03056596
1741140000000,87633.1,87892.6,87000.0,87469.3,403.57485849
1741143600000,87468.2,87888.8,86765.7,86851.9,394.70168451
1741147200000,86855.9,87399.8,86737.8,86917.6,333.25354258
1741150800000,86919.4,87263.8,86848.2,87148.9,431.63532612
1741154400000,87148.9,87578.6,87000.1,87485.4,329.55151566
1741158000000,87485.3,87731.3,87350.5,87617.6,216.68020674
1741161600000,87617.6,87923.2,87592.1,87759.9,163.38856143
1741165200000,87760.0,88817.0,87676.4,88483.4,753.10114304
1741168800000,88483.5,90663.1,88376.4,89928.1,1374.84939778
1741172400000,89928.1,90117.0,89551.5,89805.3,672.11836703
1741176000000,89805.4,90932.4,89800.9,90357.8,697.20948549
1741179600000,90357.2,90590.0,89081.3,89470.1,865.65673592
1741183200000,89472.1,89839.9,88153.1,88516.5,1260.30390702
1741186800000,88516.5,89600.0,87923.2,88342.1,1385.39220854
1741190400000,88338.0,89285.3,87589.2,88931.0,700.28308659
1741194000000,88922.5,90477.1,88790.4,89690.5,806.25158679
1741197600000,89687.1,89944.2,88869.6,89705.9,379.76106721
1741201200000,89706.7,90150.0,89468.7,89745.5,284.23808566
1741204800000,89745.5,90555.4,89674.6,90492.3,266.31337751
1741208400000,90495.3,90689.5,89931.5,90375.2,209.49523953
1741212000000,90373.5,90539.4,90016.1,90445.5,143.08463516
1741215600000,90447.4,91052.9,90303.1,90608.7,281.01616016
1741219200000,90608.7,90815.7,89986.0,90052.5,369.65326719
1741222800000,90052.6,91900.0,90039.4,91041.7,1020.98085236
1741226400000,91041.7,92021.2,91000.0,91810.0,764.68809328
1741230000000,91815.8,92028.1,91386.8,91613.6,249.3184229
1741233600000,91614.1,92458.0,91525.0,92288.9,393.03957176
1741237200000,92288.9,92812.3,92122.7,92737.1,402.80748398
1741240800000,92737.2,92771.7,91788.3,91906.0,524.04167582
1741244400000,91906.0,92004.2,91262.1,91351.1,444.3450727
1741248000000,91351.0,91595.2,91120.0,91154.0,328.4337064
1741251600000,91154.1,91183.2,90620.0,90746.1,350.62387684
1741255200000,90746.1,91678.9,90610.0,91300.0,438.0821751
1741258800000,91300.1,91607.5,91001.0,91360.1,306.03682255
1741262400000,91360.2,91413.5,89830.4,90100.1,487.29356764
1741266000000,90100.1,90477.7,89489.7,89569.6,514.04003863
1741269600000,89572.0,90394.0,89111.9,89812.6,901.23762728
1741273200000,89816.3,91462.8,89628.1,90822.5,831.41792231
1741276800000,90824.0,91068.3,89203.9,89313.5,651.50012357
1741280400000,89315.4,89346.1,88000.0,88634.0,1121.72520607
1741284000000,88625.9,88980.2,88140.1,88425.8,626.08141389
1741287600000,88425.3,89393.9,87838.0,88527.6,521.59577096
1741291200000,88529.2,89362.2,88466.7,89030.4,367.66540954
1741294800000,89031.6,89936.6,88962.0,89930.4,363.41488626
1741298400000,89930.4,90787.3,89500.0,90306.1,661.31601738
1741302000000,90306.1,90563.0,89896.5,89930.0,252.55119156
1741305600000,89930.0,91290.3,84640.0,85528.0,3454.04892919
1741309200000,85533.3,88925.7,85194.3,88250.0,2045.73929197
1741312800000,88249.9,88450.7,87224.2,87228.0,746.06528163
1741316400000,87236.3,87692.1,86779.8,86988.1,494.72689736
1741320000000,86988.1,87897.9,86850.7,87651.2,1113.4784476
1741323600000,87651.3,88451.1,87586.2,88224.5,810.38742054
1741327200000,88224.6,88355.4,87800.0,88218.0,248.9710307
1741330800000,88218.0,88619.9,88104.8,88362.1,543.22299945
1741334400000,88362.1,88484.8,87969.9,88356.0,286.55393901
1741338000000,88356.0,89717.7,88350.0,88934.0,516.97086602
1741341600000,88934.0,89305.3,88734.7,89264.0,532.39052264
1741345200000,89264.1,89459.6,88831.6,88978.4,298.22595586
1741348800000,88982.0,89343.8,88307.6,89048.9,513.65135739
1741352400000,89048.0,90357.2,88978.3,89144.0,1760.96672829
1741356000000,89145.5,91100.0,88660.1,90436.0,1344.17035464
1741359600000,90436.3,90786.7,88007.0,88451.9,1612.87762289
1741363200000,88444.0,88963.9,86600.2,87239.8,1414.41568045
1741366800000,87242.8,88645.9,86548.0,87678.0,1050.79657144
1741370400000,87699.9,89040.0,87511.0,88601.7,617.73745036
1741374000000,88601.8,88918.3,87337.3,87822.1,703.49138851
1741377600000,87822.9,88533.9,86538.4,86992.2,943.44684736
1741381200000,86983.3,87368.4,85573.3,86308.0,1321.79474349
1741384800000,86300.0,86846.6,85609.1,86743.4,497.14333306
1741388400000,86743.4,86837.9,85968.0,86797.1,407.71925426
1741392000000,86797.2,86891.3,86523.2,86711.2,476.47869557
1741395600000,86711.3,86754.4,85217.8,86099.9,746.05354725
1741399200000,86100.0,86342.1,85927.4,86170.1,424.3721104
1741402800000,86173.3,86184.5,85454.0,85916.1,146.78773801
1741406400000,85916.1,86507.7,85655.0,86447.0,180.0145124
1741410000000,86448.4,86459.7,86010.1,86274.8,112.51584487
1741413600000,86274.8,86661.3,86262.7,86478.1,295.99230616
1741417200000,86478.1,86551.9,86094.7,86192.2,191.82252033
1741420800000,86192.1,86318.0,86031.9,86061.1,91.22511008
1741424400000,86064.3,86457.1,85833.3,85935.7,234.78263592
1741428000000,85937.8,86258.0,85937.8,86124.0,95.23567515
1741431600000,86124.0,86125.7,85753.5,85961.8,211.48021771
1741435200000,85961.8,86415.3,85811.9,86205.3,220.03907665
1741438800000,86205.3,86548.3,86126.0,86327.4,141.8228868
1741442400000,86327.5,86688.6,86215.1,86361.0,598.61021192
1741446000000,86360.1,86625.9,86205.0,86398.1,148.39733345
1741449600000,86398.1,86459.8,85817.1,86144.6,222.76790848
1741453200000,86144.7,86161.4,85660.6,85948.6,182.98206792
1741456800000,85949.1,86087.3,85879.9,86051.6,51.05258668
1741460400000,86051.6,86508.7,85800.0,86229.8,168.25270946
1741464000000,86229.9,86372.2,86184.1,86284.2,43.84670616
1741467600000,86282.8,86503.9,86200.0,86230.7,63.35801748
1741471200000,86230.6,86375.0,85854.5,86347.8,91.6371861
1741474800000,86347.3,86413.7,86065.8,86227.9,158.24025888
1741478400000,86227.9,86472.0,86120.1,86421.7,114.42588446
1741482000000,86422.0,86511.7,86100.0,86193.4,99.33700509
1741485600000,86193.4,86287.7,86001.0,86005.1,97.97927767
1741489200000,86005.2,86222.0,85956.0,86115.6,145.27578845
1741492800000,86115.5,86121.9,85933.5,86050.4,109.65970777
1741496400000,86050.4,86153.9,85964.0,86029.9,97.32751208
1741500000000,86025.3,86039.4,85800.0,85904.1,92.53298924
1741503600000,85904.2,86163.7,85838.0,86007.1,68.69959959
1741507200000,86007.0,86103.2,85770.2,85791.2,224.80417096
1741510800000,85791.2,85887.5,85384.6,85567.9,144.83105571
1741514400000,85568.0,85618.8,84678.2,84850.0,543.46215094
1741518000000,84850.1,85105.4,84626.4,85021.9,583.54378469
1741521600000,85018.1,85062.9,84233.6,84597.9,526.28097492
1741525200000,84597.9,84692.0,83469.9,83488.7,857.34835116
1741528800000,83477.3,83811.9,82983.0,83600.0,1150.61831522
1741532400000,83600.1,83758.2,82740.5,83070.1,501.7594973
1741536000000,83070.1,83758.2,82312.9,82483.4,1007.69401776
1741539600000,82483.4,82941.9,82222.0,82354.0,398.69800842
1741543200000,82361.2,83327.0,82266.6,82667.1,467.07560242
1741546800000,82667.1,82977.4,82327.5,82631.0,299.2055914
1741550400000,82632.5,83537.0,82600.3,83075.3,235.10577433
1741554000000,83075.3,83084.0,81555.0,81843.3,571.73659381
1741557600000,81843.3,82062.1,80200.7,80359.0,952.21171995
1741561200000,80359.0,81055.3,80000.0,80743.3,923.36753503
1741564800000,80745.0,81497.8,80034.0,81285.3,1040.89121012
1741568400000,81284.0,81891.8,80803.7,81769.0,993.61554498
1741572000000,81768.9,82749.9,81528.1,82205.9,1002.60434167
1741575600000,82206.0,82348.5,81796.9,82048.4,510.53769295
1741579200000,82048.4,82658.1,82001.1,82638.0,289.87458471
1741582800000,82638.0,82803.3,82121.6,82319.9,349.72655165
1741586400000,82320.0,82425.7,81970.0,82339.5,216.04390032
1741590000000,82339.6,82703.8,82058.8,82321.0,364.15765743
1741593600000,82322.6,82399.9,81154.7,81345.3,470.75057866
1741597200000,81346.8,84069.4,81328.1,82509.7,1238.08957717
1741600800000,82512.2,82688.9,81633.2,82289.1,432.16030478
1741604400000,82289.7,83798.6,82064.5,83590.7,918.98371826
1741608000000,83584.8,83786.1,82639.8,83257.5,641.78768859
1741611600000,83257.5,83319.2,81423.1,81538.2,851.85244022
1741615200000,81532.7,81532.7,79155.0,79844.6,3011.59554447
1741618800000,79844.5,81127.9,79555.8,80039.5,974.84120468
1741622400000,80037.9,80246.9,79000.0,79006.1,912.3501837
1741626000000,79007.1,79325.4,78200.0,78459.4,1313.58918227
1741629600000,78457.6,79148.4,77500.0,77659.2,1322.50771433
1741633200000,77660.8,79531.9,77464.0,79063.8,1247.54668512
1741636800000,79072.0,79748.9,78407.0,79300.1,627.47210592
1741640400000,79300.1,79887.8,78955.4,79571.3,279.67117456
1741644000000,79571.9,79848.0,79200.1,79502.0,247.56698833
1741647600000,79503.0,79715.4,78494.2,78595.8,322.38232752
1741651200000,78595.9,79238.5,76600.0,77675.0,1936.41913547
1741654800000,77675.0,79135.4,76817.1,79120.1,1682.31062256
1741658400000,79122.2,79653.8,78910.0,79352.8,636.03556028
1741662000000,79352.7,79949.8,79274.7,79524.1,450.59069929
1741665600000,79524.1,80261.0,79444.1,79760.7,602.99972845
1741669200000,79760.3,80479.4,79720.0,80259.6,381.66448807
1741672800000,80259.6,80544.1,80103.4,80106.5,244.67961515
1741676400000,80108.6,80618.4,80088.7,80428.1,288.50808657
1741680000000,80428.1,81531.4,80324.0,81119.2,679.11592411
1741683600000,81118.6,81906.9,81112.8,81454.0,851.87359989
1741687200000,81452.1,81875.0,81267.7,81823.3,660.15104903
1741690800000,81823.3,82100.0,81398.6,81718.5,790.48167379
1741694400000,81718.5,81919.6,81066.6,81239.2,1015.57380516
1741698000000,81239.2,82267.0,80549.8,80909.6,1598.53077749
1741701600000,80911.4,81390.7,79056.6,79779.6,2699.26795872
1741705200000,79774.6,81671.9,79658.2,81229.5,1405.78600486
1741708800000,81228.7,81888.0,80650.0,81387.3,597.54979461
1741712400000,81387.4,81732.7,80769.6,81303.9,559.97748152
1741716000000,81303.9,83468.6,81284.4,83272.5,927.63145088
1741719600000,83271.7,83631.8,82856.0,83103.1,827.72382267
1741723200000,83107.0,83174.3,82600.0,82805.8,287.09555618
1741726800000,82805.9,83256.5,82800.2,83101.2,153.97474296
1741730400000,83101.1,83312.0,82974.8,83138.1,206.30421101
1741734000000,83138.4,83195.2,82560.0,82943.2,363.15651299
1741737600000,82942.7,83134.0,82605.1,82761.1,199.16610221
1741741200000,82761.2,83777.0,82752.4,83312.3,532.19905162
1741744800000,83318.3,83327.7,82223.8,82439.5,556.53607749
1741748400000,82439.6,82609.9,82104.2,82133.5,317.73181887
1741752000000,82132.2,82179.0,81619.6,81811.9,347.05335384
1741755600000,81812.0,82035.9,81607.0,81976.5,252.46995241
1741759200000,81976.6,81976.6,81288.3,81416.6,402.75127791
1741762800000,81416.6,82533.8,81322.1,82433.9,554.79401506
1741766400000,82433.9,82834.3,82025.2,82683.3,517.80322249
1741770000000,82688.8,82931.6,82231.2,82673.6,314.14444733
1741773600000,82673.6,82764.2,82100.1,82487.0,419.22734022
1741777200000,82487.0,83073.7,82427.1,83005.9,331.93330606
1741780800000,83006.0,84499.0,82850.1,84067.7,1916.5924493
1741784400000,84067.8,84200.0,82360.0,82683.3,1054.33606763
1741788000000,82679.1,82928.0,81526.7,81530.0,1007.56907893
1741791600000,81531.9,82016.6,80597.7,81733.3,1564.54098205
1741795200000,81731.8,82284.2,81614.0,81965.5,541.96109861
1741798800000,81973.0,82892.2,81764.5,81842.8,590.71262206
1741802400000,81848.5,82809.5,81724.6,82637.2,296.50608872
1741806000000,82637.9,83155.4,82482.5,82915.5,423.83560219
1741809600000,82916.1,83187.8,82711.5,83117.5,107.60953768
1741813200000,83117.5,83321.6,82846.1,83086.4,77.22836109
1741816800000,83086.4,83695.4,83078.1,83653.4,206.78794027
1741820400000,83657.5,83903.3,83405.8,83691.9,301.32358918
1741824000000,83691.9,84000.0,83435.0,83448.1,327.35290703
1741827600000,83448.2,84223.0,83316.1,83922.8,378.8931736
1741831200000,83922.8,84333.3,83756.4,83783.9,301.31927592
1741834800000,83784.0,84189.9,83529.5,83576.5,199.09266158
1741838400000,83574.1,83702.3,83221.4,83289.4,319.61802922
1741842000000,83289.5,83539.9,83074.0,83156.9,234.22496669
1741845600000,83157.6,83333.3,82856.0,83289.1,293.73777121
1741849200000,83289.2,83561.3,83133.3,83159.8,376.16362853
1741852800000,83159.7,83269.9,82400.0,82975.9,348.91840776
1741856400000,82975.9,83528.6,82970.9,83437.4,239.584048
1741860000000,83437.4,83507.6,82999.9,83187.9,210.06236922
1741863600000,83187.8,83237.8,82680.0,82970.0,471.88471049
1741867200000,82970.4,83890.0,82275.1,82518.3,895.26833977
1741870800000,82518.3,83119.3,81589.4,81772.2,678.01583054
1741874400000,81772.1,82505.0,81544.4,82010.2,529.61280898
1741878000000,82010.2,82193.2,80953.6,81043.9,857.03920821
1741881600000,81041.2,81265.2,80655.0,80870.8,430.03082898
1741885200000,80870.9,80897.9,79940.0,80066.6,679.20496369
1741888800000,80066.5,80976.8,80000.1,80822.2,321.63049616
1741892400000,80822.1,81050.0,80131.4,80211.4,375.70538084
1741896000000,80209.9,80730.0,80188.3,80370.3,228.56715297
1741899600000,80370.4,80878.3,80280.1,80820.0,143.2066555
1741903200000,80819.9,81408.8,80724.0,81400.0,193.2091492
1741906800000,81400.0,81489.9,81046.4,81119.5,143.44282805
1741910400000,81119.6,81700.5,80826.8,81508.1,254.99512004
1741914000000,81508.1,81888.0,81203.9,81603.4,232.81583415
1741917600000,81603.5,82266.6,81596.0,82231.9,323.18913955
1741921200000,82232.0,82250.0,81745.2,81898.7,198.8364845
1741924800000,81899.2,82049.9,81838.9,81951.4,292.72781245
1741928400000,81951.4,82218.3,81808.3,82155.5,309.25860549
1741932000000,82156.8,82197.2,81770.1,82040.0,268.02817755
1741935600000,82039.9,82457.1,81892.1,82178.6,369.56841741
1741939200000,82178.6,82650.0,82168.0,82598.0,282.92536641
1741942800000,82600.0,82938.4,82571.8,82781.5,324.71328041
1741946400000,82781.6,83290.2,82664.6,83048.0,362.27798816
1741950000000,83048.2,83360.3,82976.4,83258.0,261.28484078
1741953600000,83258.1,83528.7,83055.3,83427.9,366.82429857
1741957200000,83427.9,83888.0,83037.6,83599.0,605.61121407
1741960800000,83599.8,83599.8,82635.2,83536.0,1204.52147314
1741964400000,83536.1,85300.0,83536.1,84734.0,2048.77521182
1741968000000,84734.1,84958.0,83956.8,84780.3,769.70200274
1741971600000,84780.0,84839.9,84190.0,84365.4,374.52495378
1741975200000,84365.6,84725.9,84200.0,84573.1,217.45924949
1741978800000,84573.0,84938.0,84454.8,84554.9,158.27472082
1741982400000,84554.9,84555.5,83714.4,84133.8,274.4328447
1741986000000,84136.0,84306.0,83950.0,84214.1,111.79944134
1741989600000,84214.1,84516.1,84104.7,84445.5,125.63478542
1741993200000,84445.5,84450.4,83952.9,83988.7,100.44822684
1741996800000,83988.6,84353.9,83968.1,84300.3,219.27128989
1742000400000,84300.4,84584.0,84100.0,84357.2,205.95284428
1742004000000,84357.2,84631.5,84165.1,84556.2,162.05767076
1742007600000,84556.8,84679.9,84421.4,84484.9,147.75666213
1742011200000,84485.0,84558.9,84285.7,84462.0,65.51011748
1742014800000,84462.1,84476.0,84265.0,84265.0,90.98609766
1742018400000,84265.1,84300.0,84151.0,84182.2,318.90294481
1742022000000,84182.3,84199.6,83789.4,83830.8,265.31935576
1742025600000,83830.8,84024.0,83609.2,83899.9,150.12652572
1742029200000,83900.0,83970.0,83710.1,83965.5,91.9088802
1742032800000,83966.0,83986.1,83652.0,83910.0,155.83170784
1742036400000,83910.1,84180.0,83832.1,84099.2,130.37084387
1742040000000,84099.3,84277.8,84008.0,84142.1,119.92612097
1742043600000,84142.2,84475.5,84128.7,84458.1,164.81975012
1742047200000,84458.2,84458.2,84106.6,84141.6,137.17070565
1742050800000,84141.6,84400.0,84141.5,84334.1,93.09450381
1742054400000,84334.1,84482.0,84180.6,84357.0,87.02744088
1742058000000,84357.0,84491.0,84264.0,84419.0,73.167595
1742061600000,84419.0,84466.5,84125.6,84219.4,62.57951683
1742065200000,84219.4,84319.7,84103.7,84295.1,44.62053251
1742068800000,84295.1,84446.0,84295.1,84385.0,43.941288
1742072400000,84385.1,84466.1,84223.7,84383.9,47.79685528
1742076000000,84384.0,84447.6,84312.5,84376.0,51.08320693
1742079600000,84376.0,84407.1,84274.0,84342.0,39.78148445
1742083200000,84342.1,84390.8,84214.2,84260.5,77.84871161
1742086800000,84260.5,84281.9,83829.5,83867.1,178.04288922
1742090400000,83867.2,84132.4,83734.5,83963.6,227.42476753
1742094000000,83963.6,84381.9,83896.0,84336.1,108.83881702
1742097600000,84336.1,84419.9,84244.1,84400.0,136.94311529
1742101200000,84400.0,84410.0,84298.1,84392.6,50.63301943
1742104800000,84392.6,84399.0,84224.6,84224.6,58.29068258
1742108400000,84224.6,84371.7,83968.1,84276.0,177.57350426
1742112000000,84275.9,84337.6,84159.3,84264.0,84.7005477
1742115600000,84264.1,84276.3,83804.1,83893.9,201.0042731
1742119200000,83895.7,84055.9,83650.0,83666.7,302.24093677
1742122800000,83666.6,83693.3,82357.0,82404.8,801.40896745
1742126400000,82406.1,82930.7,82392.4,82759.9,452.45910626
1742130000000,82759.8,83142.0,82506.0,82612.1,354.11013193
1742133600000,82612.0,83385.7,82580.1,83371.5,312.45791713
1742137200000,83371.5,83490.0,82978.0,83316.6,280.54113613
1742140800000,83316.5,85154.0,83290.1,83642.0,1310.44765496
1742144400000,83636.4,84117.7,83480.1,83909.3,200.15205969
1742148000000,83908.8,84096.4,83633.9,83700.6,240.7110203
1742151600000,83700.6,83731.1,82557.2,83097.5,352.45636862
1742155200000,83097.6,83450.6,82902.0,83214.3,112.14790379
1742158800000,83214.2,83225.7,82688.4,82765.9,141.51508194
1742162400000,82765.9,82842.0,82062.5,82099.4,531.45941803
1742166000000,82097.0,82641.4,82000.0,82578.1,593.53839765
1742169600000,82578.1,83154.0,82522.4,83060.7,196.41743939
1742173200000,83060.7,83402.6,82823.4,83238.6,185.82296252
1742176800000,83238.6,83375.0,82979.1,83219.9,85.36089371
1742180400000,83220.0,83725.5,83219.9,83676.0,200.13790261
1742184000000,83676.0,83875.0,83517.5,83615.7,120.01540112
1742187600000,83615.7,83616.0,83115.2,83115.2,333.55688409
1742191200000,83115.3,83289.9,82668.0,83225.6,232.05340856
1742194800000,83226.6,83629.9,83209.0,83558.4,319.90804704
1742198400000,83560.0,83713.9,83202.2,83535.9,176.06182795
1742202000000,83535.9,83782.9,83427.2,83649.9,343.26166525
1742205600000,83650.0,83676.0,83250.1,83339.4,204.61651085
1742209200000,83339.4,83692.0,83212.8,83511.9,171.99418777
1742212800000,83512.0,84019.2,83000.0,83054.0,1061.15424657
1742216400000,83054.0,83733.3,82800.0,83024.1,812.18469646
1742220000000,83024.0,83373.0,82444.3,82921.8,895.25925101
1742223600000,82923.1,83700.0,82716.1,83538.1,586.99649995
1742227200000,83538.2,83884.6,83108.2,83446.2,499.04152544
1742230800000,83444.6,84344.0,83352.1,84193.7,414.46998891
1742234400000,84193.8,84600.0,83980.5,84505.1,465.0801833
1742238000000,84505.1,84764.3,84315.2,84479.7,285.04659699
1742241600000,84477.3,84508.0,83850.4,83966.3,199.93145374
1742245200000,83966.3,84256.4,83889.8,84080.0,108.03204486
1742248800000,84080.1,84248.8,84000.1,84061.8,70.0274848
1742252400000,84061.9,84151.8,83750.0,84011.9,218.00913809
1742256000000,84011.9,84030.1,83712.7,83798.3,148.3727512
1742259600000,83799.0,83919.8,83014.1,83166.6,406.67251112
1742263200000,83166.6,83533.2,83084.0,83375.9,214.33842271
1742266800000,83376.0,83376.0,82956.5,83140.9,216.57469095
1742270400000,83140.9,83210.0,82847.0,82993.8,302.26395185
1742274000000,82993.8,83132.8,82900.0,83025.0,684.75360128
1742277600000,83025.1,83034.0,82250.0,82457.6,453.68076673
1742281200000,82457.6,83278.4,82356.2,83162.4,578.03667804
1742284800000,83162.4,83455.6,83041.3,83284.4,210.24451621
1742288400000,83284.3,83343.3,82774.0,82842.5,298.29468144
1742292000000,82842.6,82940.0,82588.2,82815.6,296.24946652
1742295600000,82815.6,82868.9,82502.1,82580.9,292.07147851
1742299200000,82580.9,82827.3,82336.0,82406.0,349.85197425
1742302800000,82408.0,82486.5,81167.7,81359.0,1181.26894461
1742306400000,81358.6,81977.3,81144.0,81844.5,644.43978346
1742310000000,81844.5,82208.3,81533.4,81600.1,308.19552009
1742313600000,81600.1,82158.9,81544.5,81864.4,255.76012052
1742317200000,81864.4,81983.2,81338.3,81463.3,274.15047426
1742320800000,81463.2,81956.0,81240.0,81887.5,224.74065538
1742324400000,81887.5,82484.8,81756.1,82316.6,393.96234684
1742328000000,82314.1,82361.8,81877.8,82052.9,108.01454458
1742331600000,82053.0,82208.0,81930.4,82054.1,76.3246414
1742335200000,82054.0,82569.0,81989.6,82392.1,137.26755841
1742338800000,82392.2,82813.2,82392.2,82709.7,201.08119065
1742342400000,82709.8,83244.2,82593.5,83108.2,306.21582092
1742346000000,83108.0,83160.0,82584.0,82599.8,204.42288679
1742349600000,82599.8,82898.4,82539.9,82870.2,187.81786746
1742353200000,82870.2,83080.8,82737.4,83034.0,168.05423973
1742356800000,83033.9,83078.0,82786.9,82961.4,151.18154966
1742360400000,82960.0,83324.6,82916.0,83242.3,285.34627298
1742364000000,83242.3,83328.0,83111.6,83192.4,170.28000462
1742367600000,83196.0,83360.3,83028.1,83199.9,220.23613534
1742371200000,83199.9,83518.0,83178.1,83419.6,386.34626411
1742374800000,83419.7,83612.0,83370.0,83538.5,220.37719266
1742378400000,83538.5,83840.3,83455.1,83472.1,290.78895692
1742382000000,83472.1,84100.0,83383.3,83881.9,681.11252394
1742385600000,83881.9,83930.1,83513.0,83750.0,296.94175978
1742389200000,83750.1,84333.0,83626.1,84092.1,711.62264592
1742392800000,84097.5,84397.3,83879.7,84310.5,407.78872162
1742396400000,84310.5,84893.5,84115.0,84737.9,441.65248569
1742400000000,84738.0,84834.0,84433.8,84573.2,448.21409702
1742403600000,84575.3,84713.6,83768.1,84230.1,531.86616808
1742407200000,84226.1,85881.5,83570.0,85624.8,1821.60023133
1742410800000,85624.7,85947.0,84930.7,85433.8,966.21562471
1742414400000,85432.2,85846.9,85212.0,85359.9,234.4561057
1742418000000,85360.0,85919.7,85334.0,85634.0,245.17226737
1742421600000,85635.3,86528.9,85627.5,86158.1,645.55105191
1742425200000,86158.1,87024.0,86158.1,86841.0,469.72251538
1742428800000,86843.7,87446.9,85944.0,86018.8,768.07173693
1742432400000,86018.9,86369.4,85711.5,85875.9,320.07474278
1742436000000,85875.9,86133.3,85626.2,86072.1,434.14701752
1742439600000,86072.9,86150.7,85822.1,85889.9,133.22657374
1742443200000,85889.9,85938.9,85429.0,85684.2,209.07365275
1742446800000,85684.2,85849.4,85474.5,85836.0,127.30288492
1742450400000,85836.0,86016.0,85625.0,85758.1,146.47384345
1742454000000,85758.1,85968.6,85694.0,85811.9,183.87163635
1742457600000,85811.8,86326.8,85698.8,86240.2,198.55435034
1742461200000,86240.2,86286.7,85800.0,85874.1,184.40908231
1742464800000,85874.2,85954.0,84770.4,85171.6,772.13538547
1742468400000,85172.0,85524.0,85162.1,85502.6,166.36763446
1742472000000,85502.6,85569.3,85200.0,85358.6,151.59543024
1742475600000,85358.7,85866.6,85078.0,85518.0,377.52353825
1742479200000,85518.0,86529.1,85466.1,86172.5,832.1538463
1742482800000,86167.9,86218.7,84570.0,84692.6,897.96433295
1742486400000,84687.4,84921.0,83642.0,83799.9,1235.30361351
1742490000000,83799.9,84357.0,83725.8,84085.7,689.85127151
1742493600000,84085.8,84340.0,83940.0,84058.8,211.12289673
1742497200000,84058.9,84420.6,83914.1,84160.7,192.4371667
1742500800000,84161.9,84600.0,84130.1,84526.7,148.70404173
1742504400000,84526.8,84610.8,84237.5,84359.1,122.65804904
1742508000000,84359.1,84511.1,83988.0,84146.3,183.98193681
1742511600000,84148.0,84354.4,83914.2,84225.9,122.24089953
1742515200000,84223.3,84540.3,84178.1,84506.5,152.84592841
1742518800000,84505.4,84792.0,84369.0,84776.8,142.57260373
1742522400000,84776.7,84844.0,84516.2,84677.4,111.54452501
1742526000000,84677.5,84728.0,84256.7,84443.5,116.11994437
1742529600000,84443.4,84800.0,84443.4,84661.4,137.58700522
1742533200000,84661.5,84666.0,84329.5,84462.4,188.46922089
1742536800000,84462.4,84473.6,84048.0,84199.9,264.20871326
1742540400000,84200.0,84272.0,83728.0,83944.6,343.21963058
1742544000000,83944.6,84154.2,83734.1,84017.5,262.88676473
1742547600000,84017.4,84346.8,83788.1,84130.7,177.19577817
1742551200000,84130.7,84300.0,83905.0,84165.0,263.77166011
1742554800000,84163.3,84178.0,83943.9,84053.7,81.97365936
1742558400000,84053.8,84370.9,83388.0,83467.0,452.02542223
1742562000000,83467.0,84105.7,83170.6,83940.0,588.32440874
1742565600000,83945.4,84297.7,83508.6,84244.0,433.63762252
1742569200000,84242.9,84284.1,83560.1,83576.1,371.23102274
1742572800000,83570.3,84143.9,83376.1,84100.1,382.48460813
1742576400000,84101.8,84152.9,83705.0,84020.9,135.70601963
1742580000000,84021.0,84444.0,83902.0,84105.8,140.00295768
1742583600000,84105.8,84199.4,83800.0,83962.1,118.19948828
1742587200000,83962.1,84236.0,83812.0,84206.7,97.29207534
1742590800000,84206.8,84583.3,84168.6,84395.7,125.09207155
1742594400000,84395.8,84414.0,84092.0,84173.9,101.30700025
1742598000000,84170.0,84223.5,84038.0,84086.5,72.51902582
1742601600000,84086.5,84250.0,84039.3,84195.9,87.04708118
1742605200000,84196.0,84328.0,83980.2,84063.1,202.92982637
1742608800000,84063.1,84246.0,84004.0,84179.7,121.970317
1742612400000,84179.7,84286.0,84123.8,84247.9,63.54759871
1742616000000,84248.0,84388.9,84200.0,84356.1,70.77356061
1742619600000,84356.1,84422.0,84239.3,84320.1,78.14750301
1742623200000,84320.2,84398.0,84158.7,84326.8,71.29910984
1742626800000,84326.7,84381.1,84209.7,84273.9,194.48556321
1742630400000,84273.9,84287.9,84122.1,84222.1,106.07750766
1742634000000,84222.2,84533.3,84222.2,84354.5,165.4639851
1742637600000,84354.5,84446.7,84350.0,84418.4,92.35044651
1742641200000,84421.9,84424.0,84214.0,84238.9,100.93814183
1742644800000,84237.0,84297.4,84186.0,84234.9,56.96398833
1742648400000,84234.9,84250.0,84046.9,84173.8,89.92319263
1742652000000,84173.8,84204.1,84000.0,84011.7,78.69138564
1742655600000,84011.7,84141.6,83978.1,84117.9,60.56562617
1742659200000,84117.9,84183.6,84070.0,84142.2,42.72192926
1742662800000,84142.5,84266.4,84120.1,84240.9,54.39788958
1742666400000,84240.9,84327.9,84195.3,84242.5,34.96268062
1742670000000,84242.6,84281.8,84158.1,84175.1,21.72355952
1742673600000,84175.1,84210.0,83950.0,83951.1,66.33328501
1742677200000,83950.1,84098.0,83850.0,84019.6,61.648
1742680800000,84019.7,84074.3,83956.4,83964.1,28.94517293
1742684400000,83964.1,83964.1,83650.0,83850.0,103.37004272
1742688000000,83850.0,84059.4,83812.0,84003.1,66.17088846
1742691600000,84003.2,84138.8,83980.0,84070.4,65.77346581
1742695200000,84070.5,84278.6,83988.1,84233.1,74.63572191
1742698800000,84233.1,84248.0,84126.1,84233.7,31.68612939
1742702400000,84234.4,84238.0,84065.5,84110.0,56.51874951
1742706000000,84110.0,84246.6,84092.1,84227.2,88.96604614
1742709600000,84227.1,84288.0,84192.6,84231.7,87.26066803
1742713200000,84231.7,84320.0,84205.8,84273.9,60.75452279
1742716800000,84274.0,84349.9,84245.7,84338.1,86.01920366
1742720400000,84338.2,84367.9,84299.9,84315.1,56.50642245
1742724000000,84315.2,84500.0,84301.3,84458.1,156.97070036
1742727600000,84458.2,85054.0,84458.2,84698.0,631.95393866
1742731200000,84698.1,84827.4,84578.0,84726.6,82.0403044
1742734800000,84726.6,85115.3,84640.3,85089.0,265.72759855
1742738400000,85089.0,85230.0,84870.3,84907.6,449.3525874
1742742000000,84907.6,85266.6,84904.1,85194.0,185.56942884
1742745600000,85194.0,85398.6,84943.6,85255.9,150.36921068
1742749200000,85256.0,85421.0,84888.8,85029.0,198.37681144
1742752800000,85030.1,85048.9,84813.0,84988.2,75.90593795
1742756400000,84988.3,85097.8,84912.2,85024.3,55.40857137
1742760000000,85024.3,85276.6,85016.1,85106.6,50.70373889
1742763600000,85106.1,85193.9,84922.2,85189.3,57.85316335
1742767200000,85189.3,85678.0,85158.1,85373.8,454.45411392
1742770800000,85373.9,86131.0,85373.9,86083.3,297.18351893
1742774400000,86083.4,86639.8,85860.0,86029.9,332.97203019
1742778000000,86030.0,86044.4,85536.0,85568.7,234.3758538
1742781600000,85568.8,85964.0,85530.0,85882.1,180.49672915
1742785200000,85881.9,86576.0,85878.0,86531.3,502.78590266
1742788800000,86531.3,86984.6,86531.3,86847.0,738.91417112
1742792400000,86847.1,87042.6,86816.3,86907.6,285.15743223
1742796000000,86907.6,87300.0,86900.0,87116.0,256.10909363
1742799600000,87116.0,87179.5,86746.7,86865.4,457.59118442
1742803200000,86865.3,87513.6,86852.8,87406.9,511.92778348
1742806800000,87407.0,87518.5,87123.4,87157.7,257.38617348
1742810400000,87157.7,87897.7,87123.4,87783.3,380.4657693
1742814000000,87783.3,87847.1,87513.2,87682.5,179.05290594
1742817600000,87682.6,87703.1,87250.0,87324.1,238.00748415
1742821200000,87324.0,87708.6,87134.9,87691.9,335.8873036
1742824800000,87690.0,88769.2,87631.8,87963.9,918.14651777
1742828400000,87964.0,88359.9,87672.3,88330.0,293.31532653
1742832000000,88330.0,88490.1,87682.5,88055.3,291.29522234
1742835600000,88048.6,88471.4,87934.1,88454.1,180.60956354
1742839200000,88455.8,88533.3,88122.0,88448.7,321.46791105
1742842800000,88449.3,88502.0,87964.0,88216.7,258.64903028
1742846400000,88216.6,88478.0,87793.4,87836.4,235.63633761
1742850000000,87837.9,88277.1,87801.1,88101.2,525.55071714
1742853600000,88101.2,88180.2,87304.6,87441.9,780.5398947
1742857200000,87441.9,87525.4,87035.0,87496.7,531.34550661
1742860800000,87496.7,87684.2,87252.1,87604.6,207.56825767
1742864400000,87604.5,87604.5,86806.0,87090.4,354.88138235
1742868000000,87090.5,87092.0,86828.9,86856.2,150.45030309
1742871600000,86856.3,86995.1,86317.8,86513.9,693.27375455
1742875200000,86513.9,86665.9,86303.3,86540.5,291.79282326
1742878800000,86540.5,86776.8,86392.7,86650.3,393.85509776
1742882400000,86650.3,86882.9,86524.0,86549.9,213.18797778
1742886000000,86550.0,86814.7,86347.9,86456.0,277.8689522
1742889600000,86455.9,86768.5,86410.0,86725.8,117.86029804
1742893200000,86725.8,87400.0,86648.0,87230.0,631.85738256
1742896800000,87230.0,87300.0,86951.4,87136.9,210.35994637
1742900400000,87137.0,87500.0,87056.3,87376.1,218.96714033
1742904000000,87378.0,87471.3,86929.3,87088.0,247.12164415
1742907600000,87088.0,87999.0,87046.0,87601.9,551.75504577
1742911200000,87602.0,88236.3,87336.4,88012.9,472.55196324
1742914800000,88013.0,88262.0,87710.7,87768.1,413.43833739
1742918400000,87768.1,87984.9,87641.0,87804.9,295.22892834
1742922000000,87805.0,88328.0,87805.0,87938.0,214.90021858
1742925600000,87938.0,88061.9,87577.2,87816.0,186.59601006
1742929200000,87816.0,88259.9,87811.5,88114.4,263.18101217
1742932800000,88112.1,88545.7,87810.9,87855.5,381.35419903
1742936400000,87855.4,88208.6,87707.0,87753.2,87.05007894
1742940000000,87750.5,87814.0,87179.8,87470.5,270.10684934
1742943600000,87470.6,87514.0,87134.5,87414.6,109.71673776
1742947200000,87414.6,87827.3,87236.0,87655.9,155.32871414
1742950800000,87656.0,87898.0,87568.1,87839.5,106.32578075
1742954400000,87838.1,87839.6,87295.8,87325.9,208.52137246
1742958000000,87326.0,87404.0,87027.7,87159.0,228.3234252
1742961600000,87159.0,87462.9,87048.0,87332.4,164.95983204
1742965200000,87332.4,87643.2,87226.0,87526.0,141.85817063
1742968800000,87526.1,87944.4,87444.0,87913.9,133.70677741
1742972400000,87913.9,88284.0,87751.6,88140.0,354.60658711
1742976000000,88139.8,88204.0,87875.1,87949.9,263.16377269
1742979600000,87950.0,88047.6,87816.6,87926.5,362.58128373
1742983200000,87926.5,88267.9,87923.2,88215.4,356.57684353
1742986800000,88215.4,88263.4,87929.2,87956.8,161.88115628
1742990400000,87956.8,88020.0,87590.0,87807.3,232.50808232
1742994000000,87807.4,87916.6,86701.4,86846.1,787.13231806
1742997600000,86840.8,87314.0,86434.3,86774.3,779.30952517
1743001200000,86774.0,87013.0,86551.6,86740.8,589.37311059
1743004800000,86740.7,87056.4,86400.0,86496.1,431.94213569
1743008400000,86496.0,86826.0,86467.2,86566.1,204.82509568
1743012000000,86566.1,86749.9,86170.8,86201.4,255.10768979
1743015600000,86201.7,86792.8,85860.0,86552.0,535.88271786
1743019200000,86550.0,87400.0,86504.1,87289.6,382.08949697
1743022800000,87290.0,87306.7,86714.8,87106.1,167.86637806
1743026400000,87106.0,87154.0,86750.3,86831.9,108.20360696
1743030000000,86832.0,86969.5,86566.0,86926.2,301.22795222
1743033600000,86926.3,87317.8,86799.9,87297.9,298.22059101
1743037200000,87297.9,87500.0,87184.0,87385.9,249.62668356
1743040800000,87386.0,87765.2,87339.6,87573.5,341.17749973
1743044400000,87573.4,87688.0,87432.0,87673.6,209.47063387
1743048000000,87673.6,87693.3,87403.9,87517.2,225.92395734
1743051600000,87517.3,87517.3,87248.0,87306.4,139.97077711
1743055200000,87306.3,87545.1,87279.4,87347.9,158.82762882
1743058800000,87348.0,87441.6,87241.3,87403.1,154.09169953
1743062400000,87403.0,87598.4,87252.1,87437.8,159.27093631
1743066000000,87437.8,87545.4,87386.3,87420.0,137.98619778
1743069600000,87421.0,87599.9,87114.7,87195.7,282.34531185
1743073200000,87195.6,87325.1,86700.0,86940.1,494.79477849
1743076800000,86940.1,87107.9,86710.6,86750.0,246.92847149
1743080400000,86750.1,86858.0,85800.0,86393.8,914.98081729
1743084000000,86390.1,87321.3,86199.9,87298.4,646.45408415
1743087600000,87299.9,87570.8,86750.0,86970.9,669.13566206
1743091200000,86969.6,87279.9,86800.0,86834.0,226.63201691
1743094800000,86834.0,87156.4,86800.0,86904.1,232.26682151
1743098400000,86904.1,87419.3,86874.0,87202.3,147.5180239
1743102000000,87202.4,87425.9,87020.1,87062.7,144.76569384
1743105600000,87062.7,87350.0,86931.8,87307.8,153.66666985
1743109200000,87307.8,87724.0,87229.2,87554.1,232.60669949
1743112800000,87554.2,87600.1,87307.6,87340.0,75.57396663
1743116400000,87339.0,87362.1,87112.4,87228.0,132.39791651
1743120000000,87228.0,87412.7,86915.2,87357.0,347.32036458
1743123600000,87357.0,87504.4,87104.7,87240.0,403.12587169
1743127200000,87242.2,87339.1,86945.9,86983.3,460.21302816
1743130800000,86984.7,87016.0,86700.0,86793.8,799.9499756
1743134400000,86793.9,86838.7,85949.0,86302.1,713.91886994
1743138000000,86302.0,86302.0,85828.0,86050.1,400.14579698
1743141600000,86050.0,86250.0,85647.9,85713.9,450.67955764
1743145200000,85713.9,85878.1,85156.1,85202.0,1137.87210132
1743148800000,85202.0,85440.0,85044.6,85210.0,472.66846752
1743152400000,85210.1,85413.9,85005.2,85155.3,319.5568182
1743156000000,85155.4,85261.9,84896.0,84954.1,408.73959232
1743159600000,84954.2,85250.0,84808.8,85249.9,455.41911356
1743163200000,85249.9,85631.5,84880.2,85031.9,514.2281145
1743166800000,85032.0,85560.0,84903.8,84998.4,600.13611951
1743170400000,84999.9,85121.0,84155.1,84166.7,1271.22851531
1743174000000,84166.7,84540.0,83958.9,84051.5,582.04220331
1743177600000,84051.5,84216.2,83666.6,83777.7,586.60497946
1743181200000,83777.5,84014.0,83585.0,84010.5,513.19990628
1743184800000,84010.3,84169.3,83719.0,83883.9,148.54739274
1743188400000,83884.0,83905.0,83636.3,83795.9,230.31312595
1743192000000,83796.0,84178.6,83717.3,83799.0,204.62165509
1743195600000,83799.8,84114.0,83700.0,84059.4,103.29499378
1743199200000,84059.5,84487.0,84059.4,84487.0,153.43102906
1743202800000,84487.0,84544.9,84186.9,84427.3,546.77301993
1743206400000,84427.4,84626.7,84350.0,84398.3,155.78141413
1743210000000,84396.1,84500.0,84204.7,84278.0,107.27655928
1743213600000,84278.0,84419.3,83816.4,83852.9,213.4631129
1743217200000,83853.0,84250.0,83700.0,84154.3,205.10776912
1743220800000,84154.2,84254.2,83969.5,84069.2,50.09345094
1743224400000,84069.3,84093.2,83850.0,84006.3,48.71535782
1743228000000,84006.3,84006.3,83674.5,83799.3,205.15491861
1743231600000,83799.4,83892.0,83663.1,83741.4,225.96866528
1743235200000,83741.3,83947.9,83673.6,83934.6,156.70867855
1743238800000,83934.6,83957.9,83233.4,83548.5,537.66297428
1743242400000,83549.9,83573.9,82824.0,82934.2,505.59427026
1743246000000,82934.1,83119.7,82011.0,82293.2,686.10785492
1743249600000,82293.2,82523.0,82128.8,82462.1,301.54927681
1743253200000,82462.1,82860.9,82454.1,82846.0,239.34414228
1743256800000,82846.0,82893.9,82451.1,82504.0,182.66057466
1743260400000,82504.1,82630.8,82379.8,82418.4,89.60036607
1743264000000,82418.4,82691.7,82158.3,82198.2,214.52423336
1743267600000,82198.1,82633.1,81644.2,82340.4,792.26172725
1743271200000,82340.4,82681.7,82216.9,82351.5,112.99899113
1743274800000,82354.2,82770.4,82217.3,82770.4,137.00761699
1743278400000,82770.4,82797.6,82419.9,82516.8,104.20010628
1743282000000,82514.0,82697.6,82352.6,82517.7,79.50345424
1743285600000,82517.8,82526.3,82260.0,82401.1,103.26510235
1743289200000,82401.2,82692.9,82340.2,82650.1,73.80031442
1743292800000,82650.0,82899.8,82493.1,82805.5,136.99690815
1743296400000,82805.0,83080.7,82761.1,82944.4,188.68691359
1743300000000,82944.4,83374.9,82922.3,83324.5,140.86738343
1743303600000,83324.5,83513.4,83040.5,83080.3,263.81229906
1743307200000,83080.3,83322.0,83074.5,83111.9,84.33242363
1743310800000,83112.0,83230.7,82925.5,82961.9,84.92752259
1743314400000,82962.0,83304.6,82865.2,83195.9,158.86247873
1743318000000,83196.0,83318.0,83066.7,83083.1,119.7527991
1743321600000,83083.0,83408.3,83083.0,83386.4,82.11957964
1743325200000,83386.5,83524.4,83247.6,83498.8,93.78585234
1743328800000,83498.8,83535.4,83062.0,83122.4,188.71033891
1743332400000,83122.4,83366.7,82975.0,83126.0,173.61955454
1743336000000,83127.8,83273.2,82983.5,83076.8,133.26799739
1743339600000,83076.9,83159.9,82528.8,82688.1,277.21104018
1743343200000,82686.7,83041.9,82608.0,82808.0,175.11116064
1743346800000,82808.0,83065.3,82709.0,82735.2,107.78438959
1743350400000,82736.5,82823.4,82130.0,82284.3,1394.76213691
1743354000000,82284.4,82574.7,82040.0,82419.7,506.79843633
1743357600000,82419.7,82800.0,82419.6,82733.9,124.31877925
1743361200000,82736.0,82914.5,82549.9,82549.9,79.90643597
1743364800000,82550.0,82664.3,82395.1,82557.3,37.01780102
1743368400000,82561.1,82712.0,82054.7,82240.1,83.8026919
1743372000000,82238.8,82760.2,81569.3,82433.2,381.93590232
1743375600000,82433.3,82436.5,81935.4,82398.2,149.67124898
1743379200000,82398.4,82456.5,81268.5,81643.2,312.67043976
1743382800000,81647.3,82267.9,81543.4,81960.4,350.74848062
1743386400000,81961.9,82189.5,81638.0,81927.5,206.7407813
1743390000000,81927.5,82033.9,81470.1,81535.4,202.09650594
1743393600000,81535.9,81871.9,81407.4,81842.0,177.59004731
1743397200000,81842.1,82304.7,81833.3,82170.4,273.76395844
1743400800000,82170.3,82266.5,81913.6,82049.8,214.43279334
1743404400000,82049.8,82301.6,81732.3,81941.3,196.29467673
1743408000000,81941.3,82265.9,81882.0,81900.7,160.3221766
1743411600000,81901.0,81975.1,81341.3,81469.5,313.37154651
1743415200000,81469.6,82223.5,81300.0,82168.2,322.13764744
1743418800000,82168.3,82275.3,81900.3,82204.4,176.08432303
1743422400000,82202.6,83176.0,81917.7,82784.0,402.65233524
1743426000000,82788.7,82875.0,81666.6,82510.1,657.76308808
1743429600000,82512.0,83761.7,82498.6,83496.2,764.61838768
1743433200000,83494.5,83929.6,83392.0,83423.0,473.48470629
1743436800000,83420.7,83694.1,83250.1,83302.0,183.32791922
1743440400000,83301.9,83558.0,82578.9,82687.4,185.47731395
1743444000000,82687.4,83572.9,82682.6,83292.4,171.48060805
1743447600000,83292.3,83446.5,82394.5,82459.7,206.55736345
1743451200000,82459.7,82840.0,82357.9,82429.9,121.20062047
1743454800000,82430.0,82754.6,82416.8,82565.1,83.10439483
1743458400000,82565.2,82573.6,82263.6,82418.0,144.36415808
1743462000000,82418.4,82895.4,82288.0,82556.9,144.08924939
1743465600000,82556.9,82847.3,82429.6,82660.0,129.21460981
1743469200000,82656.4,82744.5,82456.7,82713.6,115.51703528
1743472800000,82713.6,83112.7,82652.0,83096.9,395.54499271
1743476400000,83096.8,83252.8,82929.1,82964.9,162.1489988
1743480000000,82964.9,83239.7,82885.7,83060.0,103.41291434
1743483600000,83060.0,83332.0,82987.0,83006.2,128.61643277
1743487200000,83006.3,83500.0,82891.0,83460.0,172.53190131
1743490800000,83462.8,83599.9,83382.3,83452.7,242.98231003
1743494400000,83452.8,84211.2,83431.9,84109.7,675.8310142
1743498000000,84109.7,84392.2,84108.1,84353.8,388.12062256
1743501600000,84353.9,84502.4,84154.0,84184.1,354.33633793
1743505200000,84184.1,84214.4,83827.8,83923.4,282.39582521
1743508800000,83923.4,84159.8,83612.8,83616.2,228.20936716
1743512400000,83616.2,83908.2,83418.0,83615.4,427.89409929
1743516000000,83622.2,84357.5,82536.2,84193.3,1097.03415755
1743519600000,84190.5,85500.0,84178.9,85286.8,1447.36336387
1743523200000,85288.2,85487.2,84814.9,85116.0,652.55080446
1743526800000,85116.1,85336.6,84904.5,85120.2,207.33475469
1743530400000,85120.3,85182.7,84697.2,85128.0,243.72630447
1743534000000,85127.2,85183.2,84796.9,84968.5,138.78380876
1743537600000,84968.5,85356.0,84768.2,85235.0,292.36736873
1743541200000,85237.9,85482.1,85126.7,85240.0,266.00593207
1743544800000,85240.8,85479.9,85086.2,85108.9,182.42362391
1743548400000,85107.1,85555.0,84975.0,85168.2,272.64588844
1743552000000,85168.3,85273.1,84924.7,84972.0,250.6453541
1743555600000,84973.8,85220.7,84849.8,85155.9,221.25009441
1743559200000,85156.0,85178.3,84644.7,84724.7,272.73595332
1743562800000,84724.7,84918.3,84507.4,84549.9,219.34798546
1743566400000,84550.0,84735.1,84463.6,84604.0,139.99504915
1743570000000,84603.1,84609.9,84105.5,84107.9,192.96194313
1743573600000,84107.8,84360.1,83900.0,84130.0,268.49937452
1743577200000,84130.0,84457.1,84001.3,84420.6,257.16487483
1743580800000,84420.7,84753.2,84260.0,84670.0,145.2145661
1743584400000,84670.0,85450.0,84632.0,85019.7,326.35486813
1743588000000,85019.6,85291.6,84821.7,84865.9,210.98890375
1743591600000,84865.9,84976.1,84546.6,84569.8,110.65796675
1743595200000,84569.9,85065.1,84466.6,85057.2,224.0268187
1743598800000,85057.3,86140.7,84476.0,85230.1,1300.08747446
1743602400000,85230.0,85966.6,85169.3,85870.0,523.15175586
1743606000000,85873.9,87344.0,85803.1,86752.4,1699.81432414
1743609600000,86755.0,87210.0,86584.3,87050.0,350.79460526
1743613200000,87057.9,87328.5,86345.0,86615.8,340.74946452
1743616800000,86615.8,86731.1,86208.4,86286.0,280.64692098
1743620400000,86286.0,87010.9,86174.0,86896.0,366.58839841
1743624000000,86896.1,88500.0,85223.5,85651.0,3771.52962958
1743627600000,85653.8,85737.8,84220.5,84856.2,671.91600965
1743631200000,84856.0,84856.0,82670.4,82823.7,1068.77942397
1743634800000,82822.0,82854.2,82320.1,82513.2,945.76991106
1743638400000,82514.1,83406.1,82169.7,83225.4,862.72855208
1743642000000,83225.5,83937.3,83100.0,83749.7,617.27969247
1743645600000,83749.8,83890.0,83270.3,83772.0,347.34981693
1743649200000,83772.0,83780.9,83347.4,83483.7,183.73921867
1743652800000,83484.0,83742.0,83271.5,83559.2,195.21857675
1743656400000,83559.2,83714.0,83323.8,83338.0,306.35650378
1743660000000,83338.1,83422.0,83010.5,83053.2,294.28042154
1743663600000,83053.2,83498.1,83001.4,83456.1,269.22694442
1743667200000,83457.9,83791.1,83450.3,83678.1,212.23265623
1743670800000,83678.1,83774.9,83450.0,83483.7,186.89906107
1743674400000,83483.7,83750.0,83150.0,83220.1,295.54293213
1743678000000,83220.0,83364.0,83041.5,83093.1,234.41865978
1743681600000,83093.0,83142.0,81884.4,81947.9,992.44247787
1743685200000,81948.0,82798.2,81782.0,82374.4,1049.67942014
1743688800000,82374.4,82400.0,81312.8,81537.3,903.38647383
1743692400000,81537.8,82093.9,81203.0,82046.1,542.45448768
1743696000000,82046.1,82469.6,81723.1,81830.1,1345.76464707
1743699600000,81830.1,82196.0,81636.0,81837.2,220.64863619
1743703200000,81837.1,82323.3,81543.7,82111.1,210.57990084
1743706800000,82111.1,82364.7,81828.9,82016.1,436.88042665
1743710400000,82016.0,82428.5,81798.8,82370.0,338.81644913
1743714000000,82370.0,82866.0,82321.9,82725.9,221.39862164
1743717600000,82725.9,82877.2,82595.5,82736.0,122.01074744
1743721200000,82736.0,83331.4,82500.1,83216.3,333.08978569
1743724800000,83216.4,83416.9,83000.0,83038.0,465.60589526
1743728400000,83038.1,83350.5,82590.1,82703.0,199.52003935
1743732000000,82703.0,83185.9,82703.0,82907.9,98.66854434
1743735600000,82909.4,83074.0,82684.0,82816.6,118.04348272
1743739200000,82816.6,82933.3,82618.1,82728.6,227.87819837
1743742800000,82728.6,83212.5,82639.5,83192.3,221.93487211
1743746400000,83190.1,83257.9,83036.1,83054.0,215.02748519
1743750000000,83054.0,84026.4,83048.1,83999.7,689.31146622
1743753600000,83999.8,84654.1,83999.8,84419.5,762.72004532
1743757200000,84419.6,84725.0,84131.6,84577.8,434.4669924
1743760800000,84580.0,84700.0,82432.8,82593.1,1406.8169629
1743764400000,82592.1,82785.6,81667.0,82682.0,939.69446238
1743768000000,82682.0,83233.0,82226.3,82883.6,999.1481399
1743771600000,82883.7,83518.9,82140.0,83340.2,852.84425897
1743775200000,83346.6,83520.0,81840.6,82575.0,1058.70599266
1743778800000,82571.7,83700.0,82481.5,82860.1,1648.5836363
1743782400000,82862.0,83565.7,82736.8,83390.0,688.05612913
1743786000000,83388.9,84613.2,82959.3,84466.2,759.74186434
1743789600000,84466.2,84588.2,83733.3,83994.4,485.94706484
1743793200000,83994.3,84466.1,83790.6,84000.2,471.16527289
1743796800000,84000.1,84300.0,83479.7,84164.3,329.16992062
1743800400000,84166.0,84460.0,83950.0,84195.2,218.90558734
1743804000000,84195.3,84284.7,84016.6,84061.0,79.64812942
1743807600000,84061.0,84119.3,83641.7,83889.0,237.01409482
1743811200000,83889.1,83889.1,83421.0,83793.3,144.73548793
1743814800000,83793.4,84268.7,83788.8,83975.7,227.7894689
1743818400000,83975.7,84095.1,83800.6,83977.8,91.20538154
1743822000000,83977.9,83977.9,83620.0,83630.8,116.09837623
1743825600000,83630.0,83866.6,83607.4,83684.1,84.15425713
1743829200000,83684.1,83865.9,83628.0,83684.1,64.49141805
1743832800000,83684.1,83734.0,83331.9,83484.1,147.05697818
1743836400000,83484.1,83568.0,83350.0,83527.7,122.77978127
1743840000000,83527.7,83652.0,83353.5,83517.5,893.81850239
1743843600000,83517.6,83860.0,83514.7,83848.2,67.41597664
1743847200000,83848.3,83915.4,83583.4,83651.0,91.34307436
1743850800000,83651.0,83700.0,83460.0,83469.0,104.99040973
1743854400000,83468.9,83566.9,83136.0,83293.3,253.93265587
1743858000000,83293.3,83360.0,82528.1,82764.1,470.36479922
1743861600000,82764.0,83038.0,82678.1,82919.9,189.16413825
1743865200000,82920.0,82920.0,82383.0,82620.5,335.31471079
1743868800000,82620.1,82831.9,82609.4,82749.9,70.6417527
1743872400000,82750.0,82962.0,82677.2,82874.3,48.04764844
1743876000000,82874.3,83109.9,82858.4,83038.5,52.30054771
1743879600000,83038.6,83149.5,82779.8,82862.4,102.75332405
1743883200000,82862.4,83119.5,82820.1,83087.8,64.01249547
1743886800000,83087.9,83248.5,82903.6,82923.0,77.59174974
1743890400000,82926.1,83223.9,82923.6,83195.5,42.87131939
1743894000000,83195.5,83684.1,83133.4,83534.2,99.58489091
1743897600000,83539.6,83611.6,83414.0,83520.0,71.22725941
1743901200000,83520.0,83793.7,83418.6,83432.2,121.13476758
1743904800000,83432.3,83494.5,83270.0,83291.7,97.46199059
1743908400000,83291.8,83399.0,83160.8,83346.0,177.26108459
1743912000000,83345.9,83498.2,83224.7,83493.8,59.01461547
1743915600000,83493.9,83530.0,83311.3,83441.1,72.39957312
1743919200000,83441.1,83465.7,83110.5,83110.5,94.06879297
1743922800000,83110.5,83199.9,83025.1,83028.1,139.64083661
1743926400000,83028.0,83047.6,82718.2,83026.3,181.99675383
1743930000000,83026.3,83168.0,82917.7,83077.0,109.15396063
1743933600000,83077.0,83078.4,82706.2,82868.1,168.92947126
1743937200000,82868.1,82921.4,82652.0,82843.6,191.84666276
1743940800000,82842.5,83000.0,82650.0,82695.5,286.25923744
1743944400000,82695.6,82852.8,82216.0,82305.9,345.03798396
1743948000000,82306.0,82799.8,82216.0,82661.7,642.42760888
1743951600000,82661.8,82803.7,82380.1,82547.6,820.46659519
1743955200000,82547.6,82565.8,81920.0,81969.2,369.3043361
1743958800000,81967.6,81999.9,80567.1,80812.0,1187.4924041
1743962400000,80812.0,80812.0,78688.7,79110.0,1909.88808026
1743966000000,79112.0,79851.1,78832.0,79614.4,544.26846929
1743969600000,79614.5,79891.3,78523.0,78862.0,715.66810293
1743973200000,78868.0,79677.4,78704.5,78948.8,439.30688612
1743976800000,78947.6,79132.3,77810.0,78062.0,1750.26470724
1743980400000,78060.0,78701.8,77142.8,78426.0,1539.06910795
1743984000000,78427.1,78520.0,77414.0,78330.1,787.71918358
1743987600000,78330.1,79340.0,78309.9,79133.4,668.25277268
1743991200000,79133.3,79224.3,78380.1,78439.0,290.10882749
1743994800000,78439.0,78510.9,77350.0,77689.0,425.46108369
1743998400000,77688.9,77981.0,76655.0,76991.9,889.37243361
1744002000000,76990.1,77502.0,76660.0,76948.0,550.31478042
1744005600000,76947.9,77299.2,74533.5,74802.0,2517.31087336
1744009200000,74807.2,75486.7,74501.6,75124.0,2019.3482451
1744012800000,75124.0,76832.9,75088.9,76263.0,1169.00019222
1744016400000,76259.9,76800.0,75745.1,76281.9,647.08713292
1744020000000,76281.9,77565.5,76150.4,76990.0,744.48365684
1744023600000,76992.0,77400.0,76437.5,76690.0,451.39887201
1744027200000,76691.5,77670.1,76412.9,77332.5,872.07398123
1744030800000,77324.7,78487.2,75775.5,78361.3,1352.63065358
1744034400000,78362.0,81213.5,77875.0,79030.0,6016.04801761
1744038000000,79037.7,79361.3,77531.2,78480.1,1840.68484911
1744041600000,78480.0,78583.2,77293.5,77434.0,652.62859764
1744045200000,77430.2,79208.7,77430.2,79067.0,1115.12990745
1744048800000,79070.0,79371.2,78281.2,78482.1,542.58193404
1744052400000,78482.1,78958.0,78010.2,78120.0,592.29641542
1744056000000,78127.8,79133.7,78100.1,78940.0,219.20253269
1744059600000,78936.0,79591.6,78657.5,79230.0,206.2728923
1744063200000,79233.3,80210.0,79174.1,79955.0,367.1476936
1744066800000,79955.0,80088.0,79083.9,79174.4,285.12203109
1744070400000,79174.4,79600.2,78998.8,79024.1,219.61799785
1744074000000,79018.1,80800.0,78776.7,80599.6,634.36053956
1744077600000,80599.6,80860.0,79900.0,79947.9,426.15161095
1744081200000,79946.3,80216.2,79753.8,79904.8,272.91488874
1744084800000,79904.8,80413.4,79858.1,80300.1,213.20530895
1744088400000,80300.1,80310.0,79530.0,79866.1,302.19109396
1744092000000,79866.0,79866.0,79284.0,79444.1,276.91529036
1744095600000,79444.1,79700.0,79216.0,79487.0,279.11250515
1744099200000,79486.0,79526.0,78943.9,79171.9,430.69079061
1744102800000,79170.0,79239.7,78869.6,78906.2,217.90013872
1744106400000,78906.2,79184.3,78818.4,79015.9,188.67030704
1744110000000,79016.0,80070.0,78965.1,79985.6,385.2559411
1744113600000,79985.6,80128.3,79566.7,79834.8,285.77421026
1744117200000,79834.8,80395.0,79378.0,79891.7,811.25642314
1744120800000,79893.8,80257.3,78477.1,78482.0,880.86223885
1744124400000,78482.1,78857.7,78176.6,78497.0,726.87937182
1744128000000,78496.9,78524.9,77360.1,77420.0,760.57525085
1744131600000,77422.2,77575.6,76555.0,77346.1,985.74303757
1744135200000,77350.0,77997.8,77078.1,77252.0,577.4294344
1744138800000,77254.0,77358.2,76353.0,76867.4,863.05981178
1744142400000,76867.5,77224.7,76602.8,77133.3,494.27472356
1744146000000,77133.3,77287.0,76728.1,77108.2,126.51621258
1744149600000,77110.0,77132.1,76243.3,76737.5,405.73364781
1744153200000,76737.4,76805.7,76302.3,76329.9,320.73429549
1744156800000,76329.9,76875.7,75934.0,76530.0,555.24321259
1744160400000,76531.9,76606.8,74627.5,76079.9,1619.78040559
1744164000000,76080.0,76460.2,75572.0,75675.4,568.99114918
1744167600000,75675.5,75879.0,75018.2,75078.8,417.58131254
1744171200000,75073.5,76913.0,75000.0,76421.9,770.56614418
1744174800000,76422.0,76830.0,76203.9,76733.3,307.92201554
1744178400000,76733.3,77318.1,76704.6,76834.9,340.41638677
1744182000000,76834.9,77949.0,76816.7,77688.1,1245.39535056
1744185600000,77688.0,77870.0,77075.0,77305.9,436.61021094
1744189200000,77308.0,77541.9,77160.1,77467.9,319.27535684
1744192800000,77468.0,77574.0,76941.5,77192.0,597.58390251
1744196400000,77191.9,77204.4,75774.2,76238.3,1557.83907365
1744200000000,76238.4,77076.4,76030.3,76761.5,691.81720428
1744203600000,76768.0,77861.5,76707.1,77706.0,1190.49361774
1744207200000,77702.1,78318.9,76809.0,76880.0,1027.81013891
1744210800000,76880.0,77663.1,76850.1,77261.4,765.62546628
1744214400000,77269.2,78349.6,77134.6,78269.9,613.67122348
1744218000000,78270.0,82307.1,77622.0,82192.0,5210.04882996
1744221600000,82195.8,82986.2,81700.2,81782.6,2338.42006536
1744225200000,81782.6,82580.0,81760.2,82335.3,878.28006798
1744228800000,82335.3,83262.0,82000.1,83189.0,702.78978981
1744232400000,83188.9,83583.1,82851.9,83280.5,634.36169837
1744236000000,83280.5,83482.0,82942.1,83054.1,439.56608678
1744239600000,83054.1,83161.4,82533.2,82618.4,384.69840305
1744243200000,82618.3,82749.0,82062.5,82350.0,469.71581086
1744246800000,82350.0,82602.2,82231.6,82252.5,876.79052344
1744250400000,82252.5,82567.9,82200.0,82203.2,331.40534593
1744254000000,82206.0,82229.9,81466.7,81774.0,562.06415338
1744257600000,81774.0,82083.8,81634.3,82018.0,173.66036921
1744261200000,82018.0,82243.6,81924.4,82163.3,288.48071278
1744264800000,82163.4,82341.7,81835.4,82147.9,198.63808085
1744268400000,82147.9,82237.9,81300.0,81593.9,697.92888129
1744272000000,81594.0,81846.0,81414.5,81547.7,241.56121042
1744275600000,81549.4,82075.9,81331.7,82030.0,291.4946482
1744279200000,82028.3,82115.6,81568.9,81761.0,241.50173211
1744282800000,81761.1,81944.2,81504.2,81874.0,211.64651525
1744286400000,81873.9,82521.8,81458.6,81706.6,925.69452103
1744290000000,81712.8,81951.3,80742.6,80871.9,939.2793528
1744293600000,80871.9,81839.9,80630.1,81266.0,721.50352253
1744297200000,81266.0,81350.0,78606.1,78750.7,2540.60581174
1744300800000,78750.6,79676.4,78462.0,79444.0,1558.72202302
1744304400000,79443.9,79676.0,78608.0,79320.0,787.28998336
1744308000000,79317.5,79875.0,79215.7,79498.8,438.31932003
1744311600000,79498.7,80041.4,79306.2,79641.8,538.51704611
1744315200000,79640.0,79953.3,79566.0,79922.1,210.67013591
1744318800000,79924.8,80033.2,79666.6,79709.1,79.27655956
1744322400000,79709.8,79914.2,79538.0,79691.9,180.84708876
1744326000000,79695.4,79744.0,79378.7,79599.5,251.3898312
1744329600000,79592.0,79749.9,78970.9,79040.0,345.87582243
1744333200000,79041.7,80451.7,79011.5,80442.2,938.39273595
1744336800000,80442.1,80833.2,80152.1,80291.3,363.51556751
1744340400000,80291.3,80909.0,80285.1,80845.8,310.08720932
1744344000000,80844.9,81096.9,80709.9,80883.7,312.82482916
1744347600000,80883.7,80916.0,80512.1,80818.2,162.08064431
1744351200000,80812.1,81331.3,80812.1,81096.6,533.43694881
1744354800000,81096.7,81442.0,80852.0,81255.6,439.11116111
1744358400000,81255.6,81960.0,80780.1,81626.0,720.99633164
1744362000000,81626.0,82427.1,81442.3,82419.2,604.68303705
1744365600000,82419.2,82976.0,82290.1,82700.1,697.01911674
1744369200000,82700.0,82900.4,82020.0,82135.6,629.88047723
1744372800000,82139.1,82590.8,81813.1,82117.5,543.66753231
1744376400000,82117.5,83333.0,81820.3,82924.1,1123.44372945
1744380000000,82924.0,82924.0,81342.8,81900.3,1031.29209864
1744383600000,81900.2,82712.0,81715.1,82527.9,590.94321812
1744387200000,82528.0,83027.9,82012.6,82792.0,469.41475636
1744390800000,82790.1,84044.8,82690.1,83926.8,1112.87349059
1744394400000,83926.7,84219.2,83510.1,83603.9,535.5339995
1744398000000,83603.9,83973.9,83552.1,83849.5,231.88237554
1744401600000,83849.5,84024.0,83700.5,83835.5,153.99812463
1744405200000,83836.0,84300.0,83631.7,83668.3,243.02218431
1744408800000,83668.4,83707.4,83310.4,83410.1,146.86951557
1744412400000,83410.1,83560.4,83143.8,83416.0,208.00249513
1744416000000,83414.1,83566.5,83234.2,83359.9,181.83434357
1744419600000,83359.8,83449.9,83141.2,83207.5,328.56010191
1744423200000,83207.6,83300.0,82800.0,82800.0,264.40874378
1744426800000,82800.0,83139.9,82764.9,82968.1,303.16893878
1744430400000,82968.1,83466.6,82850.0,83191.0,1104.01465068
1744434000000,83191.0,83500.0,83174.7,83329.1,159.14957077
1744437600000,83329.1,83780.0,83329.1,83554.2,215.81748397
1744441200000,83554.1,83800.0,83483.3,83715.9,326.60004655
1744444800000,83715.9,84023.2,83440.1,83596.5,328.62082045
1744448400000,83596.6,83757.4,83380.9,83538.1,107.12405671
1744452000000,83538.0,83558.0,83290.8,83420.1,110.2367932
1744455600000,83420.8,83640.3,83414.0,83520.4,106.99829116
1744459200000,83520.4,83944.9,83468.5,83836.9,287.79133675
1744462800000,83838.0,84678.0,83541.3,84449.8,759.40680985
1744466400000,84449.9,85245.0,84300.0,84823.0,835.77804462
1744470000000,84823.0,85400.0,84623.9,84996.2,473.58561257
1744473600000,84996.2,85200.0,84576.0,84652.1,238.76077284
1744477200000,84652.0,84857.9,84422.0,84760.0,207.77750911
1744480800000,84760.8,85189.0,84746.1,85171.9,114.96907626
1744484400000,85172.0,85253.8,84822.0,84932.9,134.02093419
1744488000000,84932.9,85888.0,84870.0,85506.1,370.87552811
1744491600000,85506.1,85567.3,85257.1,85355.0,196.87172239
1744495200000,85355.1,85694.1,85315.0,85330.9,134.66515596
1744498800000,85331.0,85426.7,85148.0,85268.0,179.64670093
1744502400000,85268.1,85560.5,85010.0,85494.1,250.94386615
1744506000000,85494.2,86100.0,85120.1,85242.4,607.3624531
1744509600000,85241.9,85430.8,84716.0,85280.0,338.48374983
1744513200000,85280.0,85714.0,85224.1,85416.7,236.85554821
1744516800000,85416.7,85427.6,84500.0,84620.3,448.89336876
1744520400000,84620.2,84807.9,84376.4,84510.2,747.86038934
1744524000000,84510.2,84850.9,84436.1,84605.0,691.79858532
1744527600000,84605.1,84783.1,84408.0,84418.0,222.14599412
1744531200000,84417.9,84699.1,84265.7,84678.0,177.87675216
1744534800000,84678.1,84954.8,84497.1,84910.1,145.78374253
1744538400000,84910.1,84955.9,84504.7,84691.9,120.65499803
1744542000000,84692.0,84773.6,84204.0,84520.6,197.67002516
1744545600000,84520.6,84696.1,84230.7,84457.1,263.47719732
1744549200000,84457.1,84608.1,83464.1,83565.0,1621.94959142
1744552800000,83565.0,84148.8,83458.0,84085.1,408.55279874
1744556400000,84086.0,84086.0,83662.8,83850.8,166.53063274
1744560000000,83850.8,84428.5,83837.1,84221.7,398.49665568
1744563600000,84221.7,85024.0,84188.5,84756.1,371.90978564
1744567200000,84755.9,84950.0,84522.0,84728.2,186.61986715
1744570800000,84728.2,84728.2,83020.2,83983.3,554.37225201
1744574400000,83983.9,84436.7,83158.4,83502.9,287.17135883
1744578000000,83502.8,83818.1,83040.0,83603.8,298.46691089
1744581600000,83603.9,83872.1,83166.3,83329.9,319.22423011
1744585200000,83329.9,83847.9,83166.7,83760.0,132.38826671
1744588800000,83758.1,85172.0,83688.2,84329.4,496.47192747
1744592400000,84329.3,84685.6,84083.4,84230.2,229.72409492
1744596000000,84230.2,85534.4,84033.4,85115.5,511.01953245
1744599600000,85115.5,85132.0,84455.1,84569.3,396.94233548
1744603200000,84568.9,85106.8,84415.0,84877.4,158.76680965
1744606800000,84877.4,85000.0,84343.1,84579.1,221.58628379
1744610400000,84579.1,84657.9,84289.8,84636.0,196.82723845
1744614000000,84636.0,84796.7,84226.9,84586.0,249.50965838
1744617600000,84586.1,84962.6,84424.1,84766.0,257.13141782
1744621200000,84766.0,84914.2,84254.0,84449.2,205.95518283
1744624800000,84444.6,84824.0,84313.8,84672.0,281.41813838
1744628400000,84672.0,84968.0,84495.4,84929.8,484.53573119
1744632000000,84929.8,85236.7,84750.0,85133.6,227.89846151
1744635600000,85136.0,85280.0,84054.2,84376.1,439.85391149
1744639200000,84377.9,85808.1,84266.7,85415.3,1074.95550564
1744642800000,85415.2,85462.0,83711.0,84102.0,1517.95658815
1744646400000,84106.7,84676.6,83859.3,84341.3,460.49299288
1744650000000,84344.7,84894.0,84217.6,84867.0,426.45933904
1744653600000,84867.9,85065.9,84685.7,84977.5,259.16273103
1744657200000,84974.4,85206.0,84758.0,84900.2,323.7053295
1744660800000,84900.2,84959.9,84531.6,84843.9,151.35686145
1744664400000,84844.0,84963.9,84440.1,84699.4,247.01874278
1744668000000,84699.5,84733.3,84413.2,84493.3,128.55815007
1744671600000,84493.4,84774.6,84418.1,84586.6,72.75717689
1744675200000,84586.7,84950.9,84335.1,84918.1,162.47876927
1744678800000,84918.1,85124.8,84533.5,84975.5,127.26127617
1744682400000,84979.2,85300.0,84691.5,85222.5,190.15071365
1744686000000,85224.8,85416.6,85026.6,85380.6,309.36415836
1744689600000,85380.7,85527.8,85157.1,85486.3,198.7919253
1744693200000,85486.3,85879.9,85477.4,85539.1,406.37452351
1744696800000,85539.1,85691.9,85354.0,85387.1,206.75804001
1744700400000,85387.0,85779.9,85384.1,85732.9,265.98340664
1744704000000,85732.9,85979.7,85650.1,85833.0,393.98314521
1744707600000,85833.0,85988.0,85591.4,85987.9,425.5732996
1744711200000,85987.9,86000.0,85450.0,85636.5,331.93287674
1744714800000,85636.5,85659.8,85334.5,85582.2,194.0824758
1744718400000,85584.0,85822.0,85440.1,85820.0,188.05517314
1744722000000,85815.4,86460.0,85500.6,85572.6,889.58754486
1744725600000,85578.0,85966.5,84840.0,85139.2,1031.61503637
1744729200000,85139.3,85383.5,84625.1,84915.7,328.05166336
1744732800000,84917.7,85142.8,84777.0,84854.9,184.20165317
1744736400000,84855.0,85007.9,84406.9,84482.8,240.64730583
1744740000000,84482.7,84602.2,84150.0,84184.1,319.7460242
1744743600000,84184.1,84218.6,83900.0,83970.5,604.3939388
1744747200000,83970.6,84186.3,83800.0,84000.3,362.37408269
1744750800000,84003.4,84228.4,83856.5,84166.9,213.4374185
1744754400000,84166.9,84166.9,83680.5,83832.1,280.61080629
1744758000000,83832.1,83859.8,83603.2,83650.7,213.83908167
1744761600000,83650.6,83708.8,83128.0,83138.2,294.32779647
1744765200000,83138.1,83659.5,83107.6,83638.8,325.35498862
1744768800000,83632.1,83919.9,83578.8,83888.4,231.10511849
1744772400000,83888.5,83948.2,83650.0,83679.9,147.65624366
1744776000000,83679.9,83790.5,83400.1,83584.6,149.61924591
1744779600000,83584.6,83814.9,83216.7,83364.1,273.90346493
1744783200000,83364.0,83724.9,83267.3,83642.3,166.24325862
1744786800000,83642.3,83740.0,83314.5,83364.1,305.26657991
1744790400000,83364.1,84111.2,83131.0,83736.5,443.19163614
1744794000000,83737.5,83933.3,83591.9,83591.9,119.06606421
1744797600000,83591.8,83984.0,83567.1,83934.0,98.34444279
1744801200000,83934.0,84118.5,83771.0,84044.8,162.48094344
1744804800000,84045.4,84260.0,83720.0,83746.1,197.43788061
1744808400000,83746.2,84194.0,83500.3,83722.7,363.28133865
1744812000000,83720.4,84846.7,83700.1,84596.0,508.52209776
1744815600000,84595.3,85280.5,84500.0,84849.5,569.9676696
1744819200000,84849.9,85227.2,84691.3,85046.0,295.25103368
1744822800000,85045.9,85550.0,83276.6,83292.0,744.43530209
1744826400000,83291.9,84485.4,83278.2,84030.0,502.06080817
1744830000000,84030.0,84488.9,83803.6,84338.2,262.20777873
1744833600000,84336.4,84656.8,84240.1,84298.7,96.99064997
1744837200000,84299.3,84683.0,84257.3,84555.9,100.97554277
1744840800000,84556.0,84601.3,84303.0,84458.3,91.54882594
1744844400000,84458.3,84497.7,84024.1,84029.7,131.9883349
1744848000000,84029.8,84221.4,83937.2,84216.6,133.6500997
1744851600000,84216.5,84496.3,84120.1,84339.4,101.53080699
1744855200000,84339.4,84339.4,84028.4,84264.2,72.95204175
1744858800000,84264.3,84298.0,83800.0,83998.0,211.47647658
1744862400000,83998.0,84183.9,83895.7,84154.0,123.59332413
1744866000000,84154.0,84488.0,84087.6,84383.7,239.983726
1744869600000,84383.8,84866.0,84300.1,84772.1,377.26145209
1744873200000,84772.2,85050.0,84590.9,84667.2,310.04541009
1744876800000,84667.1,84764.3,84400.0,84443.3,139.83866756
1744880400000,84443.4,84527.0,84350.7,84475.8,141.05820172
1744884000000,84475.9,84509.9,84177.7,84375.4,110.93123416
1744887600000,84375.4,84763.9,84272.6,84572.0,149.27613771
1744891200000,84572.1,84869.0,84572.1,84772.4,222.60605665
1744894800000,84772.5,84780.5,84314.8,84475.9,245.01889732
1744898400000,84475.9,84477.7,83722.0,84093.2,545.48182106
1744902000000,84093.2,84698.0,84093.2,84544.6,298.23864801
1744905600000,84544.7,85111.0,84409.0,84941.8,1117.90644379
1744909200000,84941.9,85200.0,84788.2,85114.1,408.00139206
1744912800000,85116.8,85489.0,84908.6,84910.0,650.96666277
1744916400000,84911.0,85134.7,84493.5,84849.9,385.47856065
1744920000000,84849.3,85148.4,84849.3,85141.7,120.11490076
1744923600000,85141.8,85142.1,84896.0,85058.1,61.52504127
1744927200000,85058.1,85105.0,84726.0,84726.1,149.88730831
1744930800000,84726.1,85039.4,84726.1,84955.0,172.67105058
1744934400000,84955.1,85021.8,84724.9,84818.4,106.63902459
1744938000000,84818.4,85138.0,84818.4,84931.9,90.7609926
1744941600000,84931.9,84993.0,84816.0,84900.0,74.91915885
1744945200000,84900.1,84914.6,84742.0,84838.0,93.27293376
1744948800000,84838.0,84852.3,84600.0,84668.1,84.83225716
1744952400000,84668.0,84745.5,84520.0,84741.9,120.26178973
1744956000000,84741.9,84788.9,84589.2,84719.8,150.31617761
1744959600000,84719.8,84736.0,84409.0,84666.1,243.30609264
1744963200000,84666.1,84774.5,84606.1,84653.2,91.29351746
1744966800000,84653.3,84654.0,84522.1,84553.6,56.83259882
1744970400000,84553.7,84662.1,84493.8,84532.7,63.69766877
1744974000000,84532.7,84679.5,84476.1,84670.1,56.78748917
1744977600000,84670.1,84771.9,84571.5,84647.2,67.60635306
1744981200000,84647.2,84647.2,84478.2,84568.9,184.00452264
1744984800000,84568.9,84621.3,84382.1,84585.9,163.07239484
1744988400000,84586.0,84615.3,84335.0,84375.2,113.88883918
1744992000000,84375.2,84554.0,84300.0,84484.8,71.67509867
1744995600000,84484.8,84600.0,84388.1,84572.3,56.22304709
1744999200000,84572.4,84662.3,84507.1,84622.0,55.10349529
1745002800000,84622.1,84646.9,84518.2,84570.9,32.08572576
1745006400000,84571.0,84633.3,84468.0,84512.1,39.96680278
1745010000000,84512.1,84690.3,84484.3,84632.2,76.42418858
1745013600000,84633.3,84649.9,84425.8,84533.6,92.47074984
1745017200000,84533.7,84533.7,84348.0,84468.6,147.06475789
1745020800000,84468.6,84493.9,84370.0,84438.2,57.59520172
1745024400000,84438.3,84600.0,84424.0,84545.8,70.33110917
1745028000000,84545.8,84824.5,84500.0,84784.0,135.17403956
1745031600000,84784.0,85000.0,84736.0,84881.1,780.21496526
1745035200000,84881.2,85268.5,84881.2,85023.9,241.73419646
1745038800000,85024.0,85183.7,84993.0,85075.1,115.21013521
1745042400000,85075.2,85103.0,84887.8,84918.1,85.77771782
1745046000000,84918.0,85266.6,84918.0,85217.8,192.83701879
1745049600000,85217.9,85398.0,85109.8,85319.6,161.87210279
1745053200000,85318.1,85465.0,85222.9,85342.2,590.91771848
1745056800000,85342.3,85355.8,85164.3,85260.0,90.17321725
1745060400000,85260.0,85289.0,85130.0,85225.9,63.88648966
1745064000000,85226.0,85329.0,85205.0,85294.1,51.41547048
1745067600000,85294.1,85506.5,85203.4,85485.0,387.13445383
1745071200000,85485.1,85505.0,85363.6,85409.8,73.39414586
1745074800000,85409.9,85661.0,85076.0,85190.0,287.51597632
1745078400000,85190.0,85329.9,84713.2,84854.2,273.48111505
1745082000000,84854.3,85257.0,84835.6,85237.5,80.12661293
1745085600000,85237.5,85323.5,85135.9,85147.3,43.06104337
1745089200000,85147.4,85212.7,85050.1,85096.1,38.7279235
1745092800000,85096.2,85271.8,85018.5,85196.4,24.92946178
1745096400000,85196.3,85380.0,85183.7,85350.0,49.26367773
1745100000000,85350.0,85368.0,85218.4,85265.9,34.59069104
1745103600000,85266.0,85266.0,85070.0,85087.8,39.62093013
1745107200000,85087.9,85237.5,85039.9,85165.9,65.83433765
1745110800000,85166.0,85350.1,85145.7,85322.9,186.30053713
1745114400000,85323.0,85333.2,85208.0,85237.9,61.5313033
1745118000000,85238.0,85275.4,85116.1,85172.0,70.1755519
1745121600000,85172.0,85251.2,85088.6,85184.1,112.68882439
1745125200000,85184.1,85204.7,85090.0,85090.1,42.69078933
1745128800000,85090.1,85170.7,84855.4,84958.0,145.24932117
1745132400000,84958.0,84958.0,84645.9,84790.2,2063.89461006
1745136000000,84790.2,84796.3,84615.0,84649.8,111.34695404
1745139600000,84649.9,84650.0,84440.0,84531.4,532.06633521
1745143200000,84531.4,84531.4,84000.0,84179.9,509.4143246
1745146800000,84179.9,84261.0,83941.7,84128.4,267.66049596
1745150400000,84128.4,84480.1,84100.1,84368.0,206.22899533
1745154000000,84368.0,84459.9,84148.1,84289.0,271.37925507
1745157600000,84289.0,84689.0,84216.9,84629.9,788.27669789
1745161200000,84630.0,84630.0,84300.0,84345.4,185.03260848
1745164800000,84345.4,84636.0,84259.4,84607.6,158.28087352
1745168400000,84607.7,84620.0,84450.0,84578.0,34.85066277
1745172000000,84578.0,84633.3,84466.6,84572.3,29.02544242
1745175600000,84572.3,84665.0,84520.2,84648.5,22.53113338
1745179200000,84648.6,85257.0,84620.0,85131.4,404.03987121
1745182800000,85131.5,85250.5,84904.5,85007.8,93.87876667
1745186400000,85007.7,85033.0,84674.1,84834.0,103.42847192
1745190000000,84833.9,85300.0,84833.9,85183.7,243.80763408
1745193600000,85183.8,87022.1,85143.4,86638.0,2166.97429019
1745197200000,86634.9,87445.3,86634.9,87294.0,936.19545306
1745200800000,87294.0,87654.3,87099.7,87351.9,452.64261775
1745204400000,87352.0,87622.0,87167.7,87202.0,235.27138522
1745208000000,87202.1,87399.8,87050.0,87358.5,170.48196068
1745211600000,87358.6,87738.0,87334.1,87549.9,305.13436936
1745215200000,87550.0,87698.5,87363.5,87511.8,176.70040227
1745218800000,87511.8,87608.6,87338.0,87436.1,424.05466562
1745222400000,87436.1,87712.3,87414.2,87571.7,169.56110601
1745226000000,87571.7,87789.2,87300.3,87500.0,238.56836917
1745229600000,87500.0,87570.0,87250.1,87342.8,174.36883895
1745233200000,87342.0,87351.3,86637.6,86972.9,336.77992042
1745236800000,86972.8,87533.2,86962.3,87034.0,252.52149616
1745240400000,87034.0,87578.0,86779.7,87035.6,648.53908495
1745244000000,87030.0,88466.0,86937.6,88207.8,1441.18788347
1745247600000,88204.2,88332.9,87852.1,88042.5,896.90332664
1745251200000,88042.6,88260.0,87056.6,87194.9,713.8919275
1745254800000,87192.5,87312.2,86400.0,86862.7,1147.61253859
1745258400000,86862.7,87056.7,86646.3,86800.0,339.29052186
1745262000000,86799.9,87492.0,86711.3,87410.2,417.3399767
1745265600000,87410.3,87439.7,87141.9,87366.3,128.04828438
1745269200000,87366.3,87388.0,86875.9,87265.7,91.58169719
1745272800000,87264.8,87284.8,86923.1,87163.9,153.19633273
1745276400000,87163.9,87624.9,87014.2,87516.1,173.13283694
1745280000000,87512.1,87726.0,87062.8,87698.2,304.6043688
1745283600000,87698.1,88878.0,87508.5,88390.0,850.13977072
1745287200000,88389.8,88679.0,87904.7,88177.7,420.6006828
1745290800000,88177.7,88280.0,87833.4,88159.1,404.99407799
1745294400000,88156.8,88370.0,88045.5,88063.4,132.35102869
1745298000000,88063.3,88411.9,87965.5,88387.9,172.76134059
1745301600000,88388.0,88456.0,87991.1,88239.8,189.50074569
1745305200000,88239.9,88490.0,88146.5,88481.2,253.59872797
1745308800000,88481.2,88688.0,88320.2,88410.7,268.01532355
1745312400000,88410.8,88609.9,88306.4,88576.7,179.00366687
1745316000000,88576.7,88599.7,88245.0,88513.3,195.76571741
1745319600000,88513.3,88698.0,88474.6,88615.9,190.94673379
1745323200000,88615.5,89234.0,88480.0,88986.0,576.28526264
1745326800000,88986.0,90500.0,88940.0,90240.0,2167.3325177
1745330400000,90240.0,90946.6,90032.0,90789.0,826.70855118
1745334000000,90789.0,91427.2,90369.8,90925.9,1687.9285263
1745337600000,90926.0,91040.0,90612.0,90678.1,628.03793309
1745341200000,90677.5,91480.0,90660.0,91386.3,465.00226682
1745344800000,91386.2,91666.0,91130.1,91496.3,424.56885614
1745348400000,91496.4,91698.6,90903.5,91420.0,519.36594314
1745352000000,91419.2,91514.5,91057.0,91097.5,248.60694553
1745355600000,91097.5,94086.3,91049.5,93039.9,1854.87838099
1745359200000,93039.9,93327.5,92544.8,92795.8,570.59982636
1745362800000,92795.7,93866.6,92795.7,93447.9,488.16685993
1745366400000,93448.0,93899.0,92786.6,92912.0,576.88771316
1745370000000,92912.1,93512.3,92602.0,92647.9,399.42662245
1745373600000,92647.9,93272.6,92624.0,92882.1,436.73364143
1745377200000,92882.1,93234.0,92700.0,93176.1,211.20573043
1745380800000,93176.2,93686.0,93022.0,93663.4,424.87566447
1745384400000,93663.3,93663.3,93288.0,93493.7,301.51939063
1745388000000,93493.7,93876.0,93428.2,93636.8,426.36673576
1745391600000,93636.8,94299.9,93490.7,94144.0,615.19086768
1745395200000,94144.0,94500.0,93911.0,94275.0,593.46239614
1745398800000,94275.1,94390.0,93888.9,93890.3,325.56593378
1745402400000,93890.4,93898.0,93332.4,93736.0,490.01570878
1745406000000,93735.8,93796.1,93330.6,93473.9,226.07567746
1745409600000,93473.8,93859.7,93426.0,93740.0,230.79834853
1745413200000,93739.9,94779.6,92870.4,93025.0,1210.24254636
1745416800000,93027.6,93658.3,92666.6,92937.5,710.82238076
1745420400000,92937.0,93233.0,91935.8,93188.5,1168.52060394
1745424000000,93188.5,93760.7,92903.2,93630.8,393.67705358
1745427600000,93630.0,93990.6,93442.6,93889.0,284.40086592
1745431200000,93889.0,94212.1,93613.7,93613.7,229.52163322
1745434800000,93613.4,93614.2,92950.4,93490.1,313.21186167
1745438400000,93490.0,93866.5,93459.4,93626.1,162.1897329
1745442000000,93626.0,93910.8,93267.5,93479.9,162.2843987
1745445600000,93480.0,93786.8,93223.2,93785.0,160.4889945
1745449200000,93785.0,93840.0,93511.7,93676.1,98.54460954
1745452800000,93676.0,93773.1,93236.8,93364.1,180.4746582
1745456400000,93364.2,93619.8,93074.0,93490.3,179.44412307
1745460000000,93490.3,93646.8,93036.6,93105.0,221.91483267
1745463600000,93105.0,93327.8,92627.3,92659.2,293.75781433
1745467200000,92659.3,92828.1,92375.0,92750.0,457.93553767
1745470800000,92750.0,92897.0,92520.1,92583.9,144.74943135
1745474400000,92583.9,92666.0,92250.0,92389.8,234.68486066
1745478000000,92389.9,92638.0,92089.8,92198.9,313.92217167
1745481600000,92198.8,92356.4,91662.9,92019.9,1269.32829468
1745485200000,92020.0,92580.0,91975.7,92467.6,359.99973621
1745488800000,92467.6,92665.5,92363.9,92552.8,238.65431947
1745492400000,92552.8,92644.0,92280.0,92623.2,296.90985635
1745496000000,92623.3,92808.0,92434.5,92774.0,217.11345168
1745499600000,92774.0,92975.2,92552.5,92814.1,340.44051143
1745503200000,92814.0,93408.8,92621.3,93094.0,547.78737249
1745506800000,93094.0,93471.5,93009.7,93205.8,297.88141725
1745510400000,93205.8,93597.2,93204.2,93341.8,396.18450926
1745514000000,93341.8,93438.1,92670.1,93005.7,272.25789512
1745517600000,93005.7,93466.6,92992.8,93378.0,157.09742252
1745521200000,93378.1,93670.2,93197.8,93563.0,281.96518205
1745524800000,93560.1,93649.9,93308.1,93395.4,196.74184523
1745528400000,93395.3,93570.0,93026.0,93359.9,105.43747866
1745532000000,93360.0,93588.9,93282.8,93435.7,132.04767002
1745535600000,93435.8,93998.0,93366.7,93973.9,446.58069863
1745539200000,93974.0,93998.0,93518.1,93905.2,214.53699262
1745542800000,93905.2,94433.3,93601.2,93664.3,519.12484798
1745546400000,93664.3,93878.9,92881.5,92981.9,520.04583865
1745550000000,92981.9,93390.0,92842.0,93316.0,283.51520886
1745553600000,93316.1,93499.3,93036.5,93054.5,172.85733678
1745557200000,93054.5,93437.0,93010.1,93211.8,476.22699679
1745560800000,93211.9,93621.9,93202.0,93546.1,266.42813632
1745564400000,93546.1,93874.7,93483.1,93773.5,785.09879032
1745568000000,93773.5,93896.0,93612.6,93681.9,206.88931181
1745571600000,93681.9,93868.0,93536.9,93825.4,206.17734059
1745575200000,93825.4,93981.9,93573.1,93637.6,168.85127088
1745578800000,93638.0,94640.8,93638.0,94625.0,624.25669029
1745582400000,94627.8,94992.8,94266.3,94414.0,653.69155695
1745586000000,94414.0,94685.8,93937.7,94398.1,327.87154595
1745589600000,94398.0,95768.4,94354.9,95374.0,1535.97612925
1745593200000,95374.0,95670.0,94806.1,95067.6,659.09251277
1745596800000,95067.6,95379.9,94714.6,95216.7,269.93284215
1745600400000,95216.7,95550.0,94378.2,94531.9,384.54081772
1745604000000,94532.0,95230.0,94530.1,94974.6,233.43280083
1745607600000,94974.6,95319.8,94870.2,95283.8,337.17713719
1745611200000,95286.0,95342.0,94766.7,94860.7,165.09960147
1745614800000,94860.8,95035.2,94450.1,94600.0,118.864705
1745618400000,94601.9,94965.5,94582.0,94843.9,48.62997998
1745622000000,94843.9,94972.5,94610.9,94640.0,140.90616
1745625600000,94645.1,94942.8,94555.1,94899.6,207.54561477
1745629200000,94898.2,95208.8,94758.2,95017.2,103.83050274
1745632800000,95017.2,95154.0,94708.4,94994.2,98.57294817
1745636400000,94994.3,95065.7,94710.0,94737.5,164.67353033
1745640000000,94737.4,94840.0,94525.1,94533.9,203.05971248
1745643600000,94534.0,94714.9,94380.0,94626.2,212.62153634
1745647200000,94626.2,94750.0,94586.1,94641.0,47.27306243
1745650800000,94641.0,94799.9,94562.0,94562.1,245.94092941
1745654400000,94562.1,94731.5,94248.8,94312.0,265.43421909
1745658000000,94312.0,94428.0,94125.0,94275.9,211.73721869
1745661600000,94276.0,94413.5,94146.0,94221.5,107.24029725
1745665200000,94220.1,94262.0,94000.0,94144.5,290.60740167
1745668800000,94144.5,94325.5,94114.0,94241.9,194.62621513
1745672400000,94242.0,94304.0,93870.1,94154.1,214.83448518
1745676000000,94154.0,94267.5,93919.0,94235.9,321.65542505
1745679600000,94236.0,94399.9,94180.0,94366.0,176.41056485
1745683200000,94366.0,94371.3,94023.9,94296.0,429.75799628
1745686800000,94295.9,94382.5,94226.1,94331.6,81.50788717
1745690400000,94331.6,94384.0,94123.1,94159.9,64.36302414
1745694000000,94159.9,94341.8,94100.0,94307.3,51.27519321
1745697600000,94307.3,94392.2,94086.7,94097.2,46.19345405
1745701200000,94097.2,94366.1,94097.2,94360.7,61.26907343
1745704800000,94360.7,94799.9,94360.7,94784.2,355.60129081
1745708400000,94784.3,94900.0,94558.6,94631.8,157.31885473
1745712000000,94631.8,94981.4,94576.0,94868.0,200.30624419
1745715600000,94868.0,95310.0,94050.0,94120.0,553.29704253
1745719200000,94120.0,94470.5,94056.1,94349.9,110.14291331
1745722800000,94350.0,94466.9,94138.0,94166.0,70.39034552
1745726400000,94166.0,94299.0,94014.0,94021.7,120.52059735
1745730000000,94021.7,94180.9,93657.9,93929.5,321.02255928
1745733600000,93930.0,94104.0,93884.0,94032.8,168.16841151
1745737200000,94034.0,94165.8,93934.0,94080.7,124.53389012
1745740800000,94081.9,94333.2,94016.3,94210.7,162.20258159
1745744400000,94210.8,94242.0,94098.2,94164.0,82.07789404
1745748000000,94164.0,94190.5,93942.5,94053.2,86.45878077
1745751600000,94053.2,94091.2,93885.6,93918.3,110.41749287
1745755200000,93916.6,93996.3,93691.1,93753.9,156.70920302
1745758800000,93754.0,94089.9,93610.3,94072.1,155.2699829
1745762400000,94072.0,94186.0,93933.7,93984.9,96.2681585
1745766000000,93984.9,94015.9,93787.7,93902.1,102.81382005
1745769600000,93902.1,93934.0,93718.3,93894.5,335.15530323
1745773200000,93894.5,94176.9,93791.4,94056.0,114.11464606
1745776800000,94056.1,94428.0,93998.0,94297.9,90.92591902
1745780400000,94297.9,94449.9,94202.0,94435.9,61.42317904
1745784000000,94436.0,94446.0,94262.0,94268.0,64.93645787
1745787600000,94268.0,94544.0,94162.2,94322.6,173.86207708
1745791200000,94324.2,94333.6,93650.0,93939.8,155.90772552
1745794800000,93939.7,93939.7,93658.1,93744.0,80.33764757
1745798400000,93744.0,93797.9,93288.0,93416.0,377.52348868
1745802000000,93416.1,93591.9,92774.1,92940.0,656.61740646
1745805600000,92939.9,93630.0,92878.1,93614.0,321.6559682
1745809200000,93614.0,93979.3,93460.2,93849.9,303.8640303
1745812800000,93849.9,94184.5,93849.9,94019.4,268.85263596
1745816400000,94019.5,94342.7,93952.1,94228.2,254.33824382
1745820000000,94228.2,94666.6,94228.1,94582.0,255.41461613
1745823600000,94581.9,94797.4,94480.5,94688.1,221.05318043
1745827200000,94688.1,94827.5,94588.1,94701.9,176.97761356
1745830800000,94702.0,94880.0,94661.3,94733.0,218.67545783
1745834400000,94733.2,95214.6,94334.1,95058.0,758.16055905
1745838000000,95058.1,95550.1,94982.9,95313.8,1209.70985565
1745841600000,95313.9,95600.0,95054.1,95333.6,277.59859058
1745845200000,95333.5,95499.9,93917.8,93964.1,879.91728794
1745848800000,93964.1,94915.9,93830.4,94424.4,679.61830403
1745852400000,94424.4,94531.4,93588.0,93840.0,447.82320741
1745856000000,93838.5,94039.5,93450.0,93746.0,336.82075886
1745859600000,93746.0,94121.6,93502.8,94106.6,424.26092296
1745863200000,94106.5,94223.0,93791.4,94188.1,81.1058929
1745866800000,94187.7,94933.3,94158.0,94799.9,454.83258663
1745870400000,94795.2,94814.8,94372.0,94470.0,134.83674535
1745874000000,94470.0,94557.9,94292.1,94552.0,84.916261
1745877600000,94552.1,94899.9,94473.6,94827.9,287.50757006
1745881200000,94827.5,95178.0,94794.5,95014.6,241.6314614
1745884800000,95014.6,95234.7,94820.0,95052.1,265.16921425
1745888400000,95052.1,95465.2,94732.0,94851.2,427.4838765
1745892000000,94851.3,94964.3,94500.1,94616.8,324.38730777
1745895600000,94619.0,94806.0,94440.0,94655.8,125.63024884
1745899200000,94655.9,94870.0,94308.0,94362.6,158.98776738
1745902800000,94362.6,94430.0,94200.0,94286.4,162.59606428
1745906400000,94286.4,94814.0,94265.8,94774.3,177.1109367
1745910000000,94774.4,94973.0,94707.8,94930.0,241.14133697
1745913600000,94930.0,95106.0,94813.9,95022.0,334.51197891
1745917200000,95022.1,95088.0,94794.0,94984.6,126.20773874
1745920800000,94984.6,95047.0,94746.0,94811.4,160.45881649
1745924400000,94810.4,95294.0,94801.4,95126.3,183.60263886
1745928000000,95126.3,95181.4,94766.0,94823.8,176.74728685
1745931600000,94823.9,95036.4,94589.6,94801.2,221.86768958
1745935200000,94801.2,95300.0,94527.1,95051.9,450.19560139
1745938800000,95051.9,95134.1,94730.0,94840.4,149.5008955
1745942400000,94840.5,95464.9,94800.2,94956.7,284.36182355
1745946000000,94955.7,95369.3,94655.6,95245.0,244.69234291
1745949600000,95246.0,95443.9,95060.1,95399.0,219.28149013
1745953200000,95399.0,95450.3,95225.5,95306.7,159.89413538
1745956800000,95306.7,95410.1,94818.1,94837.9,114.11288679
1745960400000,94837.9,94974.1,94353.6,94748.1,357.07486434
1745964000000,94748.0,94748.0,94000.0,94149.6,833.85496466
1745967600000,94149.6,94311.8,93729.9,94242.0,506.77217929
1745971200000,94242.0,94635.0,94128.1,94541.9,199.17710581
1745974800000,94540.2,94607.9,94281.4,94531.9,116.93859595
1745978400000,94532.0,94797.0,94449.2,94649.7,174.50445912
1745982000000,94649.7,95111.0,94500.0,95036.0,272.96688334
1745985600000,95036.0,95186.0,94861.9,95064.1,223.91785369
1745989200000,95064.2,95116.7,94868.0,94899.9,160.02255171
1745992800000,94900.0,94973.7,94750.0,94750.1,80.05198543
1745996400000,94750.1,94879.9,94500.0,94626.0,240.82800039
1746000000000,94626.0,94813.2,94526.0,94712.0,122.25983421
1746003600000,94712.1,95055.1,94667.5,94975.7,103.74993477
1746007200000,94978.1,95025.9,94852.4,94941.1,106.6065586
1746010800000,94941.2,95236.0,94928.0,95181.5,201.6369647
1746014400000,95181.6,95220.0,94360.0,94551.3,426.22294313
1746018000000,94550.1,94666.5,93034.5,93046.2,1146.30796231
1746021600000,93046.2,94369.9,92914.1,93723.3,1183.63798284
1746025200000,93723.3,94129.7,93658.0,94009.3,256.95574071
1746028800000,94007.3,94199.8,93528.1,93948.7,193.27361886
1746032400000,93948.8,94280.0,93757.2,94108.5,146.6854824
1746036000000,94108.6,94537.0,94000.0,94092.2,202.64181918
1746039600000,94092.3,94285.0,93764.0,94160.0,147.49651489
1746043200000,94169.8,94746.3,94112.5,94564.0,217.54072818
1746046800000,94563.9,94786.3,94375.5,94429.6,96.08187714
1746050400000,94429.5,94723.9,94054.3,94116.0,180.32342173
1746054000000,94116.0,94340.3,93981.8,94163.1,137.68102972
1746057600000,94163.1,94406.3,94125.5,94401.3,134.19263257
1746061200000,94401.3,94711.0,94380.8,94641.3,196.1370935
1746064800000,94641.3,94970.0,94608.1,94839.4,389.02011314
1746068400000,94840.0,95000.0,94676.4,94779.9,304.49603686
1746072000000,94780.0,94924.0,94702.8,94869.4,93.20389254
1746075600000,94869.5,95180.0,94832.0,95141.8,318.64981226
1746079200000,95141.7,95179.4,94791.7,94877.2,233.94494943
1746082800000,94877.2,95098.0,94782.8,95007.5,108.97094372
1746086400000,95007.6,95207.9,94900.0,95197.1,232.77067785
1746090000000,95197.1,95806.6,95126.0,95517.7,580.74818178
1746093600000,95517.3,96394.0,95517.3,96171.9,714.44407004
1746097200000,96171.9,96261.9,95831.3,96183.5,202.8173743
1746100800000,96183.5,96504.3,96111.0,96376.1,1023.14119792
1746104400000,96376.1,96732.9,95800.0,95810.9,583.05566867
1746108000000,95810.9,96933.0,95810.9,96835.2,624.80513388
1746111600000,96830.0,97426.0,96749.3,96849.8,823.58152361
1746115200000,96849.9,97365.2,96849.9,97007.9,273.9465978
1746118800000,97008.0,97232.7,96518.0,96814.6,906.44145806
1746122400000,96814.7,96986.8,96410.0,96875.2,798.93637886
1746126000000,96875.3,96900.0,96402.6,96555.4,764.52966595
1746129600000,96550.0,96894.7,96318.2,96414.8,349.98865423
1746133200000,96414.8,96785.0,96395.6,96475.7,95.99495192
1746136800000,96476.5,96658.0,96368.1,96384.9,109.80897962
1746140400000,96386.5,96519.9,96188.0,96488.2,96.74158261
1746144000000,96488.0,97065.6,96468.0,97041.8,239.68501839
1746147600000,97041.8,97188.8,96767.1,96971.9,243.39152489
1746151200000,96971.8,97059.5,96727.2,96954.0,93.87830635
1746154800000,96955.8,97240.0,96955.8,97109.9,166.81600201
1746158400000,97110.0,97300.0,96880.0,96940.1,183.99217602
1746162000000,96940.0,97000.0,96628.0,96708.8,107.23031275
1746165600000,96705.8,96896.1,96552.2,96719.9,148.98095678
1746169200000,96719.9,96737.9,96315.8,96362.4,1294.85747601
1746172800000,96362.3,96781.0,96353.9,96641.2,1075.15045498
1746176400000,96641.2,96789.5,96467.5,96614.0,81.98675491
1746180000000,96614.0,96939.9,96604.0,96900.0,129.76308347
1746183600000,96900.0,97100.0,96881.6,96933.3,335.40173056
1746187200000,96933.3,97211.7,96650.0,97195.9,454.33592121
1746190800000,97196.0,97269.1,96674.9,96774.0,262.91441495
1746194400000,96774.0,97896.0,96702.1,97746.1,795.74566264
1746198000000,97746.1,97890.0,97058.1,97331.1,357.2916192
1746201600000,97331.1,97799.9,97330.1,97351.8,309.08969709
1746205200000,97351.9,97432.3,97029.8,97396.1,206.64836856
1746208800000,97396.2,97613.3,97146.0,97178.6,282.40989762
1746212400000,97178.5,97187.5,96756.0,96919.8,295.50261925
1746216000000,96920.0,97140.0,96836.5,97018.1,103.32912947
1746219600000,97018.1,97043.6,96555.2,96718.1,90.17430181
1746223200000,96718.1,96797.2,96571.0,96654.7,117.48362423
1746226800000,96654.7,96905.2,96600.0,96891.6,92.09571106
1746230400000,96891.7,96929.3,96626.1,96702.0,123.9983664
1746234000000,96702.1,96729.9,96435.2,96505.3,176.72869864
1746237600000,96508.0,96710.5,96492.1,96524.1,261.0455784
1746241200000,96524.0,96543.1,96303.7,96336.0,355.3297933
1746244800000,96336.0,96591.5,96308.0,96519.4,59.40805898
1746248400000,96519.5,96600.0,96400.0,96420.0,75.23141319
1746252000000,96420.0,96420.1,96123.0,96179.9,172.01135964
1746255600000,96180.0,96399.9,96149.8,96328.0,190.40395152
1746259200000,96328.0,96444.3,96131.3,96302.0,771.25235789
1746262800000,96302.1,96418.2,96200.0,96260.5,59.02941652
1746266400000,96260.1,96260.1,95850.0,95916.1,316.06402937
1746270000000,95916.1,96099.9,95874.3,95944.0,122.58062477
1746273600000,95944.1,96182.7,95892.0,96135.9,128.65328671
1746277200000,96136.0,96346.0,96108.2,96344.0,75.84486014
1746280800000,96343.9,96460.2,96291.0,96381.9,84.68017567
1746284400000,96381.9,96514.0,96326.1,96428.0,301.91640067
1746288000000,96428.0,96434.2,96065.2,96215.1,144.62114113
1746291600000,96215.0,96215.0,95875.7,96198.1,106.6189678
1746295200000,96198.1,96279.9,96105.0,96155.0,41.78141341
1746298800000,96155.1,96366.6,96131.2,96359.9,45.55481724
1746302400000,96360.0,96402.2,96285.7,96350.9,50.91637604
1746306000000,96351.0,96448.0,96250.0,96278.7,85.72808074
1746309600000,96278.8,96367.7,96168.2,96180.6,89.74427165
1746313200000,96180.6,96186.0,95751.6,95861.6,209.22216027
1746316800000,95860.1,96055.0,95774.5,95873.9,89.66537197
1746320400000,95873.9,96184.0,95600.0,96099.9,360.00348302
1746324000000,96100.0,96299.9,95808.0,95884.3,268.74741605
1746327600000,95884.3,95903.7,95666.6,95736.0,158.77595779
1746331200000,95736.0,95945.9,95735.0,95738.1,84.12689485
1746334800000,95738.2,96145.4,95700.0,96048.0,115.57897057
1746338400000,96048.1,96148.0,95867.8,95915.9,102.97156726
1746342000000,95916.0,96089.3,95812.6,95895.3,81.46689266
1746345600000,95895.3,95939.3,95425.8,95650.0,277.32047311
1746349200000,95650.0,95696.9,95440.1,95495.9,105.21060634
1746352800000,95496.0,95537.9,95294.2,95398.0,187.65897394
1746356400000,95398.0,95567.0,95361.9,95430.0,78.18590671
1746360000000,95430.0,95600.0,95418.1,95477.9,78.16378605
1746363600000,95478.0,95613.3,95234.0,95386.7,138.38905756
1746367200000,95389.5,95649.2,95335.3,95604.9,85.24163939
1746370800000,95604.8,95696.9,95418.1,95467.6,110.68649933
1746374400000,95467.6,95570.7,95294.0,95347.2,75.2542982
1746378000000,95347.2,95484.1,95242.5,95409.5,71.94453515
1746381600000,95409.5,95491.9,95353.7,95376.0,62.4687443
1746385200000,95376.1,95640.4,95338.0,95583.3,62.45723959
1746388800000,95584.0,95730.7,95564.1,95712.7,96.17796984
1746392400000,95712.6,95760.4,95616.7,95671.2,70.8072886
1746396000000,95671.3,95684.5,94729.4,95012.5,666.39119525
1746399600000,95012.5,95032.1,94123.2,94273.7,821.68971008
1746403200000,94273.8,94800.0,94200.0,94714.1,197.41548402
1746406800000,94714.1,94757.1,93701.1,93923.4,911.78065835
1746410400000,93923.4,94393.9,93489.1,94241.9,416.32043808
1746414000000,94242.0,94303.4,94016.0,94044.0,166.8823024
1746417600000,94044.1,94451.2,94017.6,94417.9,173.13025407
1746421200000,94418.3,94771.9,94234.0,94741.5,232.33615134
1746424800000,94744.0,94790.0,94568.0,94766.9,156.14463478
1746428400000,94766.9,94825.6,94536.1,94759.9,185.49299085
1746432000000,94760.0,94796.0,94500.4,94567.8,164.06687892
1746435600000,94567.9,94654.0,94490.0,94566.9,93.76957947
1746439200000,94567.0,94575.4,94062.8,94126.0,250.71003384
1746442800000,94126.1,94287.4,93900.1,94046.0,228.91664496
1746446400000,94046.1,94354.0,93917.3,94339.9,142.03077148
1746450000000,94339.9,94415.6,93647.0,94233.2,364.41474512
1746453600000,94233.2,94550.0,93732.9,93887.9,349.16363239
1746457200000,93887.9,93981.3,93614.1,93782.8,209.88054624
1746460800000,93782.9,94291.6,93766.0,94216.0,150.21910157
1746464400000,94216.1,94634.0,94070.0,94511.4,164.70698418
1746468000000,94511.5,94916.8,94444.7,94733.1,138.56130724
1746471600000,94733.2,94906.6,94286.8,94351.0,108.14526356
1746475200000,94350.0,94370.0,93873.5,94254.0,267.07994326
1746478800000,94254.0,94843.5,94242.0,94725.9,125.45496064
1746482400000,94725.9,95217.5,94717.9,95049.9,347.2365887
1746486000000,95049.9,95138.0,94699.9,94737.3,246.06656906
1746489600000,94737.3,94786.0,94430.0,94606.3,105.67427619
1746493200000,94606.3,94935.0,94300.1,94306.0,197.82526633
1746496800000,94306.0,94404.9,94018.0,94341.4,161.63854538
1746500400000,94341.4,94518.0,94219.6,94466.4,115.69765329
1746504000000,94466.5,94589.0,94343.3,94579.8,75.87726363
1746507600000,94579.9,94610.0,94305.9,94341.9,155.9005176
1746511200000,94342.0,94498.0,94328.7,94498.0,69.31735194
1746514800000,94498.0,94636.0,94350.1,94390.0,132.50737481
1746518400000,94392.0,94400.0,94000.0,94379.9,352.90277553
1746522000000,94379.9,94381.9,94112.1,94223.4,102.8470026
1746525600000,94223.5,94338.2,93864.1,93953.2,255.45510962
1746529200000,93953.2,94069.0,93720.1,93814.0,127.92129722
1746532800000,93814.1,94052.0,93770.0,93953.7,162.41979367
1746536400000,93953.8,94021.9,93390.1,93615.4,484.01010763
1746540000000,93612.8,94695.6,93610.5,94151.9,734.07995402
1746543600000,94151.5,94737.9,94073.4,94567.9,442.09855558
1746547200000,94568.0,94820.5,94214.5,94238.0,310.05388549
1746550800000,94238.1,94861.2,94238.0,94522.1,243.02129155
1746554400000,94522.0,95100.2,94501.9,95075.2,261.35706618
1746558000000,95075.3,95170.0,94916.6,94972.1,358.85406617
1746561600000,94972.0,95026.0,94628.0,94678.0,162.92901521
1746565200000,94678.1,94802.0,94454.1,94696.0,60.13917873
1746568800000,94695.9,96287.5,94680.4,96246.1,1373.67473126
1746572400000,96246.1,96900.0,96089.3,96833.9,610.25916566
1746576000000,96834.0,97500.0,96741.7,97418.1,875.00726243
1746579600000,97418.0,97731.8,97176.9,97241.9,442.08371755
1746583200000,97242.0,97278.0,96483.3,96634.0,534.37826632
1746586800000,96634.0,96676.0,96213.3,96517.4,286.73985053
1746590400000,96517.5,96718.8,96424.2,96586.0,100.47365479
1746594000000,96586.0,96586.0,96324.0,96390.0,177.64117903
1746597600000,96390.0,96666.6,96362.2,96570.0,150.13344487
1746601200000,96569.9,97009.6,96555.2,96988.0,162.89684191
1746604800000,96988.0,97083.0,96857.1,97018.4,162.78824249
1746608400000,97018.1,97057.9,96868.0,96974.8,168.80778978
1746612000000,96974.8,97118.0,96830.0,97018.1,162.15026368
1746615600000,97018.1,97070.4,96926.0,97053.0,96.84137108
1746619200000,97053.0,97197.3,96864.1,96972.4,158.28239272
1746622800000,96972.4,97311.2,96715.2,97017.1,319.46164044
1746626400000,97017.2,97497.8,96804.0,96935.3,446.11063203
1746630000000,96934.4,97164.7,96764.0,96937.0,132.16565694
1746633600000,96937.0,96959.3,96518.0,96856.1,155.08174322
1746637200000,96856.0,96892.5,96199.1,96319.9,267.84641838
1746640800000,96316.6,96875.0,95894.0,96596.0,518.54982711
1746644400000,96596.0,96625.0,95788.9,96186.1,384.90389907
1746648000000,96187.9,96763.4,96072.2,96763.4,133.13434422
1746651600000,96763.5,97323.0,96644.0,97125.1,236.8619578
1746655200000,97126.1,97310.3,97009.3,97256.1,170.15659091
1746658800000,97256.1,97396.9,96967.0,97026.0,219.23169546
1746662400000,97026.0,97800.0,96872.0,97763.9,297.03509667
1746666000000,97761.8,98379.7,97592.0,97812.1,1463.57250246
1746669600000,97814.0,98844.7,97814.0,98676.7,639.61970816
1746673200000,98676.6,99233.9,98526.0,99148.6,540.27854007
1746676800000,99148.7,99421.9,98932.6,98955.1,510.76387797
1746680400000,98955.2,99129.6,98740.0,98752.0,214.12623544
1746684000000,98752.0,99043.7,98728.0,99040.0,177.07994506
1746687600000,99040.0,99400.0,99040.0,99263.7,522.51073043
1746691200000,99263.7,99800.0,99215.0,99671.7,667.28655147
1746694800000,99671.7,99819.4,99544.0,99796.0,341.15476035
1746698400000,99796.1,99900.0,99688.0,99787.4,244.1230239
1746702000000,99787.3,99790.0,99419.2,99419.3,458.94394959
1746705600000,99419.3,99567.0,99258.1,99295.3,293.80698457
1746709200000,99295.4,99640.2,99090.4,99301.4,275.99608778
1746712800000,99301.5,99818.1,99158.0,99380.0,535.60398633
1746716400000,99378.1,101546.6,99322.0,100763.4,2035.07942918
1746720000000,100763.3,101358.0,100594.9,101286.0,461.8246232
1746723600000,101286.0,101714.2,100788.3,101023.0,472.89062183
1746727200000,101023.0,101473.6,100965.8,101365.9,190.40829475
1746730800000,101365.9,101365.9,100970.1,101317.0,489.17539627
1746734400000,101318.0,102850.0,101290.0,102614.2,800.38122278
1746738000000,102604.2,104295.8,102118.1,102832.5,1157.33978202
1746741600000,102832.5,103229.4,102400.1,103017.8,385.17875537
1746745200000,103017.9,103309.3,102788.7,103270.0,242.9671974
1746748800000,103269.9,103274.0,102531.6,102815.0,265.03315365
1746752400000,102815.0,103139.2,102550.0,103102.5,334.67724581
1746756000000,103102.4,103102.4,102488.9,102611.9,188.56621973
1746759600000,102611.9,102803.7,102349.7,102451.1,394.69708149
1746763200000,102451.0,102857.2,102376.2,102826.1,243.23815538
1746766800000,102826.1,102972.2,102577.4,102972.1,298.18943854
1746770400000,102972.2,103270.6,102928.1,103238.7,580.29315514
1746774000000,103238.1,104366.0,103116.7,103630.0,1347.55102756
1746777600000,103629.9,103942.0,102601.6,102966.8,740.9118102
1746781200000,102964.1,103290.7,102415.9,102923.7,484.08315771
1746784800000,102924.5,103474.0,102800.1,103368.4,202.938602
1746788400000,103368.1,103524.9,102680.5,102962.6,302.15395795
1746792000000,102962.7,103163.9,102800.0,102903.9,136.35259779
1746795600000,102904.0,103791.1,102829.0,103624.4,306.90335281
1746799200000,103624.3,103749.9,102400.1,103162.4,816.89306524
1746802800000,103162.5,103318.6,102700.0,102904.0,300.12123239
1746806400000,102904.7,102938.0,102300.0,102483.9,246.23087878
1746810000000,102483.2,103240.0,102343.5,103212.8,281.91198405
1746813600000,103212.8,103373.0,102932.6,103183.1,200.95005622
1746817200000,103183.1,103293.9,102892.7,103199.9,236.96847186
1746820800000,103195.9,103418.0,103141.0,103193.9,108.00780603
1746824400000,103194.0,103227.8,102777.7,102992.0,129.61011461
1746828000000,102992.0,103082.0,102738.7,102790.9,64.22506405
1746831600000,102791.0,102993.0,102740.1,102986.0,70.01681487
1746835200000,102986.1,103135.2,102824.2,102860.1,156.18663203
1746838800000,102860.1,103124.0,102860.0,102978.1,72.54243538
1746842400000,102978.1,103272.9,102943.3,103152.1,106.70408776
1746846000000,103152.1,103230.5,102964.8,103222.0,64.58634511
1746849600000,103222.1,103222.1,103035.2,103168.0,58.99113937
1746853200000,103168.1,103370.4,103100.0,103370.4,188.94425342
1746856800000,103370.5,103956.7,103370.1,103946.4,383.40372975
1746860400000,103946.1,104122.0,103642.9,103777.9,356.64000628
1746864000000,103778.0,104091.1,103466.6,103638.2,296.48315214
1746867600000,103638.2,103922.8,103368.0,103775.9,246.58054548
1746871200000,103776.0,103899.5,103591.7,103598.0,96.91670713
1746874800000,103596.2,103670.0,103392.0,103432.2,139.90612699
1746878400000,103432.3,103830.0,103422.7,103702.7,143.27974522
1746882000000,103702.8,103808.6,103532.0,103640.1,110.95406413
1746885600000,103640.1,103677.4,103425.0,103526.9,124.40679974
1746889200000,103526.9,103539.0,103100.6,103143.3,182.36407019
1746892800000,103143.3,103535.9,103130.1,103451.0,329.75913704
1746896400000,103451.1,103631.1,103158.7,103177.3,280.66835084
1746900000000,103176.4,103315.7,103010.0,103240.1,181.66999804
1746903600000,103240.1,103311.7,103044.8,103195.5,179.23615271
1746907200000,103195.5,103326.8,103064.9,103193.9,46.11541696
1746910800000,103194.0,103804.0,103158.0,103744.2,81.95199676
1746914400000,103742.4,103846.1,103548.4,103592.1,130.85715567
1746918000000,103592.0,104999.0,103566.6,104820.0,737.1499569
1746921600000,104819.9,104968.1,103920.0,104419.6,420.99248608
1746925200000,104419.2,104542.3,103857.5,104136.7,203.73812686
1746928800000,104136.6,104296.1,103422.3,103764.0,302.42643441
1746932400000,103764.0,104192.1,103648.8,104000.0,173.03555267
1746936000000,104000.1,104400.0,103987.0,104164.0,140.56401393
1746939600000,104164.0,104206.0,103807.1,103839.4,89.7246139
1746943200000,103839.5,103986.0,103610.1,103858.9,154.26299403
1746946800000,103858.9,103874.0,103333.3,103380.7,305.51412036
1746950400000,103380.0,104029.1,103370.1,103817.4,186.37439854
1746954000000,103817.4,104480.0,103817.3,104351.4,216.74082817
1746957600000,104351.4,104663.9,104193.5,104647.8,185.38848058
1746961200000,104644.8,104785.7,104362.9,104656.0,190.9834495
1746964800000,104656.1,104900.0,104514.0,104582.0,619.08120219
1746968400000,104582.0,104655.7,103948.5,103975.3,639.96365919
1746972000000,103975.4,104295.2,103783.1,104165.9,284.86037443
1746975600000,104165.9,104688.0,103900.0,104134.6,295.44882862
1746979200000,104134.7,104175.2,103750.1,103992.0,193.79245007
1746982800000,103992.0,104160.0,103791.3,104034.3,81.76438095
1746986400000,104034.4,104833.2,103850.7,104528.6,174.55332304
1746990000000,104528.7,104657.9,104357.6,104416.0,80.17108758
1746993600000,104416.1,104450.0,104152.7,104266.9,64.92431715
1746997200000,104267.0,104397.9,103950.0,104363.9,121.83324497
1747000800000,104363.9,104590.0,103571.4,103792.0,312.10509019
1747004400000,103794.1,104145.0,103764.8,104126.0,238.36439774
1747008000000,104126.9,104638.0,104060.6,104593.3,205.50808122
1747011600000,104593.3,105150.0,103754.0,103988.5,546.63937878
1747015200000,103988.5,104210.0,103714.0,103900.2,234.89503397
1747018800000,103900.2,104100.0,103716.4,104099.9,101.47633937
1747022400000,104100.0,104170.0,103818.1,104062.5,101.62326651
1747026000000,104062.5,104080.0,103750.0,103949.8,133.8108029
1747029600000,103949.9,104412.0,103802.3,104381.5,181.35782818
1747033200000,104381.5,105850.0,104164.1,104481.1,1944.34557165
1747036800000,104481.1,104736.5,104060.8,104608.9,374.37380996
1747040400000,104608.9,104671.9,104361.4,104455.0,151.52920948
1747044000000,104456.0,104557.8,104161.0,104528.9,138.18820117
1747047600000,104528.9,104633.3,103626.2,103767.8,454.578016
1747051200000,103767.8,104146.0,103724.1,103888.3,261.35463898
1747054800000,103888.3,104651.8,103674.0,104326.3,613.94022439
1747058400000,104326.4,104390.0,102580.0,102814.4,1315.89623174
1747062000000,102814.5,103216.0,102391.0,102520.1,603.23531108
1747065600000,102520.1,103075.0,102420.1,102846.1,324.58767802
1747069200000,102846.1,103082.1,102535.0,102558.0,169.59302888
1747072800000,102558.0,102660.0,100733.0,101624.9,983.49416799
1747076400000,101625.0,102116.5,101485.7,101859.5,243.30367988
1747080000000,101858.0,102895.2,101775.7,102682.0,143.41326733
1747083600000,102684.0,102754.3,102352.6,102500.1,76.86548361
1747087200000,102500.0,102936.5,102350.1,102865.4,115.01882584
1747090800000,102865.5,103136.9,102788.1,102790.0,143.67780713
1747094400000,102790.1,102790.1,102177.4,102273.8,135.97688861
1747098000000,102273.9,102717.9,102073.2,102390.8,247.0067548
1747101600000,102390.8,102702.9,101691.3,102060.0,319.85461261
1747105200000,102058.3,102164.9,101418.1,101713.5,468.8432815
1747108800000,101713.4,102765.9,101613.4,102730.0,383.62845482
1747112400000,102728.3,102728.3,102229.4,102464.0,353.82033368
1747116000000,102464.1,102678.0,102322.5,102544.3,142.74751505
1747119600000,102544.3,102950.0,102544.2,102670.0,212.92665463
1747123200000,102669.9,102954.0,102540.1,102712.0,220.24163223
1747126800000,102712.1,103519.2,102712.1,103456.2,390.65154915
1747130400000,103456.3,103614.4,103261.9,103560.0,122.23567564
1747134000000,103559.9,103834.1,103449.9,103724.9,313.66720072
1747137600000,103729.8,103987.9,103320.0,103688.0,543.10439004
1747141200000,103687.9,103928.5,103392.8,103717.0,343.45997813
1747144800000,103718.1,103752.0,102804.1,103203.8,821.21604972
1747148400000,103204.0,103880.0,103150.0,103685.6,321.55111362
1747152000000,103685.5,104408.1,103534.9,103730.0,542.68953798
1747155600000,103730.0,104304.3,103706.1,104258.8,262.57003884
1747159200000,104258.9,104428.0,104075.0,104366.0,246.0706238
1747162800000,104366.0,104986.0,104156.1,104788.7,527.05914365
1747166400000,104788.7,104934.1,104387.0,104554.4,151.28247039
1747170000000,104553.8,104618.1,104178.2,104340.0,137.5786119
1747173600000,104339.9,104437.5,104100.0,104133.9,130.17741271
1747177200000,104133.9,104293.4,103875.6,104127.7,142.8104205
1747180800000,104122.3,104129.4,103771.8,103924.5,186.53979865
1747184400000,103923.3,104083.9,103700.0,103728.1,211.4512902
1747188000000,103728.1,103800.0,103500.0,103716.4,206.44741766
1747191600000,103716.4,103785.1,103454.0,103593.2,96.74099369
1747195200000,103593.2,103862.0,103464.1,103758.9,198.59676655
1747198800000,103759.0,103995.9,103704.1,103905.9,284.76937902
1747202400000,103906.0,103972.0,103666.0,103754.1,210.05438896
1747206000000,103754.1,103804.0,103388.0,103713.9,318.97599732
1747209600000,103711.9,103885.0,103201.5,103207.5,441.3149736
1747213200000,103207.6,103500.0,102856.9,103484.8,437.25265964
1747216800000,103484.9,103933.2,103456.8,103712.4,283.2285227
1747220400000,103712.5,104155.9,103712.5,103956.0,181.31971697
1747224000000,103955.9,104212.0,103908.0,104000.0,198.79171524
1747227600000,104000.1,104357.6,103486.2,103967.8,345.97961077
1747231200000,103967.8,103971.5,102902.0,103265.2,481.60722146
1747234800000,103263.8,103555.4,102851.0,103518.0,250.73757075
1747238400000,103518.1,103617.6,103174.0,103371.4,131.35543161
1747242000000,103371.5,103439.9,102608.3,103266.1,258.17961278
1747245600000,103266.2,103540.0,103035.7,103528.0,164.03613903
1747249200000,103528.0,103724.1,103250.0,103329.6,163.02936813
1747252800000,103330.0,103660.0,103296.8,103558.1,62.47265821
1747256400000,103558.1,103671.6,103425.4,103650.0,87.21864284
1747260000000,103650.1,103662.0,103429.2,103511.5,55.7856519
1747263600000,103511.5,103616.0,103345.2,103500.0,97.80917443
1747267200000,103500.1,103867.9,103485.5,103799.9,79.15045769
1747270800000,103800.0,103800.0,102968.0,103036.0,217.9154418
1747274400000,103034.3,103212.3,102903.8,103050.6,117.03622044
1747278000000,103050.7,103148.6,102710.0,102742.0,296.49610529
1747281600000,102742.1,102970.0,102700.1,102899.9,101.17937092
1747285200000,102899.9,102931.9,102327.0,102373.9,302.9655737
1747288800000,102373.9,102689.9,102137.3,102256.0,221.34336087
1747292400000,102256.0,102460.0,101721.4,101788.0,708.04499316
1747296000000,101788.0,102330.9,101757.9,102267.9,269.23369235
1747299600000,102267.8,102267.8,101505.2,101820.9,278.45543228
1747303200000,101820.8,101933.9,101603.3,101813.7,145.07969371
1747306800000,101813.7,102443.9,101786.0,102375.9,291.61506909
1747310400000,102375.9,102838.1,102268.1,102564.0,751.99170297
1747314000000,102564.0,102800.0,101556.2,102145.9,387.71018548
1747317600000,102145.9,102399.9,101355.2,101989.2,444.72148811
1747321200000,101989.2,103288.0,101920.8,103254.9,450.44193525
1747324800000,103254.1,103846.0,103026.6,103838.0,395.0988796
1747328400000,103838.0,104195.7,103651.6,103969.1,284.3375494
1747332000000,103969.2,104016.9,102647.0,102696.0,544.25340482
1747335600000,102696.0,103237.1,102555.1,103161.5,214.14429785
1747339200000,103160.0,103493.2,102888.0,103440.8,216.04716662
1747342800000,103440.7,103440.7,102710.6,103295.3,104.26663709
1747346400000,103295.3,103985.0,103252.1,103500.1,261.1008743
1747350000000,103500.1,103907.9,103231.2,103766.7,233.89133638
1747353600000,103766.5,104036.9,103651.2,103760.7,218.61658021
1747357200000,103760.8,104100.0,103467.1,104051.9,265.29907905
1747360800000,104052.0,104464.0,103930.6,104196.1,296.07123079
1747364400000,104196.2,104340.0,103987.5,104023.3,123.09441968
1747368000000,104025.4,104200.0,103799.9,103916.8,185.92387516
1747371600000,103916.9,104152.0,103827.3,103908.2,155.6082701
1747375200000,103908.2,104099.9,103868.0,103993.9,138.00840685
1747378800000,103994.0,104197.9,103694.0,103705.0,356.2443854
1747382400000,103705.1,103768.0,103100.0,103400.0,300.34928022
1747386000000,103400.1,103815.5,103400.1,103798.9,110.47298508
1747389600000,103798.9,103883.2,103632.8,103803.0,110.18154232
1747393200000,103803.0,103914.0,103552.7,103672.0,135.12044613
1747396800000,103672.0,103789.3,103468.1,103506.8,264.25781578
1747400400000,103506.8,104090.0,103428.0,103999.9,179.39582674
1747404000000,103999.9,103999.9,103339.3,103585.9,346.67265438
1747407600000,103585.9,104285.7,103585.9,104187.9,288.80628552
1747411200000,104188.0,104555.0,103819.0,104146.9,472.29404622
1747414800000,104146.9,104397.9,103766.4,103866.0,172.11319315
1747418400000,103865.9,104100.0,103688.0,103690.0,100.85330081
1747422000000,103689.9,104053.7,103585.6,104023.3,165.07228714
1747425600000,104025.5,104036.0,103519.7,103687.9,143.55551868
1747429200000,103683.4,103794.1,103494.0,103612.0,99.46810432
1747432800000,103612.1,103622.4,103391.6,103514.2,255.90521056
1747436400000,103514.2,103693.9,103418.0,103461.2,61.4982687
1747440000000,103461.2,103541.5,103090.8,103349.1,223.85816777
1747443600000,103349.1,103349.1,102600.0,102823.7,315.15366311
1747447200000,102823.7,103357.9,102728.0,103276.0,212.99589441
1747450800000,103274.3,103579.8,103150.0,103505.5,110.13147952
1747454400000,103506.5,103669.9,103460.0,103658.0,279.12101641
1747458000000,103658.1,103729.1,103333.3,103354.2,293.78919198
1747461600000,103354.2,103500.0,103286.0,103486.1,55.24045082
1747465200000,103486.0,103645.0,103430.0,103450.0,69.12440016
1747468800000,103449.9,103571.3,103126.8,103418.0,157.63845494
1747472400000,103418.1,103554.0,102827.6,102916.2,443.2137207
1747476000000,102916.0,103054.8,102829.3,102887.9,121.20036163
1747479600000,102887.9,103104.7,102750.1,102998.0,115.43230938
1747483200000,102998.0,103073.8,102900.1,102944.4,63.45434718
1747486800000,102944.5,103108.8,102613.9,102712.7,301.75816171
1747490400000,102712.8,103187.9,102704.7,103134.6,249.83069665
1747494000000,103134.6,103184.0,102896.7,102950.0,202.05229164
1747497600000,102950.1,103118.0,102763.0,102952.0,178.14452911
1747501200000,102952.0,103304.0,102931.9,103134.0,62.34934488
1747504800000,103134.0,103372.5,102971.7,102996.3,189.71622924
1747508400000,102996.3,103200.0,102930.0,103153.0,24.63152696
1747512000000,103153.0,103440.7,103081.5,103376.0,52.64919807
1747515600000,103380.0,103480.0,103121.7,103250.4,84.51310353
1747519200000,103250.3,103255.9,102901.0,103040.1,61.89673716
1747522800000,103040.0,103225.9,102958.6,103133.6,51.66099025
1747526400000,103133.7,103419.4,103100.1,103378.6,36.36039749
1747530000000,103378.6,103412.3,103139.0,103254.7,53.75317531
1747533600000,103254.7,103358.0,103240.0,103336.0,29.75387893
1747537200000,103336.0,103394.0,103134.7,103282.6,73.02186877
1747540800000,103282.6,103442.0,103279.6,103345.6,385.08328645
1747544400000,103345.7,103680.0,103345.6,103644.0,195.88830869
1747548000000,103644.0,103676.0,103366.0,103476.7,78.72354616
1747551600000,103473.0,103976.3,103440.0,103927.9,205.0217577
1747555200000,103928.0,104087.9,103810.7,103908.6,185.37527551
1747558800000,103908.7,104053.1,103831.0,103869.9,264.09758938
1747562400000,103870.0,103933.2,103785.2,103860.0,44.95635397
1747566000000,103860.0,103990.1,103796.0,103802.2,43.18721444
1747569600000,103803.9,103958.0,103698.6,103950.1,72.76806791
1747573200000,103950.1,104800.0,103896.0,104733.4,416.56234525
1747576800000,104733.3,105556.6,104542.3,105278.6,800.38976582
1747580400000,105278.6,105666.6,104970.0,105515.9,387.08674382
1747584000000,105515.9,106000.0,105161.0,105818.0,400.00880623
1747587600000,105820.0,105904.0,104830.7,104844.6,370.36875999
1747591200000,104844.6,104931.7,104000.0,104510.0,698.2060361
1747594800000,104506.1,104763.7,103858.6,103882.9,239.53409972
1747598400000,103882.4,104248.2,103270.7,104060.0,528.69629654
1747602000000,104060.1,104618.5,104060.1,104181.0,191.80790124
1747605600000,104181.0,105988.1,103968.4,105944.0,482.38501654
1747609200000,105944.0,106669.0,105470.0,106468.7,699.95627871
1747612800000,106468.9,107140.1,105147.5,105250.3,897.94743114
1747616400000,105250.3,105403.9,104731.4,105051.9,430.65441751
1747620000000,105052.0,105197.2,104565.1,104646.2,267.97075257
1747623600000,104646.3,104646.3,103546.2,103609.4,461.54171634
1747627200000,103610.0,103772.0,102800.0,103002.4,874.15307554
1747630800000,103002.4,103114.9,102515.8,103031.9,979.90764355
1747634400000,103032.0,103194.8,102080.4,102199.9,718.9216768
1747638000000,102200.0,103343.8,102166.7,103222.1,419.38454711
1747641600000,103222.0,103353.0,102921.0,103239.3,275.85026792
1747645200000,103239.2,103445.1,102988.1,103073.9,223.53655219
1747648800000,103073.8,103094.1,102849.9,102929.1,181.29837524
1747652400000,102929.2,103072.8,102780.0,102960.5,99.44408899
1747656000000,102960.5,102960.5,102155.7,102477.2,253.22193786
1747659600000,102477.8,103600.0,102321.3,103291.7,509.49100905
1747663200000,103291.7,104374.9,103184.6,104322.9,613.51771279
1747666800000,104322.9,104969.7,104264.2,104796.0,632.78781132
1747670400000,104796.0,105446.2,104498.3,105365.7,552.37247704
1747674000000,105365.6,105583.3,104941.1,105379.7,393.70782923
1747677600000,105378.2,105555.5,104706.5,104782.1,270.10645911
1747681200000,104782.2,105555.4,104641.5,105518.1,232.014569
1747684800000,105513.7,105794.8,105332.5,105471.0,140.33555892
1747688400000,105471.1,105533.2,105024.7,105460.0,175.74350339
1747692000000,105458.6,105654.3,105188.8,105557.4,182.87534969
1747695600000,105557.5,105838.2,105454.9,105568.1,151.57862466
1747699200000,105568.1,106584.2,105553.8,105719.6,597.35646484
1747702800000,105718.0,106796.8,105695.1,106451.1,339.08887928
1747706400000,106451.2,106867.0,106000.0,106097.9,296.46869189
1747710000000,106097.9,106177.6,105529.7,105755.7,230.63201717
1747713600000,105755.7,106250.0,105533.3,106220.8,288.77860009
1747717200000,106220.9,106400.0,106062.0,106111.9,199.9198394
1747720800000,106112.0,106220.0,105376.1,105461.4,210.18272468
1747724400000,105461.4,105740.4,104920.0,105018.3,360.73630352
1747728000000,105014.8,105248.8,104848.0,105225.3,329.46921347
1747731600000,105222.6,105410.0,105188.3,105297.2,664.6317754
1747735200000,105297.3,105434.9,105013.7,105031.4,251.46661158
1747738800000,105033.6,105354.0,104906.1,105206.0,125.55945791
1747742400000,105206.1,105211.5,104651.8,104774.0,257.6980519
1747746000000,104774.1,104875.6,104180.0,104448.5,404.13661013
1747749600000,104448.5,104997.0,104300.0,104522.5,360.57533545
1747753200000,104522.5,105401.7,104480.6,105340.4,285.13872062
1747756800000,105341.4,105527.9,105089.6,105213.9,148.68384628
1747760400000,105214.0,106333.3,105214.0,106200.5,460.35925094
1747764000000,106200.6,106414.9,105201.3,105280.0,320.87069296
1747767600000,105279.9,107254.2,105203.6,107017.9,602.96365014
1747771200000,107018.0,107308.7,106413.3,106910.0,415.92139536
1747774800000,106910.1,107232.8,106136.1,106613.1,216.59670018
1747778400000,106613.1,106893.0,105939.9,106776.1,230.42477178
1747782000000,106775.2,107218.2,106631.6,106846.1,310.75980159
1747785600000,106846.0,107210.0,106460.0,106745.9,272.6122645
1747789200000,106746.0,107083.3,106413.8,106489.1,124.08569831
1747792800000,106489.2,106913.9,106183.0,106846.0,326.66501864
1747796400000,106846.0,107095.7,106746.1,106838.0,248.15476043
1747800000000,106839.0,107713.5,106720.0,107286.1,570.05621418
1747803600000,107286.2,107726.0,107286.1,107533.2,385.85970064
1747807200000,107533.2,107997.3,107299.3,107758.1,423.47680516
1747810800000,107758.1,107873.8,106444.1,106509.9,547.47810541
1747814400000,106506.1,106796.0,106344.8,106386.0,254.16507545
1747818000000,106386.9,106532.5,106086.1,106200.1,173.03900008
1747821600000,106200.1,106451.6,106138.0,106336.1,169.03327343
1747825200000,106336.1,106712.5,106255.6,106528.5,206.10875083
1747828800000,106528.1,106879.7,106396.1,106570.1,123.60133364
1747832400000,106570.2,107653.0,106319.7,107259.9,451.14320693
1747836000000,107260.0,109000.0,107000.0,109000.0,1027.48095208
1747839600000,108999.9,109458.0,108318.4,108972.0,1132.99440096
1747843200000,108973.9,109860.0,108698.8,109130.9,973.72452686
1747846800000,109131.0,109349.9,106115.5,106590.0,2216.35241252
1747850400000,106593.7,107424.2,106328.1,106960.0,527.37519066
1747854000000,106960.1,108854.0,106612.4,108618.1,694.95400589
1747857600000,108612.8,108750.0,107719.3,108240.0,254.96595086
1747861200000,108240.1,108550.0,107937.1,108420.0,127.9366403
1747864800000,108420.1,109038.0,108280.8,108742.6,289.16483024
1747868400000,108742.7,110804.2,108660.7,109642.8,1563.17654216
1747872000000,109646.0,110165.2,109179.5,109962.0,773.44318622
1747875600000,109962.0,110552.9,109663.9,109910.1,461.38581719
1747879200000,109910.1,110972.0,109815.0,110469.7,479.32384982
1747882800000,110469.8,111880.0,110327.3,111773.9,1177.7811492
1747886400000,111774.0,111791.5,111221.1,111467.1,483.56908577
1747890000000,111467.0,111656.5,110820.5,110868.0,359.83644903
1747893600000,110870.0,111178.0,110457.3,110600.0,451.42429985
1747897200000,110600.0,111132.0,110458.1,111038.3,956.84921066
1747900800000,111038.4,111157.5,110375.1,110400.0,362.17924293
1747904400000,110400.1,110833.2,110262.1,110811.0,323.89727133
1747908000000,110811.1,110956.0,110595.6,110792.3,138.90416416
1747911600000,110790.1,111333.0,110500.0,110983.7,208.31431853
1747915200000,110982.1,111600.0,110800.0,111599.9,321.88394043
1747918800000,111600.0,111616.0,110905.0,110920.6,361.76795453
1747922400000,110920.6,111398.1,110550.0,110900.0,490.12394221
1747926000000,110900.0,111533.3,110783.4,111317.8,403.1819156
1747929600000,111318.0,111800.0,111083.7,111259.9,764.17899658
1747933200000,111260.0,111963.0,111162.0,111503.3,364.27269159
1747936800000,111503.7,111962.6,111366.8,111723.3,164.17852842
1747940400000,111723.2,111929.8,110916.4,111200.0,334.32386235
1747944000000,111203.5,111447.9,110819.3,111073.0,155.03419398
1747947600000,111073.0,111100.0,110756.0,110840.0,88.38377616
1747951200000,110844.0,111255.1,110844.0,111020.4,94.54496634
1747954800000,111020.5,111728.0,111020.5,111701.9,141.43895305
1747958400000,111702.0,111800.0,111383.3,111611.9,234.01664544
1747962000000,111612.0,111739.3,111210.9,111337.8,163.07815915
1747965600000,111337.8,111624.0,111184.7,111274.3,206.79181304
1747969200000,111274.3,111382.0,111016.0,111111.0,153.66743849
1747972800000,111111.1,111191.4,110536.8,110851.9,419.05634398
1747976400000,110851.8,110963.9,110650.1,110860.0,129.74793678
1747980000000,110860.0,110860.0,110406.1,110523.9,345.72010287
1747983600000,110524.0,110872.0,110522.2,110721.9,383.45976757
1747987200000,110722.0,111022.7,110705.8,110930.0,159.08678245
1747990800000,110930.1,111378.0,110900.0,111315.8,181.34980031
1747994400000,111315.7,111320.0,110813.4,111061.1,209.87632269
1747998000000,111061.2,111099.0,108856.1,109085.3,900.02290194
1748001600000,109083.7,109109.5,107313.9,108429.0,1598.72383704
1748005200000,108429.1,109724.1,107961.1,109650.0,879.93449456
1748008800000,109648.6,109999.9,109516.6,109670.6,539.88193472
1748012400000,109670.6,109866.0,108910.7,108940.6,346.73689902
1748016000000,108942.4,109215.3,108004.9,109077.4,1448.90431514
1748019600000,109079.5,109812.2,109019.7,109415.8,337.71898585
1748023200000,109415.8,109507.2,108656.5,108801.3,278.48128115
1748026800000,108801.4,109162.3,108575.8,108714.5,242.24394339
1748030400000,108714.5,108730.1,108198.8,108250.7,138.71286309
1748034000000,108250.8,108678.1,108060.9,108296.0,183.46917695
1748037600000,108295.9,108591.9,107650.0,107800.0,265.99734388
1748041200000,107800.1,107909.3,106800.0,107324.0,585.02430528
1748044800000,107324.1,107696.4,106880.0,107370.2,224.93789471
1748048400000,107370.1,107876.6,107358.2,107481.9,117.96703725
1748052000000,107481.9,107905.3,107250.1,107796.6,107.41747656
1748055600000,107796.6,108371.9,107752.2,108370.0,171.18174553
1748059200000,108370.0,108581.8,108304.3,108497.9,190.72760222
1748062800000,108497.9,108533.9,108125.4,108240.0,141.76616472
1748066400000,108240.0,108344.0,107672.1,107963.3,430.61000975
1748070000000,107963.3,108245.2,107567.7,107600.8,323.43957062
1748073600000,107600.8,108288.9,107600.8,108246.6,182.23632421
1748077200000,108246.9,108442.0,108152.0,108158.0,114.60837168
1748080800000,108158.1,109250.2,108157.8,109087.7,314.47578811
1748084400000,109090.0,109488.6,109090.0,109196.0,267.98586775
1748088000000,109196.0,109279.9,108633.0,108787.8,312.68733281
1748091600000,108786.6,108900.7,108540.0,108596.1,128.34979804
1748095200000,108596.1,109030.0,108586.0,108960.1,169.40578023
1748098800000,108960.1,109222.0,108821.4,108939.3,115.88198932
1748102400000,108939.3,109101.9,108680.0,109005.1,174.68589909
1748106000000,109005.2,109221.9,108870.8,108907.5,357.53549983
1748109600000,108907.5,109077.0,108762.3,108818.1,67.79085306
1748113200000,108818.0,109019.0,108776.4,108944.4,236.5964645
1748116800000,108944.3,109120.5,108844.8,108844.9,96.15764327
1748120400000,108844.8,108859.5,108561.9,108816.3,140.36840085
1748124000000,108817.4,108817.5,107979.2,108105.9,241.36386
1748127600000,108102.1,108411.5,107500.0,107767.2,422.79912608
1748131200000,107767.3,108130.0,107270.7,107435.9,432.40161651
1748134800000,107436.0,108015.0,107192.4,107652.0,222.8318776
1748138400000,107652.1,107998.0,107469.7,107924.3,112.83619865
1748142000000,107925.1,108258.0,107910.0,108091.3,96.63524524
1748145600000,108091.3,108282.4,107928.1,108250.1,93.19800694
1748149200000,108250.0,108299.1,107968.0,108106.0,91.16872788
1748152800000,108106.0,108140.0,107681.8,107939.7,88.13307995
1748156400000,107939.7,107939.7,107440.1,107682.1,146.03606212
1748160000000,107682.0,107698.0,106900.0,107120.0,250.25892283
1748163600000,107120.2,107278.1,106703.2,107126.9,705.62754956
1748167200000,107126.8,107384.0,106827.8,106943.9,163.89519112
1748170800000,106943.9,107288.4,106826.1,107250.0,104.69147766
1748174400000,107249.8,107615.7,107177.9,107550.0,298.90233135
1748178000000,107550.0,107743.8,107300.0,107525.1,115.20871461
1748181600000,107525.1,107646.0,107131.4,107368.1,145.8991266
1748185200000,107368.1,107428.0,106600.0,106973.3,338.51390261
1748188800000,106973.3,107246.9,106648.2,107184.2,171.87967213
1748192400000,107184.1,107369.3,107107.0,107352.5,47.52674943
1748196000000,107360.0,107600.0,107261.2,107413.8,54.12058476
1748199600000,107413.9,107937.3,107413.8,107709.4,76.58275686
1748203200000,107709.3,107754.9,107426.1,107679.8,61.65493055
1748206800000,107679.9,107913.9,107172.5,107451.2,83.52005184
1748210400000,107458.0,109200.0,107346.1,109159.0,523.38591714
1748214000000,109157.6,109315.3,108554.1,109004.9,317.36620613
1748217600000,109004.9,109599.5,108666.7,109534.1,308.40629716
1748221200000,109538.0,109850.0,109218.0,109541.0,315.96377794
1748224800000,109540.1,109773.7,109186.0,109386.0,168.54464773
1748228400000,109386.0,109754.9,109262.9,109621.9,143.10919684
1748232000000,109621.9,109734.0,109492.0,109528.0,159.50455121
1748235600000,109528.0,109681.0,109360.3,109633.1,132.51613256
1748239200000,109633.1,109956.7,109495.3,109931.8,177.99844803
1748242800000,109931.8,110214.8,109702.0,110089.0,451.99241482
1748246400000,110089.1,110179.9,109600.0,109660.0,111.52438386
1748250000000,109661.9,109990.0,109588.2,109713.9,155.01148039
1748253600000,109714.0,109864.0,109572.0,109644.8,119.46621536
1748257200000,109644.9,109838.0,109556.1,109783.9,93.2238285
1748260800000,109784.0,110078.8,109666.0,109826.1,228.07042635
1748264400000,109826.1,109987.9,109471.7,109609.6,185.51596354
1748268000000,109606.1,109740.0,109500.0,109662.6,148.97016214
1748271600000,109663.8,110411.2,109534.0,110004.9,420.27714813
1748275200000,110007.1,110450.0,109096.9,109386.1,996.28497915
1748278800000,109386.0,109696.7,108877.7,109174.2,167.72732963
1748282400000,109175.3,109465.2,108984.9,109095.2,286.6527334
1748286000000,109094.1,109185.1,108851.1,109123.5,165.36124949
1748289600000,109123.4,109633.6,108932.1,109596.1,125.69432493
1748293200000,109596.0,109650.0,109132.0,109344.1,80.01499661
1748296800000,109344.1,109890.0,109164.0,109191.5,93.64125597
1748300400000,109191.6,109469.9,109052.1,109437.9,89.85469689
1748304000000,109436.7,109677.9,109137.0,109152.3,140.22283138
1748307600000,109152.4,109152.4,107505.2,108396.6,830.95332877
1748311200000,108397.3,108694.0,107889.6,108270.3,262.52638305
1748314800000,108270.3,109333.3,108270.1,108886.4,336.33712146
1748318400000,108886.5,109347.3,108845.4,108949.2,151.17502872
1748322000000,108949.3,108972.0,108536.9,108915.9,153.71500095
1748325600000,108916.0,109273.4,108828.1,108829.1,216.86232973
1748329200000,108829.1,109634.0,108829.0,109539.7,182.27205849
1748332800000,109540.0,109773.8,109476.2,109693.8,387.12538027
1748336400000,109693.8,109892.0,109420.8,109823.8,190.87662688
1748340000000,109823.9,109854.7,109625.1,109695.3,66.4049821
1748343600000,109692.9,109774.0,109424.3,109588.2,106.10699613
1748347200000,109588.3,109830.0,109448.1,109602.9,148.65392673
1748350800000,109602.9,110729.0,109582.5,109846.0,991.42277132
1748354400000,109846.0,110223.3,108621.2,109385.7,689.5044308
1748358000000,109383.8,110258.1,109025.0,110145.7,707.92813688
1748361600000,110146.2,110512.0,109944.6,110222.0,653.98883973
1748365200000,110222.1,110465.2,109974.3,110244.0,208.91074934
1748368800000,110244.1,110426.0,109782.0,109895.5,178.95976095
1748372400000,109895.5,110053.9,109570.1,109885.1,173.83407377
1748376000000,109885.1,109903.0,109548.9,109564.0,118.80565459
1748379600000,109564.1,109695.0,108823.2,108923.2,220.92896131
1748383200000,108923.3,109178.5,108600.0,109028.1,210.56319707
1748386800000,109028.1,109168.8,108911.8,108936.0,97.4538407
1748390400000,108936.0,109252.7,108694.4,109204.3,178.75575291
1748394000000,109204.3,109282.0,108629.6,108670.0,149.4652412
1748397600000,108677.7,108879.9,108400.0,108624.6,239.56014206
1748401200000,108624.6,108965.6,108566.0,108856.7,114.03869653
1748404800000,108856.8,109068.6,108629.6,108982.6,191.38912657
1748408400000,108982.6,109086.8,108846.1,108980.1,88.53981799
1748412000000,108980.1,108983.3,108630.0,108725.1,131.18111015
1748415600000,108725.1,109016.9,108714.9,108816.2,145.7081883
1748419200000,108816.2,109139.3,108600.0,109032.6,177.9028469
1748422800000,109032.7,109081.9,108510.0,108799.2,269.08079823
1748426400000,108799.2,108946.0,108250.0,108834.0,275.59528572
1748430000000,108834.1,108940.0,108711.2,108865.5,172.59444737
1748433600000,108865.5,109060.0,108785.5,108887.9,129.48765073
1748437200000,108888.1,108998.2,108007.1,108070.2,472.42507881
1748440800000,108070.1,108267.2,107500.0,107536.0,795.25558116
1748444400000,107534.1,107701.0,107036.0,107113.1,481.49174066
1748448000000,107113.2,107475.6,107113.2,107432.0,594.32684866
1748451600000,107432.0,107839.8,107343.5,107691.3,314.41020439
1748455200000,107691.4,107846.1,107385.0,107480.6,156.82413166
1748458800000,107480.5,107800.0,106933.4,106934.7,255.45732862
1748462400000,106934.1,107412.7,106800.0,107326.7,261.56108645
1748466000000,107326.8,107586.0,107189.8,107504.3,95.72467899
1748469600000,107504.2,107504.2,107149.8,107410.7,86.82210604
1748473200000,107410.7,108048.5,107410.7,107783.9,229.48781472
1748476800000,107783.9,108303.0,107412.6,108287.3,275.48891934
1748480400000,108287.4,108346.1,107815.0,108153.8,286.52073837
1748484000000,108153.8,108485.1,107930.0,108429.9,192.99477915
1748487600000,108429.9,108434.1,107941.3,108035.9,255.45870893
1748491200000,108036.0,108104.0,106930.8,107567.5,343.84064945
1748494800000,107567.4,107779.5,107479.2,107683.9,131.32734556
1748498400000,107684.0,107957.1,107642.0,107899.9,188.94109297
1748502000000,107900.0,108024.1,107740.6,107883.3,205.48125624
1748505600000,107883.4,108580.2,107683.0,108492.6,357.74748002
1748509200000,108492.3,108659.3,108317.0,108517.9,700.30374538
1748512800000,108518.0,108860.0,108388.1,108749.9,226.11360957
1748516400000,108750.0,108897.5,108652.6,108781.2,190.38687784
1748520000000,108781.2,108800.0,108356.2,108429.3,231.55474401
1748523600000,108429.3,108592.0,107413.5,107602.0,1918.18711592
1748527200000,107601.9,107834.0,106455.0,107616.9,1923.62880482
1748530800000,107617.0,107748.9,106964.1,107034.0,949.81183762
1748534400000,107034.0,107180.0,106581.7,106731.7,341.62986375
1748538000000,106731.7,106882.0,106075.9,106313.2,1552.56799196
1748541600000,106316.5,106625.9,105800.0,105833.9,348.22938296
1748545200000,105833.9,106088.0,105632.1,105723.5,581.32678923
1748548800000,105723.5,106223.9,105711.2,106186.0,206.5676462
1748552400000,106186.2,106479.2,106102.7,106453.9,94.73965041
1748556000000,106453.9,106467.5,105906.2,105930.5,145.39002178
1748559600000,105930.6,106080.0,105311.8,105586.1,310.22264542
1748563200000,105586.1,106228.5,104600.0,104940.2,643.23577126
1748566800000,104940.3,105935.1,104933.3,105672.5,372.13086012
1748570400000,105672.5,106175.2,105650.9,106009.0,175.68962234
1748574000000,106009.0,106193.4,105922.4,106026.2,110.07302972
1748577600000,106026.2,106137.1,105904.1,106117.3,117.42838379
1748581200000,106117.4,106322.9,106034.9,106078.4,102.0844425
1748584800000,106078.5,106140.0,105526.2,105710.8,220.35206813
1748588400000,105710.7,105850.0,104710.5,105031.5,1078.38880068
1748592000000,105031.6,105360.0,104817.9,105168.8,344.32664392
1748595600000,105168.8,105666.6,104595.4,105627.7,387.94063041
1748599200000,105627.7,105939.0,105279.9,105917.5,222.13501182
1748602800000,105917.5,105985.0,105685.2,105874.7,119.78831559
1748606400000,105874.8,105996.8,105136.8,105672.4,290.88307737
1748610000000,105672.5,105982.2,105369.8,105492.0,259.01225981
1748613600000,105492.0,105834.0,105043.7,105344.1,408.90475577
1748617200000,105344.1,105826.0,105294.9,105538.8,175.74534036
1748620800000,105538.8,105565.4,103700.1,103901.7,961.38318854
1748624400000,103901.9,104288.7,103850.0,104175.5,314.38082522
1748628000000,104175.6,104921.8,104056.2,104892.6,215.78774202
1748631600000,104892.5,104994.1,104472.8,104636.9,193.95106192
1748635200000,104636.8,104850.0,104388.0,104574.6,90.25461527
1748638800000,104579.1,104894.2,104533.3,104634.7,98.26501774
1748642400000,104634.9,104810.0,103956.1,103964.4,346.90848767
1748646000000,103964.4,104265.6,103621.1,103999.9,284.72102436
1748649600000,104000.0,104299.9,103550.7,103957.7,263.63591743
1748653200000,103957.8,104210.9,103300.0,103470.4,310.65946453
1748656800000,103470.1,103857.9,103098.0,103198.5,239.37758171
1748660400000,103198.6,103690.1,103078.7,103675.4,148.65622928
1748664000000,103675.5,103819.4,103480.1,103804.9,83.48670987
1748667600000,103805.0,103907.7,103516.5,103536.9,101.42595243
1748671200000,103537.0,103921.2,103521.3,103864.3,105.760368
1748674800000,103864.3,103864.3,103638.7,103761.3,151.73289416
1748678400000,103761.2,103822.2,103516.5,103660.0,118.46350818
1748682000000,103660.0,103749.4,103480.0,103545.5,98.20887745
1748685600000,103545.5,103617.9,103282.1,103415.3,93.95718832
1748689200000,103415.4,103532.1,103305.1,103504.7,80.13337922
1748692800000,103504.8,104036.1,103486.0,104036.1,181.93694919
1748696400000,104036.1,104207.9,103986.4,104122.3,134.58031162
1748700000000,104122.4,104580.0,104121.9,104567.9,329.7719714
1748703600000,104567.8,104850.5,104436.7,104554.2,208.76859336
1748707200000,104554.2,104795.3,104383.4,104490.0,131.36488558
1748710800000,104490.0,104634.0,104265.2,104352.9,71.64120021
1748714400000,104352.9,104630.1,104352.8,104495.6,36.68620683
1748718000000,104495.7,104760.9,104495.7,104705.3,41.03006231
1748721600000,104705.9,104817.0,104536.8,104782.1,56.21773034
1748725200000,104782.1,104886.9,104642.7,104875.9,85.49419461
1748728800000,104875.9,104907.5,104606.8,104622.9,52.58837659
1748732400000,104623.0,104848.3,104473.3,104596.8,142.57211646
