ts,pair,us_sym,chain_mid,us_price,dev_bps,us_ts,vol24h
2026-08-08T02:22:02+00:00,MCDX/USDT,MCD,277.32,274.4800109863281,103.5,08-07 00:00,75154
2026-08-08T02:22:02+00:00,SPYX/USDT,SPY,778.39,773.260009765625,66.3,08-07 00:00,461773
2026-08-08T02:22:02+00:00,GOOGLX/USDT,GOOGL,355.84,354.29998779296875,43.5,08-07 00:00,169467
2026-08-08T02:22:02+00:00,AVGOX/USDT,AVGO,429.38,427.760009765625,38.0,08-07 00:00,83835
2026-08-08T02:22:02+00:00,COINX/USDT,COIN,154.12,153.60000610351562,34.2,08-07 00:00,202995
2026-08-08T02:22:02+00:00,TSLAX/USDT,TSLA,329.62,328.5799865722656,31.5,08-07 00:00,253337
2026-08-08T02:23:45+00:00,MCDX/USDT,MCD,277.31,274.4800109863281,103.3,08-07 00:00,75146
2026-08-08T02:23:45+00:00,SPYX/USDT,SPY,778.39,773.260009765625,66.3,08-07 00:00,461404
2026-08-08T02:23:45+00:00,GOOGLX/USDT,GOOGL,355.8,354.29998779296875,42.5,08-07 00:00,169467
2026-08-08T02:23:45+00:00,AVGOX/USDT,AVGO,429.38,427.760009765625,38.0,08-07 00:00,83835
2026-08-08T02:23:45+00:00,COINX/USDT,COIN,154.13,153.60000610351562,34.5,08-07 00:00,202796
2026-08-08T02:30:54+00:00,MCDX/USDT,MCD,277.28,274.4800109863281,102.0,08-07 00:00,75031
2026-08-08T02:30:54+00:00,SPYX/USDT,SPY,778.51,773.260009765625,68.0,08-07 00:00,465564
2026-08-08T02:30:54+00:00,AVGOX/USDT,AVGO,429.38,427.760009765625,38.0,08-07 00:00,83869
2026-08-08T02:30:54+00:00,COINX/USDT,COIN,154.15,153.60000610351562,35.8,08-07 00:00,201930
2026-08-08T02:30:54+00:00,MSTRX/USDT,MSTR,100.35,100.01000213623047,34.5,08-07 00:00,337860
2026-08-08T02:30:54+00:00,GOOGLX/USDT,GOOGL,355.5,354.29998779296875,34.0,08-07 00:00,169017
2026-08-08T02:30:54+00:00,QQQX/USDT,QQQ,725.26,723.030029296875,30.9,08-07 00:00,146979
2026-08-08T03:01:03+00:00,MCDX/USDT,MCD,277.42,274.4800109863281,107.1,08-07 00:00,73753
2026-08-08T03:01:03+00:00,SPYX/USDT,SPY,778.5,773.260009765625,67.7,08-07 00:00,464370
2026-08-08T03:01:03+00:00,GOOGLX/USDT,GOOGL,355.87,354.29998779296875,44.2,08-07 00:00,168741
2026-08-08T03:01:03+00:00,MSTRX/USDT,MSTR,100.4,100.01000213623047,39.0,08-07 00:00,337124
2026-08-08T03:30:44+00:00,MCDX/USDT,MCD,277.42,274.4800109863281,107.1,08-07 00:00,73340
2026-08-08T03:30:44+00:00,MSTRX/USDT,MSTR,100.84,100.01000213623047,83.5,08-07 00:00,336790
2026-08-08T03:30:44+00:00,SPYX/USDT,SPY,778.43,773.260009765625,66.9,08-07 00:00,460992
2026-08-08T03:30:44+00:00,GOOGLX/USDT,GOOGL,356.39,354.29998779296875,59.1,08-07 00:00,168559
2026-08-08T03:30:44+00:00,COINX/USDT,COIN,154.34,153.60000610351562,48.2,08-07 00:00,197773
2026-08-08T04:00:56+00:00,MCDX/USDT,MCD,277.42,274.4800109863281,107.1,08-07 00:00,72289
2026-08-08T04:00:56+00:00,MSTRX/USDT,MSTR,100.79,100.01000213623047,78.0,08-07 00:00,339736
2026-08-08T04:00:56+00:00,SPYX/USDT,SPY,779.0,773.260009765625,74.2,08-07 00:00,460163
2026-08-08T04:00:56+00:00,GOOGLX/USDT,GOOGL,356.51,354.29998779296875,62.5,08-07 00:00,175698
2026-08-08T04:00:56+00:00,COINX/USDT,COIN,154.45,153.60000610351562,55.7,08-07 00:00,194670
2026-08-08T04:00:56+00:00,AVGOX/USDT,AVGO,429.23,427.760009765625,34.2,08-07 00:00,76909
2026-08-08T04:00:56+00:00,TSLAX/USDT,TSLA,329.68,328.5799865722656,33.5,08-07 00:00,244160
2026-08-08T04:30:54+00:00,MCDX/USDT,MCD,277.23,274.4800109863281,100.2,08-07 00:00,70593
2026-08-08T04:30:54+00:00,SPYX/USDT,SPY,778.02,773.260009765625,61.6,08-07 00:00,457412
2026-08-08T04:30:54+00:00,GOOGLX/USDT,GOOGL,356.15,354.29998779296875,52.4,08-07 00:00,179457
2026-08-08T04:30:54+00:00,COINX/USDT,COIN,154.38,153.60000610351562,51.1,08-07 00:00,193049
2026-08-08T04:30:54+00:00,MSTRX/USDT,MSTR,100.47,100.01000213623047,45.5,08-07 00:00,340425
2026-08-08T04:30:54+00:00,AVGOX/USDT,AVGO,429.07,427.760009765625,30.5,08-07 00:00,73724
2026-08-08T04:30:54+00:00,TSLAX/USDT,TSLA,329.58,328.5799865722656,30.4,08-07 00:00,240898
2026-08-08T05:01:09+00:00,MCDX/USDT,MCD,277.08,274.4800109863281,94.5,08-07 00:00,69288
2026-08-08T05:01:09+00:00,MSTRX/USDT,MSTR,100.78,100.01000213623047,77.0,08-07 00:00,338579
2026-08-08T05:01:09+00:00,SPYX/USDT,SPY,777.62,773.260009765625,56.3,08-07 00:00,455745
2026-08-08T05:01:09+00:00,COINX/USDT,COIN,154.36,153.60000610351562,49.5,08-07 00:00,191299
2026-08-08T05:01:09+00:00,GOOGLX/USDT,GOOGL,355.96,354.29998779296875,46.7,08-07 00:00,181529
2026-08-08T05:01:09+00:00,TSLAX/USDT,TSLA,329.58,328.5799865722656,30.3,08-07 00:00,235774
2026-08-08T05:31:10+00:00,MCDX/USDT,MCD,277.19,274.4800109863281,98.5,08-07 00:00,67206
2026-08-08T05:31:10+00:00,MSTRX/USDT,MSTR,100.69,100.01000213623047,67.5,08-07 00:00,333540
2026-08-08T05:31:10+00:00,SPYX/USDT,SPY,777.5,773.260009765625,54.9,08-07 00:00,464740
2026-08-08T05:31:10+00:00,COINX/USDT,COIN,154.28,153.60000610351562,43.9,08-07 00:00,190579
2026-08-08T05:31:10+00:00,GOOGLX/USDT,GOOGL,355.4,354.29998779296875,31.2,08-07 00:00,184405
2026-08-08T06:01:05+00:00,MCDX/USDT,MCD,276.35,274.4800109863281,67.9,08-07 00:00,66346
2026-08-08T06:01:05+00:00,MSTRX/USDT,MSTR,100.69,100.01000213623047,67.5,08-07 00:00,331938
2026-08-08T06:01:05+00:00,SPYX/USDT,SPY,776.98,773.260009765625,48.1,08-07 00:00,463356
2026-08-08T06:01:05+00:00,GOOGLX/USDT,GOOGL,355.42,354.29998779296875,31.8,08-07 00:00,198908
2026-08-08T06:31:11+00:00,MSTRX/USDT,MSTR,100.66,100.01000213623047,65.5,08-07 00:00,330904
2026-08-08T06:31:11+00:00,MCDX/USDT,MCD,276.21,274.4800109863281,62.8,08-07 00:00,65240
2026-08-08T06:31:11+00:00,SPYX/USDT,SPY,776.96,773.260009765625,47.8,08-07 00:00,460589
2026-08-08T06:31:11+00:00,GOOGLX/USDT,GOOGL,355.56,354.29998779296875,35.7,08-07 00:00,201540
2026-08-08T07:00:16+00:00,MCDX/USDT,MCD,276.73,274.4800109863281,81.8,08-07 00:00,64525
2026-08-08T07:00:16+00:00,MSTRX/USDT,MSTR,100.69,100.01000213623047,68.5,08-07 00:00,329219
2026-08-08T07:00:16+00:00,SPYX/USDT,SPY,776.89,773.260009765625,47.0,08-07 00:00,457493
2026-08-08T07:00:16+00:00,GOOGLX/USDT,GOOGL,355.8,354.29998779296875,42.5,08-07 00:00,202430
2026-08-08T07:30:20+00:00,MCDX/USDT,MCD,276.84,274.4800109863281,85.8,08-07 00:00,62731
2026-08-08T07:30:20+00:00,MSTRX/USDT,MSTR,100.66,100.01000213623047,64.5,08-07 00:00,328069
2026-08-08T07:30:20+00:00,SPYX/USDT,SPY,776.99,773.260009765625,48.2,08-07 00:00,454911
2026-08-08T08:00:24+00:00,MSTRX/USDT,MSTR,100.72,100.01000213623047,70.5,08-07 00:00,325005
2026-08-08T08:00:24+00:00,MCDX/USDT,MCD,276.37,274.4800109863281,68.9,08-07 00:00,61878
2026-08-08T08:00:24+00:00,SPYX/USDT,SPY,777.35,773.260009765625,52.8,08-07 00:00,452821
2026-08-08T08:00:24+00:00,GOOGLX/USDT,GOOGL,355.71,354.29998779296875,39.7,08-07 00:00,211717
2026-08-08T08:30:43+00:00,MSTRX/USDT,MSTR,100.75,100.01000213623047,74.5,08-07 00:00,304280
2026-08-08T08:30:43+00:00,MCDX/USDT,MCD,276.37,274.4800109863281,68.9,08-07 00:00,59703
2026-08-08T08:30:43+00:00,SPYX/USDT,SPY,776.89,773.260009765625,46.9,08-07 00:00,448754
2026-08-08T08:30:43+00:00,GOOGLX/USDT,GOOGL,355.75,354.29998779296875,40.9,08-07 00:00,210546
2026-08-08T09:00:30+00:00,MSTRX/USDT,MSTR,100.84,100.01000213623047,83.0,08-07 00:00,291040
2026-08-08T09:00:30+00:00,MCDX/USDT,MCD,276.2,274.4800109863281,62.8,08-07 00:00,59717
2026-08-08T09:00:30+00:00,GOOGLX/USDT,GOOGL,356.45,354.29998779296875,60.7,08-07 00:00,210338
2026-08-08T09:00:30+00:00,SPYX/USDT,SPY,777.21,773.260009765625,51.1,08-07 00:00,444928
2026-08-08T09:30:33+00:00,MSTRX/USDT,MSTR,100.94,100.01000213623047,92.5,08-07 00:00,300932
2026-08-08T09:30:33+00:00,MCDX/USDT,MCD,276.74,274.4800109863281,82.3,08-07 00:00,57225
2026-08-08T09:30:33+00:00,SPYX/USDT,SPY,777.81,773.260009765625,58.8,08-07 00:00,446850
2026-08-08T09:30:33+00:00,GOOGLX/USDT,GOOGL,356.35,354.29998779296875,57.9,08-07 00:00,210201
2026-08-08T10:00:41+00:00,MSTRX/USDT,MSTR,100.89,100.01000213623047,88.5,08-07 00:00,298011
2026-08-08T10:00:41+00:00,MCDX/USDT,MCD,276.74,274.4800109863281,82.3,08-07 00:00,55435
2026-08-08T10:00:41+00:00,SPYX/USDT,SPY,777.7,773.260009765625,57.5,08-07 00:00,442796
2026-08-08T10:00:41+00:00,GOOGLX/USDT,GOOGL,356.15,354.29998779296875,52.4,08-07 00:00,212917
2026-08-08T10:00:41+00:00,TSLAX/USDT,TSLA,329.59,328.5799865722656,30.7,08-07 00:00,213175
2026-08-08T10:30:47+00:00,MCDX/USDT,MCD,277.47,274.4800109863281,108.9,08-07 00:00,51922
2026-08-08T10:30:47+00:00,MSTRX/USDT,MSTR,100.94,100.01000213623047,93.5,08-07 00:00,295396
2026-08-08T10:30:47+00:00,SPYX/USDT,SPY,777.43,773.260009765625,53.9,08-07 00:00,436674
2026-08-08T10:30:47+00:00,GOOGLX/USDT,GOOGL,356.19,354.29998779296875,53.2,08-07 00:00,212847
2026-08-08T10:30:47+00:00,TSLAX/USDT,TSLA,329.61,328.5799865722656,31.2,08-07 00:00,209546
2026-08-08T11:00:51+00:00,MCDX/USDT,MCD,277.4,274.4800109863281,106.6,08-07 00:00,43638
2026-08-08T11:00:51+00:00,MSTRX/USDT,MSTR,100.92,100.01000213623047,91.0,08-07 00:00,294281
2026-08-08T11:00:51+00:00,GOOGLX/USDT,GOOGL,356.14,354.29998779296875,52.1,08-07 00:00,212949
2026-08-08T11:00:51+00:00,SPYX/USDT,SPY,777.16,773.260009765625,50.4,08-07 00:00,432550
2026-08-08T11:00:51+00:00,TSLAX/USDT,TSLA,329.6,328.5799865722656,31.0,08-07 00:00,208836
2026-08-08T11:30:56+00:00,MCDX/USDT,MCD,277.47,274.4800109863281,108.9,08-07 00:00,42398
2026-08-08T11:30:56+00:00,MSTRX/USDT,MSTR,101.09,100.01000213623047,108.0,08-07 00:00,292353
2026-08-08T11:30:56+00:00,SPYX/USDT,SPY,777.34,773.260009765625,52.7,08-07 00:00,427293
2026-08-08T11:30:56+00:00,GOOGLX/USDT,GOOGL,355.77,354.29998779296875,41.6,08-07 00:00,214305
2026-08-08T11:30:56+00:00,TSLAX/USDT,TSLA,329.63,328.5799865722656,32.0,08-07 00:00,204973
2026-08-08T12:01:01+00:00,MSTRX/USDT,MSTR,101.15,100.01000213623047,113.5,08-07 00:00,289602
2026-08-08T12:01:01+00:00,MCDX/USDT,MCD,276.66,274.4800109863281,79.4,08-07 00:00,42003
2026-08-08T12:01:01+00:00,SPYX/USDT,SPY,777.86,773.260009765625,59.5,08-07 00:00,424940
2026-08-08T12:01:01+00:00,GOOGLX/USDT,GOOGL,355.89,354.29998779296875,45.0,08-07 00:00,213965
2026-08-08T12:01:01+00:00,TSLAX/USDT,TSLA,329.61,328.5799865722656,31.2,08-07 00:00,201222
2026-08-08T12:31:05+00:00,MSTRX/USDT,MSTR,101.37,100.01000213623047,136.0,08-07 00:00,285379
2026-08-08T12:31:05+00:00,MCDX/USDT,MCD,276.66,274.4800109863281,79.4,08-07 00:00,41293
2026-08-08T12:31:05+00:00,SPYX/USDT,SPY,777.19,773.260009765625,50.8,08-07 00:00,423707
2026-08-08T12:31:05+00:00,GOOGLX/USDT,GOOGL,356.06,354.29998779296875,49.8,08-07 00:00,213271
2026-08-08T13:01:09+00:00,MSTRX/USDT,MSTR,101.48,100.01000213623047,147.5,08-07 00:00,281625
2026-08-08T13:01:09+00:00,MCDX/USDT,MCD,276.66,274.4800109863281,79.4,08-07 00:00,39799
2026-08-08T13:01:09+00:00,SPYX/USDT,SPY,777.11,773.260009765625,49.8,08-07 00:00,418585
2026-08-08T13:01:09+00:00,GOOGLX/USDT,GOOGL,355.71,354.29998779296875,39.7,08-07 00:00,211930
2026-08-08T13:01:09+00:00,TSLAX/USDT,TSLA,329.69,328.5799865722656,33.8,08-07 00:00,193331
2026-08-08T13:31:12+00:00,MSTRX/USDT,MSTR,101.56,100.01000213623047,154.5,08-07 00:00,273751
2026-08-08T13:31:12+00:00,MCDX/USDT,MCD,276.97,274.4800109863281,90.5,08-07 00:00,39049
2026-08-08T13:31:12+00:00,SPYX/USDT,SPY,777.35,773.260009765625,52.8,08-07 00:00,410251
2026-08-08T13:31:12+00:00,GOOGLX/USDT,GOOGL,355.88,354.29998779296875,44.5,08-07 00:00,210897
2026-08-08T13:31:12+00:00,TSLAX/USDT,TSLA,329.94,328.5799865722656,41.4,08-07 00:00,185659
2026-08-08T13:31:12+00:00,COINX/USDT,COIN,154.12,153.60000610351562,34.2,08-07 00:00,158955
2026-08-08T14:31:29+00:00,MSTRX/USDT,MSTR,101.97,100.01000213623047,196.0,08-07 00:00,207329
2026-08-08T14:31:29+00:00,MCDX/USDT,MCD,276.77,274.4800109863281,83.6,08-07 00:00,35098
2026-08-08T14:31:29+00:00,COINX/USDT,COIN,154.5,153.60000610351562,58.6,08-07 00:00,84836
2026-08-08T14:31:29+00:00,SPYX/USDT,SPY,777.39,773.260009765625,53.5,08-07 00:00,359968
2026-08-08T14:31:29+00:00,GOOGLX/USDT,GOOGL,355.79,354.29998779296875,42.2,08-07 00:00,159302
2026-08-08T15:00:28+00:00,MSTRX/USDT,MSTR,101.84,100.01000213623047,182.5,08-07 00:00,185401
2026-08-08T15:00:28+00:00,MCDX/USDT,MCD,276.88,274.4800109863281,87.6,08-07 00:00,34039
2026-08-08T15:00:28+00:00,COINX/USDT,COIN,154.54,153.60000610351562,60.9,08-07 00:00,74039
2026-08-08T15:00:28+00:00,SPYX/USDT,SPY,777.65,773.260009765625,56.8,08-07 00:00,342528
2026-08-08T15:00:28+00:00,GOOGLX/USDT,GOOGL,356.25,354.29998779296875,55.2,08-07 00:00,126489
2026-08-08T15:00:28+00:00,TSLAX/USDT,TSLA,330.23,328.5799865722656,50.2,08-07 00:00,129708
2026-08-08T15:30:35+00:00,MSTRX/USDT,MSTR,101.66,100.01000213623047,165.5,08-07 00:00,183596
2026-08-08T15:30:35+00:00,MCDX/USDT,MCD,276.89,274.4800109863281,87.8,08-07 00:00,32086
2026-08-08T15:30:35+00:00,TSLAX/USDT,TSLA,330.65,328.5799865722656,63.2,08-07 00:00,119996
2026-08-08T15:30:35+00:00,SPYX/USDT,SPY,777.99,773.260009765625,61.2,08-07 00:00,334165
2026-08-08T15:30:35+00:00,COINX/USDT,COIN,154.53,153.60000610351562,60.2,08-07 00:00,70291
2026-08-08T15:30:35+00:00,GOOGLX/USDT,GOOGL,356.43,354.29998779296875,60.0,08-07 00:00,124206
2026-08-08T16:00:37+00:00,MSTRX/USDT,MSTR,101.63,100.01000213623047,162.0,08-07 00:00,180746
2026-08-08T16:00:37+00:00,TSLAX/USDT,TSLA,330.9,328.5799865722656,70.8,08-07 00:00,110098
2026-08-08T16:00:37+00:00,GOOGLX/USDT,GOOGL,356.45,354.29998779296875,60.5,08-07 00:00,117168
2026-08-08T16:00:37+00:00,SPYX/USDT,SPY,777.84,773.260009765625,59.2,08-07 00:00,313403
2026-08-08T16:00:37+00:00,COINX/USDT,COIN,154.09,153.60000610351562,32.2,08-07 00:00,72570
2026-08-08T16:30:45+00:00,MSTRX/USDT,MSTR,101.75,100.01000213623047,173.5,08-07 00:00,165387
2026-08-08T16:30:45+00:00,MCDX/USDT,MCD,277.69,274.4800109863281,116.9,08-07 00:00,23698
2026-08-08T16:30:45+00:00,TSLAX/USDT,TSLA,330.54,328.5799865722656,59.7,08-07 00:00,104280
2026-08-08T16:30:45+00:00,SPYX/USDT,SPY,777.75,773.260009765625,58.0,08-07 00:00,306348
2026-08-08T16:30:45+00:00,GOOGLX/USDT,GOOGL,356.3,354.29998779296875,56.3,08-07 00:00,92278
2026-08-08T16:30:45+00:00,COINX/USDT,COIN,154.37,153.60000610351562,50.1,08-07 00:00,69064
2026-08-08T16:30:45+00:00,AAPLX/USDT,AAPL,312.26,313.3299865722656,-34.0,08-07 00:00,32876
2026-08-08T17:00:52+00:00,MSTRX/USDT,MSTR,101.78,100.01000213623047,177.0,08-07 00:00,162795
2026-08-08T17:00:52+00:00,MCDX/USDT,MCD,277.31,274.4800109863281,103.3,08-07 00:00,24028
2026-08-08T17:00:52+00:00,TSLAX/USDT,TSLA,330.85,328.5799865722656,68.9,08-07 00:00,98433
2026-08-08T17:00:52+00:00,COINX/USDT,COIN,154.53,153.60000610351562,60.2,08-07 00:00,67120
2026-08-08T17:00:52+00:00,GOOGLX/USDT,GOOGL,356.43,354.29998779296875,60.1,08-07 00:00,91464
2026-08-08T17:00:52+00:00,SPYX/USDT,SPY,777.8,773.260009765625,58.7,08-07 00:00,293421
2026-08-08T17:00:52+00:00,AAPLX/USDT,AAPL,312.37,313.3299865722656,-30.8,08-07 00:00,31834
2026-08-08T17:30:55+00:00,MSTRX/USDT,MSTR,102.0,100.01000213623047,198.5,08-07 00:00,134842
2026-08-08T17:30:55+00:00,MCDX/USDT,MCD,277.31,274.4800109863281,103.3,08-07 00:00,23126
2026-08-08T17:30:55+00:00,TSLAX/USDT,TSLA,330.88,328.5799865722656,70.0,08-07 00:00,95028
2026-08-08T17:30:55+00:00,GOOGLX/USDT,GOOGL,356.46,354.29998779296875,61.0,08-07 00:00,90944
2026-08-08T17:30:55+00:00,SPYX/USDT,SPY,777.84,773.260009765625,59.2,08-07 00:00,288941
2026-08-08T17:30:55+00:00,COINX/USDT,COIN,154.49,153.60000610351562,57.9,08-07 00:00,62427
2026-08-08T17:30:55+00:00,AAPLX/USDT,AAPL,312.32,313.3299865722656,-32.1,08-07 00:00,35617
2026-08-08T18:00:59+00:00,MSTRX/USDT,MSTR,102.07,100.01000213623047,206.0,08-07 00:00,116619
2026-08-08T18:00:59+00:00,MCDX/USDT,MCD,277.31,274.4800109863281,103.3,08-07 00:00,23262
2026-08-08T18:00:59+00:00,TSLAX/USDT,TSLA,331.12,328.5799865722656,77.2,08-07 00:00,92763
2026-08-08T18:00:59+00:00,GOOGLX/USDT,GOOGL,357.02,354.29998779296875,76.8,08-07 00:00,84521
2026-08-08T18:00:59+00:00,SPYX/USDT,SPY,778.23,773.260009765625,64.3,08-07 00:00,287086
2026-08-08T18:00:59+00:00,COINX/USDT,COIN,154.56,153.60000610351562,62.5,08-07 00:00,59270
2026-08-08T18:00:59+00:00,QQQX/USDT,QQQ,725.64,723.030029296875,36.2,08-07 00:00,42716
2026-08-08T18:00:59+00:00,AVGOX/USDT,AVGO,429.25,427.760009765625,34.7,08-07 00:00,21302
2026-08-08T18:31:04+00:00,MSTRX/USDT,MSTR,101.84,100.01000213623047,183.5,08-07 00:00,105615
2026-08-08T18:31:04+00:00,MCDX/USDT,MCD,277.31,274.4800109863281,103.3,08-07 00:00,21613
2026-08-08T18:31:04+00:00,TSLAX/USDT,TSLA,331.48,328.5799865722656,88.1,08-07 00:00,83024
2026-08-08T18:31:04+00:00,GOOGLX/USDT,GOOGL,356.75,354.29998779296875,69.3,08-07 00:00,80221
2026-08-08T18:31:04+00:00,SPYX/USDT,SPY,778.21,773.260009765625,64.0,08-07 00:00,269812
2026-08-08T18:31:04+00:00,COINX/USDT,COIN,154.29,153.60000610351562,44.6,08-07 00:00,52774
2026-08-08T18:31:04+00:00,QQQX/USDT,QQQ,725.22,723.030029296875,30.3,08-07 00:00,41621
2026-08-08T19:01:09+00:00,MSTRX/USDT,MSTR,101.8,100.01000213623047,178.5,08-07 00:00,97381
2026-08-08T19:01:09+00:00,MCDX/USDT,MCD,277.31,274.4800109863281,103.3,08-07 00:00,18596
2026-08-08T19:01:09+00:00,TSLAX/USDT,TSLA,331.34,328.5799865722656,83.8,08-07 00:00,77095
2026-08-08T19:01:09+00:00,GOOGLX/USDT,GOOGL,356.52,354.29998779296875,62.8,08-07 00:00,76178
2026-08-08T19:01:09+00:00,SPYX/USDT,SPY,777.67,773.260009765625,57.1,08-07 00:00,248242
2026-08-08T19:01:09+00:00,COINX/USDT,COIN,154.16,153.60000610351562,36.5,08-07 00:00,44735
2026-08-08T19:01:09+00:00,QQQX/USDT,QQQ,725.24,723.030029296875,30.6,08-07 00:00,38884
2026-08-08T19:01:09+00:00,AAPLX/USDT,AAPL,312.38,313.3299865722656,-30.2,08-07 00:00,48907
2026-08-08T19:31:15+00:00,MSTRX/USDT,MSTR,101.86,100.01000213623047,185.0,08-07 00:00,90611
2026-08-08T19:31:15+00:00,MCDX/USDT,MCD,277.31,274.4800109863281,103.3,08-07 00:00,16690
2026-08-08T19:31:15+00:00,TSLAX/USDT,TSLA,330.77,328.5799865722656,66.7,08-07 00:00,75006
2026-08-08T19:31:15+00:00,GOOGLX/USDT,GOOGL,356.46,354.29998779296875,60.8,08-07 00:00,69511
2026-08-08T19:31:15+00:00,SPYX/USDT,SPY,777.73,773.260009765625,57.9,08-07 00:00,241021
2026-08-08T19:31:15+00:00,COINX/USDT,COIN,154.36,153.60000610351562,49.5,08-07 00:00,40677
2026-08-08T19:31:15+00:00,AAPLX/USDT,AAPL,312.24,313.3299865722656,-34.8,08-07 00:00,48800
2026-08-08T19:31:15+00:00,QQQX/USDT,QQQ,725.28,723.030029296875,31.0,08-07 00:00,36511
2026-08-08T20:00:23+00:00,MSTRX/USDT,MSTR,101.97,100.01000213623047,196.0,08-07 00:00,82411
2026-08-08T20:00:23+00:00,MCDX/USDT,MCD,277.3,274.4800109863281,102.7,08-07 00:00,14883
2026-08-08T20:00:23+00:00,GOOGLX/USDT,GOOGL,356.91,354.29998779296875,73.8,08-07 00:00,68854
2026-08-08T20:00:23+00:00,TSLAX/USDT,TSLA,331.0,328.5799865722656,73.5,08-07 00:00,60137
2026-08-08T20:00:23+00:00,SPYX/USDT,SPY,778.03,773.260009765625,61.7,08-07 00:00,223417
2026-08-08T20:00:23+00:00,COINX/USDT,COIN,154.49,153.60000610351562,57.6,08-07 00:00,38045
2026-08-08T20:00:23+00:00,AVGOX/USDT,AVGO,429.7,427.760009765625,45.4,08-07 00:00,14852
2026-08-08T20:00:23+00:00,QQQX/USDT,QQQ,725.61,723.030029296875,35.7,08-07 00:00,35571
2026-08-08T20:00:23+00:00,AAPLX/USDT,AAPL,312.34,313.3299865722656,-31.8,08-07 00:00,48627
2026-08-08T20:30:24+00:00,MSTRX/USDT,MSTR,101.96,100.01000213623047,195.0,08-07 00:00,73491
2026-08-08T20:30:24+00:00,MCDX/USDT,MCD,278.43,274.4800109863281,143.9,08-07 00:00,13698
2026-08-08T20:30:24+00:00,TSLAX/USDT,TSLA,331.32,328.5799865722656,83.4,08-07 00:00,53873
2026-08-08T20:30:24+00:00,GOOGLX/USDT,GOOGL,356.82,354.29998779296875,71.3,08-07 00:00,67864
2026-08-08T20:30:24+00:00,COINX/USDT,COIN,154.55,153.60000610351562,61.5,08-07 00:00,34875
2026-08-08T20:30:24+00:00,SPYX/USDT,SPY,777.94,773.260009765625,60.5,08-07 00:00,218804
2026-08-08T20:30:24+00:00,QQQX/USDT,QQQ,726.15,723.030029296875,43.2,08-07 00:00,33913
2026-08-08T20:30:24+00:00,AAPLX/USDT,AAPL,312.3,313.3299865722656,-32.9,08-07 00:00,48595
2026-08-08T20:30:24+00:00,NVDAX/USDT,NVDA,224.67,223.9600067138672,31.7,08-07 00:00,44344
2026-08-08T21:30:33+00:00,MSTRX/USDT,MSTR,101.92,100.01000213623047,191.0,08-07 00:00,68043
2026-08-08T21:30:33+00:00,MCDX/USDT,MCD,278.51,274.4800109863281,146.8,08-07 00:00,11462
2026-08-08T21:30:33+00:00,TSLAX/USDT,TSLA,331.65,328.5799865722656,93.6,08-07 00:00,47368
2026-08-08T21:30:33+00:00,COINX/USDT,COIN,154.59,153.60000610351562,64.5,08-07 00:00,31213
2026-08-08T21:30:33+00:00,SPYX/USDT,SPY,778.07,773.260009765625,62.1,08-07 00:00,208747
2026-08-08T21:30:33+00:00,GOOGLX/USDT,GOOGL,356.37,354.29998779296875,58.4,08-07 00:00,67827
2026-08-08T21:30:33+00:00,QQQX/USDT,QQQ,726.17,723.030029296875,43.4,08-07 00:00,29092
2026-08-08T21:30:33+00:00,AVGOX/USDT,AVGO,429.26,427.760009765625,35.1,08-07 00:00,11834
2026-08-08T21:30:33+00:00,NVDAX/USDT,NVDA,224.7,223.9600067138672,33.3,08-07 00:00,51542
2026-08-08T22:00:40+00:00,MSTRX/USDT,MSTR,101.89,100.01000213623047,188.0,08-07 00:00,67412
2026-08-08T22:00:40+00:00,MCDX/USDT,MCD,278.51,274.4800109863281,146.8,08-07 00:00,10367
2026-08-08T22:00:40+00:00,TSLAX/USDT,TSLA,331.49,328.5799865722656,88.6,08-07 00:00,42931
2026-08-08T22:00:40+00:00,SPYX/USDT,SPY,778.11,773.260009765625,62.7,08-07 00:00,195748
2026-08-08T22:00:40+00:00,GOOGLX/USDT,GOOGL,356.5,354.29998779296875,62.0,08-07 00:00,67797
2026-08-08T22:00:40+00:00,AVGOX/USDT,AVGO,430.29,427.760009765625,59.3,08-07 00:00,11204
2026-08-08T22:00:40+00:00,COINX/USDT,COIN,154.27,153.60000610351562,43.9,08-07 00:00,29837
2026-08-08T22:00:40+00:00,QQQX/USDT,QQQ,725.85,723.030029296875,39.0,08-07 00:00,26410
2026-08-08T22:00:40+00:00,NVDAX/USDT,NVDA,224.72,223.9600067138672,33.7,08-07 00:00,47990
2026-08-08T22:30:45+00:00,MSTRX/USDT,MSTR,101.83,100.01000213623047,182.0,08-07 00:00,30120
2026-08-08T22:30:45+00:00,MCDX/USDT,MCD,278.51,274.4800109863281,146.8,08-07 00:00,8572
2026-08-08T22:30:45+00:00,TSLAX/USDT,TSLA,331.53,328.5799865722656,89.9,08-07 00:00,38807
2026-08-08T22:30:45+00:00,SPYX/USDT,SPY,778.18,773.260009765625,63.6,08-07 00:00,192389
2026-08-08T22:30:45+00:00,GOOGLX/USDT,GOOGL,356.45,354.29998779296875,60.7,08-07 00:00,67442
2026-08-08T22:30:45+00:00,COINX/USDT,COIN,154.34,153.60000610351562,47.9,08-07 00:00,29678
2026-08-08T22:30:45+00:00,AVGOX/USDT,AVGO,429.63,427.760009765625,43.8,08-07 00:00,6934
2026-08-08T22:30:45+00:00,QQQX/USDT,QQQ,725.89,723.030029296875,39.6,08-07 00:00,25872
2026-08-08T23:00:56+00:00,MSTRX/USDT,MSTR,101.78,100.01000213623047,177.0,08-07 00:00,29608
2026-08-08T23:00:56+00:00,TSLAX/USDT,TSLA,331.44,328.5799865722656,87.0,08-07 00:00,38076
2026-08-08T23:00:56+00:00,SPYX/USDT,SPY,778.25,773.260009765625,64.5,08-07 00:00,166910
2026-08-08T23:00:56+00:00,MCDX/USDT,MCD,276.18,274.4800109863281,61.9,08-07 00:00,5745
2026-08-08T23:00:56+00:00,GOOGLX/USDT,GOOGL,356.46,354.29998779296875,61.0,08-07 00:00,66688
2026-08-08T23:00:56+00:00,COINX/USDT,COIN,154.46,153.60000610351562,56.0,08-07 00:00,29243
2026-08-08T23:00:56+00:00,QQQX/USDT,QQQ,725.85,723.030029296875,38.9,08-07 00:00,24986
2026-08-08T23:30:55+00:00,MSTRX/USDT,MSTR,101.83,100.01000213623047,182.0,08-07 00:00,27806
2026-08-08T23:30:55+00:00,TSLAX/USDT,TSLA,331.88,328.5799865722656,100.6,08-07 00:00,35183
2026-08-08T23:30:55+00:00,SPYX/USDT,SPY,778.61,773.260009765625,69.1,08-07 00:00,151923
2026-08-08T23:30:55+00:00,GOOGLX/USDT,GOOGL,356.75,354.29998779296875,69.0,08-07 00:00,66906
2026-08-08T23:30:55+00:00,COINX/USDT,COIN,154.56,153.60000610351562,62.5,08-07 00:00,25980
2026-08-08T23:30:55+00:00,MCDX/USDT,MCD,276.18,274.4800109863281,61.9,08-07 00:00,5384
2026-08-08T23:30:55+00:00,QQQX/USDT,QQQ,725.93,723.030029296875,40.1,08-07 00:00,20575
2026-08-08T23:30:55+00:00,NVDAX/USDT,NVDA,224.71,223.9600067138672,33.7,08-07 00:00,44620
2026-08-09T00:00:59+00:00,MSTRX/USDT,MSTR,101.77,100.01000213623047,176.0,08-07 00:00,26169
2026-08-09T00:00:59+00:00,TSLAX/USDT,TSLA,332.17,328.5799865722656,109.3,08-07 00:00,31964
2026-08-09T00:00:59+00:00,GOOGLX/USDT,GOOGL,357.62,354.29998779296875,93.7,08-07 00:00,67679
2026-08-09T00:00:59+00:00,SPYX/USDT,SPY,778.69,773.260009765625,70.2,08-07 00:00,140419
2026-08-09T00:00:59+00:00,COINX/USDT,COIN,154.56,153.60000610351562,62.8,08-07 00:00,25434
2026-08-09T00:00:59+00:00,MCDX/USDT,MCD,276.18,274.4800109863281,61.9,08-07 00:00,4852
2026-08-09T00:00:59+00:00,QQQX/USDT,QQQ,726.22,723.030029296875,44.1,08-07 00:00,13435
2026-08-09T00:00:59+00:00,NVDAX/USDT,NVDA,224.91,223.9600067138672,42.6,08-07 00:00,33933
2026-08-09T00:31:04+00:00,MSTRX/USDT,MSTR,101.69,100.01000213623047,167.5,08-07 00:00,26169
2026-08-09T00:31:04+00:00,TSLAX/USDT,TSLA,332.1,328.5799865722656,107.1,08-07 00:00,31537
2026-08-09T00:31:04+00:00,GOOGLX/USDT,GOOGL,356.96,354.29998779296875,74.9,08-07 00:00,72120
2026-08-09T00:31:04+00:00,SPYX/USDT,SPY,778.69,773.260009765625,70.3,08-07 00:00,63281
2026-08-09T00:31:04+00:00,MCDX/USDT,MCD,276.14,274.4800109863281,60.7,08-07 00:00,3871
2026-08-09T00:31:04+00:00,NVDAX/USDT,NVDA,225.05,223.9600067138672,48.7,08-07 00:00,34660
2026-08-09T00:31:04+00:00,AVGOX/USDT,AVGO,429.7,427.760009765625,45.5,08-07 00:00,1987
2026-08-09T00:31:04+00:00,QQQX/USDT,QQQ,726.08,723.030029296875,42.2,08-07 00:00,13472
2026-08-09T00:31:04+00:00,COINX/USDT,COIN,154.18,153.60000610351562,37.4,08-07 00:00,25295
2026-08-09T01:01:10+00:00,MSTRX/USDT,MSTR,101.71,100.01000213623047,169.5,08-07 00:00,25604
2026-08-09T01:01:10+00:00,TSLAX/USDT,TSLA,331.93,328.5799865722656,102.0,08-07 00:00,31277
2026-08-09T01:01:10+00:00,MCDX/USDT,MCD,277.09,274.4800109863281,95.1,08-07 00:00,3927
2026-08-09T01:01:10+00:00,GOOGLX/USDT,GOOGL,356.92,354.29998779296875,73.9,08-07 00:00,72182
2026-08-09T01:01:10+00:00,SPYX/USDT,SPY,778.92,773.260009765625,73.2,08-07 00:00,50998
2026-08-09T01:01:10+00:00,COINX/USDT,COIN,154.41,153.60000610351562,52.7,08-07 00:00,25366
2026-08-09T01:01:10+00:00,AVGOX/USDT,AVGO,429.88,427.760009765625,49.4,08-07 00:00,1987
2026-08-09T01:01:10+00:00,NVDAX/USDT,NVDA,225.03,223.9600067138672,47.8,08-07 00:00,34733
2026-08-09T01:01:10+00:00,QQQX/USDT,QQQ,726.25,723.030029296875,44.5,08-07 00:00,12930
2026-08-09T01:01:10+00:00,AMZNX/USDT,AMZN,275.48,274.4800109863281,36.4,08-07 00:00,5597
2026-08-09T01:31:14+00:00,MSTRX/USDT,MSTR,101.6,100.01000213623047,159.0,08-07 00:00,25971
2026-08-09T01:31:14+00:00,TSLAX/USDT,TSLA,332.11,328.5799865722656,107.3,08-07 00:00,31106
2026-08-09T01:31:14+00:00,GOOGLX/USDT,GOOGL,357.07,354.29998779296875,78.3,08-07 00:00,72185
2026-08-09T01:31:14+00:00,MCDX/USDT,MCD,276.47,274.4800109863281,72.5,08-07 00:00,4039
2026-08-09T01:31:14+00:00,SPYX/USDT,SPY,778.84,773.260009765625,72.2,08-07 00:00,51107
2026-08-09T01:31:14+00:00,AVGOX/USDT,AVGO,430.32,427.760009765625,59.8,08-07 00:00,1987
2026-08-09T01:31:14+00:00,COINX/USDT,COIN,154.28,153.60000610351562,44.3,08-07 00:00,24676
2026-08-09T01:31:14+00:00,QQQX/USDT,QQQ,726.21,723.030029296875,44.0,08-07 00:00,12777
2026-08-09T01:31:14+00:00,AMZNX/USDT,AMZN,275.56,274.4800109863281,39.2,08-07 00:00,5449
2026-08-09T01:31:14+00:00,NVDAX/USDT,NVDA,224.78,223.9600067138672,36.6,08-07 00:00,34434
2026-08-09T02:00:18+00:00,MSTRX/USDT,MSTR,101.53,100.01000213623047,151.5,08-07 00:00,26478
2026-08-09T02:00:18+00:00,TSLAX/USDT,TSLA,332.15,328.5799865722656,108.8,08-07 00:00,31470
2026-08-09T02:00:18+00:00,GOOGLX/USDT,GOOGL,357.31,354.29998779296875,85.0,08-07 00:00,73366
2026-08-09T02:00:18+00:00,SPYX/USDT,SPY,778.87,773.260009765625,72.5,08-07 00:00,51512
2026-08-09T02:00:18+00:00,MCDX/USDT,MCD,276.47,274.4800109863281,72.5,08-07 00:00,4070
2026-08-09T02:00:18+00:00,AVGOX/USDT,AVGO,430.71,427.760009765625,69.0,08-07 00:00,2121
2026-08-09T02:00:18+00:00,COINX/USDT,COIN,154.27,153.60000610351562,43.9,08-07 00:00,23820
2026-08-09T02:00:18+00:00,QQQX/USDT,QQQ,726.18,723.030029296875,43.6,08-07 00:00,13183
2026-08-09T02:00:18+00:00,AMZNX/USDT,AMZN,275.61,274.4800109863281,41.2,08-07 00:00,5431
2026-08-09T02:00:18+00:00,NVDAX/USDT,NVDA,224.83,223.9600067138672,38.8,08-07 00:00,34263
2026-08-09T02:30:23+00:00,MSTRX/USDT,MSTR,101.53,100.01000213623047,151.5,08-07 00:00,26431
2026-08-09T02:30:23+00:00,TSLAX/USDT,TSLA,331.67,328.5799865722656,94.0,08-07 00:00,31371
2026-08-09T02:30:23+00:00,GOOGLX/USDT,GOOGL,357.41,354.29998779296875,87.8,08-07 00:00,73247
2026-08-09T02:30:23+00:00,MCDX/USDT,MCD,276.59,274.4800109863281,76.9,08-07 00:00,3860
2026-08-09T02:30:23+00:00,SPYX/USDT,SPY,778.76,773.260009765625,71.1,08-07 00:00,47282
2026-08-09T02:30:23+00:00,NVDAX/USDT,NVDA,225.11,223.9600067138672,51.1,08-07 00:00,34432
2026-08-09T02:30:23+00:00,QQQX/USDT,QQQ,726.25,723.030029296875,44.5,08-07 00:00,12790
2026-08-09T02:30:23+00:00,AVGOX/USDT,AVGO,429.55,427.760009765625,41.8,08-07 00:00,2136
2026-08-09T02:30:23+00:00,AMZNX/USDT,AMZN,275.46,274.4800109863281,35.7,08-07 00:00,5472
2026-08-09T03:00:31+00:00,MSTRX/USDT,MSTR,101.49,100.01000213623047,148.0,08-07 00:00,27953
2026-08-09T03:00:31+00:00,TSLAX/USDT,TSLA,332.18,328.5799865722656,109.6,08-07 00:00,30818
2026-08-09T03:00:31+00:00,GOOGLX/USDT,GOOGL,357.27,354.29998779296875,84.0,08-07 00:00,73304
2026-08-09T03:00:31+00:00,SPYX/USDT,SPY,778.82,773.260009765625,71.9,08-07 00:00,46862
2026-08-09T03:00:31+00:00,AVGOX/USDT,AVGO,430.62,427.760009765625,67.0,08-07 00:00,2277
2026-08-09T03:00:31+00:00,MCDX/USDT,MCD,276.12,274.4800109863281,59.9,08-07 00:00,4093
2026-08-09T03:00:31+00:00,QQQX/USDT,QQQ,726.3,723.030029296875,45.2,08-07 00:00,12742
2026-08-09T03:00:31+00:00,AMZNX/USDT,AMZN,275.38,274.4800109863281,33.0,08-07 00:00,5192
2026-08-09T03:30:51+00:00,MSTRX/USDT,MSTR,101.45,100.01000213623047,144.5,08-07 00:00,32822
2026-08-09T03:30:51+00:00,TSLAX/USDT,TSLA,332.11,328.5799865722656,107.4,08-07 00:00,31843
2026-08-09T03:30:51+00:00,GOOGLX/USDT,GOOGL,356.98,354.29998779296875,75.5,08-07 00:00,73120
2026-08-09T03:30:51+00:00,SPYX/USDT,SPY,778.79,773.260009765625,71.5,08-07 00:00,42873
2026-08-09T03:30:51+00:00,AVGOX/USDT,AVGO,430.63,427.760009765625,67.2,08-07 00:00,2444
2026-08-09T03:30:51+00:00,MCDX/USDT,MCD,276.13,274.4800109863281,60.3,08-07 00:00,4093
2026-08-09T03:30:51+00:00,QQQX/USDT,QQQ,726.16,723.030029296875,43.3,08-07 00:00,12759
2026-08-09T03:30:51+00:00,NVDAX/USDT,NVDA,224.88,223.9600067138672,41.3,08-07 00:00,34411
2026-08-09T03:30:51+00:00,AMZNX/USDT,AMZN,275.45,274.4800109863281,35.3,08-07 00:00,5159
2026-08-09T04:00:51+00:00,MSTRX/USDT,MSTR,101.44,100.01000213623047,142.5,08-07 00:00,28912
2026-08-09T04:00:51+00:00,MCDX/USDT,MCD,278.04,274.4800109863281,129.7,08-07 00:00,4145
2026-08-09T04:00:51+00:00,TSLAX/USDT,TSLA,332.25,328.5799865722656,111.7,08-07 00:00,32888
2026-08-09T04:00:51+00:00,GOOGLX/USDT,GOOGL,357.24,354.29998779296875,83.0,08-07 00:00,65620
2026-08-09T04:00:51+00:00,SPYX/USDT,SPY,778.79,773.260009765625,71.6,08-07 00:00,42594
2026-08-09T04:00:51+00:00,QQQX/USDT,QQQ,726.25,723.030029296875,44.5,08-07 00:00,12036
2026-08-09T04:00:51+00:00,NVDAX/USDT,NVDA,224.87,223.9600067138672,40.4,08-07 00:00,34124
2026-08-09T04:00:51+00:00,COINX/USDT,COIN,154.15,153.60000610351562,35.5,08-07 00:00,23915
2026-08-09T04:00:51+00:00,AMZNX/USDT,AMZN,275.39,274.4800109863281,33.3,08-07 00:00,5255
2026-08-09T04:31:13+00:00,MSTRX/USDT,MSTR,101.47,100.01000213623047,146.5,08-07 00:00,27288
2026-08-09T04:31:13+00:00,TSLAX/USDT,TSLA,332.67,328.5799865722656,124.6,08-07 00:00,32698
2026-08-09T04:31:13+00:00,MCDX/USDT,MCD,277.27,274.4800109863281,101.8,08-07 00:00,4131
2026-08-09T04:31:13+00:00,GOOGLX/USDT,GOOGL,357.17,354.29998779296875,81.0,08-07 00:00,60354
2026-08-09T04:31:13+00:00,SPYX/USDT,SPY,778.89,773.260009765625,72.8,08-07 00:00,38920
2026-08-09T04:31:13+00:00,AVGOX/USDT,AVGO,430.26,427.760009765625,58.4,08-07 00:00,2496
2026-08-09T04:31:13+00:00,NVDAX/USDT,NVDA,225.05,223.9600067138672,48.4,08-07 00:00,33875
2026-08-09T04:31:13+00:00,QQQX/USDT,QQQ,726.21,723.030029296875,44.0,08-07 00:00,11423
2026-08-09T04:31:13+00:00,AMZNX/USDT,AMZN,275.36,274.4800109863281,31.9,08-07 00:00,5694
2026-08-09T05:01:02+00:00,MSTRX/USDT,MSTR,101.34,100.01000213623047,133.5,08-07 00:00,27114
2026-08-09T05:01:02+00:00,TSLAX/USDT,TSLA,332.22,328.5799865722656,110.8,08-07 00:00,33651
2026-08-09T05:01:02+00:00,MCDX/USDT,MCD,277.27,274.4800109863281,101.8,08-07 00:00,3927
2026-08-09T05:01:02+00:00,GOOGLX/USDT,GOOGL,357.19,354.29998779296875,81.4,08-07 00:00,57979
2026-08-09T05:01:02+00:00,SPYX/USDT,SPY,779.25,773.260009765625,77.5,08-07 00:00,36300
2026-08-09T05:01:02+00:00,AVGOX/USDT,AVGO,430.26,427.760009765625,58.6,08-07 00:00,2467
2026-08-09T05:01:02+00:00,NVDAX/USDT,NVDA,225.09,223.9600067138672,50.2,08-07 00:00,34498
2026-08-09T05:01:02+00:00,QQQX/USDT,QQQ,726.5,723.030029296875,48.1,08-07 00:00,12206
2026-08-09T05:01:02+00:00,COINX/USDT,COIN,154.16,153.60000610351562,36.8,08-07 00:00,24398
2026-08-09T05:01:02+00:00,AMZNX/USDT,AMZN,275.35,274.4800109863281,31.7,08-07 00:00,5500
2026-08-09T05:31:06+00:00,MSTRX/USDT,MSTR,101.38,100.01000213623047,137.0,08-07 00:00,25748
2026-08-09T05:31:06+00:00,TSLAX/USDT,TSLA,331.97,328.5799865722656,103.2,08-07 00:00,33880
2026-08-09T05:31:06+00:00,GOOGLX/USDT,GOOGL,357.44,354.29998779296875,88.5,08-07 00:00,55014
2026-08-09T05:31:06+00:00,MCDX/USDT,MCD,276.71,274.4800109863281,81.1,08-07 00:00,4231
2026-08-09T05:31:06+00:00,SPYX/USDT,SPY,779.16,773.260009765625,76.4,08-07 00:00,22680
2026-08-09T05:31:06+00:00,AVGOX/USDT,AVGO,430.1,427.760009765625,54.7,08-07 00:00,2334
2026-08-09T05:31:06+00:00,NVDAX/USDT,NVDA,225.11,223.9600067138672,51.1,08-07 00:00,34514
2026-08-09T05:31:06+00:00,QQQX/USDT,QQQ,726.4,723.030029296875,46.7,08-07 00:00,12029
2026-08-09T05:31:06+00:00,AMZNX/USDT,AMZN,275.53,274.4800109863281,38.3,08-07 00:00,6005
2026-08-09T05:31:06+00:00,COINX/USDT,COIN,154.16,153.60000610351562,36.1,08-07 00:00,23193
2026-08-09T06:01:09+00:00,MSTRX/USDT,MSTR,101.39,100.01000213623047,138.0,08-07 00:00,25790
2026-08-09T06:01:09+00:00,TSLAX/USDT,TSLA,331.92,328.5799865722656,101.6,08-07 00:00,33088
2026-08-09T06:01:09+00:00,GOOGLX/USDT,GOOGL,357.52,354.29998779296875,90.9,08-07 00:00,40494
2026-08-09T06:01:09+00:00,MCDX/USDT,MCD,276.94,274.4800109863281,89.6,08-07 00:00,4245
2026-08-09T06:01:09+00:00,SPYX/USDT,SPY,778.93,773.260009765625,73.3,08-07 00:00,21832
2026-08-09T06:01:09+00:00,AVGOX/USDT,AVGO,430.31,427.760009765625,59.5,08-07 00:00,2224
2026-08-09T06:01:09+00:00,NVDAX/USDT,NVDA,224.99,223.9600067138672,46.0,08-07 00:00,32785
2026-08-09T06:01:09+00:00,QQQX/USDT,QQQ,726.34,723.030029296875,45.7,08-07 00:00,13564
2026-08-09T06:01:09+00:00,AMZNX/USDT,AMZN,275.52,274.4800109863281,37.9,08-07 00:00,6048
2026-08-09T06:30:19+00:00,MSTRX/USDT,MSTR,101.62,100.01000213623047,161.5,08-07 00:00,25790
2026-08-09T06:30:19+00:00,MCDX/USDT,MCD,276.92,274.4800109863281,88.9,08-07 00:00,4259
2026-08-09T06:30:19+00:00,TSLAX/USDT,TSLA,331.45,328.5799865722656,87.2,08-07 00:00,33662
2026-08-09T06:30:19+00:00,GOOGLX/USDT,GOOGL,357.02,354.29998779296875,76.8,08-07 00:00,37223
2026-08-09T06:30:19+00:00,SPYX/USDT,SPY,778.68,773.260009765625,70.2,08-07 00:00,22634
2026-08-09T06:30:19+00:00,AVGOX/USDT,AVGO,430.71,427.760009765625,69.0,08-07 00:00,2224
2026-08-09T06:30:19+00:00,QQQX/USDT,QQQ,726.29,723.030029296875,45.0,08-07 00:00,12814
2026-08-09T06:30:19+00:00,COINX/USDT,COIN,154.26,153.60000610351562,43.0,08-07 00:00,22618
2026-08-09T06:30:19+00:00,NVDAX/USDT,NVDA,224.88,223.9600067138672,41.1,08-07 00:00,32788
2026-08-09T06:30:19+00:00,AMZNX/USDT,AMZN,275.5,274.4800109863281,37.0,08-07 00:00,5993
2026-08-09T07:02:17+00:00,MSTRX/USDT,MSTR,101.66,100.01000213623047,164.5,08-07 00:00,25829
2026-08-09T07:02:17+00:00,GOOGLX/USDT,GOOGL,358.3,354.29998779296875,112.9,08-07 00:00,36962
2026-08-09T07:02:17+00:00,MCDX/USDT,MCD,276.92,274.4800109863281,88.9,08-07 00:00,4177
2026-08-09T07:02:17+00:00,TSLAX/USDT,TSLA,331.13,328.5799865722656,77.6,08-07 00:00,33774
2026-08-09T07:02:17+00:00,SPYX/USDT,SPY,779.04,773.260009765625,74.7,08-07 00:00,22080
2026-08-09T07:02:17+00:00,QQQX/USDT,QQQ,726.32,723.030029296875,45.4,08-07 00:00,12680
2026-08-09T07:02:17+00:00,NVDAX/USDT,NVDA,224.95,223.9600067138672,44.4,08-07 00:00,33210
2026-08-09T07:02:17+00:00,COINX/USDT,COIN,154.28,153.60000610351562,44.3,08-07 00:00,21859
2026-08-09T07:02:17+00:00,AVGOX/USDT,AVGO,429.64,427.760009765625,43.9,08-07 00:00,2188
2026-08-09T07:02:17+00:00,AMZNX/USDT,AMZN,275.31,274.4800109863281,30.1,08-07 00:00,5945
2026-08-09T07:30:25+00:00,MSTRX/USDT,MSTR,101.66,100.01000213623047,165.0,08-07 00:00,25681
2026-08-09T07:30:25+00:00,MCDX/USDT,MCD,277.76,274.4800109863281,119.7,08-07 00:00,4033
2026-08-09T07:30:25+00:00,GOOGLX/USDT,GOOGL,357.77,354.29998779296875,98.1,08-07 00:00,36527
2026-08-09T07:30:25+00:00,TSLAX/USDT,TSLA,331.69,328.5799865722656,94.5,08-07 00:00,35194
2026-08-09T07:30:25+00:00,SPYX/USDT,SPY,778.95,773.260009765625,73.6,08-07 00:00,23027
2026-08-09T07:30:25+00:00,AVGOX/USDT,AVGO,430.35,427.760009765625,60.5,08-07 00:00,2116
2026-08-09T07:30:25+00:00,QQQX/USDT,QQQ,726.36,723.030029296875,46.0,08-07 00:00,12509
2026-08-09T07:30:25+00:00,AMZNX/USDT,AMZN,275.66,274.4800109863281,43.0,08-07 00:00,6148
2026-08-09T07:30:25+00:00,NVDAX/USDT,NVDA,224.81,223.9600067138672,38.2,08-07 00:00,33300
2026-08-09T07:30:25+00:00,COINX/USDT,COIN,154.18,153.60000610351562,37.4,08-07 00:00,21875
2026-08-09T08:01:40+00:00,MSTRX/USDT,MSTR,101.75,100.01000213623047,173.5,08-07 00:00,25898
2026-08-09T08:01:40+00:00,MCDX/USDT,MCD,277.79,274.4800109863281,120.6,08-07 00:00,3933
2026-08-09T08:01:40+00:00,TSLAX/USDT,TSLA,331.9,328.5799865722656,101.2,08-07 00:00,35638
2026-08-09T08:01:40+00:00,GOOGLX/USDT,GOOGL,357.64,354.29998779296875,94.3,08-07 00:00,27345
2026-08-09T08:01:40+00:00,SPYX/USDT,SPY,778.83,773.260009765625,72.0,08-07 00:00,22209
2026-08-09T08:01:40+00:00,AVGOX/USDT,AVGO,430.62,427.760009765625,67.0,08-07 00:00,2116
2026-08-09T08:01:40+00:00,AMZNX/USDT,AMZN,275.73,274.4800109863281,45.5,08-07 00:00,6135
2026-08-09T08:01:40+00:00,QQQX/USDT,QQQ,726.32,723.030029296875,45.5,08-07 00:00,12493
2026-08-09T08:01:40+00:00,NVDAX/USDT,NVDA,224.87,223.9600067138672,40.4,08-07 00:00,33087
2026-08-09T08:30:35+00:00,MSTRX/USDT,MSTR,101.95,100.01000213623047,194.0,08-07 00:00,26476
2026-08-09T08:30:35+00:00,MCDX/USDT,MCD,277.83,274.4800109863281,122.0,08-07 00:00,3835
2026-08-09T08:30:35+00:00,GOOGLX/USDT,GOOGL,358.26,354.29998779296875,111.8,08-07 00:00,27469
2026-08-09T08:30:35+00:00,TSLAX/USDT,TSLA,331.21,328.5799865722656,80.0,08-07 00:00,35082
2026-08-09T08:30:35+00:00,SPYX/USDT,SPY,779.12,773.260009765625,75.7,08-07 00:00,22490
2026-08-09T08:30:35+00:00,AMZNX/USDT,AMZN,275.77,274.4800109863281,47.0,08-07 00:00,6172
2026-08-09T08:30:35+00:00,QQQX/USDT,QQQ,726.25,723.030029296875,44.6,08-07 00:00,12547
2026-08-09T08:30:35+00:00,NVDAX/USDT,NVDA,224.85,223.9600067138672,39.5,08-07 00:00,32996
2026-08-09T08:30:35+00:00,AVGOX/USDT,AVGO,429.42,427.760009765625,38.8,08-07 00:00,2063
2026-08-09T09:00:43+00:00,MSTRX/USDT,MSTR,101.93,100.01000213623047,192.0,08-07 00:00,26345
2026-08-09T09:00:43+00:00,MCDX/USDT,MCD,277.39,274.4800109863281,106.0,08-07 00:00,3682
2026-08-09T09:00:43+00:00,GOOGLX/USDT,GOOGL,357.98,354.29998779296875,103.9,08-07 00:00,27531
2026-08-09T09:00:43+00:00,TSLAX/USDT,TSLA,331.23,328.5799865722656,80.7,08-07 00:00,35243
2026-08-09T09:00:43+00:00,SPYX/USDT,SPY,778.74,773.260009765625,70.9,08-07 00:00,22416
2026-08-09T09:00:43+00:00,QQQX/USDT,QQQ,725.91,723.030029296875,39.9,08-07 00:00,12515
2026-08-09T09:00:43+00:00,NVDAX/USDT,NVDA,224.75,223.9600067138672,35.1,08-07 00:00,33017
2026-08-09T09:00:43+00:00,AMZNX/USDT,AMZN,275.42,274.4800109863281,34.4,08-07 00:00,6230
2026-08-09T09:30:50+00:00,MSTRX/USDT,MSTR,101.97,100.01000213623047,196.5,08-07 00:00,15759
2026-08-09T09:30:50+00:00,GOOGLX/USDT,GOOGL,358.13,354.29998779296875,108.2,08-07 00:00,27378
2026-08-09T09:30:50+00:00,MCDX/USDT,MCD,277.33,274.4800109863281,103.8,08-07 00:00,3672
2026-08-09T09:30:50+00:00,TSLAX/USDT,TSLA,331.44,328.5799865722656,87.0,08-07 00:00,37802
2026-08-09T09:30:50+00:00,SPYX/USDT,SPY,778.76,773.260009765625,71.1,08-07 00:00,18315
2026-08-09T09:30:50+00:00,COINX/USDT,COIN,154.26,153.60000610351562,43.0,08-07 00:00,22141
2026-08-09T09:30:50+00:00,NVDAX/USDT,NVDA,224.83,223.9600067138672,38.8,08-07 00:00,32342
2026-08-09T09:30:50+00:00,AMZNX/USDT,AMZN,275.53,274.4800109863281,38.4,08-07 00:00,6155
2026-08-09T09:30:50+00:00,QQQX/USDT,QQQ,725.72,723.030029296875,37.3,08-07 00:00,12525
2026-08-09T10:01:03+00:00,MSTRX/USDT,MSTR,102.15,100.01000213623047,214.0,08-07 00:00,15878
2026-08-09T10:01:03+00:00,GOOGLX/USDT,GOOGL,358.08,354.29998779296875,106.7,08-07 00:00,24498
2026-08-09T10:01:03+00:00,SPYX/USDT,SPY,778.57,773.260009765625,68.6,08-07 00:00,18674
2026-08-09T10:01:03+00:00,TSLAX/USDT,TSLA,330.44,328.5799865722656,56.6,08-07 00:00,37875
2026-08-09T10:01:03+00:00,MCDX/USDT,MCD,275.86,274.4800109863281,50.3,08-07 00:00,3658
2026-08-09T10:01:03+00:00,COINX/USDT,COIN,154.28,153.60000610351562,44.3,08-07 00:00,21999
2026-08-09T10:01:03+00:00,NVDAX/USDT,NVDA,224.86,223.9600067138672,40.0,08-07 00:00,30772
2026-08-09T10:01:03+00:00,QQQX/USDT,QQQ,725.73,723.030029296875,37.3,08-07 00:00,12524
2026-08-09T10:01:03+00:00,AMZNX/USDT,AMZN,275.49,274.4800109863281,36.6,08-07 00:00,6138
2026-08-09T10:01:03+00:00,AVGOX/USDT,AVGO,429.3,427.760009765625,36.1,08-07 00:00,1957
2026-08-09T10:31:11+00:00,MSTRX/USDT,MSTR,102.47,100.01000213623047,246.0,08-07 00:00,15747
2026-08-09T10:31:11+00:00,GOOGLX/USDT,GOOGL,358.11,354.29998779296875,107.5,08-07 00:00,24060
2026-08-09T10:31:11+00:00,SPYX/USDT,SPY,778.75,773.260009765625,70.9,08-07 00:00,17724
2026-08-09T10:31:11+00:00,COINX/USDT,COIN,154.41,153.60000610351562,52.7,08-07 00:00,22034
2026-08-09T10:31:11+00:00,TSLAX/USDT,TSLA,330.27,328.5799865722656,51.4,08-07 00:00,37884
2026-08-09T10:31:11+00:00,AVGOX/USDT,AVGO,429.77,427.760009765625,47.1,08-07 00:00,1957
2026-08-09T10:31:11+00:00,AMZNX/USDT,AMZN,275.56,274.4800109863281,39.5,08-07 00:00,6217
2026-08-09T10:31:11+00:00,NVDAX/USDT,NVDA,224.83,223.9600067138672,39.1,08-07 00:00,30862
2026-08-09T10:31:11+00:00,QQQX/USDT,QQQ,725.67,723.030029296875,36.5,08-07 00:00,12032
2026-08-09T11:01:12+00:00,MSTRX/USDT,MSTR,102.6,100.01000213623047,259.0,08-07 00:00,15347
2026-08-09T11:01:12+00:00,GOOGLX/USDT,GOOGL,358.36,354.29998779296875,114.6,08-07 00:00,24081
2026-08-09T11:01:12+00:00,SPYX/USDT,SPY,778.63,773.260009765625,69.5,08-07 00:00,17603
2026-08-09T11:01:12+00:00,COINX/USDT,COIN,154.67,153.60000610351562,69.3,08-07 00:00,22121
2026-08-09T11:01:12+00:00,MCDX/USDT,MCD,276.06,274.4800109863281,57.7,08-07 00:00,4105
2026-08-09T11:01:12+00:00,AVGOX/USDT,AVGO,430.23,427.760009765625,57.7,08-07 00:00,1900
2026-08-09T11:01:12+00:00,TSLAX/USDT,TSLA,330.08,328.5799865722656,45.5,08-07 00:00,38404
2026-08-09T11:01:12+00:00,NVDAX/USDT,NVDA,224.87,223.9600067138672,40.4,08-07 00:00,30654
2026-08-09T11:01:12+00:00,AMZNX/USDT,AMZN,275.53,274.4800109863281,38.4,08-07 00:00,6242
2026-08-09T11:01:12+00:00,QQQX/USDT,QQQ,725.64,723.030029296875,36.2,08-07 00:00,11898
2026-08-09T11:30:28+00:00,MSTRX/USDT,MSTR,102.63,100.01000213623047,262.0,08-07 00:00,15019
2026-08-09T11:30:28+00:00,GOOGLX/USDT,GOOGL,358.24,354.29998779296875,111.2,08-07 00:00,22110
2026-08-09T11:30:28+00:00,MCDX/USDT,MCD,277.03,274.4800109863281,93.1,08-07 00:00,4175
2026-08-09T11:30:28+00:00,COINX/USDT,COIN,154.82,153.60000610351562,79.4,08-07 00:00,22239
2026-08-09T11:30:28+00:00,SPYX/USDT,SPY,778.38,773.260009765625,66.1,08-07 00:00,17728
2026-08-09T11:30:28+00:00,AVGOX/USDT,AVGO,430.21,427.760009765625,57.3,08-07 00:00,1781
2026-08-09T11:30:28+00:00,TSLAX/USDT,TSLA,330.19,328.5799865722656,48.8,08-07 00:00,37921
2026-08-09T11:30:28+00:00,QQQX/USDT,QQQ,725.6,723.030029296875,35.5,08-07 00:00,11434
2026-08-09T11:30:28+00:00,AMZNX/USDT,AMZN,275.33,274.4800109863281,31.0,08-07 00:00,6239
2026-08-09T11:30:28+00:00,NVDAX/USDT,NVDA,224.64,223.9600067138672,30.6,08-07 00:00,30884
2026-08-09T12:00:26+00:00,MSTRX/USDT,MSTR,102.67,100.01000213623047,265.5,08-07 00:00,22455
2026-08-09T12:00:26+00:00,GOOGLX/USDT,GOOGL,358.0,354.29998779296875,104.4,08-07 00:00,22108
2026-08-09T12:00:26+00:00,COINX/USDT,COIN,154.81,153.60000610351562,78.8,08-07 00:00,22428
2026-08-09T12:00:26+00:00,SPYX/USDT,SPY,778.73,773.260009765625,70.7,08-07 00:00,33966
2026-08-09T12:00:26+00:00,MCDX/USDT,MCD,275.88,274.4800109863281,51.0,08-07 00:00,4158
2026-08-09T12:00:26+00:00,TSLAX/USDT,TSLA,330.22,328.5799865722656,49.8,08-07 00:00,37521
2026-08-09T12:00:26+00:00,AVGOX/USDT,AVGO,429.73,427.760009765625,45.9,08-07 00:00,1812
2026-08-09T12:00:26+00:00,NVDAX/USDT,NVDA,224.88,223.9600067138672,40.9,08-07 00:00,30937
2026-08-09T12:00:26+00:00,QQQX/USDT,QQQ,725.7,723.030029296875,37.0,08-07 00:00,11619
2026-08-09T12:30:23+00:00,MSTRX/USDT,MSTR,102.72,100.01000213623047,271.5,08-07 00:00,23048
2026-08-09T12:30:23+00:00,MCDX/USDT,MCD,277.66,274.4800109863281,116.0,08-07 00:00,4697
2026-08-09T12:30:23+00:00,GOOGLX/USDT,GOOGL,358.21,354.29998779296875,110.2,08-07 00:00,48035
2026-08-09T12:30:23+00:00,COINX/USDT,COIN,154.76,153.60000610351562,75.5,08-07 00:00,22457
2026-08-09T12:30:23+00:00,SPYX/USDT,SPY,778.78,773.260009765625,71.4,08-07 00:00,42375
2026-08-09T12:30:23+00:00,AVGOX/USDT,AVGO,430.61,427.760009765625,66.5,08-07 00:00,1827
2026-08-09T12:30:23+00:00,TSLAX/USDT,TSLA,329.98,328.5799865722656,42.5,08-07 00:00,37743
2026-08-09T12:30:23+00:00,NVDAX/USDT,NVDA,224.88,223.9600067138672,40.9,08-07 00:00,30807
2026-08-09T12:30:23+00:00,QQQX/USDT,QQQ,725.79,723.030029296875,38.2,08-07 00:00,11578
2026-08-09T13:00:33+00:00,MSTRX/USDT,MSTR,102.74,100.01000213623047,273.0,08-07 00:00,23370
2026-08-09T13:00:33+00:00,GOOGLX/USDT,GOOGL,357.92,354.29998779296875,102.3,08-07 00:00,46728
2026-08-09T13:00:33+00:00,COINX/USDT,COIN,155.1,153.60000610351562,97.7,08-07 00:00,22556
2026-08-09T13:00:33+00:00,SPYX/USDT,SPY,778.99,773.260009765625,74.0,08-07 00:00,42571
2026-08-09T13:00:33+00:00,MCDX/USDT,MCD,276.48,274.4800109863281,72.7,08-07 00:00,4793
2026-08-09T13:00:33+00:00,AVGOX/USDT,AVGO,430.81,427.760009765625,71.2,08-07 00:00,1827
2026-08-09T13:00:33+00:00,TSLAX/USDT,TSLA,330.21,328.5799865722656,49.5,08-07 00:00,37435
2026-08-09T13:00:33+00:00,NVDAX/USDT,NVDA,224.88,223.9600067138672,40.9,08-07 00:00,29904
2026-08-09T13:00:33+00:00,QQQX/USDT,QQQ,725.54,723.030029296875,34.7,08-07 00:00,11608
2026-08-09T13:30:38+00:00,MSTRX/USDT,MSTR,102.94,100.01000213623047,293.0,08-07 00:00,23595
2026-08-09T13:30:38+00:00,GOOGLX/USDT,GOOGL,358.18,354.29998779296875,109.4,08-07 00:00,45882
2026-08-09T13:30:38+00:00,COINX/USDT,COIN,155.24,153.60000610351562,106.4,08-07 00:00,22906
2026-08-09T13:30:38+00:00,AVGOX/USDT,AVGO,431.31,427.760009765625,83.0,08-07 00:00,1909
2026-08-09T13:30:38+00:00,SPYX/USDT,SPY,778.72,773.260009765625,70.5,08-07 00:00,42835
2026-08-09T13:30:38+00:00,TSLAX/USDT,TSLA,330.59,328.5799865722656,61.2,08-07 00:00,37328
2026-08-09T13:30:38+00:00,QQQX/USDT,QQQ,726.31,723.030029296875,45.4,08-07 00:00,12271
2026-08-09T13:30:38+00:00,NVDAX/USDT,NVDA,224.96,223.9600067138672,44.9,08-07 00:00,29785
2026-08-09T14:00:42+00:00,MSTRX/USDT,MSTR,103.16,100.01000213623047,314.5,08-07 00:00,23854
2026-08-09T14:00:42+00:00,COINX/USDT,COIN,155.44,153.60000610351562,119.5,08-07 00:00,23008
2026-08-09T14:00:42+00:00,GOOGLX/USDT,GOOGL,357.88,354.29998779296875,100.9,08-07 00:00,45647
2026-08-09T14:00:42+00:00,AVGOX/USDT,AVGO,431.46,427.760009765625,86.5,08-07 00:00,1781
2026-08-09T14:00:42+00:00,SPYX/USDT,SPY,779.12,773.260009765625,75.8,08-07 00:00,50386
2026-08-09T14:00:42+00:00,TSLAX/USDT,TSLA,330.57,328.5799865722656,60.6,08-07 00:00,37088
2026-08-09T14:00:42+00:00,QQQX/USDT,QQQ,726.19,723.030029296875,43.7,08-07 00:00,11208
2026-08-09T14:00:42+00:00,NVDAX/USDT,NVDA,224.93,223.9600067138672,43.1,08-07 00:00,29636
2026-08-09T14:31:10+00:00,MSTRX/USDT,MSTR,103.09,100.01000213623047,307.5,08-07 00:00,23734
2026-08-09T14:31:10+00:00,COINX/USDT,COIN,155.48,153.60000610351562,122.1,08-07 00:00,22696
2026-08-09T14:31:10+00:00,GOOGLX/USDT,GOOGL,357.92,354.29998779296875,102.3,08-07 00:00,45183
2026-08-09T14:31:10+00:00,AVGOX/USDT,AVGO,431.39,427.760009765625,85.0,08-07 00:00,1612
2026-08-09T14:31:10+00:00,SPYX/USDT,SPY,779.19,773.260009765625,76.7,08-07 00:00,50034
2026-08-09T14:31:10+00:00,TSLAX/USDT,TSLA,330.56,328.5799865722656,60.3,08-07 00:00,36922
2026-08-09T14:31:10+00:00,QQQX/USDT,QQQ,726.31,723.030029296875,45.3,08-07 00:00,11467
2026-08-09T14:31:10+00:00,NVDAX/USDT,NVDA,224.94,223.9600067138672,44.0,08-07 00:00,29671
2026-08-09T14:31:10+00:00,MCDX/USDT,MCD,275.4,274.4800109863281,33.7,08-07 00:00,4708
2026-08-09T15:01:47+00:00,MSTRX/USDT,MSTR,103.06,100.01000213623047,304.5,08-07 00:00,23700
2026-08-09T15:01:47+00:00,COINX/USDT,COIN,155.47,153.60000610351562,121.7,08-07 00:00,22779
2026-08-09T15:01:47+00:00,GOOGLX/USDT,GOOGL,358.16,354.29998779296875,109.1,08-07 00:00,44655
2026-08-09T15:01:47+00:00,MCDX/USDT,MCD,276.8,274.4800109863281,84.7,08-07 00:00,4603
2026-08-09T15:01:47+00:00,AVGOX/USDT,AVGO,431.04,427.760009765625,76.7,08-07 00:00,1601
2026-08-09T15:01:47+00:00,SPYX/USDT,SPY,779.12,773.260009765625,75.8,08-07 00:00,50141
2026-08-09T15:01:47+00:00,TSLAX/USDT,TSLA,330.88,328.5799865722656,69.8,08-07 00:00,38677
2026-08-09T15:01:47+00:00,QQQX/USDT,QQQ,726.5,723.030029296875,48.0,08-07 00:00,11376
2026-08-09T15:01:47+00:00,NVDAX/USDT,NVDA,224.92,223.9600067138672,42.6,08-07 00:00,29687
2026-08-09T15:01:47+00:00,AMZNX/USDT,AMZN,275.37,274.4800109863281,32.2,08-07 00:00,5891
2026-08-09T15:30:54+00:00,MSTRX/USDT,MSTR,103.13,100.01000213623047,312.5,08-07 00:00,23713
2026-08-09T15:30:54+00:00,COINX/USDT,COIN,155.51,153.60000610351562,124.7,08-07 00:00,22987
2026-08-09T15:30:54+00:00,GOOGLX/USDT,GOOGL,358.2,354.29998779296875,109.9,08-07 00:00,44463
2026-08-09T15:30:54+00:00,MCDX/USDT,MCD,276.8,274.4800109863281,84.7,08-07 00:00,4929
2026-08-09T15:30:54+00:00,AVGOX/USDT,AVGO,431.08,427.760009765625,77.5,08-07 00:00,1563
2026-08-09T15:30:54+00:00,TSLAX/USDT,TSLA,331.05,328.5799865722656,75.3,08-07 00:00,38114
2026-08-09T15:30:54+00:00,SPYX/USDT,SPY,778.93,773.260009765625,73.3,08-07 00:00,52186
2026-08-09T15:30:54+00:00,QQQX/USDT,QQQ,726.38,723.030029296875,46.3,08-07 00:00,11250
2026-08-09T15:30:54+00:00,NVDAX/USDT,NVDA,225.0,223.9600067138672,46.2,08-07 00:00,31129
2026-08-09T15:30:54+00:00,AMZNX/USDT,AMZN,275.39,274.4800109863281,33.3,08-07 00:00,5965
2026-08-09T16:00:57+00:00,MSTRX/USDT,MSTR,103.31,100.01000213623047,329.5,08-07 00:00,23829
2026-08-09T16:00:57+00:00,COINX/USDT,COIN,155.77,153.60000610351562,141.3,08-07 00:00,17938
2026-08-09T16:00:57+00:00,GOOGLX/USDT,GOOGL,358.35,354.29998779296875,114.2,08-07 00:00,43993
2026-08-09T16:00:57+00:00,TSLAX/USDT,TSLA,331.12,328.5799865722656,77.2,08-07 00:00,38192
2026-08-09T16:00:57+00:00,SPYX/USDT,SPY,779.06,773.260009765625,75.0,08-07 00:00,52265
2026-08-09T16:00:57+00:00,NVDAX/USDT,NVDA,225.06,223.9600067138672,48.9,08-07 00:00,31460
2026-08-09T16:00:57+00:00,QQQX/USDT,QQQ,726.56,723.030029296875,48.8,08-07 00:00,11411
2026-08-09T16:00:57+00:00,AVGOX/USDT,AVGO,429.68,427.760009765625,45.0,08-07 00:00,1480
2026-08-09T16:00:57+00:00,MCDX/USDT,MCD,275.64,274.4800109863281,42.3,08-07 00:00,4908
2026-08-09T16:00:57+00:00,AMZNX/USDT,AMZN,275.33,274.4800109863281,31.1,08-07 00:00,5626
2026-08-09T16:31:02+00:00,MSTRX/USDT,MSTR,103.25,100.01000213623047,324.5,08-07 00:00,23937
2026-08-09T16:31:02+00:00,COINX/USDT,COIN,155.75,153.60000610351562,139.6,08-07 00:00,18927
2026-08-09T16:31:02+00:00,GOOGLX/USDT,GOOGL,358.47,354.29998779296875,117.6,08-07 00:00,43703
2026-08-09T16:31:02+00:00,TSLAX/USDT,TSLA,331.42,328.5799865722656,86.4,08-07 00:00,39289
2026-08-09T16:31:02+00:00,SPYX/USDT,SPY,779.12,773.260009765625,75.8,08-07 00:00,52358
2026-08-09T16:31:02+00:00,MCDX/USDT,MCD,276.15,274.4800109863281,61.0,08-07 00:00,4679
2026-08-09T16:31:02+00:00,QQQX/USDT,QQQ,726.65,723.030029296875,50.1,08-07 00:00,11094
2026-08-09T16:31:02+00:00,NVDAX/USDT,NVDA,225.06,223.9600067138672,48.9,08-07 00:00,30806
2026-08-09T16:31:02+00:00,AMZNX/USDT,AMZN,275.44,274.4800109863281,35.0,08-07 00:00,5904
2026-08-09T17:01:07+00:00,MSTRX/USDT,MSTR,103.33,100.01000213623047,331.5,08-07 00:00,23272
2026-08-09T17:01:07+00:00,COINX/USDT,COIN,155.68,153.60000610351562,135.4,08-07 00:00,18831
2026-08-09T17:01:07+00:00,GOOGLX/USDT,GOOGL,358.96,354.29998779296875,131.4,08-07 00:00,44744
2026-08-09T17:01:07+00:00,TSLAX/USDT,TSLA,331.5,328.5799865722656,88.9,08-07 00:00,36666
2026-08-09T17:01:07+00:00,SPYX/USDT,SPY,779.19,773.260009765625,76.8,08-07 00:00,52012
2026-08-09T17:01:07+00:00,NVDAX/USDT,NVDA,225.19,223.9600067138672,54.7,08-07 00:00,29934
2026-08-09T17:01:07+00:00,QQQX/USDT,QQQ,726.61,723.030029296875,49.5,08-07 00:00,11014
2026-08-09T17:01:07+00:00,MCDX/USDT,MCD,275.78,274.4800109863281,47.5,08-07 00:00,4226
2026-08-09T17:01:07+00:00,AMZNX/USDT,AMZN,275.46,274.4800109863281,35.7,08-07 00:00,6062
2026-08-09T17:31:09+00:00,MSTRX/USDT,MSTR,103.46,100.01000213623047,345.0,08-07 00:00,24376
2026-08-09T17:31:09+00:00,GOOGLX/USDT,GOOGL,358.38,354.29998779296875,115.2,08-07 00:00,44850
2026-08-09T17:31:09+00:00,COINX/USDT,COIN,155.16,153.60000610351562,101.9,08-07 00:00,18845
2026-08-09T17:31:09+00:00,TSLAX/USDT,TSLA,331.41,328.5799865722656,86.3,08-07 00:00,36185
2026-08-09T17:31:09+00:00,SPYX/USDT,SPY,779.01,773.260009765625,74.4,08-07 00:00,52031
2026-08-09T17:31:09+00:00,MCDX/USDT,MCD,276.19,274.4800109863281,62.1,08-07 00:00,4241
2026-08-09T17:31:09+00:00,NVDAX/USDT,NVDA,225.09,223.9600067138672,50.5,08-07 00:00,32911
2026-08-09T17:31:09+00:00,QQQX/USDT,QQQ,726.29,723.030029296875,45.1,08-07 00:00,10614
2026-08-09T17:31:09+00:00,AVGOX/USDT,AVGO,429.32,427.760009765625,36.5,08-07 00:00,1303
2026-08-09T17:31:09+00:00,AMZNX/USDT,AMZN,275.39,274.4800109863281,33.2,08-07 00:00,6045
2026-08-09T18:00:45+00:00,MSTRX/USDT,MSTR,103.26,100.01000213623047,325.0,08-07 00:00,24936
2026-08-09T18:00:45+00:00,GOOGLX/USDT,GOOGL,358.79,354.29998779296875,126.7,08-07 00:00,44750
2026-08-09T18:00:45+00:00,COINX/USDT,COIN,155.28,153.60000610351562,109.4,08-07 00:00,18160
2026-08-09T18:00:45+00:00,AVGOX/USDT,AVGO,431.69,427.760009765625,91.8,08-07 00:00,1225
2026-08-09T18:00:45+00:00,TSLAX/USDT,TSLA,331.45,328.5799865722656,87.3,08-07 00:00,35963
2026-08-09T18:00:45+00:00,MCDX/USDT,MCD,276.77,274.4800109863281,83.6,08-07 00:00,4014
2026-08-09T18:00:45+00:00,SPYX/USDT,SPY,779.1,773.260009765625,75.5,08-07 00:00,49532
2026-08-09T18:00:45+00:00,NVDAX/USDT,NVDA,225.24,223.9600067138672,56.9,08-07 00:00,36683
2026-08-09T18:00:45+00:00,QQQX/USDT,QQQ,726.68,723.030029296875,50.5,08-07 00:00,9567
2026-08-09T18:00:45+00:00,AMZNX/USDT,AMZN,275.41,274.4800109863281,33.9,08-07 00:00,5998
2026-08-09T18:30:23+00:00,MSTRX/USDT,MSTR,103.25,100.01000213623047,324.0,08-07 00:00,24687
2026-08-09T18:30:23+00:00,GOOGLX/USDT,GOOGL,358.79,354.29998779296875,126.7,08-07 00:00,44484
2026-08-09T18:30:23+00:00,COINX/USDT,COIN,155.43,153.60000610351562,118.8,08-07 00:00,15970
2026-08-09T18:30:23+00:00,TSLAX/USDT,TSLA,331.74,328.5799865722656,96.2,08-07 00:00,35684
2026-08-09T18:30:23+00:00,AVGOX/USDT,AVGO,431.56,427.760009765625,88.7,08-07 00:00,1225
2026-08-09T18:30:23+00:00,SPYX/USDT,SPY,779.86,773.260009765625,85.4,08-07 00:00,51029
2026-08-09T18:30:23+00:00,NVDAX/USDT,NVDA,225.58,223.9600067138672,72.3,08-07 00:00,41139
2026-08-09T18:30:23+00:00,QQQX/USDT,QQQ,727.06,723.030029296875,55.7,08-07 00:00,9906
2026-08-09T18:30:23+00:00,AMZNX/USDT,AMZN,275.72,274.4800109863281,45.0,08-07 00:00,5852
2026-08-09T19:00:32+00:00,MSTRX/USDT,MSTR,103.17,100.01000213623047,316.5,08-07 00:00,24627
2026-08-09T19:00:32+00:00,GOOGLX/USDT,GOOGL,359.23,354.29998779296875,139.1,08-07 00:00,44116
2026-08-09T19:00:32+00:00,COINX/USDT,COIN,155.49,153.60000610351562,122.7,08-07 00:00,15574
2026-08-09T19:00:32+00:00,TSLAX/USDT,TSLA,331.91,328.5799865722656,101.5,08-07 00:00,34093
2026-08-09T19:00:32+00:00,AVGOX/USDT,AVGO,431.59,427.760009765625,89.4,08-07 00:00,1225
2026-08-09T19:00:32+00:00,SPYX/USDT,SPY,779.72,773.260009765625,83.6,08-07 00:00,51539
2026-08-09T19:00:32+00:00,NVDAX/USDT,NVDA,225.62,223.9600067138672,74.3,08-07 00:00,41243
2026-08-09T19:00:32+00:00,QQQX/USDT,QQQ,727.11,723.030029296875,56.4,08-07 00:00,9915
2026-08-09T19:00:32+00:00,AMZNX/USDT,AMZN,275.89,274.4800109863281,51.6,08-07 00:00,5897
2026-08-09T19:30:34+00:00,MSTRX/USDT,MSTR,103.13,100.01000213623047,312.0,08-07 00:00,24685
2026-08-09T19:30:34+00:00,GOOGLX/USDT,GOOGL,359.38,354.29998779296875,143.5,08-07 00:00,43938
2026-08-09T19:30:34+00:00,COINX/USDT,COIN,155.44,153.60000610351562,120.1,08-07 00:00,15271
2026-08-09T19:30:34+00:00,TSLAX/USDT,TSLA,331.83,328.5799865722656,98.8,08-07 00:00,32400
2026-08-09T19:30:34+00:00,SPYX/USDT,SPY,779.96,773.260009765625,86.7,08-07 00:00,51647
2026-08-09T19:30:34+00:00,NVDAX/USDT,NVDA,225.65,223.9600067138672,75.5,08-07 00:00,40898
2026-08-09T19:30:34+00:00,QQQX/USDT,QQQ,727.0,723.030029296875,54.8,08-07 00:00,10119
2026-08-09T19:30:34+00:00,AMZNX/USDT,AMZN,275.75,274.4800109863281,46.3,08-07 00:00,5668
2026-08-09T20:00:49+00:00,MSTRX/USDT,MSTR,103.12,100.01000213623047,311.5,08-07 00:00,24894
2026-08-09T20:00:49+00:00,GOOGLX/USDT,GOOGL,359.36,354.29998779296875,142.7,08-07 00:00,53948
2026-08-09T20:00:49+00:00,COINX/USDT,COIN,155.42,153.60000610351562,118.2,08-07 00:00,15288
2026-08-09T20:00:49+00:00,TSLAX/USDT,TSLA,331.93,328.5799865722656,101.8,08-07 00:00,31841
2026-08-09T20:00:49+00:00,SPYX/USDT,SPY,779.89,773.260009765625,85.8,08-07 00:00,50947
2026-08-09T20:00:49+00:00,AVGOX/USDT,AVGO,431.29,427.760009765625,82.5,08-07 00:00,1223
2026-08-09T20:00:49+00:00,NVDAX/USDT,NVDA,225.64,223.9600067138672,75.2,08-07 00:00,40661
2026-08-09T20:00:49+00:00,QQQX/USDT,QQQ,727.0,723.030029296875,54.8,08-07 00:00,9680
2026-08-09T20:00:49+00:00,AMZNX/USDT,AMZN,275.7,274.4800109863281,44.4,08-07 00:00,5652
2026-08-09T20:30:42+00:00,MSTRX/USDT,MSTR,102.98,100.01000213623047,297.5,08-07 00:00,25327
2026-08-09T20:30:42+00:00,GOOGLX/USDT,GOOGL,359.54,354.29998779296875,148.0,08-07 00:00,53908
2026-08-09T20:30:42+00:00,COINX/USDT,COIN,155.21,153.60000610351562,105.1,08-07 00:00,15186
2026-08-09T20:30:42+00:00,TSLAX/USDT,TSLA,331.76,328.5799865722656,96.8,08-07 00:00,31634
2026-08-09T20:30:42+00:00,SPYX/USDT,SPY,779.48,773.260009765625,80.5,08-07 00:00,51078
2026-08-09T20:30:42+00:00,NVDAX/USDT,NVDA,225.66,223.9600067138672,75.7,08-07 00:00,40652
2026-08-09T20:30:42+00:00,AVGOX/USDT,AVGO,430.85,427.760009765625,72.1,08-07 00:00,1223
2026-08-09T20:30:42+00:00,QQQX/USDT,QQQ,726.7,723.030029296875,50.8,08-07 00:00,10277
2026-08-09T21:30:53+00:00,MSTRX/USDT,MSTR,103.0,100.01000213623047,299.0,08-07 00:00,25497
2026-08-09T21:30:53+00:00,GOOGLX/USDT,GOOGL,359.56,354.29998779296875,148.5,08-07 00:00,53852
2026-08-09T21:30:53+00:00,COINX/USDT,COIN,155.31,153.60000610351562,111.0,08-07 00:00,15059
2026-08-09T21:30:53+00:00,TSLAX/USDT,TSLA,332.09,328.5799865722656,106.8,08-07 00:00,30522
2026-08-09T21:30:53+00:00,MCDX/USDT,MCD,276.77,274.4800109863281,83.6,08-07 00:00,4391
2026-08-09T21:30:53+00:00,SPYX/USDT,SPY,779.59,773.260009765625,81.8,08-07 00:00,51190
2026-08-09T21:30:53+00:00,NVDAX/USDT,NVDA,225.67,223.9600067138672,76.1,08-07 00:00,27508
2026-08-09T21:30:53+00:00,QQQX/USDT,QQQ,726.41,723.030029296875,46.8,08-07 00:00,10010
2026-08-09T21:30:53+00:00,AVGOX/USDT,AVGO,429.62,427.760009765625,43.6,08-07 00:00,1211
2026-08-09T21:30:53+00:00,AMZNX/USDT,AMZN,275.61,274.4800109863281,41.2,08-07 00:00,5895
2026-08-09T22:00:58+00:00,MSTRX/USDT,MSTR,103.18,100.01000213623047,317.0,08-07 00:00,25628
2026-08-09T22:00:58+00:00,GOOGLX/USDT,GOOGL,358.86,354.29998779296875,128.6,08-07 00:00,54427
2026-08-09T22:00:58+00:00,COINX/USDT,COIN,155.26,153.60000610351562,108.4,08-07 00:00,11712
2026-08-09T22:00:58+00:00,TSLAX/USDT,TSLA,331.77,328.5799865722656,97.2,08-07 00:00,31412
2026-08-09T22:00:58+00:00,NVDAX/USDT,NVDA,225.82,223.9600067138672,83.3,08-07 00:00,27735
2026-08-09T22:00:58+00:00,AVGOX/USDT,AVGO,430.41,427.760009765625,62.0,08-07 00:00,1394
2026-08-09T22:00:58+00:00,SPYX/USDT,SPY,777.34,773.260009765625,52.7,08-07 00:00,72421
2026-08-09T22:00:58+00:00,MCDX/USDT,MCD,275.85,274.4800109863281,49.7,08-07 00:00,4400
2026-08-09T22:00:58+00:00,QQQX/USDT,QQQ,725.61,723.030029296875,35.6,08-07 00:00,31467
2026-08-09T22:31:02+00:00,MSTRX/USDT,MSTR,102.98,100.01000213623047,297.5,08-07 00:00,26066
2026-08-09T22:31:02+00:00,GOOGLX/USDT,GOOGL,358.44,354.29998779296875,117.0,08-07 00:00,54949
2026-08-09T22:31:02+00:00,COINX/USDT,COIN,155.28,153.60000610351562,109.4,08-07 00:00,10551
2026-08-09T22:31:02+00:00,MCDX/USDT,MCD,276.41,274.4800109863281,70.5,08-07 00:00,4332
2026-08-09T22:31:02+00:00,TSLAX/USDT,TSLA,330.8,328.5799865722656,67.6,08-07 00:00,32466
2026-08-09T22:31:02+00:00,NVDAX/USDT,NVDA,225.45,223.9600067138672,66.8,08-07 00:00,26713
2026-08-09T22:31:02+00:00,SPYX/USDT,SPY,776.26,773.260009765625,38.8,08-07 00:00,75026
2026-08-09T23:01:08+00:00,MSTRX/USDT,MSTR,102.5,100.01000213623047,248.5,08-07 00:00,25778
2026-08-09T23:01:08+00:00,MCDX/USDT,MCD,277.73,274.4800109863281,118.2,08-07 00:00,4351
2026-08-09T23:01:08+00:00,GOOGLX/USDT,GOOGL,357.46,354.29998779296875,89.0,08-07 00:00,55162
2026-08-09T23:01:08+00:00,COINX/USDT,COIN,154.78,153.60000610351562,76.8,08-07 00:00,10554
2026-08-09T23:01:08+00:00,TSLAX/USDT,TSLA,330.32,328.5799865722656,53.0,08-07 00:00,33005
2026-08-09T23:01:08+00:00,NVDAX/USDT,NVDA,225.13,223.9600067138672,52.5,08-07 00:00,27065
2026-08-09T23:01:08+00:00,SPYX/USDT,SPY,776.04,773.260009765625,36.0,08-07 00:00,75060
2026-08-09T23:30:14+00:00,MSTRX/USDT,MSTR,102.2,100.01000213623047,219.5,08-07 00:00,25853
2026-08-09T23:30:14+00:00,GOOGLX/USDT,GOOGL,357.66,354.29998779296875,94.8,08-07 00:00,55156
2026-08-09T23:30:14+00:00,MCDX/USDT,MCD,276.33,274.4800109863281,67.4,08-07 00:00,4794
2026-08-09T23:30:14+00:00,COINX/USDT,COIN,154.5,153.60000610351562,58.9,08-07 00:00,10618
2026-08-09T23:30:14+00:00,TSLAX/USDT,TSLA,330.34,328.5799865722656,53.4,08-07 00:00,32875
2026-08-09T23:30:14+00:00,AVGOX/USDT,AVGO,429.84,427.760009765625,48.5,08-07 00:00,2492
2026-08-09T23:30:14+00:00,SPYX/USDT,SPY,776.29,773.260009765625,39.1,08-07 00:00,74842
2026-08-09T23:30:14+00:00,NVDAX/USDT,NVDA,224.66,223.9600067138672,31.3,08-07 00:00,27299
2026-08-10T00:00:21+00:00,MSTRX/USDT,MSTR,101.97,100.01000213623047,196.0,08-07 00:00,28487
2026-08-10T00:00:21+00:00,GOOGLX/USDT,GOOGL,356.67,354.29998779296875,66.9,08-07 00:00,54579
2026-08-10T00:00:21+00:00,COINX/USDT,COIN,154.2,153.60000610351562,39.1,08-07 00:00,10872
2026-08-10T00:00:21+00:00,SPYX/USDT,SPY,776.24,773.260009765625,38.5,08-07 00:00,74189
2026-08-10T00:00:21+00:00,TSLAX/USDT,TSLA,329.68,328.5799865722656,33.5,08-07 00:00,34055
2026-08-10T00:00:21+00:00,AVGOX/USDT,AVGO,429.1,427.760009765625,31.2,08-07 00:00,2492
2026-08-10T00:00:21+00:00,NVDAX/USDT,NVDA,224.65,223.9600067138672,31.0,08-07 00:00,27301
2026-08-10T00:30:27+00:00,MSTRX/USDT,MSTR,101.25,100.01000213623047,123.5,08-07 00:00,35084
2026-08-10T00:30:27+00:00,MCDX/USDT,MCD,276.8,274.4800109863281,84.5,08-07 00:00,4956
2026-08-10T00:30:27+00:00,TSLAX/USDT,TSLA,330.38,328.5799865722656,54.6,08-07 00:00,37001
2026-08-10T00:30:27+00:00,GOOGLX/USDT,GOOGL,356.19,354.29998779296875,53.5,08-07 00:00,51503
2026-08-10T00:30:27+00:00,SPYX/USDT,SPY,777.28,773.260009765625,52.1,08-07 00:00,79608
2026-08-10T00:30:27+00:00,COINX/USDT,COIN,154.39,153.60000610351562,51.4,08-07 00:00,10854
2026-08-10T00:30:27+00:00,NVDAX/USDT,NVDA,224.95,223.9600067138672,44.4,08-07 00:00,26822
2026-08-10T00:30:27+00:00,QQQX/USDT,QQQ,725.92,723.030029296875,40.0,08-07 00:00,37558
2026-08-10T00:30:27+00:00,AVGOX/USDT,AVGO,429.17,427.760009765625,33.0,08-07 00:00,22703
2026-08-10T01:00:32+00:00,MSTRX/USDT,MSTR,100.89,100.01000213623047,88.0,08-07 00:00,36408
2026-08-10T01:00:32+00:00,COINX/USDT,COIN,154.66,153.60000610351562,68.7,08-07 00:00,13670
2026-08-10T01:00:32+00:00,GOOGLX/USDT,GOOGL,356.29,354.29998779296875,56.2,08-07 00:00,51555
2026-08-10T01:00:32+00:00,SPYX/USDT,SPY,776.98,773.260009765625,48.0,08-07 00:00,82251
2026-08-10T01:00:32+00:00,TSLAX/USDT,TSLA,329.63,328.5799865722656,32.0,08-07 00:00,40640
2026-08-10T01:30:46+00:00,MCDX/USDT,MCD,277.75,274.4800109863281,119.1,08-07 00:00,5058
2026-08-10T01:30:46+00:00,MSTRX/USDT,MSTR,100.86,100.01000213623047,84.5,08-07 00:00,36592
2026-08-10T01:30:46+00:00,COINX/USDT,COIN,154.7,153.60000610351562,71.9,08-07 00:00,14971
2026-08-10T01:30:46+00:00,TSLAX/USDT,TSLA,330.85,328.5799865722656,69.1,08-07 00:00,46825
2026-08-10T01:30:46+00:00,GOOGLX/USDT,GOOGL,356.5,354.29998779296875,62.0,08-07 00:00,51728
2026-08-10T01:30:46+00:00,SPYX/USDT,SPY,777.91,773.260009765625,60.2,08-07 00:00,85475
2026-08-10T01:30:46+00:00,QQQX/USDT,QQQ,726.4,723.030029296875,46.6,08-07 00:00,46346
2026-08-10T01:30:46+00:00,NVDAX/USDT,NVDA,224.75,223.9600067138672,35.5,08-07 00:00,28219
2026-08-10T02:00:49+00:00,MSTRX/USDT,MSTR,101.28,100.01000213623047,126.5,08-07 00:00,36311
2026-08-10T02:00:49+00:00,TSLAX/USDT,TSLA,331.19,328.5799865722656,79.6,08-07 00:00,49650
2026-08-10T02:00:49+00:00,GOOGLX/USDT,GOOGL,356.8,354.29998779296875,70.7,08-07 00:00,50656
2026-08-10T02:00:49+00:00,COINX/USDT,COIN,154.66,153.60000610351562,68.7,08-07 00:00,17623
2026-08-10T02:00:49+00:00,SPYX/USDT,SPY,778.16,773.260009765625,63.4,08-07 00:00,86906
2026-08-10T02:00:49+00:00,QQQX/USDT,QQQ,726.84,723.030029296875,52.6,08-07 00:00,51144
2026-08-10T02:00:49+00:00,AVGOX/USDT,AVGO,429.71,427.760009765625,45.6,08-07 00:00,25679
2026-08-10T02:00:49+00:00,NVDAX/USDT,NVDA,224.78,223.9600067138672,36.8,08-07 00:00,29260
2026-08-10T02:30:56+00:00,MSTRX/USDT,MSTR,100.85,100.01000213623047,84.5,08-07 00:00,36876
2026-08-10T02:30:56+00:00,GOOGLX/USDT,GOOGL,357.03,354.29998779296875,77.1,08-07 00:00,51033
2026-08-10T02:30:56+00:00,MCDX/USDT,MCD,276.54,274.4800109863281,75.2,08-07 00:00,5999
2026-08-10T02:30:56+00:00,TSLAX/USDT,TSLA,330.94,328.5799865722656,72.0,08-07 00:00,50065
2026-08-10T02:30:56+00:00,SPYX/USDT,SPY,778.12,773.260009765625,62.8,08-07 00:00,90995
2026-08-10T02:30:56+00:00,COINX/USDT,COIN,154.47,153.60000610351562,56.3,08-07 00:00,17922
2026-08-10T02:30:56+00:00,AVGOX/USDT,AVGO,429.92,427.760009765625,50.6,08-07 00:00,26800
2026-08-10T02:30:56+00:00,QQQX/USDT,QQQ,726.62,723.030029296875,49.7,08-07 00:00,56229
2026-08-10T02:30:56+00:00,NVDAX/USDT,NVDA,224.75,223.9600067138672,35.5,08-07 00:00,32966
2026-08-10T03:01:00+00:00,MSTRX/USDT,MSTR,101.03,100.01000213623047,102.0,08-07 00:00,36075
2026-08-10T03:01:00+00:00,MCDX/USDT,MCD,277.06,274.4800109863281,94.2,08-07 00:00,6216
2026-08-10T03:01:00+00:00,TSLAX/USDT,TSLA,331.49,328.5799865722656,88.4,08-07 00:00,50972
2026-08-10T03:01:00+00:00,GOOGLX/USDT,GOOGL,357.22,354.29998779296875,82.4,08-07 00:00,51095
2026-08-10T03:01:00+00:00,COINX/USDT,COIN,154.81,153.60000610351562,78.8,08-07 00:00,20125
2026-08-10T03:01:00+00:00,SPYX/USDT,SPY,778.45,773.260009765625,67.2,08-07 00:00,92159
2026-08-10T03:01:00+00:00,AVGOX/USDT,AVGO,430.13,427.760009765625,55.5,08-07 00:00,27345
2026-08-10T03:01:00+00:00,QQQX/USDT,QQQ,726.98,723.030029296875,54.6,08-07 00:00,57863
2026-08-10T03:01:00+00:00,NVDAX/USDT,NVDA,224.88,223.9600067138672,40.9,08-07 00:00,32330
2026-08-10T03:31:02+00:00,MCDX/USDT,MCD,277.14,274.4800109863281,97.1,08-07 00:00,6219
2026-08-10T03:31:02+00:00,MSTRX/USDT,MSTR,100.91,100.01000213623047,90.5,08-07 00:00,34276
2026-08-10T03:31:02+00:00,TSLAX/USDT,TSLA,331.1,328.5799865722656,76.7,08-07 00:00,52864
2026-08-10T03:31:02+00:00,GOOGLX/USDT,GOOGL,356.83,354.29998779296875,71.3,08-07 00:00,51406
2026-08-10T03:31:02+00:00,COINX/USDT,COIN,154.63,153.60000610351562,67.4,08-07 00:00,20648
2026-08-10T03:31:02+00:00,SPYX/USDT,SPY,778.38,773.260009765625,66.3,08-07 00:00,99882
2026-08-10T03:31:02+00:00,QQQX/USDT,QQQ,726.89,723.030029296875,53.4,08-07 00:00,60363
2026-08-10T03:31:02+00:00,NVDAX/USDT,NVDA,224.84,223.9600067138672,39.3,08-07 00:00,34912
2026-08-10T03:31:02+00:00,AVGOX/USDT,AVGO,429.25,427.760009765625,34.7,08-07 00:00,27502
2026-08-10T04:00:32+00:00,MCDX/USDT,MCD,277.13,274.4800109863281,96.7,08-07 00:00,6167
2026-08-10T04:00:32+00:00,MSTRX/USDT,MSTR,100.84,100.01000213623047,83.5,08-07 00:00,34485
2026-08-10T04:00:32+00:00,TSLAX/USDT,TSLA,331.13,328.5799865722656,77.6,08-07 00:00,51540
2026-08-10T04:00:32+00:00,GOOGLX/USDT,GOOGL,356.79,354.29998779296875,70.3,08-07 00:00,51459
2026-08-10T04:00:32+00:00,SPYX/USDT,SPY,778.53,773.260009765625,68.2,08-07 00:00,102410
2026-08-10T04:00:32+00:00,COINX/USDT,COIN,154.53,153.60000610351562,60.9,08-07 00:00,20714
2026-08-10T04:00:32+00:00,QQQX/USDT,QQQ,727.05,723.030029296875,55.5,08-07 00:00,61759
2026-08-10T04:00:32+00:00,AVGOX/USDT,AVGO,429.65,427.760009765625,44.3,08-07 00:00,29356
2026-08-10T04:00:32+00:00,NVDAX/USDT,NVDA,224.81,223.9600067138672,38.2,08-07 00:00,35445
2026-08-10T04:30:27+00:00,MSTRX/USDT,MSTR,101.0,100.01000213623047,99.0,08-07 00:00,35111
2026-08-10T04:30:27+00:00,TSLAX/USDT,TSLA,331.61,328.5799865722656,92.1,08-07 00:00,53202
2026-08-10T04:30:27+00:00,GOOGLX/USDT,GOOGL,356.88,354.29998779296875,73.0,08-07 00:00,51592
2026-08-10T04:30:27+00:00,SPYX/USDT,SPY,778.88,773.260009765625,72.6,08-07 00:00,104423
2026-08-10T04:30:27+00:00,COINX/USDT,COIN,154.65,153.60000610351562,68.0,08-07 00:00,19889
2026-08-10T04:30:27+00:00,AVGOX/USDT,AVGO,430.28,427.760009765625,58.9,08-07 00:00,31599
2026-08-10T04:30:27+00:00,MCDX/USDT,MCD,276.04,274.4800109863281,56.8,08-07 00:00,7475
2026-08-10T04:30:27+00:00,QQQX/USDT,QQQ,727.08,723.030029296875,55.9,08-07 00:00,63968
2026-08-10T04:30:27+00:00,NVDAX/USDT,NVDA,224.86,223.9600067138672,40.0,08-07 00:00,48249
2026-08-10T05:00:30+00:00,MSTRX/USDT,MSTR,101.0,100.01000213623047,98.5,08-07 00:00,35800
2026-08-10T05:00:30+00:00,MCDX/USDT,MCD,276.54,274.4800109863281,75.2,08-07 00:00,8020
2026-08-10T05:00:30+00:00,TSLAX/USDT,TSLA,331.04,328.5799865722656,75.0,08-07 00:00,54005
2026-08-10T05:00:30+00:00,GOOGLX/USDT,GOOGL,356.88,354.29998779296875,73.0,08-07 00:00,51723
2026-08-10T05:00:30+00:00,SPYX/USDT,SPY,778.82,773.260009765625,71.9,08-07 00:00,106898
2026-08-10T05:00:30+00:00,COINX/USDT,COIN,154.66,153.60000610351562,69.3,08-07 00:00,21279
2026-08-10T05:00:30+00:00,QQQX/USDT,QQQ,727.0,723.030029296875,54.9,08-07 00:00,63202
2026-08-10T05:00:30+00:00,AVGOX/USDT,AVGO,429.73,427.760009765625,45.9,08-07 00:00,32099
2026-08-10T05:00:30+00:00,NVDAX/USDT,NVDA,224.8,223.9600067138672,37.5,08-07 00:00,48503
2026-08-10T05:30:37+00:00,MCDX/USDT,MCD,277.62,274.4800109863281,114.6,08-07 00:00,8123
2026-08-10T05:30:37+00:00,MSTRX/USDT,MSTR,100.98,100.01000213623047,97.5,08-07 00:00,36533
2026-08-10T05:30:37+00:00,GOOGLX/USDT,GOOGL,357.26,354.29998779296875,83.5,08-07 00:00,52220
2026-08-10T05:30:37+00:00,TSLAX/USDT,TSLA,331.3,328.5799865722656,82.8,08-07 00:00,57213
2026-08-10T05:30:37+00:00,COINX/USDT,COIN,154.81,153.60000610351562,78.8,08-07 00:00,22278
2026-08-10T05:30:37+00:00,SPYX/USDT,SPY,779.13,773.260009765625,75.9,08-07 00:00,108296
2026-08-10T05:30:37+00:00,AVGOX/USDT,AVGO,430.45,427.760009765625,62.9,08-07 00:00,33393
2026-08-10T05:30:37+00:00,QQQX/USDT,QQQ,727.49,723.030029296875,61.7,08-07 00:00,64722
2026-08-10T05:30:37+00:00,NVDAX/USDT,NVDA,224.89,223.9600067138672,41.7,08-07 00:00,49327
2026-08-10T06:00:39+00:00,MSTRX/USDT,MSTR,101.16,100.01000213623047,114.5,08-07 00:00,37756
2026-08-10T06:00:39+00:00,TSLAX/USDT,TSLA,331.81,328.5799865722656,98.3,08-07 00:00,59322
2026-08-10T06:00:39+00:00,COINX/USDT,COIN,154.97,153.60000610351562,88.9,08-07 00:00,21961
2026-08-10T06:00:39+00:00,MCDX/USDT,MCD,276.86,274.4800109863281,86.7,08-07 00:00,8722
2026-08-10T06:00:39+00:00,GOOGLX/USDT,GOOGL,357.31,354.29998779296875,85.0,08-07 00:00,52129
2026-08-10T06:00:39+00:00,SPYX/USDT,SPY,779.2,773.260009765625,76.9,08-07 00:00,110793
2026-08-10T06:00:39+00:00,AVGOX/USDT,AVGO,430.69,427.760009765625,68.6,08-07 00:00,33885
2026-08-10T06:00:39+00:00,QQQX/USDT,QQQ,727.75,723.030029296875,65.2,08-07 00:00,64691
2026-08-10T06:00:39+00:00,NVDAX/USDT,NVDA,225.04,223.9600067138672,48.0,08-07 00:00,52266
2026-08-10T06:30:45+00:00,MSTRX/USDT,MSTR,101.35,100.01000213623047,134.5,08-07 00:00,39837
2026-08-10T06:30:45+00:00,MCDX/USDT,MCD,276.86,274.4800109863281,86.7,08-07 00:00,10519
2026-08-10T06:30:45+00:00,TSLAX/USDT,TSLA,331.39,328.5799865722656,85.5,08-07 00:00,59847
2026-08-10T06:30:45+00:00,COINX/USDT,COIN,154.84,153.60000610351562,81.1,08-07 00:00,22829
2026-08-10T06:30:45+00:00,GOOGLX/USDT,GOOGL,357.1,354.29998779296875,79.0,08-07 00:00,52294
2026-08-10T06:30:45+00:00,AVGOX/USDT,AVGO,431.09,427.760009765625,77.8,08-07 00:00,37010
2026-08-10T06:30:45+00:00,QQQX/USDT,QQQ,728.37,723.030029296875,73.9,08-07 00:00,67540
2026-08-10T06:30:45+00:00,SPYX/USDT,SPY,778.75,773.260009765625,71.1,08-07 00:00,116373
2026-08-10T06:30:45+00:00,NVDAX/USDT,NVDA,225.1,223.9600067138672,50.9,08-07 00:00,54346
2026-08-10T07:00:51+00:00,MSTRX/USDT,MSTR,101.65,100.01000213623047,163.5,08-07 00:00,40459
2026-08-10T07:00:51+00:00,COINX/USDT,COIN,155.31,153.60000610351562,111.7,08-07 00:00,22794
2026-08-10T07:00:51+00:00,TSLAX/USDT,TSLA,331.69,328.5799865722656,94.8,08-07 00:00,60352
2026-08-10T07:00:51+00:00,AVGOX/USDT,AVGO,431.34,427.760009765625,83.7,08-07 00:00,39385
2026-08-10T07:00:51+00:00,GOOGLX/USDT,GOOGL,357.08,354.29998779296875,78.3,08-07 00:00,51629
2026-08-10T07:00:51+00:00,SPYX/USDT,SPY,778.97,773.260009765625,73.8,08-07 00:00,129503
2026-08-10T07:00:51+00:00,QQQX/USDT,QQQ,728.08,723.030029296875,69.8,08-07 00:00,72757
2026-08-10T07:00:51+00:00,MCDX/USDT,MCD,276.03,274.4800109863281,56.7,08-07 00:00,11449
2026-08-10T07:00:51+00:00,NVDAX/USDT,NVDA,224.94,223.9600067138672,43.8,08-07 00:00,54390
2026-08-10T07:30:59+00:00,MSTRX/USDT,MSTR,101.69,100.01000213623047,168.0,08-07 00:00,41219
2026-08-10T07:30:59+00:00,COINX/USDT,COIN,155.45,153.60000610351562,120.4,08-07 00:00,24433
2026-08-10T07:30:59+00:00,TSLAX/USDT,TSLA,331.66,328.5799865722656,93.9,08-07 00:00,59492
2026-08-10T07:30:59+00:00,SPYX/USDT,SPY,779.37,773.260009765625,79.0,08-07 00:00,129621
2026-08-10T07:30:59+00:00,GOOGLX/USDT,GOOGL,357.1,354.29998779296875,78.9,08-07 00:00,52227
2026-08-10T07:30:59+00:00,QQQX/USDT,QQQ,728.51,723.030029296875,75.9,08-07 00:00,75983
2026-08-10T07:30:59+00:00,AVGOX/USDT,AVGO,430.35,427.760009765625,60.4,08-07 00:00,42410
2026-08-10T07:30:59+00:00,MCDX/USDT,MCD,275.96,274.4800109863281,53.9,08-07 00:00,12001
2026-08-10T07:30:59+00:00,NVDAX/USDT,NVDA,224.97,223.9600067138672,44.9,08-07 00:00,58548
2026-08-10T08:01:04+00:00,MSTRX/USDT,MSTR,101.5,100.01000213623047,148.5,08-07 00:00,42104
2026-08-10T08:01:04+00:00,COINX/USDT,COIN,155.45,153.60000610351562,120.4,08-07 00:00,24551
2026-08-10T08:01:04+00:00,TSLAX/USDT,TSLA,331.73,328.5799865722656,95.9,08-07 00:00,61865
2026-08-10T08:01:04+00:00,AVGOX/USDT,AVGO,431.67,427.760009765625,91.5,08-07 00:00,45556
2026-08-10T08:01:04+00:00,SPYX/USDT,SPY,779.42,773.260009765625,79.7,08-07 00:00,131848
2026-08-10T08:01:04+00:00,QQQX/USDT,QQQ,728.68,723.030029296875,78.1,08-07 00:00,79132
2026-08-10T08:01:04+00:00,GOOGLX/USDT,GOOGL,357.02,354.29998779296875,76.8,08-07 00:00,52501
2026-08-10T08:01:04+00:00,MCDX/USDT,MCD,276.5,274.4800109863281,73.4,08-07 00:00,12512
2026-08-10T08:01:04+00:00,NVDAX/USDT,NVDA,225.18,223.9600067138672,54.3,08-07 00:00,58997
2026-08-10T08:31:06+00:00,MSTRX/USDT,MSTR,101.88,100.01000213623047,186.5,08-07 00:00,43956
2026-08-10T08:31:06+00:00,COINX/USDT,COIN,156.15,153.60000610351562,165.7,08-07 00:00,25732
2026-08-10T08:31:06+00:00,AVGOX/USDT,AVGO,432.34,427.760009765625,107.1,08-07 00:00,50837
2026-08-10T08:31:06+00:00,TSLAX/USDT,TSLA,331.97,328.5799865722656,103.0,08-07 00:00,65205
2026-08-10T08:31:06+00:00,GOOGLX/USDT,GOOGL,357.39,354.29998779296875,87.4,08-07 00:00,52856
2026-08-10T08:31:06+00:00,QQQX/USDT,QQQ,728.65,723.030029296875,77.8,08-07 00:00,80242
2026-08-10T08:31:06+00:00,SPYX/USDT,SPY,779.24,773.260009765625,77.3,08-07 00:00,133928
2026-08-10T08:31:06+00:00,MCDX/USDT,MCD,276.03,274.4800109863281,56.7,08-07 00:00,13962
2026-08-10T08:31:06+00:00,NVDAX/USDT,NVDA,225.16,223.9600067138672,53.4,08-07 00:00,59872
2026-08-10T09:01:15+00:00,MSTRX/USDT,MSTR,101.58,100.01000213623047,157.0,08-07 00:00,44805
2026-08-10T09:01:15+00:00,COINX/USDT,COIN,155.8,153.60000610351562,143.2,08-07 00:00,27187
2026-08-10T09:01:15+00:00,TSLAX/USDT,TSLA,332.56,328.5799865722656,121.0,08-07 00:00,69123
2026-08-10T09:01:15+00:00,AVGOX/USDT,AVGO,432.15,427.760009765625,102.7,08-07 00:00,53057
2026-08-10T09:01:15+00:00,GOOGLX/USDT,GOOGL,357.5,354.29998779296875,90.5,08-07 00:00,52931
2026-08-10T09:01:15+00:00,QQQX/USDT,QQQ,728.83,723.030029296875,80.2,08-07 00:00,82066
2026-08-10T09:01:15+00:00,SPYX/USDT,SPY,779.07,773.260009765625,75.1,08-07 00:00,136717
2026-08-10T09:01:15+00:00,MCDX/USDT,MCD,275.96,274.4800109863281,53.9,08-07 00:00,14223
2026-08-10T09:01:15+00:00,NVDAX/USDT,NVDA,225.12,223.9600067138672,52.0,08-07 00:00,61987
2026-08-10T09:31:12+00:00,MSTRX/USDT,MSTR,101.42,100.01000213623047,141.0,08-07 00:00,45883
2026-08-10T09:31:12+00:00,COINX/USDT,COIN,155.59,153.60000610351562,129.6,08-07 00:00,28809
2026-08-10T09:31:12+00:00,TSLAX/USDT,TSLA,332.62,328.5799865722656,123.1,08-07 00:00,70538
2026-08-10T09:31:12+00:00,AVGOX/USDT,AVGO,432.78,427.760009765625,117.4,08-07 00:00,53954
2026-08-10T09:31:12+00:00,GOOGLX/USDT,GOOGL,357.55,354.29998779296875,91.6,08-07 00:00,53308
2026-08-10T09:31:12+00:00,QQQX/USDT,QQQ,729.0,723.030029296875,82.6,08-07 00:00,83395
2026-08-10T09:31:12+00:00,SPYX/USDT,SPY,779.1,773.260009765625,75.5,08-07 00:00,139041
2026-08-10T09:31:12+00:00,MCDX/USDT,MCD,276.02,274.4800109863281,56.1,08-07 00:00,14914
2026-08-10T09:31:12+00:00,NVDAX/USDT,NVDA,225.09,223.9600067138672,50.7,08-07 00:00,65042
2026-08-10T10:00:19+00:00,AVGOX/USDT,AVGO,432.67,427.760009765625,114.8,08-07 00:00,54411
2026-08-10T10:00:19+00:00,TSLAX/USDT,TSLA,332.01,328.5799865722656,104.4,08-07 00:00,75191
2026-08-10T10:00:19+00:00,GOOGLX/USDT,GOOGL,357.5,354.29998779296875,90.5,08-07 00:00,53976
2026-08-10T10:00:19+00:00,COINX/USDT,COIN,154.75,153.60000610351562,75.2,08-07 00:00,29901
2026-08-10T10:00:19+00:00,SPYX/USDT,SPY,779.01,773.260009765625,74.4,08-07 00:00,140903
2026-08-10T10:00:19+00:00,QQQX/USDT,QQQ,728.27,723.030029296875,72.5,08-07 00:00,89094
2026-08-10T10:00:19+00:00,MSTRX/USDT,MSTR,100.73,100.01000213623047,72.0,08-07 00:00,47683
2026-08-10T10:00:19+00:00,MCDX/USDT,MCD,276.02,274.4800109863281,56.1,08-07 00:00,17571
2026-08-10T10:00:19+00:00,NVDAX/USDT,NVDA,224.94,223.9600067138672,43.5,08-07 00:00,67366
2026-08-10T10:30:29+00:00,GOOGLX/USDT,GOOGL,358.75,354.29998779296875,125.6,08-07 00:00,54820
2026-08-10T10:30:29+00:00,MSTRX/USDT,MSTR,101.09,100.01000213623047,107.5,08-07 00:00,47863
2026-08-10T10:30:29+00:00,TSLAX/USDT,TSLA,331.75,328.5799865722656,96.5,08-07 00:00,81720
2026-08-10T10:30:29+00:00,AVGOX/USDT,AVGO,431.86,427.760009765625,95.7,08-07 00:00,57589
2026-08-10T10:30:29+00:00,COINX/USDT,COIN,155.01,153.60000610351562,92.1,08-07 00:00,32110
2026-08-10T10:30:29+00:00,MCDX/USDT,MCD,276.67,274.4800109863281,79.8,08-07 00:00,19635
2026-08-10T10:30:29+00:00,SPYX/USDT,SPY,779.26,773.260009765625,77.6,08-07 00:00,154493
2026-08-10T10:30:29+00:00,QQQX/USDT,QQQ,728.26,723.030029296875,72.3,08-07 00:00,94197
2026-08-10T10:30:29+00:00,NVDAX/USDT,NVDA,225.14,223.9600067138672,52.9,08-07 00:00,69256
2026-08-10T10:30:29+00:00,AAPLX/USDT,AAPL,314.36,313.3299865722656,32.9,08-07 00:00,81917
2026-08-10T10:30:29+00:00,AMZNX/USDT,AMZN,275.33,274.4800109863281,31.0,08-07 00:00,14018
2026-08-10T11:00:26+00:00,MCDX/USDT,MCD,278.15,274.4800109863281,133.7,08-07 00:00,20035
2026-08-10T11:00:26+00:00,GOOGLX/USDT,GOOGL,358.07,354.29998779296875,106.4,08-07 00:00,56566
2026-08-10T11:00:26+00:00,TSLAX/USDT,TSLA,332.03,328.5799865722656,105.0,08-07 00:00,82047
2026-08-10T11:00:26+00:00,AAPLX/USDT,AAPL,310.27,313.3299865722656,-97.5,08-07 00:00,99822
2026-08-10T11:00:26+00:00,COINX/USDT,COIN,155.09,153.60000610351562,97.3,08-07 00:00,32732
2026-08-10T11:00:26+00:00,AVGOX/USDT,AVGO,431.48,427.760009765625,86.8,08-07 00:00,58539
2026-08-10T11:00:26+00:00,MSTRX/USDT,MSTR,100.81,100.01000213623047,80.5,08-07 00:00,49655
2026-08-10T11:00:26+00:00,SPYX/USDT,SPY,779.09,773.260009765625,75.3,08-07 00:00,155807
2026-08-10T11:00:26+00:00,QQQX/USDT,QQQ,727.7,723.030029296875,64.7,08-07 00:00,95074
2026-08-10T11:00:26+00:00,NVDAX/USDT,NVDA,225.17,223.9600067138672,53.8,08-07 00:00,69987
2026-08-10T11:00:26+00:00,AMZNX/USDT,AMZN,275.45,274.4800109863281,35.3,08-07 00:00,14133
2026-08-10T11:30:34+00:00,COINX/USDT,COIN,155.4,153.60000610351562,117.2,08-07 00:00,35168
2026-08-10T11:30:34+00:00,GOOGLX/USDT,GOOGL,358.29,354.29998779296875,112.8,08-07 00:00,57517
2026-08-10T11:30:34+00:00,AAPLX/USDT,AAPL,310.36,313.3299865722656,-94.9,08-07 00:00,101120
2026-08-10T11:30:34+00:00,AVGOX/USDT,AVGO,431.19,427.760009765625,80.3,08-07 00:00,59297
2026-08-10T11:30:34+00:00,MCDX/USDT,MCD,276.67,274.4800109863281,79.6,08-07 00:00,20147
2026-08-10T11:30:34+00:00,MSTRX/USDT,MSTR,100.79,100.01000213623047,78.0,08-07 00:00,55721
2026-08-10T11:30:34+00:00,TSLAX/USDT,TSLA,331.13,328.5799865722656,77.6,08-07 00:00,85530
2026-08-10T11:30:34+00:00,AMZNX/USDT,AMZN,276.16,274.4800109863281,61.2,08-07 00:00,14544
2026-08-10T11:30:34+00:00,QQQX/USDT,QQQ,727.22,723.030029296875,57.9,08-07 00:00,98917
2026-08-10T11:30:34+00:00,SPYX/USDT,SPY,777.71,773.260009765625,57.5,08-07 00:00,768672
2026-08-10T11:30:34+00:00,NVDAX/USDT,NVDA,224.76,223.9600067138672,35.7,08-07 00:00,71040
2026-08-10T12:00:38+00:00,MCDX/USDT,MCD,278.42,274.4800109863281,143.5,08-07 00:00,21031
2026-08-10T12:00:38+00:00,GOOGLX/USDT,GOOGL,357.99,354.29998779296875,104.1,08-07 00:00,58362
2026-08-10T12:00:38+00:00,COINX/USDT,COIN,155.18,153.60000610351562,102.5,08-07 00:00,37661
2026-08-10T12:00:38+00:00,AVGOX/USDT,AVGO,431.15,427.760009765625,79.2,08-07 00:00,60749
2026-08-10T12:00:38+00:00,AAPLX/USDT,AAPL,310.97,313.3299865722656,-75.5,08-07 00:00,102933
2026-08-10T12:00:38+00:00,TSLAX/USDT,TSLA,330.72,328.5799865722656,65.1,08-07 00:00,87101
2026-08-10T12:00:38+00:00,MSTRX/USDT,MSTR,100.66,100.01000213623047,65.0,08-07 00:00,50680
2026-08-10T12:00:38+00:00,SPYX/USDT,SPY,778.02,773.260009765625,61.6,08-07 00:00,756545
2026-08-10T12:00:38+00:00,QQQX/USDT,QQQ,726.5,723.030029296875,48.0,08-07 00:00,99771
2026-08-10T12:00:38+00:00,AMZNX/USDT,AMZN,275.77,274.4800109863281,47.0,08-07 00:00,14450
2026-08-10T12:30:41+00:00,MCDX/USDT,MCD,278.52,274.4800109863281,147.4,08-07 00:00,21930
2026-08-10T12:30:41+00:00,GOOGLX/USDT,GOOGL,357.97,354.29998779296875,103.6,08-07 00:00,33326
2026-08-10T12:30:41+00:00,AAPLX/USDT,AAPL,310.62,313.3299865722656,-86.5,08-07 00:00,104189
2026-08-10T12:30:41+00:00,SPYX/USDT,SPY,777.89,773.260009765625,59.9,08-07 00:00,781815
2026-08-10T12:30:41+00:00,COINX/USDT,COIN,154.46,153.60000610351562,56.0,08-07 00:00,65211
2026-08-10T12:30:41+00:00,AVGOX/USDT,AVGO,430.14,427.760009765625,55.8,08-07 00:00,66609
2026-08-10T12:30:41+00:00,QQQX/USDT,QQQ,725.22,723.030029296875,30.3,08-07 00:00,102546
2026-08-10T13:00:46+00:00,MCDX/USDT,MCD,278.85,274.4800109863281,159.0,08-07 00:00,22906
2026-08-10T13:00:46+00:00,AAPLX/USDT,AAPL,310.12,313.3299865722656,-102.4,08-07 00:00,104887
2026-08-10T13:00:46+00:00,GOOGLX/USDT,GOOGL,357.12,354.29998779296875,79.5,08-07 00:00,77861
2026-08-10T13:00:46+00:00,SPYX/USDT,SPY,777.71,773.260009765625,57.5,08-07 00:00,784267
2026-08-10T13:00:46+00:00,MSTRX/USDT,MSTR,99.47,100.01000213623047,-54.0,08-07 00:00,60923
2026-08-10T13:00:46+00:00,AVGOX/USDT,AVGO,429.5,427.760009765625,40.8,08-07 00:00,67337
2026-08-10T13:00:46+00:00,NVDAX/USDT,NVDA,223.2,223.9600067138672,-33.7,08-07 00:00,74739
2026-08-10T13:30:50+00:00,MCDX/USDT,MCD,278.82,274.57000732421875,154.8,08-10 00:00,23300
2026-08-10T13:30:50+00:00,SPYX/USDT,SPY,777.63,773.010009765625,59.8,08-10 00:00,790491
2026-08-10T13:30:50+00:00,AAPLX/USDT,AAPL,308.04,306.5398864746094,49.1,08-10 00:00,107088
2026-08-10T13:30:50+00:00,MSTRX/USDT,MSTR,100.06,99.59500122070312,47.2,08-10 00:00,64842
2026-08-10T13:30:50+00:00,GOOGLX/USDT,GOOGL,356.57,354.9849853515625,44.7,08-10 00:00,78877
2026-08-10T13:30:50+00:00,QQQX/USDT,QQQ,725.01,722.6099853515625,33.2,08-10 00:00,111145
2026-08-10T14:00:55+00:00,MCDX/USDT,MCD,278.9,272.29998779296875,242.4,08-10 00:00,24117
2026-08-10T14:00:55+00:00,SPYX/USDT,SPY,778.33,773.5499877929688,61.7,08-10 00:00,826691
2026-08-10T14:00:55+00:00,AVGOX/USDT,AVGO,430.81,428.4750061035156,54.6,08-10 00:00,101695
2026-08-10T14:00:55+00:00,GOOGLX/USDT,GOOGL,355.36,353.67498779296875,47.6,08-10 00:00,86321
2026-08-10T14:00:55+00:00,AAPLX/USDT,AAPL,307.77,306.7200012207031,34.2,08-10 00:00,106996
2026-08-10T14:00:55+00:00,QQQX/USDT,QQQ,724.68,722.4099731445312,31.4,08-10 00:00,119780
2026-08-10T14:30:55+00:00,MCDX/USDT,MCD,278.51,272.4150085449219,223.9,08-10 00:00,27891
2026-08-10T14:30:55+00:00,SPYX/USDT,SPY,779.46,774.47998046875,64.4,08-10 00:00,837607
2026-08-10T14:30:55+00:00,AVGOX/USDT,AVGO,432.7,430.5400085449219,50.2,08-10 00:00,105834
2026-08-10T14:30:55+00:00,AAPLX/USDT,AAPL,308.21,307.1099853515625,35.8,08-10 00:00,108478
2026-08-10T14:30:55+00:00,QQQX/USDT,QQQ,726.08,723.75,32.1,08-10 00:00,122101
2026-08-10T15:01:01+00:00,MCDX/USDT,MCD,278.63,273.7900085449219,176.8,08-10 00:00,29504
2026-08-10T15:01:01+00:00,SPYX/USDT,SPY,778.58,773.3599853515625,67.5,08-10 00:00,851471
2026-08-10T15:01:01+00:00,AVGOX/USDT,AVGO,428.03,425.5299987792969,58.8,08-10 00:00,109610
2026-08-10T15:01:01+00:00,QQQX/USDT,QQQ,724.62,721.7698974609375,39.6,08-10 00:00,123964
2026-08-10T15:01:01+00:00,AAPLX/USDT,AAPL,307.98,306.9200134277344,34.4,08-10 00:00,112474
2026-08-10T15:01:01+00:00,MSTRX/USDT,MSTR,99.35,99.04000091552734,31.3,08-10 00:00,106096
2026-08-10T15:32:18+00:00,MCDX/USDT,MCD,278.52,273.7099914550781,175.9,08-10 00:00,29842
2026-08-10T15:32:18+00:00,SPYX/USDT,SPY,779.04,773.4849853515625,71.8,08-10 00:00,933526
2026-08-10T15:32:18+00:00,AVGOX/USDT,AVGO,426.65,424.5899963378906,48.6,08-10 00:00,111587
2026-08-10T15:32:18+00:00,QQQX/USDT,QQQ,724.01,721.22998046875,38.6,08-10 00:00,129091
2026-08-10T15:32:18+00:00,AAPLX/USDT,AAPL,307.57,306.54998779296875,33.4,08-10 00:00,113147
2026-08-10T15:32:18+00:00,GOOGLX/USDT,GOOGL,355.86,354.6700134277344,33.4,08-10 00:00,123724
2026-08-10T16:33:10+00:00,MCDX/USDT,MCD,277.15,272.67999267578125,164.1,08-10 00:00,34038
2026-08-10T16:33:10+00:00,AVGOX/USDT,AVGO,426.67,423.67999267578125,70.7,08-10 00:00,123632
2026-08-10T16:33:10+00:00,SPYX/USDT,SPY,778.04,772.6900024414062,69.2,08-10 00:00,1050284
2026-08-10T16:33:10+00:00,AAPLX/USDT,AAPL,306.52,305.3900146484375,37.2,08-10 00:00,112538
2026-08-10T16:33:10+00:00,QQQX/USDT,QQQ,724.23,721.594970703125,36.5,08-10 00:00,136762
2026-08-10T17:01:09+00:00,MCDX/USDT,MCD,278.8,272.92999267578125,215.3,08-10 00:00,37669
2026-08-10T17:01:09+00:00,SPYX/USDT,SPY,778.1,772.9949951171875,66.0,08-10 00:00,1093082
2026-08-10T17:01:09+00:00,AVGOX/USDT,AVGO,423.69,422.0299987792969,39.3,08-10 00:00,126489
2026-08-10T17:01:09+00:00,AAPLX/USDT,AAPL,307.37,306.260009765625,36.2,08-10 00:00,113051
2026-08-10T17:01:09+00:00,QQQX/USDT,QQQ,724.17,721.8099975585938,32.7,08-10 00:00,141413
2026-08-10T17:30:19+00:00,MCDX/USDT,MCD,276.83,272.05999755859375,175.3,08-10 00:00,38192
2026-08-10T17:30:19+00:00,SPYX/USDT,SPY,778.22,773.1699829101562,65.3,08-10 00:00,1116229
2026-08-10T17:30:19+00:00,AVGOX/USDT,AVGO,425.32,423.0899963378906,52.6,08-10 00:00,130158
2026-08-10T17:30:19+00:00,AAPLX/USDT,AAPL,307.65,306.45001220703125,39.2,08-10 00:00,113699
2026-08-10T17:30:19+00:00,QQQX/USDT,QQQ,724.65,721.97998046875,37.1,08-10 00:00,144351
2026-08-10T18:00:21+00:00,MCDX/USDT,MCD,276.85,272.0201110839844,177.6,08-10 00:00,38620
2026-08-10T18:00:21+00:00,SPYX/USDT,SPY,777.96,772.8574829101562,66.1,08-10 00:00,1132982
2026-08-10T18:00:21+00:00,AVGOX/USDT,AVGO,426.25,423.7460021972656,59.2,08-10 00:00,132678
2026-08-10T18:00:21+00:00,AAPLX/USDT,AAPL,307.81,306.7550048828125,34.6,08-10 00:00,113409
2026-08-10T18:00:21+00:00,QQQX/USDT,QQQ,723.86,721.4600219726562,33.3,08-10 00:00,148723
2026-08-10T18:30:29+00:00,MCDX/USDT,MCD,276.85,272.010009765625,177.9,08-10 00:00,38895
2026-08-10T18:30:29+00:00,SPYX/USDT,SPY,777.83,772.4299926757812,69.8,08-10 00:00,1132487
2026-08-10T18:30:29+00:00,AVGOX/USDT,AVGO,425.75,423.82000732421875,45.5,08-10 00:00,135851
2026-08-10T18:30:29+00:00,AAPLX/USDT,AAPL,307.91,306.79998779296875,36.2,08-10 00:00,113232
2026-08-10T18:30:29+00:00,QQQX/USDT,QQQ,723.59,720.97998046875,36.1,08-10 00:00,150595
2026-08-10T19:00:37+00:00,MCDX/USDT,MCD,275.78,271.3399963378906,163.6,08-10 00:00,40683
2026-08-10T19:00:37+00:00,SPYX/USDT,SPY,778.92,773.1749877929688,74.4,08-10 00:00,1150823
2026-08-10T19:00:37+00:00,AVGOX/USDT,AVGO,426.41,424.6099853515625,42.5,08-10 00:00,139415
2026-08-10T19:00:37+00:00,AAPLX/USDT,AAPL,308.26,307.1099853515625,37.4,08-10 00:00,113275
2026-08-10T19:00:37+00:00,QQQX/USDT,QQQ,724.19,721.9254150390625,31.4,08-10 00:00,154539
2026-08-10T19:30:38+00:00,MCDX/USDT,MCD,275.63,271.95989990234375,135.1,08-10 00:00,41920
2026-08-10T19:30:38+00:00,SPYX/USDT,SPY,778.17,772.8800048828125,68.5,08-10 00:00,1158793
2026-08-10T19:30:38+00:00,AVGOX/USDT,AVGO,427.38,424.7799987792969,61.2,08-10 00:00,143375
2026-08-10T19:30:38+00:00,AAPLX/USDT,AAPL,308.44,307.20001220703125,40.4,08-10 00:00,113595
2026-08-10T19:30:38+00:00,QQQX/USDT,QQQ,724.41,721.77001953125,36.6,08-10 00:00,155478
2026-08-10T20:00:39+00:00,AVGOX/USDT,AVGO,425.9,422.3999938964844,82.9,08-10 00:00,144986
2026-08-10T20:00:39+00:00,MCDX/USDT,MCD,275.73,273.6700134277344,75.3,08-10 00:00,45577
2026-08-10T20:00:39+00:00,SPYX/USDT,SPY,778.16,773.0499877929688,66.1,08-10 00:00,1168761
2026-08-10T20:00:39+00:00,COINX/USDT,COIN,149.28,148.67999267578125,40.7,08-10 00:00,159222
2026-08-10T20:00:39+00:00,QQQX/USDT,QQQ,723.47,720.8699951171875,36.1,08-10 00:00,159420
2026-08-10T20:30:46+00:00,MCDX/USDT,MCD,277.45,273.7200012207031,136.3,08-10 00:00,47923
2026-08-10T20:30:46+00:00,NVDAX/USDT,NVDA,219.22,217.5500030517578,76.8,08-10 00:00,168552
2026-08-10T20:30:46+00:00,SPYX/USDT,SPY,777.93,773.030029296875,63.4,08-10 00:00,1172304
2026-08-10T20:30:46+00:00,AVGOX/USDT,AVGO,424.69,422.3999938964844,54.1,08-10 00:00,147186
2026-08-10T20:30:46+00:00,COINX/USDT,COIN,149.4,148.67999267578125,48.4,08-10 00:00,160998
2026-08-10T20:30:46+00:00,QQQX/USDT,QQQ,723.53,720.8699951171875,36.9,08-10 00:00,159954
2026-08-10T21:31:02+00:00,MCDX/USDT,MCD,278.06,273.7200012207031,158.7,08-10 00:00,49943
2026-08-10T21:31:02+00:00,NVDAX/USDT,NVDA,219.08,217.5500030517578,70.3,08-10 00:00,175152
2026-08-10T21:31:02+00:00,SPYX/USDT,SPY,778.2,773.030029296875,66.9,08-10 00:00,1189753
2026-08-10T21:31:02+00:00,COINX/USDT,COIN,149.44,148.67999267578125,50.8,08-10 00:00,164119
2026-08-10T21:31:02+00:00,AVGOX/USDT,AVGO,424.5,422.3999938964844,49.8,08-10 00:00,150767
2026-08-10T21:31:02+00:00,QQQX/USDT,QQQ,723.88,720.8699951171875,41.7,08-10 00:00,168834
2026-08-10T22:01:08+00:00,MCDX/USDT,MCD,277.06,273.7200012207031,122.0,08-10 00:00,50720
2026-08-10T22:01:08+00:00,NVDAX/USDT,NVDA,219.38,217.5500030517578,83.9,08-10 00:00,175523
2026-08-10T22:01:08+00:00,SPYX/USDT,SPY,778.32,773.030029296875,68.4,08-10 00:00,1176671
2026-08-10T22:01:08+00:00,QQQX/USDT,QQQ,724.14,720.8699951171875,45.4,08-10 00:00,148623
2026-08-10T22:01:08+00:00,COINX/USDT,COIN,149.32,148.67999267578125,43.4,08-10 00:00,166261
2026-08-10T22:01:08+00:00,AVGOX/USDT,AVGO,424.06,422.3999938964844,39.4,08-10 00:00,153054
2026-08-10T22:31:09+00:00,MCDX/USDT,MCD,277.07,273.7200012207031,122.4,08-10 00:00,51359
2026-08-10T22:31:09+00:00,NVDAX/USDT,NVDA,219.11,217.5500030517578,71.5,08-10 00:00,177301
2026-08-10T22:31:09+00:00,SPYX/USDT,SPY,777.91,773.030029296875,63.1,08-10 00:00,1182209
2026-08-10T22:31:09+00:00,AVGOX/USDT,AVGO,424.9,422.3999938964844,59.2,08-10 00:00,155661
2026-08-10T22:31:09+00:00,COINX/USDT,COIN,149.31,148.67999267578125,42.0,08-10 00:00,168701
2026-08-10T22:31:09+00:00,QQQX/USDT,QQQ,723.49,720.8699951171875,36.3,08-10 00:00,147692
2026-08-10T23:00:14+00:00,MCDX/USDT,MCD,277.12,273.7200012207031,124.4,08-10 00:00,51867
2026-08-10T23:00:14+00:00,NVDAX/USDT,NVDA,219.0,217.5500030517578,66.4,08-10 00:00,179411
2026-08-10T23:00:14+00:00,SPYX/USDT,SPY,777.8,773.030029296875,61.6,08-10 00:00,1184353
2026-08-10T23:00:14+00:00,AVGOX/USDT,AVGO,424.5,422.3999938964844,49.7,08-10 00:00,158322
2026-08-10T23:00:14+00:00,AMZNX/USDT,AMZN,277.18,278.0899963378906,-32.7,08-10 00:00,137787
2026-08-10T23:00:14+00:00,QQQX/USDT,QQQ,723.07,720.8699951171875,30.4,08-10 00:00,153210
2026-08-10T23:30:22+00:00,MCDX/USDT,MCD,277.92,273.7200012207031,153.4,08-10 00:00,51685
2026-08-10T23:30:22+00:00,NVDAX/USDT,NVDA,218.84,217.5500030517578,59.3,08-10 00:00,180159
2026-08-10T23:30:22+00:00,SPYX/USDT,SPY,777.53,773.030029296875,58.2,08-10 00:00,1189539
2026-08-10T23:30:22+00:00,AVGOX/USDT,AVGO,424.66,422.3999938964844,53.5,08-10 00:00,161318
2026-08-10T23:30:22+00:00,AMZNX/USDT,AMZN,276.98,278.0899963378906,-39.9,08-10 00:00,136276
2026-08-11T00:00:26+00:00,MCDX/USDT,MCD,276.81,273.7200012207031,113.1,08-10 00:00,52382
2026-08-11T00:00:26+00:00,SPYX/USDT,SPY,777.59,773.030029296875,58.9,08-10 00:00,1194462
2026-08-11T00:00:26+00:00,AVGOX/USDT,AVGO,424.68,422.3999938964844,54.1,08-10 00:00,164890
2026-08-11T00:00:26+00:00,NVDAX/USDT,NVDA,218.5,217.5500030517578,43.9,08-10 00:00,187921
2026-08-11T00:00:26+00:00,AMZNX/USDT,AMZN,277.11,278.0899963378906,-35.4,08-10 00:00,136351
2026-08-11T00:30:34+00:00,MCDX/USDT,MCD,276.48,273.7200012207031,100.8,08-10 00:00,53945
2026-08-11T00:30:34+00:00,SPYX/USDT,SPY,778.13,773.030029296875,66.0,08-10 00:00,1191172
2026-08-11T00:30:34+00:00,AVGOX/USDT,AVGO,425.15,422.3999938964844,65.1,08-10 00:00,147319
2026-08-11T00:30:34+00:00,NVDAX/USDT,NVDA,218.81,217.5500030517578,58.1,08-10 00:00,188188
2026-08-11T00:30:34+00:00,COINX/USDT,COIN,149.32,148.67999267578125,43.4,08-10 00:00,174486
2026-08-11T00:30:34+00:00,QQQX/USDT,QQQ,723.94,720.8699951171875,42.7,08-10 00:00,161354
2026-08-11T00:30:34+00:00,AMZNX/USDT,AMZN,277.2,278.0899963378906,-32.0,08-10 00:00,135798
2026-08-11T01:00:36+00:00,MCDX/USDT,MCD,276.09,273.7200012207031,86.6,08-10 00:00,55358
2026-08-11T01:00:36+00:00,AVGOX/USDT,AVGO,425.78,422.3999938964844,80.1,08-10 00:00,148908
2026-08-11T01:00:36+00:00,SPYX/USDT,SPY,778.41,773.030029296875,69.6,08-10 00:00,1196752
2026-08-11T01:00:36+00:00,NVDAX/USDT,NVDA,218.95,217.5500030517578,64.6,08-10 00:00,189324
2026-08-11T01:00:36+00:00,QQQX/USDT,QQQ,724.6,720.8699951171875,51.7,08-10 00:00,159200
2026-08-11T01:00:36+00:00,COINX/USDT,COIN,149.31,148.67999267578125,42.7,08-10 00:00,173607
2026-08-11T02:01:03+00:00,AVGOX/USDT,AVGO,426.89,422.3999938964844,106.3,08-10 00:00,151113
2026-08-11T02:01:03+00:00,MCDX/USDT,MCD,276.09,273.7200012207031,86.6,08-10 00:00,55730
2026-08-11T02:01:03+00:00,NVDAX/USDT,NVDA,219.42,217.5500030517578,85.7,08-10 00:00,193066
2026-08-11T02:01:03+00:00,SPYX/USDT,SPY,779.11,773.030029296875,78.7,08-10 00:00,1199274
2026-08-11T02:01:03+00:00,QQQX/USDT,QQQ,725.46,720.8699951171875,63.7,08-10 00:00,154952
2026-08-11T02:01:03+00:00,AAPLX/USDT,AAPL,309.94,308.260009765625,54.3,08-10 00:00,102071
2026-08-11T02:01:03+00:00,COINX/USDT,COIN,149.37,148.67999267578125,46.4,08-10 00:00,171590
2026-08-11T02:31:02+00:00,NVDAX/USDT,NVDA,219.57,217.5500030517578,93.1,08-10 00:00,191285
2026-08-11T02:31:02+00:00,AVGOX/USDT,AVGO,426.06,422.3999938964844,86.5,08-10 00:00,152893
2026-08-11T02:31:02+00:00,MCDX/USDT,MCD,276.0,273.7200012207031,83.5,08-10 00:00,57265
2026-08-11T02:31:02+00:00,SPYX/USDT,SPY,779.16,773.030029296875,79.4,08-10 00:00,1197310
2026-08-11T02:31:02+00:00,QQQX/USDT,QQQ,725.4,720.8699951171875,62.9,08-10 00:00,150991
2026-08-11T02:31:02+00:00,AAPLX/USDT,AAPL,310.06,308.260009765625,58.6,08-10 00:00,102121
2026-08-11T02:31:02+00:00,COINX/USDT,COIN,149.42,148.67999267578125,49.8,08-10 00:00,172333
2026-08-11T02:31:02+00:00,GOOGLX/USDT,GOOGL,358.6,357.5199890136719,30.2,08-10 00:00,159345
2026-08-11T03:01:17+00:00,AVGOX/USDT,AVGO,426.29,422.3999938964844,92.0,08-10 00:00,153766
2026-08-11T03:01:17+00:00,NVDAX/USDT,NVDA,219.31,217.5500030517578,81.1,08-10 00:00,193659
2026-08-11T03:01:17+00:00,SPYX/USDT,SPY,779.07,773.030029296875,78.1,08-10 00:00,1198774
2026-08-11T03:01:17+00:00,MCDX/USDT,MCD,275.69,273.7200012207031,72.2,08-10 00:00,57047
2026-08-11T03:01:17+00:00,QQQX/USDT,QQQ,725.45,720.8699951171875,63.6,08-10 00:00,149402
2026-08-11T03:01:17+00:00,AAPLX/USDT,AAPL,309.99,308.260009765625,56.1,08-10 00:00,102842
2026-08-11T03:01:17+00:00,COINX/USDT,COIN,149.43,148.67999267578125,50.4,08-10 00:00,171511
2026-08-11T03:01:17+00:00,GOOGLX/USDT,GOOGL,358.71,357.5199890136719,33.3,08-10 00:00,159256
2026-08-11T03:31:21+00:00,AVGOX/USDT,AVGO,426.02,422.3999938964844,85.7,08-10 00:00,155659
2026-08-11T03:31:21+00:00,SPYX/USDT,SPY,779.32,773.030029296875,81.3,08-10 00:00,1198238
2026-08-11T03:31:21+00:00,NVDAX/USDT,NVDA,219.31,217.5500030517578,80.7,08-10 00:00,192210
2026-08-11T03:31:21+00:00,MCDX/USDT,MCD,275.57,273.7200012207031,67.8,08-10 00:00,57478
2026-08-11T03:31:21+00:00,QQQX/USDT,QQQ,725.74,720.8699951171875,67.5,08-10 00:00,147316
2026-08-11T03:31:21+00:00,COINX/USDT,COIN,149.67,148.67999267578125,66.6,08-10 00:00,172295
2026-08-11T03:31:21+00:00,AAPLX/USDT,AAPL,310.09,308.260009765625,59.2,08-10 00:00,103777
2026-08-11T03:31:21+00:00,MSTRX/USDT,MSTR,97.78,97.33000183105469,45.7,08-10 00:00,180583
2026-08-11T03:31:21+00:00,GOOGLX/USDT,GOOGL,358.91,357.5199890136719,39.0,08-10 00:00,159041
2026-08-11T04:00:38+00:00,AVGOX/USDT,AVGO,426.87,422.3999938964844,105.8,08-10 00:00,155176
2026-08-11T04:00:38+00:00,NVDAX/USDT,NVDA,219.42,217.5500030517578,86.0,08-10 00:00,192567
2026-08-11T04:00:38+00:00,SPYX/USDT,SPY,779.3,773.030029296875,81.1,08-10 00:00,1201549
2026-08-11T04:00:38+00:00,QQQX/USDT,QQQ,725.86,720.8699951171875,69.2,08-10 00:00,147584
2026-08-11T04:00:38+00:00,MCDX/USDT,MCD,275.61,273.7200012207031,68.9,08-10 00:00,58531
2026-08-11T04:00:38+00:00,COINX/USDT,COIN,149.68,148.67999267578125,66.9,08-10 00:00,172239
2026-08-11T04:00:38+00:00,AAPLX/USDT,AAPL,310.15,308.260009765625,61.5,08-10 00:00,106697
2026-08-11T04:00:38+00:00,MSTRX/USDT,MSTR,97.75,97.33000183105469,43.7,08-10 00:00,182060
2026-08-11T04:00:38+00:00,TSLAX/USDT,TSLA,332.06,330.8800048828125,35.7,08-10 00:00,366475
2026-08-11T04:00:38+00:00,GOOGLX/USDT,GOOGL,358.73,357.5199890136719,33.7,08-10 00:00,159045
2026-08-11T04:30:45+00:00,AVGOX/USDT,AVGO,426.61,422.3999938964844,99.7,08-10 00:00,153940
2026-08-11T04:30:45+00:00,NVDAX/USDT,NVDA,219.53,217.5500030517578,91.2,08-10 00:00,182500
2026-08-11T04:30:45+00:00,SPYX/USDT,SPY,779.34,773.030029296875,81.6,08-10 00:00,1208999
2026-08-11T04:30:45+00:00,QQQX/USDT,QQQ,726.15,720.8699951171875,73.2,08-10 00:00,147744
2026-08-11T04:30:45+00:00,MCDX/USDT,MCD,275.61,273.7200012207031,68.9,08-10 00:00,58377
2026-08-11T04:30:45+00:00,COINX/USDT,COIN,149.68,148.67999267578125,66.9,08-10 00:00,173395
2026-08-11T04:30:45+00:00,AAPLX/USDT,AAPL,310.12,308.260009765625,60.3,08-10 00:00,110093
2026-08-11T04:30:45+00:00,MSTRX/USDT,MSTR,97.79,97.33000183105469,47.8,08-10 00:00,182883
2026-08-11T04:30:45+00:00,TSLAX/USDT,TSLA,332.24,330.8800048828125,41.0,08-10 00:00,372797
2026-08-11T05:00:50+00:00,AVGOX/USDT,AVGO,426.65,422.3999938964844,100.7,08-10 00:00,157011
2026-08-11T05:00:50+00:00,NVDAX/USDT,NVDA,219.6,217.5500030517578,94.2,08-10 00:00,185194
2026-08-11T05:00:50+00:00,SPYX/USDT,SPY,779.2,773.030029296875,79.9,08-10 00:00,1211769
2026-08-11T05:00:50+00:00,QQQX/USDT,QQQ,725.93,720.8699951171875,70.3,08-10 00:00,149983
2026-08-11T05:00:50+00:00,MCDX/USDT,MCD,275.41,273.7200012207031,61.9,08-10 00:00,58535
2026-08-11T05:00:50+00:00,COINX/USDT,COIN,149.57,148.67999267578125,60.2,08-10 00:00,172378
2026-08-11T05:00:50+00:00,AAPLX/USDT,AAPL,310.09,308.260009765625,59.4,08-10 00:00,111705
2026-08-11T05:00:50+00:00,TSLAX/USDT,TSLA,331.89,330.8800048828125,30.5,08-10 00:00,371988
2026-08-11T05:30:55+00:00,MCDX/USDT,MCD,276.11,273.7200012207031,87.3,08-10 00:00,58612
2026-08-11T05:30:55+00:00,NVDAX/USDT,NVDA,219.31,217.5500030517578,81.1,08-10 00:00,186824
2026-08-11T05:30:55+00:00,SPYX/USDT,SPY,779.13,773.030029296875,78.9,08-10 00:00,1216761
2026-08-11T05:30:55+00:00,AVGOX/USDT,AVGO,425.38,422.3999938964844,70.5,08-10 00:00,158751
2026-08-11T05:30:55+00:00,QQQX/USDT,QQQ,725.41,720.8699951171875,63.0,08-10 00:00,153102
2026-08-11T05:30:55+00:00,AAPLX/USDT,AAPL,310.12,308.260009765625,60.5,08-10 00:00,112054
2026-08-11T05:30:55+00:00,COINX/USDT,COIN,149.27,148.67999267578125,39.7,08-10 00:00,173526
2026-08-11T06:00:59+00:00,MCDX/USDT,MCD,276.24,273.7200012207031,91.9,08-10 00:00,60976
2026-08-11T06:00:59+00:00,NVDAX/USDT,NVDA,219.43,217.5500030517578,86.2,08-10 00:00,184692
2026-08-11T06:00:59+00:00,SPYX/USDT,SPY,778.71,773.030029296875,73.4,08-10 00:00,1222231
2026-08-11T06:00:59+00:00,AVGOX/USDT,AVGO,425.44,422.3999938964844,72.0,08-10 00:00,161214
2026-08-11T06:00:59+00:00,AAPLX/USDT,AAPL,310.24,308.260009765625,64.1,08-10 00:00,113437
2026-08-11T06:00:59+00:00,QQQX/USDT,QQQ,724.68,720.8699951171875,52.9,08-10 00:00,153127
2026-08-11T06:00:59+00:00,COINX/USDT,COIN,149.28,148.67999267578125,40.4,08-10 00:00,174714
2026-08-11T06:31:22+00:00,MCDX/USDT,MCD,276.22,273.7200012207031,91.2,08-10 00:00,60259
2026-08-11T06:31:22+00:00,NVDAX/USDT,NVDA,219.31,217.5500030517578,80.7,08-10 00:00,184297
2026-08-11T06:31:22+00:00,AVGOX/USDT,AVGO,425.66,422.3999938964844,77.3,08-10 00:00,161665
2026-08-11T06:31:22+00:00,SPYX/USDT,SPY,778.39,773.030029296875,69.4,08-10 00:00,1227132
2026-08-11T06:31:22+00:00,AAPLX/USDT,AAPL,309.97,308.260009765625,55.5,08-10 00:00,113568
2026-08-11T06:31:22+00:00,QQQX/USDT,QQQ,724.42,720.8699951171875,49.3,08-10 00:00,153319
2026-08-11T06:31:22+00:00,COINX/USDT,COIN,149.38,148.67999267578125,47.4,08-10 00:00,175039
2026-08-11T06:31:22+00:00,MSTRX/USDT,MSTR,97.03,97.33000183105469,-31.3,08-10 00:00,184960
2026-08-11T07:02:15+00:00,MCDX/USDT,MCD,276.5,273.7200012207031,101.4,08-10 00:00,61592
2026-08-11T07:02:15+00:00,NVDAX/USDT,NVDA,219.15,217.5500030517578,73.5,08-10 00:00,188782
2026-08-11T07:02:15+00:00,AVGOX/USDT,AVGO,425.44,422.3999938964844,72.0,08-10 00:00,161014
2026-08-11T07:02:15+00:00,SPYX/USDT,SPY,778.13,773.030029296875,66.0,08-10 00:00,1218378
2026-08-11T07:02:15+00:00,AAPLX/USDT,AAPL,309.82,308.260009765625,50.6,08-10 00:00,115937
2026-08-11T07:02:15+00:00,QQQX/USDT,QQQ,724.08,720.8699951171875,44.5,08-10 00:00,155800
2026-08-11T07:02:15+00:00,COINX/USDT,COIN,149.15,148.67999267578125,31.6,08-10 00:00,175594
2026-08-11T07:32:21+00:00,MCDX/USDT,MCD,275.75,273.7200012207031,74.3,08-10 00:00,62224
2026-08-11T07:32:21+00:00,NVDAX/USDT,NVDA,219.05,217.5500030517578,68.7,08-10 00:00,187094
2026-08-11T07:32:21+00:00,SPYX/USDT,SPY,778.01,773.030029296875,64.4,08-10 00:00,1222877
2026-08-11T07:32:21+00:00,AAPLX/USDT,AAPL,309.84,308.260009765625,51.3,08-10 00:00,122784
2026-08-11T07:32:21+00:00,AVGOX/USDT,AVGO,424.27,422.3999938964844,44.4,08-10 00:00,161012
2026-08-11T07:32:21+00:00,QQQX/USDT,QQQ,723.83,720.8699951171875,41.0,08-10 00:00,153928
2026-08-11T07:32:21+00:00,MSTRX/USDT,MSTR,96.98,97.33000183105469,-35.4,08-10 00:00,190883
2026-08-11T08:00:39+00:00,AVGOX/USDT,AVGO,425.61,422.3999938964844,76.0,08-10 00:00,159044
2026-08-11T08:00:39+00:00,NVDAX/USDT,NVDA,219.19,217.5500030517578,75.6,08-10 00:00,187545
2026-08-11T08:00:39+00:00,MCDX/USDT,MCD,275.68,273.7200012207031,71.6,08-10 00:00,61991
2026-08-11T08:00:39+00:00,SPYX/USDT,SPY,778.26,773.030029296875,67.7,08-10 00:00,1225476
2026-08-11T08:00:39+00:00,QQQX/USDT,QQQ,724.21,720.8699951171875,46.3,08-10 00:00,153249
2026-08-11T08:00:39+00:00,AAPLX/USDT,AAPL,309.56,308.260009765625,42.0,08-10 00:00,125375
2026-08-11T08:30:26+00:00,MCDX/USDT,MCD,276.62,273.7200012207031,105.9,08-10 00:00,62004
2026-08-11T08:30:26+00:00,AVGOX/USDT,AVGO,425.53,422.3999938964844,74.1,08-10 00:00,155545
2026-08-11T08:30:26+00:00,NVDAX/USDT,NVDA,219.0,217.5500030517578,66.9,08-10 00:00,188216
2026-08-11T08:30:26+00:00,SPYX/USDT,SPY,777.78,773.030029296875,61.5,08-10 00:00,1225172
2026-08-11T08:30:26+00:00,AMZNX/USDT,AMZN,276.55,278.0899963378906,-55.6,08-10 00:00,137220
2026-08-11T08:30:26+00:00,AAPLX/USDT,AAPL,309.72,308.260009765625,47.4,08-10 00:00,113061
2026-08-11T08:30:26+00:00,QQQX/USDT,QQQ,723.5,720.8699951171875,36.4,08-10 00:00,158743
2026-08-11T09:00:35+00:00,MCDX/USDT,MCD,276.62,273.7200012207031,105.9,08-10 00:00,64637
2026-08-11T09:00:35+00:00,NVDAX/USDT,NVDA,219.4,217.5500030517578,85.3,08-10 00:00,191796
2026-08-11T09:00:35+00:00,AVGOX/USDT,AVGO,425.25,422.3999938964844,67.5,08-10 00:00,155225
2026-08-11T09:00:35+00:00,SPYX/USDT,SPY,778.04,773.030029296875,64.8,08-10 00:00,1225640
2026-08-11T09:00:35+00:00,AMZNX/USDT,AMZN,276.62,278.0899963378906,-53.0,08-10 00:00,139584
2026-08-11T09:00:35+00:00,AAPLX/USDT,AAPL,309.85,308.260009765625,51.6,08-10 00:00,114530
2026-08-11T09:00:35+00:00,QQQX/USDT,QQQ,723.51,720.8699951171875,36.7,08-10 00:00,161958
2026-08-11T09:00:35+00:00,COINX/USDT,COIN,149.18,148.67999267578125,33.6,08-10 00:00,183119
2026-08-11T09:30:33+00:00,NVDAX/USDT,NVDA,220.13,217.5500030517578,118.6,08-10 00:00,191054
2026-08-11T09:30:33+00:00,MCDX/USDT,MCD,276.16,273.7200012207031,89.3,08-10 00:00,66114
2026-08-11T09:30:33+00:00,SPYX/USDT,SPY,778.27,773.030029296875,67.8,08-10 00:00,1228535
2026-08-11T09:30:33+00:00,AVGOX/USDT,AVGO,424.75,422.3999938964844,55.6,08-10 00:00,156489
2026-08-11T09:30:33+00:00,COINX/USDT,COIN,149.5,148.67999267578125,54.8,08-10 00:00,183429
2026-08-11T09:30:33+00:00,AAPLX/USDT,AAPL,309.93,308.260009765625,54.2,08-10 00:00,116426
2026-08-11T09:30:33+00:00,QQQX/USDT,QQQ,723.82,720.8699951171875,40.9,08-10 00:00,162754
2026-08-11T09:30:33+00:00,AMZNX/USDT,AMZN,277.15,278.0899963378906,-33.6,08-10 00:00,140133
2026-08-11T10:00:59+00:00,NVDAX/USDT,NVDA,219.79,217.5500030517578,103.0,08-10 00:00,190649
2026-08-11T10:00:59+00:00,COINX/USDT,COIN,149.97,148.67999267578125,86.8,08-10 00:00,191592
2026-08-11T10:00:59+00:00,MCDX/USDT,MCD,275.94,273.7200012207031,81.3,08-10 00:00,63549
2026-08-11T10:00:59+00:00,SPYX/USDT,SPY,778.4,773.030029296875,69.5,08-10 00:00,1232907
2026-08-11T10:00:59+00:00,AVGOX/USDT,AVGO,424.92,422.3999938964844,59.7,08-10 00:00,158123
2026-08-11T10:00:59+00:00,AAPLX/USDT,AAPL,310.04,308.260009765625,57.7,08-10 00:00,116998
2026-08-11T10:00:59+00:00,MSTRX/USDT,MSTR,97.84,97.33000183105469,51.9,08-10 00:00,192519
2026-08-11T10:00:59+00:00,QQQX/USDT,QQQ,724.09,720.8699951171875,44.6,08-10 00:00,156791
2026-08-11T10:30:54+00:00,MCDX/USDT,MCD,277.58,273.7200012207031,141.0,08-10 00:00,62926
2026-08-11T10:30:54+00:00,NVDAX/USDT,NVDA,220.26,217.5500030517578,124.8,08-10 00:00,191040
2026-08-11T10:30:54+00:00,COINX/USDT,COIN,149.96,148.67999267578125,86.1,08-10 00:00,191474
2026-08-11T10:30:54+00:00,SPYX/USDT,SPY,779.27,773.030029296875,80.8,08-10 00:00,1226408
2026-08-11T10:30:54+00:00,AVGOX/USDT,AVGO,425.62,422.3999938964844,76.2,08-10 00:00,158296
2026-08-11T10:30:54+00:00,AAPLX/USDT,AAPL,310.23,308.260009765625,63.9,08-10 00:00,96766
2026-08-11T10:30:54+00:00,QQQX/USDT,QQQ,725.15,720.8699951171875,59.4,08-10 00:00,157359
2026-08-11T10:30:54+00:00,MSTRX/USDT,MSTR,97.91,97.33000183105469,59.1,08-10 00:00,194025
2026-08-11T10:30:54+00:00,TSLAX/USDT,TSLA,332.5,330.8800048828125,49.1,08-10 00:00,385017
2026-08-11T11:00:49+00:00,MCDX/USDT,MCD,277.38,273.7200012207031,133.5,08-10 00:00,63769
2026-08-11T11:00:49+00:00,NVDAX/USDT,NVDA,220.28,217.5500030517578,125.7,08-10 00:00,190641
2026-08-11T11:00:49+00:00,COINX/USDT,COIN,149.97,148.67999267578125,86.4,08-10 00:00,192625
2026-08-11T11:00:49+00:00,AVGOX/USDT,AVGO,425.85,422.3999938964844,81.6,08-10 00:00,158588
2026-08-11T11:00:49+00:00,SPYX/USDT,SPY,779.18,773.030029296875,79.6,08-10 00:00,1227403
2026-08-11T11:00:49+00:00,QQQX/USDT,QQQ,725.24,720.8699951171875,60.6,08-10 00:00,159728
2026-08-11T11:00:49+00:00,AAPLX/USDT,AAPL,310.02,308.260009765625,57.3,08-10 00:00,79539
2026-08-11T11:00:49+00:00,TSLAX/USDT,TSLA,332.54,330.8800048828125,50.3,08-10 00:00,386346
2026-08-11T11:00:49+00:00,MSTRX/USDT,MSTR,97.8,97.33000183105469,47.8,08-10 00:00,195299
2026-08-11T11:30:50+00:00,NVDAX/USDT,NVDA,220.27,217.5500030517578,125.0,08-10 00:00,190642
2026-08-11T11:30:50+00:00,MCDX/USDT,MCD,276.91,273.7200012207031,116.7,08-10 00:00,63753
2026-08-11T11:30:50+00:00,AVGOX/USDT,AVGO,426.76,422.3999938964844,103.3,08-10 00:00,159834
2026-08-11T11:30:50+00:00,COINX/USDT,COIN,150.06,148.67999267578125,93.2,08-10 00:00,193694
2026-08-11T11:30:50+00:00,MSTRX/USDT,MSTR,98.19,97.33000183105469,88.9,08-10 00:00,193138
2026-08-11T11:30:50+00:00,SPYX/USDT,SPY,779.31,773.030029296875,81.2,08-10 00:00,621365
2026-08-11T11:30:50+00:00,QQQX/USDT,QQQ,725.92,720.8699951171875,70.1,08-10 00:00,161604
2026-08-11T11:30:50+00:00,AAPLX/USDT,AAPL,310.2,308.260009765625,62.9,08-10 00:00,82667
2026-08-11T11:30:50+00:00,TSLAX/USDT,TSLA,332.64,330.8800048828125,53.3,08-10 00:00,384587
2026-08-11T12:01:11+00:00,NVDAX/USDT,NVDA,220.29,217.5500030517578,125.7,08-10 00:00,191712
2026-08-11T12:01:11+00:00,COINX/USDT,COIN,150.34,148.67999267578125,112.0,08-10 00:00,193281
2026-08-11T12:01:11+00:00,MCDX/USDT,MCD,276.62,273.7200012207031,105.8,08-10 00:00,63081
2026-08-11T12:01:11+00:00,MSTRX/USDT,MSTR,98.27,97.33000183105469,96.6,08-10 00:00,191410
2026-08-11T12:01:11+00:00,AVGOX/USDT,AVGO,426.33,422.3999938964844,93.0,08-10 00:00,161417
2026-08-11T12:01:11+00:00,SPYX/USDT,SPY,779.33,773.030029296875,81.4,08-10 00:00,626976
2026-08-11T12:01:11+00:00,QQQX/USDT,QQQ,725.54,720.8699951171875,64.7,08-10 00:00,166902
2026-08-11T12:01:11+00:00,AAPLX/USDT,AAPL,310.2,308.260009765625,62.9,08-10 00:00,83594
2026-08-11T12:01:11+00:00,TSLAX/USDT,TSLA,332.89,330.8800048828125,60.9,08-10 00:00,387810
2026-08-11T12:31:34+00:00,NVDAX/USDT,NVDA,221.28,217.5500030517578,171.2,08-10 00:00,193218
2026-08-11T12:31:34+00:00,MCDX/USDT,MCD,277.37,273.7200012207031,133.2,08-10 00:00,62743
2026-08-11T12:31:34+00:00,AVGOX/USDT,AVGO,426.97,422.3999938964844,108.2,08-10 00:00,161867
2026-08-11T12:31:34+00:00,COINX/USDT,COIN,150.19,148.67999267578125,101.2,08-10 00:00,167929
2026-08-11T12:31:34+00:00,SPYX/USDT,SPY,779.01,773.030029296875,77.4,08-10 00:00,605214
2026-08-11T12:31:34+00:00,MSTRX/USDT,MSTR,97.97,97.33000183105469,66.3,08-10 00:00,185374
2026-08-11T12:31:34+00:00,QQQX/USDT,QQQ,725.49,720.8699951171875,64.1,08-10 00:00,171682
2026-08-11T12:31:34+00:00,TSLAX/USDT,TSLA,332.64,330.8800048828125,53.2,08-10 00:00,389045
2026-08-11T12:31:34+00:00,AAPLX/USDT,AAPL,309.86,308.260009765625,51.9,08-10 00:00,90661
2026-08-11T13:31:53+00:00,AVGOX/USDT,AVGO,430.23,422.489990234375,183.2,08-11 00:00,164011
2026-08-11T13:31:53+00:00,MCDX/USDT,MCD,276.82,272.8500061035156,145.5,08-11 00:00,63916
2026-08-11T13:31:53+00:00,MSTRX/USDT,MSTR,97.9,97.0199966430664,90.7,08-11 00:00,182415
2026-08-11T13:31:53+00:00,SPYX/USDT,SPY,779.25,773.6300048828125,72.7,08-11 00:00,599764
2026-08-11T13:31:53+00:00,AAPLX/USDT,AAPL,310.32,308.3909912109375,62.7,08-11 00:00,99205
2026-08-11T13:31:53+00:00,COINX/USDT,COIN,149.16,148.3000030517578,58.0,08-11 00:00,161389
2026-08-11T13:31:53+00:00,GOOGLX/USDT,GOOGL,355.52,354.20001220703125,37.3,08-11 00:00,146198
2026-08-11T13:31:53+00:00,QQQX/USDT,QQQ,724.16,721.6300048828125,35.1,08-11 00:00,166139
2026-08-11T14:30:27+00:00,MCDX/USDT,MCD,276.5,272.45001220703125,148.8,08-11 00:00,65952
2026-08-11T14:30:27+00:00,SPYX/USDT,SPY,778.49,773.72900390625,61.5,08-11 00:00,555033
2026-08-11T14:30:27+00:00,AVGOX/USDT,AVGO,424.73,422.4599914550781,53.7,08-11 00:00,152612
2026-08-11T14:30:27+00:00,AAPLX/USDT,AAPL,307.33,306.19500732421875,36.9,08-11 00:00,113349
2026-08-11T14:30:27+00:00,QQQX/USDT,QQQ,724.02,721.7100219726562,31.9,08-11 00:00,162986
2026-08-11T15:00:34+00:00,MCDX/USDT,MCD,276.02,271.94000244140625,150.0,08-11 00:00,65901
2026-08-11T15:00:34+00:00,SPYX/USDT,SPY,778.68,773.77001953125,63.5,08-11 00:00,546533
2026-08-11T15:00:34+00:00,AVGOX/USDT,AVGO,424.69,422.4849853515625,52.3,08-11 00:00,149462
2026-08-11T15:00:34+00:00,AAPLX/USDT,AAPL,307.77,306.66009521484375,36.2,08-11 00:00,112159
2026-08-11T15:00:34+00:00,QQQX/USDT,QQQ,724.33,721.8800048828125,33.9,08-11 00:00,164024
2026-08-11T15:30:36+00:00,MCDX/USDT,MCD,276.06,272.06500244140625,147.0,08-11 00:00,66546
2026-08-11T15:30:36+00:00,SPYX/USDT,SPY,777.65,772.4600219726562,67.3,08-11 00:00,469126
2026-08-11T15:30:36+00:00,AVGOX/USDT,AVGO,422.68,420.6300048828125,48.7,08-11 00:00,149823
2026-08-11T15:30:36+00:00,AAPLX/USDT,AAPL,307.73,306.67999267578125,34.1,08-11 00:00,112337
2026-08-11T15:30:36+00:00,QQQX/USDT,QQQ,722.65,720.2349853515625,33.5,08-11 00:00,161688
2026-08-11T16:00:42+00:00,MCDX/USDT,MCD,276.64,272.364990234375,157.1,08-11 00:00,65864
2026-08-11T16:00:42+00:00,SPYX/USDT,SPY,776.99,772.239990234375,61.5,08-11 00:00,405996
2026-08-11T16:00:42+00:00,AVGOX/USDT,AVGO,421.25,419.55499267578125,40.5,08-11 00:00,149233
2026-08-11T16:00:42+00:00,QQQX/USDT,QQQ,721.77,719.239990234375,35.2,08-11 00:00,158060
2026-08-11T16:30:44+00:00,MCDX/USDT,MCD,276.23,272.67999267578125,130.0,08-11 00:00,64199
2026-08-11T16:30:44+00:00,SPYX/USDT,SPY,776.85,771.7999877929688,65.4,08-11 00:00,364448
2026-08-11T16:30:44+00:00,AVGOX/USDT,AVGO,421.03,419.385009765625,39.2,08-11 00:00,140281
2026-08-11T16:30:44+00:00,QQQX/USDT,QQQ,721.04,718.6199951171875,33.6,08-11 00:00,161594
2026-08-11T16:30:44+00:00,AAPLX/USDT,AAPL,307.53,306.5400085449219,32.3,08-11 00:00,112656
2026-08-11T17:00:50+00:00,MCDX/USDT,MCD,276.27,271.9200134277344,160.2,08-11 00:00,64867
2026-08-11T17:00:50+00:00,SPYX/USDT,SPY,776.33,770.969970703125,69.5,08-11 00:00,324056
2026-08-11T17:00:50+00:00,AVGOX/USDT,AVGO,420.53,418.7200012207031,43.3,08-11 00:00,138736
2026-08-11T17:00:50+00:00,QQQX/USDT,QQQ,720.74,718.0900268554688,36.8,08-11 00:00,158793
2026-08-11T17:00:50+00:00,AAPLX/USDT,AAPL,307.2,306.114990234375,35.4,08-11 00:00,113467
2026-08-11T17:30:54+00:00,MCDX/USDT,MCD,276.8,272.4800109863281,158.5,08-11 00:00,67483
2026-08-11T17:30:54+00:00,SPYX/USDT,SPY,776.0,770.75,68.2,08-11 00:00,304629
2026-08-11T17:30:54+00:00,AVGOX/USDT,AVGO,420.16,417.92999267578125,53.5,08-11 00:00,139385
2026-08-11T17:30:54+00:00,QQQX/USDT,QQQ,720.06,717.52001953125,35.3,08-11 00:00,159119
2026-08-11T17:30:54+00:00,AAPLX/USDT,AAPL,307.25,306.1799011230469,35.0,08-11 00:00,112930
2026-08-11T18:01:00+00:00,MCDX/USDT,MCD,276.62,272.0299987792969,168.7,08-11 00:00,67819
2026-08-11T18:01:00+00:00,SPYX/USDT,SPY,776.39,771.1599731445312,67.8,08-11 00:00,289430
2026-08-11T18:01:00+00:00,AVGOX/USDT,AVGO,420.11,417.7799987792969,55.7,08-11 00:00,139115
2026-08-11T18:01:00+00:00,AAPLX/USDT,AAPL,307.03,305.9649963378906,34.8,08-11 00:00,112957
2026-08-11T18:01:00+00:00,QQQX/USDT,QQQ,720.58,718.1749877929688,33.4,08-11 00:00,157488
2026-08-11T18:31:05+00:00,MCDX/USDT,MCD,277.12,272.67498779296875,162.8,08-11 00:00,70081
2026-08-11T18:31:05+00:00,SPYX/USDT,SPY,774.94,769.8250122070312,66.5,08-11 00:00,294535
2026-08-11T18:31:05+00:00,AVGOX/USDT,AVGO,416.48,414.81500244140625,40.1,08-11 00:00,137323
2026-08-11T18:31:05+00:00,QQQX/USDT,QQQ,719.1,716.4199829101562,37.4,08-11 00:00,160057
2026-08-11T18:31:05+00:00,AAPLX/USDT,AAPL,304.22,303.2699890136719,31.3,08-11 00:00,114297
2026-08-11T19:01:11+00:00,MCDX/USDT,MCD,276.83,272.5400085449219,157.2,08-11 00:00,70247
2026-08-11T19:01:11+00:00,SPYX/USDT,SPY,775.31,770.0700073242188,68.0,08-11 00:00,276605
2026-08-11T19:01:11+00:00,AAPLX/USDT,AAPL,305.62,304.4617919921875,38.0,08-11 00:00,115349
2026-08-11T19:01:11+00:00,AVGOX/USDT,AVGO,415.76,414.20001220703125,37.7,08-11 00:00,137650
2026-08-11T19:01:11+00:00,QQQX/USDT,QQQ,719.7,717.0999755859375,36.2,08-11 00:00,162123
2026-08-11T19:31:18+00:00,MCDX/USDT,MCD,277.12,272.9700012207031,151.8,08-11 00:00,70771
2026-08-11T19:31:18+00:00,SPYX/USDT,SPY,775.87,770.7899780273438,65.9,08-11 00:00,269528
2026-08-11T19:31:18+00:00,AAPLX/USDT,AAPL,306.38,305.114990234375,41.3,08-11 00:00,115086
2026-08-11T19:31:18+00:00,AVGOX/USDT,AVGO,415.63,414.0400085449219,38.5,08-11 00:00,139467
2026-08-11T19:31:18+00:00,QQQX/USDT,QQQ,720.79,718.3800048828125,33.5,08-11 00:00,164941
2026-08-11T20:00:22+00:00,MCDX/USDT,MCD,277.46,274.1300048828125,121.3,08-11 00:00,68505
2026-08-11T20:00:22+00:00,SPYX/USDT,SPY,775.36,770.5900268554688,61.8,08-11 00:00,265958
2026-08-11T20:00:22+00:00,QQQX/USDT,QQQ,720.96,718.4500122070312,34.9,08-11 00:00,165600
2026-08-11T20:00:22+00:00,AAPLX/USDT,AAPL,305.86,304.9100036621094,31.0,08-11 00:00,119833
2026-08-11T20:30:23+00:00,MCDX/USDT,MCD,277.77,274.1499938964844,132.2,08-11 00:00,67878
2026-08-11T20:30:23+00:00,SPYX/USDT,SPY,776.06,770.5599975585938,71.4,08-11 00:00,266866
2026-08-11T20:30:23+00:00,GOOGLX/USDT,GOOGL,345.67,343.79998779296875,54.5,08-11 00:00,641338
2026-08-11T20:30:23+00:00,MSTRX/USDT,MSTR,96.54,96.08999633789062,46.8,08-11 00:00,170176
2026-08-11T20:30:23+00:00,QQQX/USDT,QQQ,721.57,718.4500122070312,43.4,08-11 00:00,166405
2026-08-11T20:30:23+00:00,AAPLX/USDT,AAPL,306.16,304.9100036621094,41.2,08-11 00:00,119542
2026-08-11T20:30:23+00:00,NVDAX/USDT,NVDA,218.19,217.5,32.0,08-11 00:00,159747
2026-08-11T20:30:23+00:00,AVGOX/USDT,AVGO,417.38,416.0799865722656,31.2,08-11 00:00,149883
2026-08-11T21:30:36+00:00,MCDX/USDT,MCD,276.21,274.1499938964844,75.1,08-11 00:00,69674
2026-08-11T21:30:36+00:00,SPYX/USDT,SPY,776.11,770.5599975585938,72.0,08-11 00:00,253306
2026-08-11T21:30:36+00:00,GOOGLX/USDT,GOOGL,345.88,343.79998779296875,60.6,08-11 00:00,649170
2026-08-11T21:30:36+00:00,MSTRX/USDT,MSTR,96.55,96.08999633789062,47.9,08-11 00:00,204229
2026-08-11T21:30:36+00:00,AAPLX/USDT,AAPL,306.14,304.9100036621094,40.5,08-11 00:00,119453
2026-08-11T21:30:36+00:00,QQQX/USDT,QQQ,721.32,718.4500122070312,39.9,08-11 00:00,160617
2026-08-11T22:00:43+00:00,SPYX/USDT,SPY,776.02,770.5599975585938,70.9,08-11 00:00,249752
2026-08-11T22:00:43+00:00,GOOGLX/USDT,GOOGL,345.98,343.79998779296875,63.4,08-11 00:00,658915
2026-08-11T22:00:43+00:00,MCDX/USDT,MCD,275.75,274.1499938964844,58.5,08-11 00:00,72016
2026-08-11T22:00:43+00:00,MSTRX/USDT,MSTR,96.59,96.08999633789062,52.0,08-11 00:00,213538
2026-08-11T22:00:43+00:00,AAPLX/USDT,AAPL,306.09,304.9100036621094,38.5,08-11 00:00,119376
2026-08-11T22:00:43+00:00,QQQX/USDT,QQQ,721.12,718.4500122070312,37.1,08-11 00:00,161369
2026-08-11T22:00:43+00:00,NVDAX/USDT,NVDA,218.2,217.5,32.2,08-11 00:00,157900
2026-08-11T22:30:46+00:00,AVGOX/USDT,AVGO,411.2,416.0799865722656,-117.4,08-11 00:00,156373
2026-08-11T22:30:46+00:00,GOOGLX/USDT,GOOGL,346.34,343.79998779296875,73.9,08-11 00:00,672713
2026-08-11T22:30:46+00:00,SPYX/USDT,SPY,775.9,770.5599975585938,69.4,08-11 00:00,247011
2026-08-11T22:30:46+00:00,MSTRX/USDT,MSTR,96.58,96.08999633789062,51.0,08-11 00:00,221085
2026-08-11T22:30:46+00:00,MCDX/USDT,MCD,275.5,274.1499938964844,49.1,08-11 00:00,72653
2026-08-11T22:30:46+00:00,QQQX/USDT,QQQ,721.25,718.4500122070312,39.0,08-11 00:00,160339
2026-08-11T22:30:46+00:00,AAPLX/USDT,AAPL,306.04,304.9100036621094,37.2,08-11 00:00,119276
2026-08-11T22:30:46+00:00,NVDAX/USDT,NVDA,218.25,217.5,34.5,08-11 00:00,159986
2026-08-11T23:00:51+00:00,GOOGLX/USDT,GOOGL,346.16,343.79998779296875,68.8,08-11 00:00,689224
2026-08-11T23:00:51+00:00,SPYX/USDT,SPY,775.83,770.5599975585938,68.3,08-11 00:00,246455
2026-08-11T23:00:51+00:00,AVGOX/USDT,AVGO,414.19,416.0799865722656,-45.5,08-11 00:00,154736
2026-08-11T23:00:51+00:00,NVDAX/USDT,NVDA,218.39,217.5,40.9,08-11 00:00,158540
2026-08-11T23:00:51+00:00,MCDX/USDT,MCD,275.25,274.1499938964844,40.3,08-11 00:00,74245
2026-08-11T23:00:51+00:00,AAPLX/USDT,AAPL,306.12,304.9100036621094,39.8,08-11 00:00,119856
2026-08-11T23:00:51+00:00,MSTRX/USDT,MSTR,96.47,96.08999633789062,39.0,08-11 00:00,221667
2026-08-11T23:00:51+00:00,QQQX/USDT,QQQ,721.13,718.4500122070312,37.4,08-11 00:00,158545
2026-08-11T23:30:54+00:00,GOOGLX/USDT,GOOGL,346.25,343.79998779296875,71.4,08-11 00:00,692180
2026-08-11T23:30:54+00:00,SPYX/USDT,SPY,775.85,770.5599975585938,68.6,08-11 00:00,245891
2026-08-11T23:30:54+00:00,AAPLX/USDT,AAPL,306.25,304.9100036621094,43.8,08-11 00:00,119892
2026-08-11T23:30:54+00:00,NVDAX/USDT,NVDA,218.38,217.5,40.7,08-11 00:00,158636
2026-08-11T23:30:54+00:00,QQQX/USDT,QQQ,721.14,718.4500122070312,37.4,08-11 00:00,160718
2026-08-11T23:30:54+00:00,MSTRX/USDT,MSTR,96.44,96.08999633789062,35.9,08-11 00:00,218133
2026-08-11T23:30:54+00:00,AVGOX/USDT,AVGO,414.64,416.0799865722656,-34.5,08-11 00:00,153118
2026-08-11T23:30:54+00:00,MCDX/USDT,MCD,275.0,274.1499938964844,30.8,08-11 00:00,75765
2026-08-12T00:01:02+00:00,MCDX/USDT,MCD,277.64,274.1499938964844,127.3,08-11 00:00,76659
2026-08-12T00:01:02+00:00,GOOGLX/USDT,GOOGL,346.37,343.79998779296875,74.6,08-11 00:00,703364
2026-08-12T00:01:02+00:00,SPYX/USDT,SPY,775.84,770.5599975585938,68.5,08-11 00:00,243039
2026-08-12T00:01:02+00:00,QQQX/USDT,QQQ,721.69,718.4500122070312,45.2,08-11 00:00,161618
2026-08-12T00:01:02+00:00,MSTRX/USDT,MSTR,96.5,96.08999633789062,42.1,08-11 00:00,219791
2026-08-12T00:01:02+00:00,AAPLX/USDT,AAPL,306.08,304.9100036621094,38.5,08-11 00:00,120239
2026-08-12T00:01:02+00:00,NVDAX/USDT,NVDA,218.31,217.5,37.0,08-11 00:00,152513
2026-08-12T00:01:02+00:00,AVGOX/USDT,AVGO,417.45,416.0799865722656,32.9,08-11 00:00,152008
2026-08-12T00:31:16+00:00,GOOGLX/USDT,GOOGL,346.47,343.79998779296875,77.7,08-11 00:00,724257
2026-08-12T00:31:16+00:00,MSTRX/USDT,MSTR,96.72,96.08999633789062,66.1,08-11 00:00,219913
2026-08-12T00:31:16+00:00,SPYX/USDT,SPY,775.65,770.5599975585938,66.1,08-11 00:00,239573
2026-08-12T00:31:16+00:00,QQQX/USDT,QQQ,721.72,718.4500122070312,45.5,08-11 00:00,157801
2026-08-12T00:31:16+00:00,MCDX/USDT,MCD,275.26,274.1499938964844,40.5,08-11 00:00,76631
2026-08-12T00:31:16+00:00,NVDAX/USDT,NVDA,218.29,217.5,36.3,08-11 00:00,154703
2026-08-12T00:31:16+00:00,AAPLX/USDT,AAPL,306.0,304.9100036621094,35.9,08-11 00:00,121034
2026-08-12T01:01:21+00:00,MCDX/USDT,MCD,277.39,274.1499938964844,118.4,08-11 00:00,76002
2026-08-12T01:01:21+00:00,MSTRX/USDT,MSTR,96.84,96.08999633789062,77.5,08-11 00:00,220488
2026-08-12T01:01:21+00:00,GOOGLX/USDT,GOOGL,346.44,343.79998779296875,76.8,08-11 00:00,743613
2026-08-12T01:01:21+00:00,SPYX/USDT,SPY,775.69,770.5599975585938,66.6,08-11 00:00,236764
2026-08-12T01:01:21+00:00,QQQX/USDT,QQQ,721.82,718.4500122070312,46.9,08-11 00:00,157015
2026-08-12T01:01:21+00:00,AVGOX/USDT,AVGO,417.73,416.0799865722656,39.7,08-11 00:00,150846
2026-08-12T01:01:21+00:00,AAPLX/USDT,AAPL,306.1,304.9100036621094,39.0,08-11 00:00,121143
2026-08-12T01:01:21+00:00,NVDAX/USDT,NVDA,218.32,217.5,37.9,08-11 00:00,154190
2026-08-12T01:30:25+00:00,MCDX/USDT,MCD,277.8,274.1499938964844,133.3,08-11 00:00,76169
2026-08-12T01:30:25+00:00,SPYX/USDT,SPY,775.67,770.5599975585938,66.4,08-11 00:00,238215
2026-08-12T01:30:25+00:00,GOOGLX/USDT,GOOGL,346.06,343.79998779296875,65.9,08-11 00:00,766687
2026-08-12T01:30:25+00:00,MSTRX/USDT,MSTR,96.72,96.08999633789062,65.0,08-11 00:00,222057
2026-08-12T01:30:25+00:00,AVGOX/USDT,AVGO,417.93,416.0799865722656,44.5,08-11 00:00,150685
2026-08-12T01:30:25+00:00,QQQX/USDT,QQQ,721.63,718.4500122070312,44.3,08-11 00:00,158277
2026-08-12T01:30:25+00:00,AAPLX/USDT,AAPL,306.17,304.9100036621094,41.3,08-11 00:00,119547
2026-08-12T01:30:25+00:00,NVDAX/USDT,NVDA,218.32,217.5,37.9,08-11 00:00,154523
2026-08-12T02:00:42+00:00,MCDX/USDT,MCD,277.52,274.1499938964844,122.9,08-11 00:00,77271
2026-08-12T02:00:42+00:00,MSTRX/USDT,MSTR,96.97,96.08999633789062,91.1,08-11 00:00,218937
2026-08-12T02:00:42+00:00,GOOGLX/USDT,GOOGL,346.28,343.79998779296875,72.3,08-11 00:00,795690
2026-08-12T02:00:42+00:00,SPYX/USDT,SPY,775.5,770.5599975585938,64.0,08-11 00:00,239713
2026-08-12T02:00:42+00:00,QQQX/USDT,QQQ,721.75,718.4500122070312,45.9,08-11 00:00,157490
2026-08-12T02:00:42+00:00,AAPLX/USDT,AAPL,306.01,304.9100036621094,36.1,08-11 00:00,111398
2026-08-12T02:00:42+00:00,COINX/USDT,COIN,149.09,148.5800018310547,34.0,08-11 00:00,134028
2026-08-12T02:00:42+00:00,NVDAX/USDT,NVDA,218.18,217.5,31.0,08-11 00:00,153839
2026-08-12T02:30:28+00:00,MCDX/USDT,MCD,277.52,274.1499938964844,122.9,08-11 00:00,76017
2026-08-12T02:30:28+00:00,MSTRX/USDT,MSTR,96.99,96.08999633789062,93.7,08-11 00:00,220239
2026-08-12T02:30:28+00:00,GOOGLX/USDT,GOOGL,346.57,343.79998779296875,80.6,08-11 00:00,810014
2026-08-12T02:30:28+00:00,SPYX/USDT,SPY,775.56,770.5599975585938,64.9,08-11 00:00,239709
2026-08-12T02:30:28+00:00,QQQX/USDT,QQQ,721.94,718.4500122070312,48.6,08-11 00:00,157152
2026-08-12T02:30:28+00:00,COINX/USDT,COIN,149.3,148.5800018310547,48.1,08-11 00:00,141123
2026-08-12T02:30:28+00:00,NVDAX/USDT,NVDA,218.41,217.5,42.1,08-11 00:00,153120
2026-08-12T02:30:28+00:00,AAPLX/USDT,AAPL,306.14,304.9100036621094,40.5,08-11 00:00,110775
2026-08-12T03:00:31+00:00,MCDX/USDT,MCD,277.52,274.1499938964844,122.9,08-11 00:00,77325
2026-08-12T03:00:31+00:00,GOOGLX/USDT,GOOGL,346.28,343.79998779296875,72.3,08-11 00:00,823752
2026-08-12T03:00:31+00:00,MSTRX/USDT,MSTR,96.77,96.08999633789062,70.8,08-11 00:00,222278
2026-08-12T03:00:31+00:00,SPYX/USDT,SPY,775.9,770.5599975585938,69.4,08-11 00:00,237160
2026-08-12T03:00:31+00:00,QQQX/USDT,QQQ,722.73,718.4500122070312,59.6,08-11 00:00,159146
2026-08-12T03:00:31+00:00,AVGOX/USDT,AVGO,417.99,416.0799865722656,45.9,08-11 00:00,149433
2026-08-12T03:00:31+00:00,NVDAX/USDT,NVDA,218.43,217.5,42.8,08-11 00:00,152109
2026-08-12T03:00:31+00:00,AAPLX/USDT,AAPL,306.04,304.9100036621094,37.1,08-11 00:00,110394
2026-08-12T03:00:31+00:00,COINX/USDT,COIN,149.12,148.5800018310547,36.0,08-11 00:00,140892
2026-08-12T03:30:36+00:00,MCDX/USDT,MCD,276.66,274.1499938964844,91.6,08-11 00:00,77004
2026-08-12T03:30:36+00:00,GOOGLX/USDT,GOOGL,346.43,343.79998779296875,76.5,08-11 00:00,837460
2026-08-12T03:30:36+00:00,SPYX/USDT,SPY,776.01,770.5599975585938,70.8,08-11 00:00,234602
2026-08-12T03:30:36+00:00,QQQX/USDT,QQQ,722.8,718.4500122070312,60.5,08-11 00:00,159895
2026-08-12T03:30:36+00:00,MSTRX/USDT,MSTR,96.66,96.08999633789062,59.8,08-11 00:00,221604
2026-08-12T03:30:36+00:00,AVGOX/USDT,AVGO,418.25,416.0799865722656,52.3,08-11 00:00,147895
2026-08-12T03:30:36+00:00,NVDAX/USDT,NVDA,218.53,217.5,47.4,08-11 00:00,151426
2026-08-12T03:30:36+00:00,COINX/USDT,COIN,149.11,148.5800018310547,35.3,08-11 00:00,140471
2026-08-12T03:30:36+00:00,AAPLX/USDT,AAPL,305.98,304.9100036621094,35.1,08-11 00:00,109527
2026-08-12T04:00:44+00:00,MCDX/USDT,MCD,276.86,274.1499938964844,98.9,08-11 00:00,79177
2026-08-12T04:00:44+00:00,GOOGLX/USDT,GOOGL,346.37,343.79998779296875,74.6,08-11 00:00,845079
2026-08-12T04:00:44+00:00,MSTRX/USDT,MSTR,96.78,96.08999633789062,71.8,08-11 00:00,222172
2026-08-12T04:00:44+00:00,SPYX/USDT,SPY,775.94,770.5599975585938,69.9,08-11 00:00,232830
2026-08-12T04:00:44+00:00,QQQX/USDT,QQQ,722.59,718.4500122070312,57.6,08-11 00:00,160221
2026-08-12T04:00:44+00:00,NVDAX/USDT,NVDA,218.52,217.5,46.9,08-11 00:00,151551
2026-08-12T04:00:44+00:00,AVGOX/USDT,AVGO,418.0,416.0799865722656,46.1,08-11 00:00,147007
2026-08-12T04:00:44+00:00,COINX/USDT,COIN,149.22,148.5800018310547,43.4,08-11 00:00,141843
2026-08-12T04:00:44+00:00,AAPLX/USDT,AAPL,306.1,304.9100036621094,39.0,08-11 00:00,108913
2026-08-12T04:30:50+00:00,MCDX/USDT,MCD,276.86,274.1499938964844,98.9,08-11 00:00,78802
2026-08-12T04:30:50+00:00,GOOGLX/USDT,GOOGL,346.59,343.79998779296875,81.2,08-11 00:00,849563
2026-08-12T04:30:50+00:00,SPYX/USDT,SPY,775.99,770.5599975585938,70.4,08-11 00:00,224300
2026-08-12T04:30:50+00:00,MSTRX/USDT,MSTR,96.69,96.08999633789062,63.0,08-11 00:00,221933
2026-08-12T04:30:50+00:00,QQQX/USDT,QQQ,722.55,718.4500122070312,57.0,08-11 00:00,160709
2026-08-12T04:30:50+00:00,NVDAX/USDT,NVDA,218.42,217.5,42.3,08-11 00:00,149362
2026-08-12T04:30:50+00:00,AVGOX/USDT,AVGO,417.73,416.0799865722656,39.7,08-11 00:00,150032
2026-08-12T04:30:50+00:00,COINX/USDT,COIN,149.14,148.5800018310547,37.7,08-11 00:00,141516
2026-08-12T04:30:50+00:00,AAPLX/USDT,AAPL,306.04,304.9100036621094,37.1,08-11 00:00,105460
2026-08-12T05:00:54+00:00,MCDX/USDT,MCD,276.86,274.1499938964844,98.9,08-11 00:00,78885
2026-08-12T05:00:54+00:00,GOOGLX/USDT,GOOGL,346.85,343.79998779296875,88.7,08-11 00:00,861452
2026-08-12T05:00:54+00:00,SPYX/USDT,SPY,776.06,770.5599975585938,71.3,08-11 00:00,222939
2026-08-12T05:00:54+00:00,MSTRX/USDT,MSTR,96.73,96.08999633789062,66.6,08-11 00:00,220301
2026-08-12T05:00:54+00:00,QQQX/USDT,QQQ,722.87,718.4500122070312,61.5,08-11 00:00,162984
2026-08-12T05:00:54+00:00,AVGOX/USDT,AVGO,418.05,416.0799865722656,47.2,08-11 00:00,147969
2026-08-12T05:00:54+00:00,NVDAX/USDT,NVDA,218.48,217.5,44.8,08-11 00:00,148540
2026-08-12T05:00:54+00:00,AAPLX/USDT,AAPL,306.13,304.9100036621094,40.2,08-11 00:00,104159
2026-08-12T05:00:54+00:00,COINX/USDT,COIN,149.12,148.5800018310547,36.0,08-11 00:00,141787
2026-08-12T05:31:00+00:00,GOOGLX/USDT,GOOGL,346.71,343.79998779296875,84.6,08-11 00:00,881860
2026-08-12T05:31:00+00:00,MCDX/USDT,MCD,276.43,274.1499938964844,83.0,08-11 00:00,78514
2026-08-12T05:31:00+00:00,MSTRX/USDT,MSTR,96.8,96.08999633789062,73.9,08-11 00:00,220407
2026-08-12T05:31:00+00:00,SPYX/USDT,SPY,775.85,770.5599975585938,68.7,08-11 00:00,221409
2026-08-12T05:31:00+00:00,QQQX/USDT,QQQ,722.38,718.4500122070312,54.7,08-11 00:00,163998
2026-08-12T05:31:00+00:00,AAPLX/USDT,AAPL,306.17,304.9100036621094,41.3,08-11 00:00,103147
2026-08-12T05:31:00+00:00,NVDAX/USDT,NVDA,218.38,217.5,40.7,08-11 00:00,149132
2026-08-12T05:31:00+00:00,COINX/USDT,COIN,149.1,148.5800018310547,35.3,08-11 00:00,142711
2026-08-12T05:31:00+00:00,AVGOX/USDT,AVGO,417.5,416.0799865722656,34.1,08-11 00:00,146572
2026-08-12T06:01:05+00:00,GOOGLX/USDT,GOOGL,346.53,343.79998779296875,79.6,08-11 00:00,902328
2026-08-12T06:01:05+00:00,MCDX/USDT,MCD,276.1,274.1499938964844,71.1,08-11 00:00,77523
2026-08-12T06:01:05+00:00,SPYX/USDT,SPY,776.0,770.5599975585938,70.7,08-11 00:00,215677
2026-08-12T06:01:05+00:00,MSTRX/USDT,MSTR,96.69,96.08999633789062,63.0,08-11 00:00,219175
2026-08-12T06:01:05+00:00,QQQX/USDT,QQQ,722.61,718.4500122070312,57.8,08-11 00:00,165355
2026-08-12T06:01:05+00:00,NVDAX/USDT,NVDA,218.52,217.5,47.1,08-11 00:00,151191
2026-08-12T06:01:05+00:00,AAPLX/USDT,AAPL,306.24,304.9100036621094,43.5,08-11 00:00,101764
2026-08-12T06:01:05+00:00,AVGOX/USDT,AVGO,417.86,416.0799865722656,42.8,08-11 00:00,146502
2026-08-12T06:01:05+00:00,COINX/USDT,COIN,149.18,148.5800018310547,40.0,08-11 00:00,142894
2026-08-12T06:31:10+00:00,GOOGLX/USDT,GOOGL,346.77,343.79998779296875,86.4,08-11 00:00,913278
2026-08-12T06:31:10+00:00,SPYX/USDT,SPY,775.97,770.5599975585938,70.2,08-11 00:00,210146
2026-08-12T06:31:10+00:00,QQQX/USDT,QQQ,722.82,718.4500122070312,60.8,08-11 00:00,168041
2026-08-12T06:31:10+00:00,MCDX/USDT,MCD,275.55,274.1499938964844,51.1,08-11 00:00,78493
2026-08-12T06:31:10+00:00,NVDAX/USDT,NVDA,218.47,217.5,44.4,08-11 00:00,153745
2026-08-12T06:31:10+00:00,AAPLX/USDT,AAPL,306.2,304.9100036621094,42.3,08-11 00:00,100640
2026-08-12T06:31:10+00:00,AVGOX/USDT,AVGO,417.84,416.0799865722656,42.3,08-11 00:00,145325
2026-08-12T06:31:10+00:00,MSTRX/USDT,MSTR,96.45,96.08999633789062,38.0,08-11 00:00,219975
2026-08-12T07:01:16+00:00,GOOGLX/USDT,GOOGL,346.87,343.79998779296875,89.2,08-11 00:00,919576
2026-08-12T07:01:16+00:00,SPYX/USDT,SPY,776.06,770.5599975585938,71.3,08-11 00:00,208648
2026-08-12T07:01:16+00:00,QQQX/USDT,QQQ,723.45,718.4500122070312,69.6,08-11 00:00,161667
2026-08-12T07:01:16+00:00,MSTRX/USDT,MSTR,96.69,96.08999633789062,63.0,08-11 00:00,217856
2026-08-12T07:01:16+00:00,NVDAX/USDT,NVDA,218.76,217.5,58.2,08-11 00:00,149328
2026-08-12T07:01:16+00:00,AAPLX/USDT,AAPL,306.31,304.9100036621094,45.9,08-11 00:00,97757
2026-08-12T07:01:16+00:00,AVGOX/USDT,AVGO,417.86,416.0799865722656,42.8,08-11 00:00,144990
2026-08-12T07:01:16+00:00,COINX/USDT,COIN,149.11,148.5800018310547,35.3,08-11 00:00,153116
2026-08-12T07:30:21+00:00,GOOGLX/USDT,GOOGL,346.87,343.79998779296875,89.3,08-11 00:00,934437
2026-08-12T07:30:21+00:00,SPYX/USDT,SPY,776.07,770.5599975585938,71.4,08-11 00:00,203053
2026-08-12T07:30:21+00:00,QQQX/USDT,QQQ,723.5,718.4500122070312,70.4,08-11 00:00,163339
2026-08-12T07:30:21+00:00,MCDX/USDT,MCD,275.69,274.1499938964844,56.2,08-11 00:00,75900
2026-08-12T07:30:21+00:00,NVDAX/USDT,NVDA,218.66,217.5,53.3,08-11 00:00,147366
2026-08-12T07:30:21+00:00,AVGOX/USDT,AVGO,418.07,416.0799865722656,47.8,08-11 00:00,146501
2026-08-12T07:30:21+00:00,MSTRX/USDT,MSTR,96.52,96.08999633789062,44.2,08-11 00:00,218236
2026-08-12T07:30:21+00:00,AAPLX/USDT,AAPL,306.22,304.9100036621094,43.0,08-11 00:00,90475
2026-08-12T08:00:27+00:00,AVGOX/USDT,AVGO,420.11,416.0799865722656,96.7,08-11 00:00,146967
2026-08-12T08:00:27+00:00,GOOGLX/USDT,GOOGL,346.75,343.79998779296875,86.0,08-11 00:00,938596
2026-08-12T08:00:27+00:00,QQQX/USDT,QQQ,723.7,718.4500122070312,73.1,08-11 00:00,163976
2026-08-12T08:00:27+00:00,SPYX/USDT,SPY,776.17,770.5599975585938,72.8,08-11 00:00,200024
2026-08-12T08:00:27+00:00,MSTRX/USDT,MSTR,96.69,96.08999633789062,63.0,08-11 00:00,216815
2026-08-12T08:00:27+00:00,NVDAX/USDT,NVDA,218.72,217.5,56.1,08-11 00:00,147276
2026-08-12T08:00:27+00:00,MCDX/USDT,MCD,275.65,274.1499938964844,54.9,08-11 00:00,76338
2026-08-12T08:00:27+00:00,COINX/USDT,COIN,149.18,148.5800018310547,40.0,08-11 00:00,145601
2026-08-12T08:00:27+00:00,AAPLX/USDT,AAPL,306.06,304.9100036621094,37.7,08-11 00:00,88249
2026-08-12T08:30:29+00:00,GOOGLX/USDT,GOOGL,347.39,343.79998779296875,104.4,08-11 00:00,949114
2026-08-12T08:30:29+00:00,QQQX/USDT,QQQ,724.58,718.4500122070312,85.3,08-11 00:00,163872
2026-08-12T08:30:29+00:00,NVDAX/USDT,NVDA,219.26,217.5,81.1,08-11 00:00,146033
2026-08-12T08:30:29+00:00,AVGOX/USDT,AVGO,419.37,416.0799865722656,79.0,08-11 00:00,148947
2026-08-12T08:30:29+00:00,SPYX/USDT,SPY,776.52,770.5599975585938,77.3,08-11 00:00,204104
2026-08-12T08:30:29+00:00,MSTRX/USDT,MSTR,96.73,96.08999633789062,67.1,08-11 00:00,218292
2026-08-12T08:30:29+00:00,COINX/USDT,COIN,149.41,148.5800018310547,56.2,08-11 00:00,149197
2026-08-12T08:30:29+00:00,MCDX/USDT,MCD,275.65,274.1499938964844,54.7,08-11 00:00,75816
2026-08-12T08:30:29+00:00,TSLAX/USDT,TSLA,334.06,332.80999755859375,37.4,08-11 00:00,240336
2026-08-12T09:00:37+00:00,MSTRX/USDT,MSTR,97.23,96.08999633789062,118.6,08-11 00:00,222982
2026-08-12T09:00:37+00:00,AVGOX/USDT,AVGO,420.91,416.0799865722656,116.1,08-11 00:00,149415
2026-08-12T09:00:37+00:00,GOOGLX/USDT,GOOGL,347.69,343.79998779296875,113.3,08-11 00:00,956803
2026-08-12T09:00:37+00:00,NVDAX/USDT,NVDA,219.47,217.5,90.3,08-11 00:00,144086
2026-08-12T09:00:37+00:00,QQQX/USDT,QQQ,724.71,718.4500122070312,87.2,08-11 00:00,161208
2026-08-12T09:00:37+00:00,SPYX/USDT,SPY,776.64,770.5599975585938,79.0,08-11 00:00,205263
2026-08-12T09:00:37+00:00,MCDX/USDT,MCD,276.27,274.1499938964844,77.3,08-11 00:00,75370
2026-08-12T09:00:37+00:00,COINX/USDT,COIN,149.56,148.5800018310547,66.3,08-11 00:00,152116
2026-08-12T09:00:37+00:00,TSLAX/USDT,TSLA,334.26,332.80999755859375,43.6,08-11 00:00,237206
2026-08-12T09:30:39+00:00,MSTRX/USDT,MSTR,97.72,96.08999633789062,170.2,08-11 00:00,225237
2026-08-12T09:30:39+00:00,COINX/USDT,COIN,150.88,148.5800018310547,154.8,08-11 00:00,156153
2026-08-12T09:30:39+00:00,NVDAX/USDT,NVDA,220.0,217.5,114.9,08-11 00:00,143096
2026-08-12T09:30:39+00:00,GOOGLX/USDT,GOOGL,347.75,343.79998779296875,114.7,08-11 00:00,967039
2026-08-12T09:30:39+00:00,MCDX/USDT,MCD,277.18,274.1499938964844,110.5,08-11 00:00,74693
2026-08-12T09:30:39+00:00,AVGOX/USDT,AVGO,420.67,416.0799865722656,110.4,08-11 00:00,149185
2026-08-12T09:30:39+00:00,QQQX/USDT,QQQ,725.56,718.4500122070312,98.9,08-11 00:00,159209
2026-08-12T09:30:39+00:00,SPYX/USDT,SPY,777.44,770.5599975585938,89.4,08-11 00:00,209022
2026-08-12T09:30:39+00:00,TSLAX/USDT,TSLA,334.72,332.80999755859375,57.2,08-11 00:00,244727
2026-08-12T09:30:39+00:00,AAPLX/USDT,AAPL,305.83,304.9100036621094,30.2,08-11 00:00,82630
2026-08-12T10:00:44+00:00,MSTRX/USDT,MSTR,97.69,96.08999633789062,166.5,08-11 00:00,226846
2026-08-12T10:00:44+00:00,COINX/USDT,COIN,150.74,148.5800018310547,145.4,08-11 00:00,151563
2026-08-12T10:00:44+00:00,NVDAX/USDT,NVDA,220.32,217.5,129.9,08-11 00:00,142054
2026-08-12T10:00:44+00:00,AVGOX/USDT,AVGO,420.93,416.0799865722656,116.6,08-11 00:00,148195
2026-08-12T10:00:44+00:00,GOOGLX/USDT,GOOGL,347.54,343.79998779296875,108.9,08-11 00:00,978761
2026-08-12T10:00:44+00:00,QQQX/USDT,QQQ,725.53,718.4500122070312,98.6,08-11 00:00,161025
2026-08-12T10:00:44+00:00,SPYX/USDT,SPY,777.09,770.5599975585938,84.7,08-11 00:00,206825
2026-08-12T10:00:44+00:00,MCDX/USDT,MCD,276.33,274.1499938964844,79.5,08-11 00:00,76392
2026-08-12T10:00:44+00:00,TSLAX/USDT,TSLA,334.4,332.80999755859375,47.9,08-11 00:00,243956
2026-08-12T10:00:44+00:00,AAPLX/USDT,AAPL,306.04,304.9100036621094,37.1,08-11 00:00,81964
2026-08-12T10:00:44+00:00,AMZNX/USDT,AMZN,273.27,272.2699890136719,36.9,08-11 00:00,50072
2026-08-12T10:30:50+00:00,MSTRX/USDT,MSTR,97.61,96.08999633789062,158.2,08-11 00:00,229422
2026-08-12T10:30:50+00:00,COINX/USDT,COIN,150.66,148.5800018310547,140.3,08-11 00:00,151028
2026-08-12T10:30:50+00:00,AVGOX/USDT,AVGO,421.87,416.0799865722656,139.2,08-11 00:00,147825
2026-08-12T10:30:50+00:00,NVDAX/USDT,NVDA,220.38,217.5,132.2,08-11 00:00,140605
2026-08-12T10:30:50+00:00,GOOGLX/USDT,GOOGL,347.35,343.79998779296875,103.1,08-11 00:00,984417
2026-08-12T10:30:50+00:00,QQQX/USDT,QQQ,725.66,718.4500122070312,100.4,08-11 00:00,157534
2026-08-12T10:30:50+00:00,SPYX/USDT,SPY,777.23,770.5599975585938,86.6,08-11 00:00,201551
2026-08-12T10:30:50+00:00,MCDX/USDT,MCD,276.38,274.1499938964844,81.3,08-11 00:00,75631
2026-08-12T10:30:50+00:00,AMZNX/USDT,AMZN,273.78,272.2699890136719,55.5,08-11 00:00,49329
2026-08-12T10:30:50+00:00,TSLAX/USDT,TSLA,334.36,332.80999755859375,46.6,08-11 00:00,245182
2026-08-12T10:30:50+00:00,AAPLX/USDT,AAPL,306.18,304.9100036621094,41.7,08-11 00:00,81564
2026-08-12T11:00:52+00:00,MSTRX/USDT,MSTR,97.58,96.08999633789062,154.5,08-11 00:00,231347
2026-08-12T11:00:52+00:00,AVGOX/USDT,AVGO,421.47,416.0799865722656,129.4,08-11 00:00,148812
2026-08-12T11:00:52+00:00,NVDAX/USDT,NVDA,220.25,217.5,126.2,08-11 00:00,141572
2026-08-12T11:00:52+00:00,COINX/USDT,COIN,150.37,148.5800018310547,120.5,08-11 00:00,151556
2026-08-12T11:00:52+00:00,GOOGLX/USDT,GOOGL,347.26,343.79998779296875,100.8,08-11 00:00,988573
2026-08-12T11:00:52+00:00,QQQX/USDT,QQQ,725.38,718.4500122070312,96.4,08-11 00:00,155478
2026-08-12T11:00:52+00:00,SPYX/USDT,SPY,777.07,770.5599975585938,84.4,08-11 00:00,199623
2026-08-12T11:00:52+00:00,MCDX/USDT,MCD,276.38,274.1499938964844,81.3,08-11 00:00,76037
2026-08-12T11:00:52+00:00,AMZNX/USDT,AMZN,273.57,272.2699890136719,47.7,08-11 00:00,47928
2026-08-12T11:00:52+00:00,TSLAX/USDT,TSLA,334.1,332.80999755859375,38.8,08-11 00:00,245974
2026-08-12T11:30:59+00:00,MSTRX/USDT,MSTR,97.61,96.08999633789062,158.2,08-11 00:00,228651
2026-08-12T11:30:59+00:00,AVGOX/USDT,AVGO,421.83,416.0799865722656,138.2,08-11 00:00,148387
2026-08-12T11:30:59+00:00,COINX/USDT,COIN,150.15,148.5800018310547,105.7,08-11 00:00,149207
2026-08-12T11:30:59+00:00,NVDAX/USDT,NVDA,219.75,217.5,103.2,08-11 00:00,143576
2026-08-12T11:30:59+00:00,QQQX/USDT,QQQ,725.25,718.4500122070312,94.6,08-11 00:00,153156
2026-08-12T11:30:59+00:00,GOOGLX/USDT,GOOGL,346.87,343.79998779296875,89.3,08-11 00:00,985299
2026-08-12T11:30:59+00:00,SPYX/USDT,SPY,777.15,770.5599975585938,85.5,08-11 00:00,195206
2026-08-12T11:30:59+00:00,MCDX/USDT,MCD,276.35,274.1499938964844,80.2,08-11 00:00,75802
2026-08-12T11:30:59+00:00,AMZNX/USDT,AMZN,273.57,272.2699890136719,47.7,08-11 00:00,46019
2026-08-12T11:30:59+00:00,TSLAX/USDT,TSLA,334.03,332.80999755859375,36.8,08-11 00:00,245579
2026-08-12T11:30:59+00:00,AAPLX/USDT,AAPL,306.01,304.9100036621094,36.2,08-11 00:00,77049
2026-08-12T12:01:00+00:00,MSTRX/USDT,MSTR,97.8,96.08999633789062,177.4,08-11 00:00,234237
2026-08-12T12:01:00+00:00,AVGOX/USDT,AVGO,423.07,416.0799865722656,168.0,08-11 00:00,149022
2026-08-12T12:01:00+00:00,COINX/USDT,COIN,150.44,148.5800018310547,124.8,08-11 00:00,147749
2026-08-12T12:01:00+00:00,NVDAX/USDT,NVDA,219.82,217.5,106.7,08-11 00:00,143867
2026-08-12T12:01:00+00:00,QQQX/USDT,QQQ,725.7,718.4500122070312,100.9,08-11 00:00,150842
2026-08-12T12:01:00+00:00,SPYX/USDT,SPY,777.44,770.5599975585938,89.3,08-11 00:00,187032
2026-08-12T12:01:00+00:00,GOOGLX/USDT,GOOGL,346.75,343.79998779296875,85.7,08-11 00:00,993573
2026-08-12T12:01:00+00:00,MCDX/USDT,MCD,276.19,274.1499938964844,74.4,08-11 00:00,76089
2026-08-12T12:01:00+00:00,AMZNX/USDT,AMZN,273.4,272.2699890136719,41.5,08-11 00:00,45914
2026-08-12T12:01:00+00:00,AAPLX/USDT,AAPL,305.91,304.9100036621094,32.8,08-11 00:00,74702
2026-08-12T12:01:00+00:00,TSLAX/USDT,TSLA,333.83,332.80999755859375,30.6,08-11 00:00,244788
2026-08-12T12:31:11+00:00,MSTRX/USDT,MSTR,97.8,96.08999633789062,177.4,08-11 00:00,246887
2026-08-12T12:31:11+00:00,AVGOX/USDT,AVGO,422.21,416.0799865722656,147.3,08-11 00:00,145012
2026-08-12T12:31:11+00:00,COINX/USDT,COIN,150.45,148.5800018310547,126.2,08-11 00:00,150473
2026-08-12T12:31:11+00:00,QQQX/USDT,QQQ,726.17,718.4500122070312,107.5,08-11 00:00,156878
2026-08-12T12:31:11+00:00,SPYX/USDT,SPY,777.66,770.5599975585938,92.1,08-11 00:00,181586
2026-08-12T12:31:11+00:00,NVDAX/USDT,NVDA,219.43,217.5,88.5,08-11 00:00,142551
2026-08-12T12:31:11+00:00,GOOGLX/USDT,GOOGL,346.75,343.79998779296875,85.8,08-11 00:00,997413
2026-08-12T12:31:11+00:00,MCDX/USDT,MCD,275.39,274.1499938964844,45.4,08-11 00:00,75538
2026-08-12T12:31:11+00:00,AMZNX/USDT,AMZN,273.41,272.2699890136719,42.1,08-11 00:00,44304
2026-08-12T13:30:42+00:00,MCDX/USDT,MCD,276.39,269.68499755859375,248.8,08-12 00:00,74496
2026-08-12T13:30:42+00:00,AVGOX/USDT,AVGO,428.44,425.2449951171875,75.1,08-12 00:00,144221
2026-08-12T13:30:42+00:00,SPYX/USDT,SPY,779.03,773.973388671875,65.4,08-12 00:00,184771
2026-08-12T13:30:42+00:00,COINX/USDT,COIN,151.14,150.4499969482422,45.9,08-12 00:00,154127
2026-08-12T13:30:42+00:00,AAPLX/USDT,AAPL,306.06,304.760009765625,42.8,08-12 00:00,57651
2026-08-12T13:30:42+00:00,GOOGLX/USDT,GOOGL,346.73,345.5249938964844,34.7,08-12 00:00,1023834
2026-08-12T13:30:42+00:00,QQQX/USDT,QQQ,728.83,726.6199951171875,30.3,08-12 00:00,158851
2026-08-12T14:00:24+00:00,MCDX/USDT,MCD,275.54,271.4849853515625,149.5,08-12 00:00,73092
2026-08-12T14:00:24+00:00,AVGOX/USDT,AVGO,424.57,421.3800048828125,75.8,08-12 00:00,137276
2026-08-12T14:00:24+00:00,SPYX/USDT,SPY,777.28,772.4400024414062,62.7,08-12 00:00,182312
2026-08-12T14:00:24+00:00,AAPLX/USDT,AAPL,304.52,303.2550048828125,41.7,08-12 00:00,43108
2026-08-12T14:00:24+00:00,QQQX/USDT,QQQ,727.01,724.8200073242188,30.3,08-12 00:00,162067
2026-08-12T14:00:24+00:00,GOOGLX/USDT,GOOGL,344.69,343.64990234375,30.1,08-12 00:00,1055850
2026-08-12T15:00:40+00:00,MCDX/USDT,MCD,277.17,273.3299865722656,140.5,08-12 00:00,71788
2026-08-12T15:00:40+00:00,AVGOX/USDT,AVGO,424.81,421.9549865722656,67.7,08-12 00:00,140091
2026-08-12T15:00:40+00:00,SPYX/USDT,SPY,777.07,772.0399780273438,65.1,08-12 00:00,182569
2026-08-12T15:00:40+00:00,AAPLX/USDT,AAPL,303.69,302.3599853515625,44.2,08-12 00:00,39061
2026-08-12T15:00:40+00:00,QQQX/USDT,QQQ,726.52,723.9299926757812,35.8,08-12 00:00,158259
2026-08-12T15:30:45+00:00,MCDX/USDT,MCD,277.53,273.57501220703125,144.7,08-12 00:00,73029
2026-08-12T15:30:45+00:00,SPYX/USDT,SPY,777.34,772.3200073242188,65.0,08-12 00:00,175565
2026-08-12T15:30:45+00:00,AVGOX/USDT,AVGO,421.32,419.31500244140625,47.8,08-12 00:00,138990
2026-08-12T15:30:45+00:00,AAPLX/USDT,AAPL,302.32,300.9200134277344,46.5,08-12 00:00,38794
2026-08-12T15:30:45+00:00,QQQX/USDT,QQQ,726.7,724.1300048828125,35.5,08-12 00:00,156775
2026-08-12T16:00:49+00:00,MCDX/USDT,MCD,277.51,274.8900146484375,95.3,08-12 00:00,73252
2026-08-12T16:00:49+00:00,SPYX/USDT,SPY,777.02,772.1699829101562,62.8,08-12 00:00,178194
2026-08-12T16:00:49+00:00,AVGOX/USDT,AVGO,422.09,419.5050964355469,61.5,08-12 00:00,141806
2026-08-12T16:00:49+00:00,AAPLX/USDT,AAPL,302.44,301.2850036621094,38.2,08-12 00:00,40764
2026-08-12T16:00:49+00:00,QQQX/USDT,QQQ,726.08,723.4992065429688,35.6,08-12 00:00,157450
2026-08-12T16:30:49+00:00,MCDX/USDT,MCD,279.23,275.125,149.0,08-12 00:00,73681
2026-08-12T16:30:49+00:00,SPYX/USDT,SPY,777.19,772.489990234375,60.8,08-12 00:00,178451
2026-08-12T16:30:49+00:00,AVGOX/USDT,AVGO,421.58,419.3511962890625,53.1,08-12 00:00,144086
2026-08-12T16:30:49+00:00,AAPLX/USDT,AAPL,302.8,301.6000061035156,39.6,08-12 00:00,41298
2026-08-12T16:30:49+00:00,QQQX/USDT,QQQ,726.76,724.3099975585938,33.8,08-12 00:00,154218
2026-08-12T17:01:27+00:00,MCDX/USDT,MCD,278.52,275.8349914550781,97.3,08-12 00:00,71454
2026-08-12T17:01:27+00:00,SPYX/USDT,SPY,777.86,773.0399780273438,62.3,08-12 00:00,172730
2026-08-12T17:01:27+00:00,AVGOX/USDT,AVGO,421.19,419.4100036621094,42.4,08-12 00:00,146088
2026-08-12T17:01:27+00:00,AAPLX/USDT,AAPL,303.37,302.1199951171875,41.4,08-12 00:00,39934
2026-08-12T17:01:27+00:00,QQQX/USDT,QQQ,727.63,725.1599731445312,34.1,08-12 00:00,151909
2026-08-12T17:31:55+00:00,MCDX/USDT,MCD,280.26,275.8599853515625,159.7,08-12 00:00,69489
2026-08-12T17:31:55+00:00,SPYX/USDT,SPY,777.93,772.7899780273438,66.5,08-12 00:00,170214
2026-08-12T17:31:55+00:00,AVGOX/USDT,AVGO,421.23,418.7349853515625,59.6,08-12 00:00,144650
2026-08-12T17:31:55+00:00,AAPLX/USDT,AAPL,303.45,302.1499938964844,42.9,08-12 00:00,59520
2026-08-12T17:31:55+00:00,QQQX/USDT,QQQ,727.63,725.094970703125,35.0,08-12 00:00,150415
2026-08-12T18:01:44+00:00,MCDX/USDT,MCD,280.22,275.739990234375,162.3,08-12 00:00,71568
2026-08-12T18:01:44+00:00,SPYX/USDT,SPY,777.99,772.8499755859375,66.6,08-12 00:00,171484
2026-08-12T18:01:44+00:00,AVGOX/USDT,AVGO,420.96,418.3500061035156,62.4,08-12 00:00,144258
2026-08-12T18:01:44+00:00,AAPLX/USDT,AAPL,302.97,301.6199951171875,44.6,08-12 00:00,64269
2026-08-12T18:01:44+00:00,QQQX/USDT,QQQ,727.56,724.9299926757812,36.3,08-12 00:00,154640
2026-08-12T18:31:10+00:00,MCDX/USDT,MCD,279.83,275.1700134277344,169.3,08-12 00:00,71147
2026-08-12T18:31:10+00:00,SPYX/USDT,SPY,778.02,773.1699829101562,62.8,08-12 00:00,170646
2026-08-12T18:31:10+00:00,AVGOX/USDT,AVGO,420.12,417.92999267578125,52.5,08-12 00:00,145241
2026-08-12T18:31:10+00:00,AAPLX/USDT,AAPL,302.42,301.0799865722656,44.5,08-12 00:00,62908
2026-08-12T18:31:10+00:00,QQQX/USDT,QQQ,727.51,724.8195190429688,37.2,08-12 00:00,152599
2026-08-12T19:00:18+00:00,MCDX/USDT,MCD,279.97,274.9599914550781,182.0,08-12 00:00,70193
2026-08-12T19:00:18+00:00,SPYX/USDT,SPY,778.19,773.0900268554688,66.0,08-12 00:00,171118
2026-08-12T19:00:18+00:00,AVGOX/USDT,AVGO,419.41,416.7349853515625,64.2,08-12 00:00,146109
2026-08-12T19:00:18+00:00,AAPLX/USDT,AAPL,302.67,301.43499755859375,41.0,08-12 00:00,62297
2026-08-12T19:00:18+00:00,QQQX/USDT,QQQ,727.28,724.719970703125,35.3,08-12 00:00,151540
2026-08-12T19:30:21+00:00,MCDX/USDT,MCD,279.75,275.1050109863281,168.8,08-12 00:00,70069
2026-08-12T19:30:21+00:00,SPYX/USDT,SPY,778.01,772.875,66.4,08-12 00:00,170687
2026-08-12T19:30:21+00:00,AVGOX/USDT,AVGO,418.43,415.79998779296875,63.1,08-12 00:00,141723
2026-08-12T19:30:21+00:00,QQQX/USDT,QQQ,726.61,723.8049926757812,38.7,08-12 00:00,151266
2026-08-12T19:30:21+00:00,COINX/USDT,COIN,149.97,149.38999938964844,38.5,08-12 00:00,174765
2026-08-12T19:30:21+00:00,AAPLX/USDT,AAPL,302.89,301.75,37.9,08-12 00:00,62218
2026-08-12T20:00:27+00:00,MCDX/USDT,MCD,279.81,275.6600036621094,150.5,08-12 00:00,70451
2026-08-12T20:00:27+00:00,SPYX/USDT,SPY,777.61,772.469970703125,66.5,08-12 00:00,166504
2026-08-12T20:00:27+00:00,AVGOX/USDT,AVGO,418.71,416.04998779296875,63.9,08-12 00:00,139940
2026-08-12T20:00:27+00:00,AAPLX/USDT,AAPL,303.33,302.25,35.7,08-12 00:00,61536
2026-08-12T20:00:27+00:00,QQQX/USDT,QQQ,726.28,723.7000122070312,35.7,08-12 00:00,149868
2026-08-12T20:00:27+00:00,GOOGLX/USDT,GOOGL,344.62,343.5400085449219,31.4,08-12 00:00,1068554
2026-08-12T20:00:27+00:00,MSTRX/USDT,MSTR,95.12,94.83000183105469,30.1,08-12 00:00,294888
2026-08-12T20:30:33+00:00,MCDX/USDT,MCD,280.49,275.70001220703125,173.7,08-12 00:00,69242
2026-08-12T20:30:33+00:00,SPYX/USDT,SPY,777.75,772.489990234375,68.2,08-12 00:00,165839
2026-08-12T20:30:33+00:00,AVGOX/USDT,AVGO,417.88,416.04998779296875,44.1,08-12 00:00,130852
2026-08-12T20:30:33+00:00,MSTRX/USDT,MSTR,95.22,94.83000183105469,41.7,08-12 00:00,296022
2026-08-12T20:30:33+00:00,AAPLX/USDT,AAPL,303.37,302.25,37.1,08-12 00:00,62979
2026-08-12T20:30:33+00:00,COINX/USDT,COIN,149.55,149.0399932861328,34.2,08-12 00:00,179348
2026-08-12T21:30:46+00:00,MCDX/USDT,MCD,279.57,275.70001220703125,140.6,08-12 00:00,68135
2026-08-12T21:30:46+00:00,SPYX/USDT,SPY,777.92,772.489990234375,70.4,08-12 00:00,164172
2026-08-12T21:30:46+00:00,MSTRX/USDT,MSTR,95.28,94.83000183105469,46.9,08-12 00:00,255639
2026-08-12T21:30:46+00:00,AVGOX/USDT,AVGO,417.89,416.04998779296875,44.2,08-12 00:00,129409
2026-08-12T21:30:46+00:00,GOOGLX/USDT,GOOGL,344.86,343.5400085449219,38.3,08-12 00:00,1078098
2026-08-12T21:30:46+00:00,COINX/USDT,COIN,149.59,149.0399932861328,37.2,08-12 00:00,178206
2026-08-12T21:30:46+00:00,AAPLX/USDT,AAPL,303.34,302.25,36.1,08-12 00:00,62923
2026-08-12T22:00:53+00:00,MCDX/USDT,MCD,279.46,275.70001220703125,136.2,08-12 00:00,65591
2026-08-12T22:00:53+00:00,SPYX/USDT,SPY,778.0,772.489990234375,71.3,08-12 00:00,163172
2026-08-12T22:00:53+00:00,AVGOX/USDT,AVGO,418.03,416.04998779296875,47.6,08-12 00:00,124797
2026-08-12T22:00:53+00:00,MSTRX/USDT,MSTR,95.26,94.83000183105469,45.3,08-12 00:00,246043
2026-08-12T22:00:53+00:00,GOOGLX/USDT,GOOGL,345.0,343.5400085449219,42.4,08-12 00:00,1091167
2026-08-12T22:00:53+00:00,AAPLX/USDT,AAPL,303.32,302.25,35.6,08-12 00:00,62871
2026-08-12T22:30:55+00:00,MCDX/USDT,MCD,278.69,275.70001220703125,108.3,08-12 00:00,66237
2026-08-12T22:30:55+00:00,SPYX/USDT,SPY,777.85,772.489990234375,69.3,08-12 00:00,159956
2026-08-12T22:30:55+00:00,MSTRX/USDT,MSTR,95.19,94.83000183105469,37.4,08-12 00:00,237858
2026-08-12T22:30:55+00:00,AVGOX/USDT,AVGO,417.36,416.04998779296875,31.4,08-12 00:00,123944
2026-08-12T22:30:55+00:00,GOOGLX/USDT,GOOGL,344.62,343.5400085449219,31.3,08-12 00:00,1081575
2026-08-12T23:01:01+00:00,MCDX/USDT,MCD,279.55,275.70001220703125,139.6,08-12 00:00,65456
2026-08-12T23:01:01+00:00,SPYX/USDT,SPY,777.89,772.489990234375,70.0,08-12 00:00,160622
2026-08-12T23:01:01+00:00,AVGOX/USDT,AVGO,417.45,416.04998779296875,33.5,08-12 00:00,124683
2026-08-12T23:01:01+00:00,COINX/USDT,COIN,149.49,149.0399932861328,30.2,08-12 00:00,178652
2026-08-12T23:31:08+00:00,MCDX/USDT,MCD,279.35,275.70001220703125,132.2,08-12 00:00,65487
2026-08-12T23:31:08+00:00,SPYX/USDT,SPY,777.64,772.489990234375,66.7,08-12 00:00,155809
2026-08-12T23:31:08+00:00,AVGOX/USDT,AVGO,417.96,416.04998779296875,45.8,08-12 00:00,124952
2026-08-12T23:31:08+00:00,COINX/USDT,COIN,149.53,149.0399932861328,32.9,08-12 00:00,179828
2026-08-13T00:01:15+00:00,AVGOX/USDT,AVGO,424.38,416.04998779296875,200.1,08-12 00:00,126064
2026-08-13T00:01:15+00:00,MCDX/USDT,MCD,279.4,275.70001220703125,134.4,08-12 00:00,64199
2026-08-13T00:01:15+00:00,SPYX/USDT,SPY,777.64,772.489990234375,66.7,08-12 00:00,154950
2026-08-13T00:01:15+00:00,COINX/USDT,COIN,149.6,149.0399932861328,37.6,08-12 00:00,178551
2026-08-13T00:01:15+00:00,GOOGLX/USDT,GOOGL,344.81,343.5400085449219,36.8,08-12 00:00,1091516
2026-08-13T00:01:15+00:00,MSTRX/USDT,MSTR,95.18,94.83000183105469,36.4,08-12 00:00,235551
2026-08-13T00:30:18+00:00,MCDX/USDT,MCD,279.79,275.70001220703125,148.5,08-12 00:00,63441
2026-08-13T00:30:18+00:00,MSTRX/USDT,MSTR,95.52,94.83000183105469,72.2,08-12 00:00,237421
2026-08-13T00:30:18+00:00,SPYX/USDT,SPY,777.77,772.489990234375,68.4,08-12 00:00,154476
2026-08-13T00:30:18+00:00,AVGOX/USDT,AVGO,418.39,416.04998779296875,56.2,08-12 00:00,132739
2026-08-13T00:30:18+00:00,COINX/USDT,COIN,149.82,149.0399932861328,52.7,08-12 00:00,177275
2026-08-13T00:30:18+00:00,GOOGLX/USDT,GOOGL,344.92,343.5400085449219,40.2,08-12 00:00,1089559
2026-08-13T00:30:18+00:00,QQQX/USDT,QQQ,726.38,723.7000122070312,37.0,08-12 00:00,147698
2026-08-13T01:00:23+00:00,MCDX/USDT,MCD,279.67,275.70001220703125,144.2,08-12 00:00,63287
2026-08-13T01:00:23+00:00,SPYX/USDT,SPY,777.79,772.489990234375,68.6,08-12 00:00,150771
2026-08-13T01:00:23+00:00,COINX/USDT,COIN,150.01,149.0399932861328,65.1,08-12 00:00,179593
2026-08-13T01:00:23+00:00,MSTRX/USDT,MSTR,95.44,94.83000183105469,64.9,08-12 00:00,236567
2026-08-13T01:00:23+00:00,AVGOX/USDT,AVGO,418.52,416.04998779296875,59.4,08-12 00:00,134267
2026-08-13T01:00:23+00:00,QQQX/USDT,QQQ,726.3,723.7000122070312,35.9,08-12 00:00,148038
2026-08-13T01:00:23+00:00,GOOGLX/USDT,GOOGL,344.72,343.5400085449219,34.2,08-12 00:00,1075243
2026-08-13T01:30:28+00:00,MCDX/USDT,MCD,278.22,275.70001220703125,91.2,08-12 00:00,63709
2026-08-13T01:30:28+00:00,SPYX/USDT,SPY,777.64,772.489990234375,66.7,08-12 00:00,146534
2026-08-13T01:30:28+00:00,AVGOX/USDT,AVGO,418.36,416.04998779296875,55.5,08-12 00:00,132704
2026-08-13T01:30:28+00:00,AAPLX/USDT,AAPL,303.35,302.25,36.2,08-12 00:00,61645
2026-08-13T01:30:28+00:00,MSTRX/USDT,MSTR,95.12,94.83000183105469,31.1,08-12 00:00,236866
2026-08-13T02:00:39+00:00,MCDX/USDT,MCD,278.02,275.70001220703125,84.1,08-12 00:00,63080
2026-08-13T02:00:39+00:00,SPYX/USDT,SPY,777.82,772.489990234375,69.0,08-12 00:00,141363
2026-08-13T02:00:39+00:00,AVGOX/USDT,AVGO,418.48,416.04998779296875,58.4,08-12 00:00,132329
2026-08-13T02:00:39+00:00,MSTRX/USDT,MSTR,95.34,94.83000183105469,54.3,08-12 00:00,237310
2026-08-13T02:00:39+00:00,COINX/USDT,COIN,149.66,149.0399932861328,41.9,08-12 00:00,176352
2026-08-13T02:00:39+00:00,QQQX/USDT,QQQ,726.57,723.7000122070312,39.6,08-12 00:00,149661
2026-08-13T02:00:39+00:00,AAPLX/USDT,AAPL,303.4,302.25,38.0,08-12 00:00,61407
2026-08-13T02:30:46+00:00,MCDX/USDT,MCD,277.94,275.70001220703125,81.2,08-12 00:00,62789
2026-08-13T02:30:46+00:00,SPYX/USDT,SPY,777.8,772.489990234375,68.7,08-12 00:00,141862
2026-08-13T02:30:46+00:00,AVGOX/USDT,AVGO,418.9,416.04998779296875,68.5,08-12 00:00,132296
2026-08-13T02:30:46+00:00,AAPLX/USDT,AAPL,303.53,302.25,42.5,08-12 00:00,61404
2026-08-13T02:30:46+00:00,COINX/USDT,COIN,149.62,149.0399932861328,39.3,08-12 00:00,168818
2026-08-13T02:30:46+00:00,QQQX/USDT,QQQ,726.55,723.7000122070312,39.3,08-12 00:00,149614
2026-08-13T02:30:46+00:00,MSTRX/USDT,MSTR,95.13,94.83000183105469,32.2,08-12 00:00,238390
2026-08-13T03:00:46+00:00,MCDX/USDT,MCD,277.9,275.70001220703125,79.8,08-12 00:00,62082
2026-08-13T03:00:46+00:00,SPYX/USDT,SPY,777.97,772.489990234375,70.9,08-12 00:00,142840
2026-08-13T03:00:46+00:00,MSTRX/USDT,MSTR,95.5,94.83000183105469,70.1,08-12 00:00,236535
2026-08-13T03:00:46+00:00,AVGOX/USDT,AVGO,418.87,416.04998779296875,67.7,08-12 00:00,131476
2026-08-13T03:00:46+00:00,COINX/USDT,COIN,149.69,149.0399932861328,43.9,08-12 00:00,168672
2026-08-13T03:00:46+00:00,QQQX/USDT,QQQ,726.84,723.7000122070312,43.4,08-12 00:00,151437
2026-08-13T03:00:46+00:00,AAPLX/USDT,AAPL,303.43,302.25,38.9,08-12 00:00,61276
2026-08-13T03:00:46+00:00,GOOGLX/USDT,GOOGL,344.67,343.5400085449219,33.0,08-12 00:00,1052957
2026-08-13T03:00:46+00:00,NVDAX/USDT,NVDA,224.76,224.08999633789062,30.1,08-12 00:00,335115
2026-08-13T03:30:50+00:00,MCDX/USDT,MCD,278.72,275.70001220703125,109.5,08-12 00:00,62865
2026-08-13T03:30:50+00:00,AVGOX/USDT,AVGO,419.26,416.04998779296875,77.2,08-12 00:00,131054
2026-08-13T03:30:50+00:00,MSTRX/USDT,MSTR,95.56,94.83000183105469,76.5,08-12 00:00,238717
2026-08-13T03:30:50+00:00,SPYX/USDT,SPY,778.0,772.489990234375,71.4,08-12 00:00,141290
2026-08-13T03:30:50+00:00,COINX/USDT,COIN,149.92,149.0399932861328,59.0,08-12 00:00,169106
2026-08-13T03:30:50+00:00,AAPLX/USDT,AAPL,303.57,302.25,43.7,08-12 00:00,61439
2026-08-13T03:30:50+00:00,QQQX/USDT,QQQ,726.83,723.7000122070312,43.2,08-12 00:00,152167
2026-08-13T03:30:50+00:00,GOOGLX/USDT,GOOGL,344.92,343.5400085449219,40.2,08-12 00:00,1045635
2026-08-13T04:01:23+00:00,MCDX/USDT,MCD,279.76,275.70001220703125,147.4,08-12 00:00,60140
2026-08-13T04:01:23+00:00,MSTRX/USDT,MSTR,95.66,94.83000183105469,87.5,08-12 00:00,239756
2026-08-13T04:01:23+00:00,SPYX/USDT,SPY,778.14,772.489990234375,73.1,08-12 00:00,138511
2026-08-13T04:01:23+00:00,AVGOX/USDT,AVGO,419.02,416.04998779296875,71.4,08-12 00:00,132523
2026-08-13T04:01:23+00:00,COINX/USDT,COIN,149.89,149.0399932861328,57.4,08-12 00:00,168416
2026-08-13T04:01:23+00:00,GOOGLX/USDT,GOOGL,345.26,343.5400085449219,50.1,08-12 00:00,1056078
2026-08-13T04:01:23+00:00,QQQX/USDT,QQQ,727.0,723.7000122070312,45.6,08-12 00:00,151924
2026-08-13T04:01:23+00:00,AAPLX/USDT,AAPL,303.58,302.25,44.0,08-12 00:00,59226
2026-08-13T04:31:04+00:00,MCDX/USDT,MCD,279.76,275.70001220703125,147.4,08-12 00:00,60255
2026-08-13T04:31:04+00:00,MSTRX/USDT,MSTR,95.56,94.83000183105469,76.5,08-12 00:00,240605
2026-08-13T04:31:04+00:00,SPYX/USDT,SPY,778.2,772.489990234375,73.9,08-12 00:00,142715
2026-08-13T04:31:04+00:00,AVGOX/USDT,AVGO,419.12,416.04998779296875,73.9,08-12 00:00,129322
2026-08-13T04:31:04+00:00,GOOGLX/USDT,GOOGL,345.08,343.5400085449219,44.7,08-12 00:00,1064333
2026-08-13T04:31:04+00:00,COINX/USDT,COIN,149.7,149.0399932861328,44.3,08-12 00:00,169241
2026-08-13T04:31:04+00:00,QQQX/USDT,QQQ,726.89,723.7000122070312,44.1,08-12 00:00,151235
2026-08-13T04:31:04+00:00,AAPLX/USDT,AAPL,303.51,302.25,41.9,08-12 00:00,58775
2026-08-13T05:01:09+00:00,MCDX/USDT,MCD,279.64,275.70001220703125,142.9,08-12 00:00,59917
2026-08-13T05:01:09+00:00,MSTRX/USDT,MSTR,95.83,94.83000183105469,104.9,08-12 00:00,245590
2026-08-13T05:01:09+00:00,AVGOX/USDT,AVGO,419.45,416.04998779296875,81.7,08-12 00:00,130826
2026-08-13T05:01:09+00:00,SPYX/USDT,SPY,778.4,772.489990234375,76.6,08-12 00:00,141029
2026-08-13T05:01:09+00:00,COINX/USDT,COIN,149.93,149.0399932861328,59.4,08-12 00:00,170244
2026-08-13T05:01:09+00:00,QQQX/USDT,QQQ,727.2,723.7000122070312,48.4,08-12 00:00,150137
2026-08-13T05:01:09+00:00,AAPLX/USDT,AAPL,303.7,302.25,48.0,08-12 00:00,58477
2026-08-13T05:01:09+00:00,GOOGLX/USDT,GOOGL,345.15,343.5400085449219,47.0,08-12 00:00,1057548
2026-08-13T05:01:09+00:00,NVDAX/USDT,NVDA,224.86,224.08999633789062,34.1,08-12 00:00,340743
2026-08-13T05:30:31+00:00,MSTRX/USDT,MSTR,96.26,94.83000183105469,150.8,08-12 00:00,253728
2026-08-13T05:30:31+00:00,MCDX/USDT,MCD,278.94,275.70001220703125,117.3,08-12 00:00,60852
2026-08-13T05:30:31+00:00,AVGOX/USDT,AVGO,419.71,416.04998779296875,88.0,08-12 00:00,130447
2026-08-13T05:30:31+00:00,COINX/USDT,COIN,150.32,149.0399932861328,85.9,08-12 00:00,170338
2026-08-13T05:30:31+00:00,SPYX/USDT,SPY,778.79,772.489990234375,81.6,08-12 00:00,138518
2026-08-13T05:30:31+00:00,GOOGLX/USDT,GOOGL,345.87,343.5400085449219,67.8,08-12 00:00,1060763
2026-08-13T05:30:31+00:00,AAPLX/USDT,AAPL,303.93,302.25,55.6,08-12 00:00,58417
2026-08-13T05:30:31+00:00,QQQX/USDT,QQQ,727.72,723.7000122070312,55.5,08-12 00:00,150257
2026-08-13T05:30:31+00:00,NVDAX/USDT,NVDA,225.2,224.08999633789062,49.5,08-12 00:00,344088
2026-08-13T05:30:31+00:00,TSLAX/USDT,TSLA,328.71,327.510009765625,36.5,08-12 00:00,212230
2026-08-13T06:00:20+00:00,MCDX/USDT,MCD,279.18,275.70001220703125,126.2,08-12 00:00,59794
2026-08-13T06:00:20+00:00,MSTRX/USDT,MSTR,95.97,94.83000183105469,119.7,08-12 00:00,259614
2026-08-13T06:00:20+00:00,SPYX/USDT,SPY,778.74,772.489990234375,80.8,08-12 00:00,139100
2026-08-13T06:00:20+00:00,AVGOX/USDT,AVGO,419.34,416.04998779296875,79.0,08-12 00:00,128780
2026-08-13T06:00:20+00:00,COINX/USDT,COIN,150.07,149.0399932861328,69.1,08-12 00:00,168609
2026-08-13T06:00:20+00:00,QQQX/USDT,QQQ,727.76,723.7000122070312,56.2,08-12 00:00,148971
2026-08-13T06:00:20+00:00,AAPLX/USDT,AAPL,303.83,302.25,52.3,08-12 00:00,58419
2026-08-13T06:00:20+00:00,GOOGLX/USDT,GOOGL,345.06,343.5400085449219,44.4,08-12 00:00,1048043
2026-08-13T06:00:20+00:00,NVDAX/USDT,NVDA,224.81,224.08999633789062,32.4,08-12 00:00,343962
2026-08-13T06:30:26+00:00,MCDX/USDT,MCD,279.7,275.70001220703125,145.1,08-12 00:00,58642
2026-08-13T06:30:26+00:00,MSTRX/USDT,MSTR,95.84,94.83000183105469,106.5,08-12 00:00,263287
2026-08-13T06:30:26+00:00,SPYX/USDT,SPY,778.75,772.489990234375,81.0,08-12 00:00,135831
2026-08-13T06:30:26+00:00,AVGOX/USDT,AVGO,419.19,416.04998779296875,75.5,08-12 00:00,130389
2026-08-13T06:30:26+00:00,COINX/USDT,COIN,149.96,149.0399932861328,62.1,08-12 00:00,162758
2026-08-13T06:30:26+00:00,AAPLX/USDT,AAPL,303.92,302.25,55.1,08-12 00:00,58158
2026-08-13T06:30:26+00:00,QQQX/USDT,QQQ,727.38,723.7000122070312,50.8,08-12 00:00,146661
2026-08-13T06:30:26+00:00,GOOGLX/USDT,GOOGL,345.13,343.5400085449219,46.4,08-12 00:00,1056711
2026-08-13T06:30:26+00:00,NVDAX/USDT,NVDA,224.93,224.08999633789062,37.5,08-12 00:00,343399
2026-08-13T07:00:37+00:00,MCDX/USDT,MCD,279.7,275.70001220703125,145.1,08-12 00:00,58920
2026-08-13T07:00:37+00:00,MSTRX/USDT,MSTR,96.01,94.83000183105469,124.4,08-12 00:00,267564
2026-08-13T07:00:37+00:00,COINX/USDT,COIN,150.25,149.0399932861328,81.2,08-12 00:00,160184
2026-08-13T07:00:37+00:00,SPYX/USDT,SPY,778.63,772.489990234375,79.5,08-12 00:00,135973
2026-08-13T07:00:37+00:00,AVGOX/USDT,AVGO,418.69,416.04998779296875,63.3,08-12 00:00,129617
2026-08-13T07:00:37+00:00,AAPLX/USDT,AAPL,303.76,302.25,50.0,08-12 00:00,58375
2026-08-13T07:00:37+00:00,QQQX/USDT,QQQ,727.02,723.7000122070312,45.9,08-12 00:00,149468
2026-08-13T07:00:37+00:00,GOOGLX/USDT,GOOGL,345.06,343.5400085449219,44.4,08-12 00:00,1065801
2026-08-13T07:30:42+00:00,MCDX/USDT,MCD,279.2,275.70001220703125,126.9,08-12 00:00,58957
2026-08-13T07:30:42+00:00,MSTRX/USDT,MSTR,95.94,94.83000183105469,117.1,08-12 00:00,268708
2026-08-13T07:30:42+00:00,SPYX/USDT,SPY,778.52,772.489990234375,78.1,08-12 00:00,135750
2026-08-13T07:30:42+00:00,AAPLX/USDT,AAPL,304.49,302.25,74.1,08-12 00:00,58828
2026-08-13T07:30:42+00:00,COINX/USDT,COIN,150.04,149.0399932861328,67.1,08-12 00:00,160979
2026-08-13T07:30:42+00:00,AVGOX/USDT,AVGO,418.78,416.04998779296875,65.7,08-12 00:00,126449
2026-08-13T07:30:42+00:00,GOOGLX/USDT,GOOGL,345.19,343.5400085449219,47.9,08-12 00:00,1064318
2026-08-13T07:30:42+00:00,QQQX/USDT,QQQ,726.45,723.7000122070312,38.1,08-12 00:00,151981
2026-08-13T08:00:44+00:00,MCDX/USDT,MCD,278.96,275.70001220703125,118.1,08-12 00:00,59294
2026-08-13T08:00:44+00:00,MSTRX/USDT,MSTR,95.9,94.83000183105469,112.8,08-12 00:00,272579
2026-08-13T08:00:44+00:00,SPYX/USDT,SPY,778.57,772.489990234375,78.6,08-12 00:00,135084
2026-08-13T08:00:44+00:00,AAPLX/USDT,AAPL,304.39,302.25,70.8,08-12 00:00,60620
2026-08-13T08:00:44+00:00,AVGOX/USDT,AVGO,418.44,416.04998779296875,57.3,08-12 00:00,127629
2026-08-13T08:00:44+00:00,GOOGLX/USDT,GOOGL,345.44,343.5400085449219,55.3,08-12 00:00,1069184
2026-08-13T08:00:44+00:00,COINX/USDT,COIN,149.82,149.0399932861328,52.3,08-12 00:00,162485
2026-08-13T08:00:44+00:00,QQQX/USDT,QQQ,726.42,723.7000122070312,37.6,08-12 00:00,151595
2026-08-13T08:30:55+00:00,MCDX/USDT,MCD,279.51,275.70001220703125,138.2,08-12 00:00,60395
2026-08-13T08:30:55+00:00,MSTRX/USDT,MSTR,95.9,94.83000183105469,112.8,08-12 00:00,275253
2026-08-13T08:30:55+00:00,AAPLX/USDT,AAPL,304.9,302.25,87.7,08-12 00:00,60813
2026-08-13T08:30:55+00:00,GOOGLX/USDT,GOOGL,346.45,343.5400085449219,84.9,08-12 00:00,1065118
2026-08-13T08:30:55+00:00,SPYX/USDT,SPY,778.63,772.489990234375,79.5,08-12 00:00,131081
2026-08-13T08:30:55+00:00,COINX/USDT,COIN,149.75,149.0399932861328,47.3,08-12 00:00,169249
2026-08-13T08:30:55+00:00,AVGOX/USDT,AVGO,417.96,416.04998779296875,45.8,08-12 00:00,126943
2026-08-13T08:30:55+00:00,AMZNX/USDT,AMZN,268.29,267.2799987792969,37.8,08-12 00:00,324522
2026-08-13T08:30:55+00:00,QQQX/USDT,QQQ,726.2,723.7000122070312,34.6,08-12 00:00,146592
2026-08-13T09:00:49+00:00,MCDX/USDT,MCD,279.51,275.70001220703125,138.2,08-12 00:00,58858
2026-08-13T09:00:49+00:00,MSTRX/USDT,MSTR,95.97,94.83000183105469,120.7,08-12 00:00,268157
2026-08-13T09:00:49+00:00,GOOGLX/USDT,GOOGL,346.57,343.5400085449219,88.2,08-12 00:00,1059134
2026-08-13T09:00:49+00:00,AAPLX/USDT,AAPL,304.76,302.25,83.2,08-12 00:00,60553
2026-08-13T09:00:49+00:00,SPYX/USDT,SPY,778.36,772.489990234375,76.0,08-12 00:00,131260
2026-08-13T09:00:49+00:00,AVGOX/USDT,AVGO,418.56,416.04998779296875,60.2,08-12 00:00,125902
2026-08-13T09:00:49+00:00,COINX/USDT,COIN,149.64,149.0399932861328,40.3,08-12 00:00,203601
2026-08-13T09:00:49+00:00,AMZNX/USDT,AMZN,268.34,267.2799987792969,39.7,08-12 00:00,324294
2026-08-13T09:00:49+00:00,QQQX/USDT,QQQ,726.41,723.7000122070312,37.4,08-12 00:00,144697
2026-08-13T12:17:04+00:00,MCDX/USDT,MCD,280.96,275.70001220703125,190.8,08-12 00:00,57969
2026-08-13T12:17:04+00:00,AAPLX/USDT,AAPL,304.78,302.25,83.7,08-12 00:00,61545
2026-08-13T12:17:04+00:00,GOOGLX/USDT,GOOGL,346.41,343.5400085449219,83.5,08-12 00:00,1026801
2026-08-13T12:17:04+00:00,SPYX/USDT,SPY,778.81,772.489990234375,81.7,08-12 00:00,118505
2026-08-13T12:17:04+00:00,TSLAX/USDT,TSLA,325.81,327.510009765625,-52.1,08-12 00:00,217419
2026-08-13T12:17:04+00:00,MSTRX/USDT,MSTR,95.17,94.83000183105469,35.9,08-12 00:00,272190
2026-08-13T12:17:04+00:00,QQQX/USDT,QQQ,726.12,723.7000122070312,33.4,08-12 00:00,154374
2026-08-13T12:31:08+00:00,MCDX/USDT,MCD,281.25,275.70001220703125,201.5,08-12 00:00,57997
2026-08-13T12:31:08+00:00,GOOGLX/USDT,GOOGL,346.4,343.5400085449219,83.3,08-12 00:00,1021948
2026-08-13T12:31:08+00:00,AAPLX/USDT,AAPL,304.67,302.25,80.1,08-12 00:00,61092
2026-08-13T12:31:08+00:00,SPYX/USDT,SPY,778.61,772.489990234375,79.2,08-12 00:00,119898
2026-08-13T12:31:08+00:00,TSLAX/USDT,TSLA,325.12,327.510009765625,-73.1,08-12 00:00,218643
2026-08-13T12:31:08+00:00,QQQX/USDT,QQQ,726.26,723.7000122070312,35.4,08-12 00:00,143868
2026-08-13T13:01:04+00:00,MCDX/USDT,MCD,280.7,275.70001220703125,181.4,08-12 00:00,57408
2026-08-13T13:01:04+00:00,SPYX/USDT,SPY,779.46,772.489990234375,90.3,08-12 00:00,119601
2026-08-13T13:01:04+00:00,AAPLX/USDT,AAPL,304.88,302.25,87.2,08-12 00:00,76668
2026-08-13T13:01:04+00:00,GOOGLX/USDT,GOOGL,346.38,343.5400085449219,82.7,08-12 00:00,1027468
2026-08-13T13:01:04+00:00,MSTRX/USDT,MSTR,95.5,94.83000183105469,71.2,08-12 00:00,265011
2026-08-13T13:01:04+00:00,COINX/USDT,COIN,149.84,149.0399932861328,53.3,08-12 00:00,225085
2026-08-13T13:01:04+00:00,AVGOX/USDT,AVGO,418.19,416.04998779296875,51.4,08-12 00:00,127466
2026-08-13T13:01:04+00:00,QQQX/USDT,QQQ,727.37,723.7000122070312,50.6,08-12 00:00,720199
2026-08-13T13:01:04+00:00,TSLAX/USDT,TSLA,325.88,327.510009765625,-49.9,08-12 00:00,222155
2026-08-13T13:01:04+00:00,AMZNX/USDT,AMZN,268.09,267.2799987792969,30.1,08-12 00:00,324572
2026-08-13T13:31:08+00:00,MCDX/USDT,MCD,280.81,276.7049865722656,148.5,08-13 00:00,57893
2026-08-13T13:31:08+00:00,AAPLX/USDT,AAPL,305.38,303.2200012207031,71.2,08-13 00:00,86970
2026-08-13T13:31:08+00:00,SPYX/USDT,SPY,779.54,774.3699951171875,66.7,08-13 00:00,117860
2026-08-13T13:31:08+00:00,AVGOX/USDT,AVGO,415.31,412.7950134277344,61.0,08-13 00:00,126059
2026-08-13T13:31:08+00:00,GOOGLX/USDT,GOOGL,345.39,343.94000244140625,42.2,08-13 00:00,1022668
2026-08-13T13:31:08+00:00,QQQX/USDT,QQQ,727.61,724.6699829101562,40.6,08-13 00:00,1003175
2026-08-13T13:31:08+00:00,COINX/USDT,COIN,150.5,151.08999633789062,-39.4,08-13 00:00,223349
2026-08-13T13:31:08+00:00,MSTRX/USDT,MSTR,94.97,95.29499816894531,-33.6,08-13 00:00,257877
2026-08-13T14:00:24+00:00,MCDX/USDT,MCD,280.64,277.05999755859375,129.4,08-13 00:00,57579
2026-08-13T14:00:24+00:00,SPYX/USDT,SPY,782.43,777.523681640625,63.2,08-13 00:00,120429
2026-08-13T14:00:24+00:00,AVGOX/USDT,AVGO,426.36,423.9700012207031,56.4,08-13 00:00,193312
2026-08-13T14:00:24+00:00,AAPLX/USDT,AAPL,306.03,304.57501220703125,47.9,08-13 00:00,88105
2026-08-13T14:00:24+00:00,QQQX/USDT,QQQ,733.93,731.1599731445312,38.0,08-13 00:00,1071767
2026-08-13T14:00:24+00:00,MSTRX/USDT,MSTR,97.19,96.87000274658203,33.0,08-13 00:00,263446
2026-08-13T14:00:24+00:00,GOOGLX/USDT,GOOGL,346.48,345.3699951171875,32.0,08-13 00:00,968551
2026-08-13T14:30:20+00:00,MCDX/USDT,MCD,280.58,275.9898986816406,166.5,08-13 00:00,57030
2026-08-13T14:30:20+00:00,SPYX/USDT,SPY,784.12,779.094970703125,64.4,08-13 00:00,121548
2026-08-13T14:30:20+00:00,AVGOX/USDT,AVGO,425.43,423.1650085449219,53.4,08-13 00:00,195207
2026-08-13T14:30:20+00:00,AAPLX/USDT,AAPL,306.97,305.8900146484375,35.1,08-13 00:00,99124
2026-08-13T14:30:20+00:00,QQQX/USDT,QQQ,735.45,732.9199829101562,34.6,08-13 00:00,1074030
2026-08-13T14:30:20+00:00,GOOGLX/USDT,GOOGL,347.27,346.2200012207031,30.5,08-13 00:00,896264
2026-08-13T15:00:30+00:00,MCDX/USDT,MCD,278.97,274.5899963378906,159.3,08-13 00:00,56255
2026-08-13T15:00:30+00:00,SPYX/USDT,SPY,782.79,778.0599975585938,60.8,08-13 00:00,121087
2026-08-13T15:00:30+00:00,AVGOX/USDT,AVGO,426.06,423.8599853515625,51.8,08-13 00:00,191555
2026-08-13T15:00:30+00:00,AAPLX/USDT,AAPL,306.37,305.0249938964844,43.9,08-13 00:00,105481
2026-08-13T15:00:30+00:00,QQQX/USDT,QQQ,734.87,732.4099731445312,33.6,08-13 00:00,1077611
2026-08-13T15:30:34+00:00,MCDX/USDT,MCD,277.55,273.489990234375,148.5,08-13 00:00,55374
2026-08-13T15:30:34+00:00,SPYX/USDT,SPY,781.58,776.1099853515625,70.4,08-13 00:00,122634
2026-08-13T15:30:34+00:00,AVGOX/USDT,AVGO,425.41,423.32000732421875,49.5,08-13 00:00,192377
2026-08-13T15:30:34+00:00,AAPLX/USDT,AAPL,305.0,303.610107421875,45.8,08-13 00:00,106793
2026-08-13T15:30:34+00:00,QQQX/USDT,QQQ,734.72,731.9400024414062,37.9,08-13 00:00,1084184
2026-08-13T15:30:34+00:00,GOOGLX/USDT,GOOGL,345.45,344.2799987792969,34.1,08-13 00:00,816223
2026-08-13T16:00:34+00:00,MCDX/USDT,MCD,277.5,272.5799865722656,180.3,08-13 00:00,57038
2026-08-13T16:00:34+00:00,SPYX/USDT,SPY,780.7,775.5399780273438,66.5,08-13 00:00,122756
2026-08-13T16:00:34+00:00,AVGOX/USDT,AVGO,423.69,421.5570983886719,50.5,08-13 00:00,189179
2026-08-13T16:00:34+00:00,AAPLX/USDT,AAPL,304.11,302.7799987792969,43.8,08-13 00:00,104319
2026-08-13T16:00:34+00:00,QQQX/USDT,QQQ,732.74,730.1400146484375,35.5,08-13 00:00,1092807
2026-08-13T16:30:43+00:00,MCDX/USDT,MCD,277.13,272.760009765625,160.4,08-13 00:00,56412
2026-08-13T16:30:43+00:00,SPYX/USDT,SPY,781.6,776.530029296875,65.3,08-13 00:00,139705
2026-08-13T16:30:43+00:00,AVGOX/USDT,AVGO,424.15,422.20001220703125,46.3,08-13 00:00,190990
2026-08-13T16:30:43+00:00,AAPLX/USDT,AAPL,304.74,303.3450012207031,45.8,08-13 00:00,105267
2026-08-13T16:30:43+00:00,QQQX/USDT,QQQ,734.24,731.969970703125,31.0,08-13 00:00,1095808
2026-08-13T17:01:10+00:00,MCDX/USDT,MCD,277.29,272.8699951171875,162.0,08-13 00:00,55479
2026-08-13T17:01:10+00:00,SPYX/USDT,SPY,781.86,776.9398803710938,63.3,08-13 00:00,152952
2026-08-13T17:01:10+00:00,AVGOX/USDT,AVGO,423.11,421.1499938964844,46.5,08-13 00:00,188674
2026-08-13T17:01:10+00:00,AAPLX/USDT,AAPL,304.45,303.1499938964844,42.9,08-13 00:00,109678
2026-08-13T17:01:10+00:00,GOOGLX/USDT,GOOGL,347.07,345.8500061035156,35.4,08-13 00:00,696964
2026-08-13T17:01:10+00:00,QQQX/USDT,QQQ,734.73,732.3699951171875,32.3,08-13 00:00,1099186
2026-08-13T17:30:52+00:00,MCDX/USDT,MCD,277.38,272.7250061035156,170.7,08-13 00:00,56837
2026-08-13T17:30:52+00:00,SPYX/USDT,SPY,782.29,777.2349853515625,65.0,08-13 00:00,170456
2026-08-13T17:30:52+00:00,AVGOX/USDT,AVGO,424.34,422.1600036621094,51.6,08-13 00:00,190839
2026-08-13T17:30:52+00:00,AAPLX/USDT,AAPL,304.72,303.3299865722656,45.7,08-13 00:00,90516
2026-08-13T17:30:52+00:00,QQQX/USDT,QQQ,735.73,733.219970703125,34.2,08-13 00:00,1104789
2026-08-13T18:01:12+00:00,MCDX/USDT,MCD,276.79,272.3800048828125,161.9,08-13 00:00,55039
2026-08-13T18:01:12+00:00,SPYX/USDT,SPY,781.9,776.8599853515625,64.9,08-13 00:00,170771
2026-08-13T18:01:12+00:00,AVGOX/USDT,AVGO,422.81,420.2799987792969,60.2,08-13 00:00,190815
2026-08-13T18:01:12+00:00,AAPLX/USDT,AAPL,304.66,303.4800109863281,38.9,08-13 00:00,88370
2026-08-13T18:01:12+00:00,QQQX/USDT,QQQ,735.0,732.3099975585938,36.8,08-13 00:00,1104303
2026-08-13T18:01:12+00:00,GOOGLX/USDT,GOOGL,346.91,345.8599853515625,30.5,08-13 00:00,570144
2026-08-13T18:31:04+00:00,MCDX/USDT,MCD,276.69,272.44000244140625,156.2,08-13 00:00,52985
2026-08-13T18:31:04+00:00,SPYX/USDT,SPY,781.82,777.1099853515625,60.5,08-13 00:00,174766
2026-08-13T18:31:04+00:00,AVGOX/USDT,AVGO,421.67,419.6000061035156,49.2,08-13 00:00,190102
2026-08-13T18:31:04+00:00,AAPLX/USDT,AAPL,304.7,303.3999938964844,42.8,08-13 00:00,88595
2026-08-13T18:31:04+00:00,QQQX/USDT,QQQ,734.68,732.2750244140625,32.9,08-13 00:00,1105654
2026-08-13T19:01:07+00:00,MCDX/USDT,MCD,277.26,272.45001220703125,176.7,08-13 00:00,54380
2026-08-13T19:01:07+00:00,SPYX/USDT,SPY,783.08,777.85498046875,67.2,08-13 00:00,190168
2026-08-13T19:01:07+00:00,AVGOX/USDT,AVGO,423.32,421.31500244140625,47.7,08-13 00:00,188616
2026-08-13T19:01:07+00:00,AAPLX/USDT,AAPL,304.48,303.1050109863281,45.4,08-13 00:00,89096
2026-08-13T19:01:07+00:00,GOOGLX/USDT,GOOGL,346.81,345.7550048828125,30.5,08-13 00:00,539105
2026-08-13T19:01:07+00:00,QQQX/USDT,QQQ,735.74,733.5,30.5,08-13 00:00,1108170
2026-08-13T19:30:15+00:00,MCDX/USDT,MCD,276.71,272.4200134277344,157.5,08-13 00:00,53687
2026-08-13T19:30:15+00:00,SPYX/USDT,SPY,783.37,778.02001953125,68.7,08-13 00:00,194059
2026-08-13T19:30:15+00:00,AVGOX/USDT,AVGO,422.08,419.2900085449219,66.5,08-13 00:00,189430
2026-08-13T19:30:15+00:00,QQQX/USDT,QQQ,735.41,732.5599975585938,38.9,08-13 00:00,1113273
2026-08-13T19:30:15+00:00,AAPLX/USDT,AAPL,305.69,304.5400085449219,37.8,08-13 00:00,89724
2026-08-13T19:30:15+00:00,MSTRX/USDT,MSTR,97.5,97.16000366210938,35.0,08-13 00:00,318253
2026-08-13T20:30:24+00:00,MCDX/USDT,MCD,276.77,272.25,166.0,08-13 00:00,52859
2026-08-13T20:30:24+00:00,AVGOX/USDT,AVGO,420.9,417.82000732421875,73.8,08-13 00:00,189469
2026-08-13T20:30:24+00:00,SPYX/USDT,SPY,782.83,777.8800048828125,63.6,08-13 00:00,194295
2026-08-13T20:30:24+00:00,QQQX/USDT,QQQ,734.87,732.0700073242188,38.2,08-13 00:00,1126445
2026-08-13T21:30:41+00:00,MCDX/USDT,MCD,275.5,272.25,119.2,08-13 00:00,50958
2026-08-13T21:30:41+00:00,AVGOX/USDT,AVGO,421.58,417.82000732421875,90.0,08-13 00:00,186602
2026-08-13T21:30:41+00:00,SPYX/USDT,SPY,783.01,777.8800048828125,66.0,08-13 00:00,194444
2026-08-13T21:30:41+00:00,TSLAX/USDT,TSLA,341.88,339.9599914550781,56.3,08-13 00:00,294431
2026-08-13T21:30:41+00:00,QQQX/USDT,QQQ,735.12,732.0700073242188,41.7,08-13 00:00,1137642
2026-08-13T21:30:41+00:00,GOOGLX/USDT,GOOGL,347.56,346.3599853515625,34.8,08-13 00:00,465168
2026-08-13T21:30:41+00:00,AAPLX/USDT,AAPL,306.25,305.260009765625,32.4,08-13 00:00,87565
2026-08-13T22:00:44+00:00,MCDX/USDT,MCD,275.46,272.25,117.9,08-13 00:00,51719
2026-08-13T22:00:44+00:00,AVGOX/USDT,AVGO,421.55,417.82000732421875,89.4,08-13 00:00,187349
2026-08-13T22:00:44+00:00,SPYX/USDT,SPY,782.99,777.8800048828125,65.7,08-13 00:00,192341
2026-08-13T22:00:44+00:00,TSLAX/USDT,TSLA,341.52,339.9599914550781,45.9,08-13 00:00,297186
2026-08-13T22:00:44+00:00,QQQX/USDT,QQQ,735.08,732.0700073242188,41.1,08-13 00:00,1144666
2026-08-13T22:30:47+00:00,MCDX/USDT,MCD,275.21,272.25,108.7,08-13 00:00,50676
2026-08-13T22:30:47+00:00,AVGOX/USDT,AVGO,421.64,417.82000732421875,91.5,08-13 00:00,185443
2026-08-13T22:30:47+00:00,SPYX/USDT,SPY,783.09,777.8800048828125,66.9,08-13 00:00,190805
2026-08-13T22:30:47+00:00,MSTRX/USDT,MSTR,97.52,97.0999984741211,42.7,08-13 00:00,327400
2026-08-13T22:30:47+00:00,QQQX/USDT,QQQ,734.78,732.0700073242188,37.0,08-13 00:00,1147250
2026-08-13T22:30:47+00:00,TSLAX/USDT,TSLA,341.05,339.9599914550781,32.1,08-13 00:00,300799
2026-08-13T22:30:47+00:00,AAPLX/USDT,AAPL,306.21,305.260009765625,31.1,08-13 00:00,88254
2026-08-13T23:00:53+00:00,MCDX/USDT,MCD,277.03,272.25,175.8,08-13 00:00,51555
2026-08-13T23:00:53+00:00,AVGOX/USDT,AVGO,421.54,417.82000732421875,89.0,08-13 00:00,184678
2026-08-13T23:00:53+00:00,SPYX/USDT,SPY,783.11,777.8800048828125,67.2,08-13 00:00,188917
2026-08-13T23:00:53+00:00,QQQX/USDT,QQQ,734.78,732.0700073242188,36.9,08-13 00:00,1150878
2026-08-13T23:00:53+00:00,NVDAX/USDT,NVDA,226.07,225.3000030517578,34.4,08-13 00:00,743323
2026-08-13T23:00:53+00:00,TSLAX/USDT,TSLA,341.07,339.9599914550781,32.7,08-13 00:00,301968
2026-08-13T23:00:53+00:00,GOOGLX/USDT,GOOGL,347.45,346.3599853515625,31.3,08-13 00:00,425864
2026-08-13T23:31:01+00:00,MCDX/USDT,MCD,276.98,272.25,173.6,08-13 00:00,50804
2026-08-13T23:31:01+00:00,AVGOX/USDT,AVGO,421.4,417.82000732421875,85.7,08-13 00:00,186157
2026-08-13T23:31:01+00:00,SPYX/USDT,SPY,783.19,777.8800048828125,68.3,08-13 00:00,190314
2026-08-13T23:31:01+00:00,TSLAX/USDT,TSLA,341.4,339.9599914550781,42.4,08-13 00:00,299656
2026-08-13T23:31:01+00:00,QQQX/USDT,QQQ,734.95,732.0700073242188,39.3,08-13 00:00,1158744
2026-08-13T23:31:01+00:00,GOOGLX/USDT,GOOGL,347.71,346.3599853515625,39.0,08-13 00:00,413099
2026-08-13T23:31:01+00:00,AAPLX/USDT,AAPL,306.26,305.260009765625,32.8,08-13 00:00,88226
2026-08-13T23:31:01+00:00,COINX/USDT,COIN,153.43,153.89999389648438,-30.9,08-13 00:00,294354
2026-08-14T00:01:04+00:00,MCDX/USDT,MCD,276.62,272.25,160.3,08-13 00:00,51557
2026-08-14T00:01:04+00:00,AVGOX/USDT,AVGO,421.36,417.82000732421875,84.7,08-13 00:00,184305
2026-08-14T00:01:04+00:00,SPYX/USDT,SPY,783.29,777.8800048828125,69.6,08-13 00:00,193487
2026-08-14T00:01:04+00:00,TSLAX/USDT,TSLA,341.64,339.9599914550781,49.6,08-13 00:00,302469
2026-08-14T00:01:04+00:00,QQQX/USDT,QQQ,734.83,732.0700073242188,37.7,08-13 00:00,1161086
2026-08-14T00:31:14+00:00,MCDX/USDT,MCD,276.62,272.25,160.3,08-13 00:00,52497
2026-08-14T00:31:14+00:00,AVGOX/USDT,AVGO,421.35,417.82000732421875,84.4,08-13 00:00,179350
2026-08-14T00:31:14+00:00,SPYX/USDT,SPY,783.33,777.8800048828125,70.0,08-13 00:00,195869
2026-08-14T00:31:14+00:00,GOOGLX/USDT,GOOGL,347.68,346.3599853515625,38.1,08-13 00:00,375949
2026-08-14T00:31:14+00:00,TSLAX/USDT,TSLA,341.04,339.9599914550781,31.9,08-13 00:00,309582
2026-08-14T00:31:14+00:00,QQQX/USDT,QQQ,734.39,732.0700073242188,31.7,08-13 00:00,1165920
2026-08-14T01:00:18+00:00,MCDX/USDT,MCD,276.62,272.25,160.3,08-13 00:00,53225
2026-08-14T01:00:18+00:00,SPYX/USDT,SPY,783.14,777.8800048828125,67.7,08-13 00:00,197305
2026-08-14T01:00:18+00:00,AVGOX/USDT,AVGO,419.61,417.82000732421875,42.8,08-13 00:00,177893
2026-08-14T01:30:26+00:00,MCDX/USDT,MCD,276.62,272.25,160.3,08-13 00:00,52650
2026-08-14T01:30:26+00:00,SPYX/USDT,SPY,782.96,777.8800048828125,65.2,08-13 00:00,198478
2026-08-14T01:30:26+00:00,AVGOX/USDT,AVGO,419.2,417.82000732421875,33.0,08-13 00:00,177605
2026-08-14T02:00:33+00:00,MCDX/USDT,MCD,276.62,272.25,160.3,08-13 00:00,53053
2026-08-14T02:00:33+00:00,SPYX/USDT,SPY,783.12,777.8800048828125,67.4,08-13 00:00,198102
2026-08-14T02:00:33+00:00,AVGOX/USDT,AVGO,419.54,417.82000732421875,41.2,08-13 00:00,178763
2026-08-14T02:00:33+00:00,GOOGLX/USDT,GOOGL,347.49,346.3599853515625,32.5,08-13 00:00,357452
2026-08-14T02:30:38+00:00,MCDX/USDT,MCD,276.62,272.25,160.3,08-13 00:00,53297
2026-08-14T02:30:38+00:00,SPYX/USDT,SPY,783.21,777.8800048828125,68.5,08-13 00:00,197866
2026-08-14T02:30:38+00:00,AMZNX/USDT,AMZN,266.25,265.1300048828125,42.2,08-13 00:00,70145
2026-08-14T02:30:38+00:00,AVGOX/USDT,AVGO,419.45,417.82000732421875,39.0,08-13 00:00,179716
2026-08-14T02:30:38+00:00,GOOGLX/USDT,GOOGL,347.43,346.3599853515625,30.9,08-13 00:00,336880
2026-08-14T03:00:39+00:00,MCDX/USDT,MCD,277.26,272.25,184.2,08-13 00:00,53983
2026-08-14T03:00:39+00:00,SPYX/USDT,SPY,783.3,777.8800048828125,69.6,08-13 00:00,199328
2026-08-14T03:00:39+00:00,AVGOX/USDT,AVGO,419.36,417.82000732421875,36.9,08-13 00:00,180610
2026-08-14T03:00:39+00:00,AMZNX/USDT,AMZN,265.95,265.1300048828125,30.7,08-13 00:00,70484
2026-08-14T03:30:50+00:00,MCDX/USDT,MCD,277.26,272.25,184.2,08-13 00:00,53825
2026-08-14T03:30:50+00:00,SPYX/USDT,SPY,783.48,777.8800048828125,71.9,08-13 00:00,199352
2026-08-14T03:30:50+00:00,AVGOX/USDT,AVGO,420.33,417.82000732421875,60.0,08-13 00:00,181432
2026-08-14T03:30:50+00:00,AMZNX/USDT,AMZN,266.0,265.1300048828125,32.6,08-13 00:00,70342
2026-08-14T03:30:50+00:00,GOOGLX/USDT,GOOGL,347.49,346.3599853515625,32.5,08-13 00:00,308029
2026-08-14T04:00:18+00:00,MCDX/USDT,MCD,277.26,272.25,184.2,08-13 00:00,55528
2026-08-14T04:00:18+00:00,SPYX/USDT,SPY,783.62,777.8800048828125,73.9,08-13 00:00,199470
2026-08-14T04:00:18+00:00,COINX/USDT,COIN,153.3,153.89999389648438,-39.3,08-13 00:00,298952
2026-08-14T04:00:18+00:00,MSTRX/USDT,MSTR,96.72,97.0999984741211,-38.6,08-13 00:00,322698
2026-08-14T04:00:18+00:00,AVGOX/USDT,AVGO,419.17,417.82000732421875,32.4,08-13 00:00,180417
2026-08-14T04:00:18+00:00,GOOGLX/USDT,GOOGL,347.4,346.3599853515625,30.2,08-13 00:00,288990
2026-08-14T04:30:25+00:00,MCDX/USDT,MCD,277.26,272.25,184.2,08-13 00:00,56611
2026-08-14T04:30:25+00:00,SPYX/USDT,SPY,783.63,777.8800048828125,74.0,08-13 00:00,196685
2026-08-14T04:30:25+00:00,AVGOX/USDT,AVGO,419.53,417.82000732421875,40.9,08-13 00:00,180999
2026-08-14T04:30:25+00:00,GOOGLX/USDT,GOOGL,347.63,346.3599853515625,36.8,08-13 00:00,277671
2026-08-14T04:30:25+00:00,AMZNX/USDT,AMZN,265.95,265.1300048828125,30.9,08-13 00:00,70159
2026-08-14T05:00:28+00:00,MCDX/USDT,MCD,276.91,272.25,171.3,08-13 00:00,57203
2026-08-14T05:00:28+00:00,SPYX/USDT,SPY,783.28,777.8800048828125,69.4,08-13 00:00,198763
2026-08-14T05:00:28+00:00,AAPLX/USDT,AAPL,306.52,305.260009765625,41.4,08-13 00:00,89225
2026-08-14T05:00:28+00:00,GOOGLX/USDT,GOOGL,347.52,346.3599853515625,33.6,08-13 00:00,270859
2026-08-14T05:30:35+00:00,MCDX/USDT,MCD,276.76,272.25,165.7,08-13 00:00,57333
2026-08-14T05:30:35+00:00,SPYX/USDT,SPY,783.2,777.8800048828125,68.3,08-13 00:00,200284
2026-08-14T05:30:35+00:00,MSTRX/USDT,MSTR,96.47,97.0999984741211,-65.4,08-13 00:00,310466
2026-08-14T05:30:35+00:00,AVGOX/USDT,AVGO,420.26,417.82000732421875,58.4,08-13 00:00,180436
2026-08-14T05:30:35+00:00,AAPLX/USDT,AAPL,306.82,305.260009765625,51.1,08-13 00:00,89412
2026-08-14T05:30:35+00:00,COINX/USDT,COIN,153.41,153.89999389648438,-32.2,08-13 00:00,304035
2026-08-14T05:30:35+00:00,GOOGLX/USDT,GOOGL,347.41,346.3599853515625,30.5,08-13 00:00,253753
2026-08-14T06:00:40+00:00,MCDX/USDT,MCD,277.17,272.25,180.7,08-13 00:00,56826
2026-08-14T06:00:40+00:00,SPYX/USDT,SPY,783.42,777.8800048828125,71.2,08-13 00:00,199017
2026-08-14T06:00:40+00:00,AAPLX/USDT,AAPL,307.09,305.260009765625,59.8,08-13 00:00,89462
2026-08-14T06:00:40+00:00,AVGOX/USDT,AVGO,420.15,417.82000732421875,55.8,08-13 00:00,181902
2026-08-14T06:00:40+00:00,MSTRX/USDT,MSTR,96.72,97.0999984741211,-38.6,08-13 00:00,304458
2026-08-14T06:30:44+00:00,MCDX/USDT,MCD,277.17,272.25,180.7,08-13 00:00,58966
2026-08-14T06:30:44+00:00,MSTRX/USDT,MSTR,96.31,97.0999984741211,-80.8,08-13 00:00,299731
2026-08-14T06:30:44+00:00,SPYX/USDT,SPY,783.13,777.8800048828125,67.6,08-13 00:00,198995
2026-08-14T06:30:44+00:00,AAPLX/USDT,AAPL,306.89,305.260009765625,53.6,08-13 00:00,89475
2026-08-14T06:30:44+00:00,COINX/USDT,COIN,153.17,153.89999389648438,-47.8,08-13 00:00,307579
2026-08-14T06:30:44+00:00,GOOGLX/USDT,GOOGL,347.42,346.3599853515625,30.5,08-13 00:00,219581
2026-08-14T07:00:49+00:00,MCDX/USDT,MCD,277.17,272.25,180.7,08-13 00:00,61394
2026-08-14T07:00:49+00:00,MSTRX/USDT,MSTR,95.91,97.0999984741211,-123.1,08-13 00:00,296785
2026-08-14T07:00:49+00:00,COINX/USDT,COIN,152.69,153.89999389648438,-78.3,08-13 00:00,307954
2026-08-14T07:00:49+00:00,SPYX/USDT,SPY,783.02,777.8800048828125,66.1,08-13 00:00,196649
2026-08-14T07:00:49+00:00,AAPLX/USDT,AAPL,306.99,305.260009765625,56.5,08-13 00:00,90288
2026-08-14T07:00:49+00:00,AVGOX/USDT,AVGO,419.48,417.82000732421875,39.6,08-13 00:00,180797
2026-08-14T07:00:49+00:00,QQQX/USDT,QQQ,734.32,732.0700073242188,30.7,08-13 00:00,1208487
2026-08-14T07:30:57+00:00,MCDX/USDT,MCD,277.17,272.25,180.7,08-13 00:00,61247
2026-08-14T07:30:57+00:00,MSTRX/USDT,MSTR,96.15,97.0999984741211,-98.4,08-13 00:00,294003
2026-08-14T07:30:57+00:00,COINX/USDT,COIN,152.74,153.89999389648438,-75.4,08-13 00:00,307879
2026-08-14T07:30:57+00:00,SPYX/USDT,SPY,783.02,777.8800048828125,66.1,08-13 00:00,198465
2026-08-14T07:30:57+00:00,AAPLX/USDT,AAPL,306.85,305.260009765625,52.1,08-13 00:00,90162
2026-08-14T07:30:57+00:00,AVGOX/USDT,AVGO,419.58,417.82000732421875,42.1,08-13 00:00,181413
2026-08-14T07:30:57+00:00,QQQX/USDT,QQQ,734.49,732.0700073242188,33.0,08-13 00:00,1204351
2026-08-14T07:30:57+00:00,GOOGLX/USDT,GOOGL,347.41,346.3599853515625,30.3,08-13 00:00,190913
2026-08-14T08:01:01+00:00,MCDX/USDT,MCD,277.17,272.25,180.7,08-13 00:00,60360
2026-08-14T08:01:01+00:00,MSTRX/USDT,MSTR,96.11,97.0999984741211,-102.5,08-13 00:00,291070
2026-08-14T08:01:01+00:00,COINX/USDT,COIN,152.84,153.89999389648438,-69.2,08-13 00:00,304558
2026-08-14T08:01:01+00:00,AVGOX/USDT,AVGO,420.65,417.82000732421875,67.9,08-13 00:00,180551
2026-08-14T08:01:01+00:00,SPYX/USDT,SPY,783.03,777.8800048828125,66.3,08-13 00:00,197321
2026-08-14T08:01:01+00:00,TSLAX/USDT,TSLA,341.5,339.9599914550781,45.4,08-13 00:00,332121
2026-08-14T08:01:01+00:00,AAPLX/USDT,AAPL,306.59,305.260009765625,43.6,08-13 00:00,88725
2026-08-14T08:01:01+00:00,QQQX/USDT,QQQ,734.84,732.0700073242188,37.8,08-13 00:00,1206350
2026-08-14T08:01:01+00:00,GOOGLX/USDT,GOOGL,347.64,346.3599853515625,37.1,08-13 00:00,189704
2026-08-14T08:31:13+00:00,MSTRX/USDT,MSTR,95.66,97.0999984741211,-148.8,08-13 00:00,296630
2026-08-14T08:31:13+00:00,MCDX/USDT,MCD,275.82,272.25,131.1,08-13 00:00,58373
2026-08-14T08:31:13+00:00,COINX/USDT,COIN,152.38,153.89999389648438,-99.1,08-13 00:00,301355
2026-08-14T08:31:13+00:00,GOOGLX/USDT,GOOGL,348.77,346.3599853515625,69.7,08-13 00:00,183481
2026-08-14T08:31:13+00:00,SPYX/USDT,SPY,783.21,777.8800048828125,68.5,08-13 00:00,197623
2026-08-14T08:31:13+00:00,AAPLX/USDT,AAPL,306.95,305.260009765625,55.4,08-13 00:00,89132
2026-08-14T08:31:13+00:00,TSLAX/USDT,TSLA,341.8,339.9599914550781,54.3,08-13 00:00,335790
2026-08-14T08:31:13+00:00,QQQX/USDT,QQQ,735.51,732.0700073242188,47.1,08-13 00:00,1206307
2026-08-14T08:31:13+00:00,AVGOX/USDT,AVGO,419.6,417.82000732421875,42.5,08-13 00:00,180236
2026-08-14T09:01:14+00:00,MCDX/USDT,MCD,275.86,272.25,132.4,08-13 00:00,59075
2026-08-14T09:01:14+00:00,MSTRX/USDT,MSTR,96.0,97.0999984741211,-112.8,08-13 00:00,301066
2026-08-14T09:01:14+00:00,COINX/USDT,COIN,152.57,153.89999389648438,-86.1,08-13 00:00,265417
2026-08-14T09:01:14+00:00,SPYX/USDT,SPY,783.5,777.8800048828125,72.3,08-13 00:00,194816
2026-08-14T09:01:14+00:00,AAPLX/USDT,AAPL,307.12,305.260009765625,61.1,08-13 00:00,89221
2026-08-14T09:01:14+00:00,GOOGLX/USDT,GOOGL,348.3,346.3599853515625,56.2,08-13 00:00,179449
2026-08-14T09:01:14+00:00,TSLAX/USDT,TSLA,341.8,339.9599914550781,54.3,08-13 00:00,339240
2026-08-14T09:01:14+00:00,QQQX/USDT,QQQ,735.7,732.0700073242188,49.6,08-13 00:00,1210455
2026-08-14T09:01:14+00:00,AVGOX/USDT,AVGO,419.37,417.82000732421875,37.1,08-13 00:00,182948
2026-08-14T09:01:14+00:00,NVDAX/USDT,NVDA,226.1,225.3000030517578,35.3,08-13 00:00,746247
2026-08-14T09:30:16+00:00,MSTRX/USDT,MSTR,95.69,97.0999984741211,-144.7,08-13 00:00,295460
2026-08-14T09:30:16+00:00,MCDX/USDT,MCD,275.86,272.25,132.4,08-13 00:00,58293
2026-08-14T09:30:16+00:00,COINX/USDT,COIN,152.55,153.89999389648438,-87.7,08-13 00:00,261588
2026-08-14T09:30:16+00:00,SPYX/USDT,SPY,783.62,777.8800048828125,73.9,08-13 00:00,197584
2026-08-14T09:30:16+00:00,AAPLX/USDT,AAPL,306.84,305.260009765625,51.6,08-13 00:00,89329
2026-08-14T09:30:16+00:00,GOOGLX/USDT,GOOGL,348.12,346.3599853515625,51.0,08-13 00:00,178585
2026-08-14T09:30:16+00:00,TSLAX/USDT,TSLA,341.65,339.9599914550781,49.7,08-13 00:00,336254
2026-08-14T09:30:16+00:00,QQQX/USDT,QQQ,735.54,732.0700073242188,47.5,08-13 00:00,1211310
2026-08-14T09:30:16+00:00,NVDAX/USDT,NVDA,226.34,225.3000030517578,45.9,08-13 00:00,744240
2026-08-14T10:00:22+00:00,MSTRX/USDT,MSTR,95.38,97.0999984741211,-176.6,08-13 00:00,300282
2026-08-14T10:00:22+00:00,MCDX/USDT,MCD,275.86,272.25,132.6,08-13 00:00,57448
2026-08-14T10:00:22+00:00,COINX/USDT,COIN,152.31,153.89999389648438,-103.6,08-13 00:00,262060
2026-08-14T10:00:22+00:00,SPYX/USDT,SPY,783.38,777.8800048828125,70.7,08-13 00:00,203804
2026-08-14T10:00:22+00:00,TSLAX/USDT,TSLA,341.97,339.9599914550781,59.0,08-13 00:00,336680
2026-08-14T10:00:22+00:00,AAPLX/USDT,AAPL,306.84,305.260009765625,51.8,08-13 00:00,89847
2026-08-14T10:00:22+00:00,GOOGLX/USDT,GOOGL,348.15,346.3599853515625,51.8,08-13 00:00,174608
2026-08-14T10:00:22+00:00,QQQX/USDT,QQQ,735.57,732.0700073242188,47.7,08-13 00:00,1211917
2026-08-14T10:00:22+00:00,NVDAX/USDT,NVDA,226.34,225.3000030517578,46.2,08-13 00:00,749047
2026-08-14T10:00:22+00:00,AVGOX/USDT,AVGO,419.33,417.82000732421875,36.1,08-13 00:00,175118
2026-08-14T11:00:28+00:00,MCDX/USDT,MCD,277.28,272.25,184.9,08-13 00:00,57322
2026-08-14T11:00:28+00:00,MSTRX/USDT,MSTR,95.81,97.0999984741211,-133.4,08-13 00:00,299222
2026-08-14T11:00:28+00:00,COINX/USDT,COIN,152.13,153.89999389648438,-114.7,08-13 00:00,252583
2026-08-14T11:00:28+00:00,SPYX/USDT,SPY,783.68,777.8800048828125,74.6,08-13 00:00,250280
2026-08-14T11:00:28+00:00,TSLAX/USDT,TSLA,342.4,339.9599914550781,71.9,08-13 00:00,332506
2026-08-14T11:00:28+00:00,NVDAX/USDT,NVDA,226.75,225.3000030517578,64.4,08-13 00:00,748728
2026-08-14T11:00:28+00:00,QQQX/USDT,QQQ,736.12,732.0700073242188,55.3,08-13 00:00,1211119
2026-08-14T11:00:28+00:00,GOOGLX/USDT,GOOGL,347.75,346.3599853515625,40.3,08-13 00:00,169598
2026-08-14T11:00:28+00:00,AVGOX/USDT,AVGO,419.19,417.82000732421875,32.9,08-13 00:00,175332
2026-08-14T11:00:28+00:00,AAPLX/USDT,AAPL,306.24,305.260009765625,31.9,08-13 00:00,87594
2026-08-14T11:30:33+00:00,MCDX/USDT,MCD,276.86,272.25,169.1,08-13 00:00,57160
2026-08-14T11:30:33+00:00,MSTRX/USDT,MSTR,95.87,97.0999984741211,-127.2,08-13 00:00,300029
2026-08-14T11:30:33+00:00,COINX/USDT,COIN,152.44,153.89999389648438,-94.5,08-13 00:00,250169
2026-08-14T11:30:33+00:00,SPYX/USDT,SPY,783.68,777.8800048828125,74.6,08-13 00:00,254497
2026-08-14T11:30:33+00:00,TSLAX/USDT,TSLA,342.3,339.9599914550781,68.8,08-13 00:00,329940
2026-08-14T11:30:33+00:00,AVGOX/USDT,AVGO,420.46,417.82000732421875,63.2,08-13 00:00,174804
2026-08-14T11:30:33+00:00,QQQX/USDT,QQQ,736.44,732.0700073242188,59.8,08-13 00:00,1208028
2026-08-14T11:30:33+00:00,NVDAX/USDT,NVDA,226.25,225.3000030517578,41.9,08-13 00:00,748254
2026-08-14T11:30:33+00:00,GOOGLX/USDT,GOOGL,347.55,346.3599853515625,34.4,08-13 00:00,166358
2026-08-14T11:30:33+00:00,AAPLX/USDT,AAPL,306.28,305.260009765625,33.4,08-13 00:00,87599
2026-08-14T12:00:49+00:00,MCDX/USDT,MCD,276.7,272.25,163.5,08-13 00:00,57214
2026-08-14T12:00:49+00:00,MSTRX/USDT,MSTR,96.0,97.0999984741211,-113.3,08-13 00:00,301253
2026-08-14T12:00:49+00:00,TSLAX/USDT,TSLA,343.03,339.9599914550781,90.5,08-13 00:00,330175
2026-08-14T12:00:49+00:00,COINX/USDT,COIN,152.55,153.89999389648438,-88.0,08-13 00:00,244537
2026-08-14T12:00:49+00:00,SPYX/USDT,SPY,783.86,777.8800048828125,76.8,08-13 00:00,253323
2026-08-14T12:00:49+00:00,QQQX/USDT,QQQ,736.51,732.0700073242188,60.6,08-13 00:00,1211008
2026-08-14T12:00:49+00:00,AVGOX/USDT,AVGO,420.31,417.82000732421875,59.6,08-13 00:00,176192
2026-08-14T12:00:49+00:00,AAPLX/USDT,AAPL,306.74,305.260009765625,48.5,08-13 00:00,89278
2026-08-14T12:00:49+00:00,GOOGLX/USDT,GOOGL,347.87,346.3599853515625,43.5,08-13 00:00,164429
2026-08-14T12:00:49+00:00,NVDAX/USDT,NVDA,226.22,225.3000030517578,40.8,08-13 00:00,748328
2026-08-14T12:30:39+00:00,MCDX/USDT,MCD,276.03,272.25,138.8,08-13 00:00,57274
2026-08-14T12:30:39+00:00,MSTRX/USDT,MSTR,95.87,97.0999984741211,-126.7,08-13 00:00,297000
2026-08-14T12:30:39+00:00,COINX/USDT,COIN,152.6,153.89999389648438,-84.5,08-13 00:00,242916
2026-08-14T12:30:39+00:00,SPYX/USDT,SPY,783.79,777.8800048828125,76.0,08-13 00:00,250063
2026-08-14T12:30:39+00:00,TSLAX/USDT,TSLA,342.54,339.9599914550781,75.9,08-13 00:00,323972
2026-08-14T12:30:39+00:00,AAPLX/USDT,AAPL,307.0,305.260009765625,56.8,08-13 00:00,89762
2026-08-14T12:30:39+00:00,QQQX/USDT,QQQ,736.16,732.0700073242188,55.9,08-13 00:00,1215664
2026-08-14T12:30:39+00:00,AVGOX/USDT,AVGO,419.98,417.82000732421875,51.7,08-13 00:00,176174
2026-08-14T12:30:39+00:00,GOOGLX/USDT,GOOGL,347.98,346.3599853515625,46.6,08-13 00:00,162118
2026-08-14T12:30:39+00:00,NVDAX/USDT,NVDA,226.09,225.3000030517578,35.3,08-13 00:00,747552
2026-08-14T13:01:08+00:00,MSTRX/USDT,MSTR,95.59,97.0999984741211,-156.0,08-13 00:00,288138
2026-08-14T13:01:08+00:00,MCDX/USDT,MCD,276.4,272.25,152.6,08-13 00:00,58839
2026-08-14T13:01:08+00:00,COINX/USDT,COIN,152.11,153.89999389648438,-116.6,08-13 00:00,235296
2026-08-14T13:01:08+00:00,SPYX/USDT,SPY,784.17,777.8800048828125,80.9,08-13 00:00,249049
2026-08-14T13:01:08+00:00,AVGOX/USDT,AVGO,421.13,417.82000732421875,79.3,08-13 00:00,176959
2026-08-14T13:01:08+00:00,QQQX/USDT,QQQ,736.63,732.0700073242188,62.4,08-13 00:00,627788
2026-08-14T13:01:08+00:00,AAPLX/USDT,AAPL,306.82,305.260009765625,51.3,08-13 00:00,73832
2026-08-14T13:01:08+00:00,TSLAX/USDT,TSLA,341.64,339.9599914550781,49.4,08-13 00:00,317880
2026-08-14T13:01:08+00:00,NVDAX/USDT,NVDA,226.4,225.3000030517578,49.0,08-13 00:00,744831
2026-08-14T13:01:08+00:00,GOOGLX/USDT,GOOGL,347.4,346.3599853515625,30.0,08-13 00:00,133761
2026-08-14T13:31:39+00:00,MCDX/USDT,MCD,275.93,272.1650085449219,138.3,08-14 00:00,57272
2026-08-14T13:31:39+00:00,AVGOX/USDT,AVGO,412.39,409.1199951171875,80.0,08-14 00:00,178259
2026-08-14T13:31:39+00:00,SPYX/USDT,SPY,783.77,778.0150146484375,73.9,08-14 00:00,250594
2026-08-14T13:31:39+00:00,COINX/USDT,COIN,151.55,152.522705078125,-64.1,08-14 00:00,234553
2026-08-14T13:31:39+00:00,AAPLX/USDT,AAPL,307.57,306.17999267578125,45.6,08-14 00:00,63327
2026-08-14T13:31:39+00:00,MSTRX/USDT,MSTR,94.15,93.72000122070312,45.3,08-14 00:00,313655
2026-08-14T13:31:39+00:00,QQQX/USDT,QQQ,735.95,733.280029296875,36.5,08-14 00:00,339641
2026-08-14T14:01:12+00:00,MCDX/USDT,MCD,277.15,273.3599853515625,138.6,08-14 00:00,57030
2026-08-14T14:01:12+00:00,SPYX/USDT,SPY,783.72,778.4000244140625,68.3,08-14 00:00,251617
2026-08-14T14:01:12+00:00,AVGOX/USDT,AVGO,403.31,401.0,57.6,08-14 00:00,181048
2026-08-14T14:01:12+00:00,AAPLX/USDT,AAPL,307.56,306.1805114746094,45.1,08-14 00:00,66037
2026-08-14T14:01:12+00:00,QQQX/USDT,QQQ,735.45,733.2100219726562,30.6,08-14 00:00,288473
2026-08-14T14:31:49+00:00,MCDX/USDT,MCD,279.56,275.010009765625,165.4,08-14 00:00,55456
2026-08-14T14:31:49+00:00,SPYX/USDT,SPY,782.51,777.030029296875,70.5,08-14 00:00,250265
2026-08-14T14:31:49+00:00,AVGOX/USDT,AVGO,399.67,396.95001220703125,68.5,08-14 00:00,179930
2026-08-14T14:31:49+00:00,AAPLX/USDT,AAPL,306.07,304.75,43.3,08-14 00:00,56842
2026-08-14T14:31:49+00:00,QQQX/USDT,QQQ,733.62,731.0399780273438,35.3,08-14 00:00,297416
2026-08-14T14:31:49+00:00,GOOGLX/USDT,GOOGL,347.5,346.32000732421875,34.2,08-14 00:00,119702
2026-08-14T15:01:07+00:00,MCDX/USDT,MCD,278.73,274.6997985839844,146.5,08-14 00:00,54930
2026-08-14T15:01:07+00:00,SPYX/USDT,SPY,782.07,777.0599975585938,64.5,08-14 00:00,249011
2026-08-14T15:01:07+00:00,AVGOX/USDT,AVGO,397.75,395.6050109863281,54.2,08-14 00:00,181318
2026-08-14T15:01:07+00:00,AAPLX/USDT,AAPL,306.32,305.1549987792969,38.2,08-14 00:00,51627
2026-08-14T15:01:07+00:00,QQQX/USDT,QQQ,733.5,730.9799194335938,34.4,08-14 00:00,296809
2026-08-14T15:01:07+00:00,GOOGLX/USDT,GOOGL,346.89,345.85009765625,30.2,08-14 00:00,95279
2026-08-14T15:31:12+00:00,MCDX/USDT,MCD,277.69,274.7149963378906,108.3,08-14 00:00,54816
2026-08-14T15:31:12+00:00,SPYX/USDT,SPY,781.31,776.1849975585938,66.0,08-14 00:00,246276
2026-08-14T15:31:12+00:00,AVGOX/USDT,AVGO,395.92,393.3598937988281,65.1,08-14 00:00,183359
2026-08-14T15:31:12+00:00,QQQX/USDT,QQQ,731.92,728.989990234375,40.2,08-14 00:00,292367
2026-08-14T15:31:12+00:00,AAPLX/USDT,AAPL,306.75,305.5506896972656,39.3,08-14 00:00,54831
2026-08-14T15:31:12+00:00,GOOGLX/USDT,GOOGL,346.24,345.17999267578125,30.7,08-14 00:00,95006
2026-08-14T16:00:19+00:00,MCDX/USDT,MCD,278.88,273.79010009765625,186.1,08-14 00:00,53889
2026-08-14T16:00:19+00:00,AVGOX/USDT,AVGO,397.14,394.385009765625,70.0,08-14 00:00,184530
2026-08-14T16:00:19+00:00,SPYX/USDT,SPY,781.35,776.3400268554688,64.5,08-14 00:00,240017
2026-08-14T16:00:19+00:00,AAPLX/USDT,AAPL,306.95,305.6499938964844,42.4,08-14 00:00,55279
2026-08-14T16:00:19+00:00,QQQX/USDT,QQQ,731.97,729.35498046875,35.9,08-14 00:00,285098
2026-08-14T16:30:24+00:00,MCDX/USDT,MCD,278.49,273.89990234375,167.4,08-14 00:00,52936
2026-08-14T16:30:24+00:00,AVGOX/USDT,AVGO,397.61,394.7099914550781,73.3,08-14 00:00,183184
2026-08-14T16:30:24+00:00,SPYX/USDT,SPY,781.74,776.719970703125,64.6,08-14 00:00,223269
2026-08-14T16:30:24+00:00,AAPLX/USDT,AAPL,306.67,305.4849853515625,38.6,08-14 00:00,54167
2026-08-14T16:30:24+00:00,QQQX/USDT,QQQ,732.53,730.0150146484375,34.5,08-14 00:00,282921
2026-08-14T17:00:29+00:00,MCDX/USDT,MCD,277.93,273.0,180.4,08-14 00:00,53296
2026-08-14T17:00:29+00:00,AVGOX/USDT,AVGO,395.96,393.1499938964844,71.3,08-14 00:00,184811
2026-08-14T17:00:29+00:00,SPYX/USDT,SPY,781.11,775.760009765625,68.9,08-14 00:00,211040
2026-08-14T17:00:29+00:00,AAPLX/USDT,AAPL,306.69,305.4100036621094,41.9,08-14 00:00,49614
2026-08-14T17:00:29+00:00,QQQX/USDT,QQQ,731.75,729.0900268554688,36.6,08-14 00:00,280369
2026-08-14T17:00:29+00:00,GOOGLX/USDT,GOOGL,345.96,344.8599853515625,31.8,08-14 00:00,82744
2026-08-14T17:30:35+00:00,MCDX/USDT,MCD,278.23,273.6099853515625,168.9,08-14 00:00,52085
2026-08-14T17:30:35+00:00,AVGOX/USDT,AVGO,393.84,390.5799865722656,83.3,08-14 00:00,180734
2026-08-14T17:30:35+00:00,SPYX/USDT,SPY,780.87,775.780029296875,65.5,08-14 00:00,191360
2026-08-14T17:30:35+00:00,AAPLX/USDT,AAPL,306.43,305.1700134277344,41.3,08-14 00:00,49140
2026-08-14T17:30:35+00:00,QQQX/USDT,QQQ,731.8,729.010009765625,38.2,08-14 00:00,275587
2026-08-14T17:30:35+00:00,GOOGLX/USDT,GOOGL,345.85,344.752197265625,31.7,08-14 00:00,77998
2026-08-14T18:00:40+00:00,MCDX/USDT,MCD,277.54,273.2200012207031,157.9,08-14 00:00,52769
2026-08-14T18:00:40+00:00,AVGOX/USDT,AVGO,393.03,389.6499938964844,86.7,08-14 00:00,184241
2026-08-14T18:00:40+00:00,SPYX/USDT,SPY,780.91,775.760009765625,66.4,08-14 00:00,189689
2026-08-14T18:00:40+00:00,AAPLX/USDT,AAPL,307.26,306.0299987792969,40.2,08-14 00:00,46667
2026-08-14T18:00:40+00:00,QQQX/USDT,QQQ,732.04,729.489990234375,34.9,08-14 00:00,273382
2026-08-14T18:30:46+00:00,MCDX/USDT,MCD,277.55,273.5799865722656,144.9,08-14 00:00,55004
2026-08-14T18:30:46+00:00,AVGOX/USDT,AVGO,392.86,389.29998779296875,91.4,08-14 00:00,189879
2026-08-14T18:30:46+00:00,SPYX/USDT,SPY,781.07,776.094970703125,64.0,08-14 00:00,182184
2026-08-14T18:30:46+00:00,AAPLX/USDT,AAPL,307.35,305.989990234375,44.3,08-14 00:00,46490
2026-08-14T18:30:46+00:00,QQQX/USDT,QQQ,732.02,729.3800048828125,36.2,08-14 00:00,272778
2026-08-14T19:00:49+00:00,MCDX/USDT,MCD,278.0,273.5400085449219,163.2,08-14 00:00,54995
2026-08-14T19:00:49+00:00,AVGOX/USDT,AVGO,392.58,389.55499267578125,77.7,08-14 00:00,191753
2026-08-14T19:00:49+00:00,SPYX/USDT,SPY,781.35,776.1099853515625,67.5,08-14 00:00,167782
2026-08-14T19:00:49+00:00,AAPLX/USDT,AAPL,306.94,305.5799865722656,44.3,08-14 00:00,45851
2026-08-14T19:00:49+00:00,QQQX/USDT,QQQ,732.23,729.5599975585938,36.7,08-14 00:00,267686
2026-08-14T19:00:49+00:00,GOOGLX/USDT,GOOGL,346.57,345.4649963378906,32.0,08-14 00:00,78892
2026-08-14T19:30:54+00:00,AVGOX/USDT,AVGO,398.0,392.6549987792969,136.3,08-14 00:00,191183
2026-08-14T19:30:54+00:00,MCDX/USDT,MCD,276.6,273.489990234375,113.7,08-14 00:00,55071
2026-08-14T19:30:54+00:00,SPYX/USDT,SPY,781.25,776.1599731445312,65.5,08-14 00:00,165725
2026-08-14T19:30:54+00:00,AAPLX/USDT,AAPL,307.16,305.8399963378906,43.2,08-14 00:00,45269
2026-08-14T19:30:54+00:00,QQQX/USDT,QQQ,732.4,729.9299926757812,33.8,08-14 00:00,259013
2026-08-14T20:01:00+00:00,MCDX/USDT,MCD,275.49,272.80999755859375,98.2,08-14 00:00,55907
2026-08-14T20:01:00+00:00,SPYX/USDT,SPY,781.14,776.3200073242188,62.1,08-14 00:00,164072
2026-08-14T20:01:00+00:00,AVGOX/USDT,AVGO,395.13,392.989990234375,54.5,08-14 00:00,198984
2026-08-14T20:01:00+00:00,AAPLX/USDT,AAPL,307.03,305.92999267578125,36.0,08-14 00:00,44911
2026-08-14T20:01:00+00:00,QQQX/USDT,QQQ,733.66,731.0700073242188,35.4,08-14 00:00,256270
2026-08-14T20:31:08+00:00,SPYX/USDT,SPY,781.12,776.3400268554688,61.5,08-14 00:00,161963
2026-08-14T20:31:08+00:00,AVGOX/USDT,AVGO,395.39,392.989990234375,61.2,08-14 00:00,197899
2026-08-14T20:31:08+00:00,AAPLX/USDT,AAPL,307.06,305.92999267578125,36.8,08-14 00:00,43653
2026-08-14T20:31:08+00:00,COINX/USDT,COIN,148.97,148.47000122070312,33.7,08-14 00:00,142425
2026-08-14T20:31:08+00:00,QQQX/USDT,QQQ,733.33,731.0700073242188,30.8,08-14 00:00,247928
2026-08-14T21:30:18+00:00,MCDX/USDT,MCD,276.3,272.8299865722656,127.2,08-14 00:00,58908
2026-08-14T21:30:18+00:00,AVGOX/USDT,AVGO,395.75,392.989990234375,70.1,08-14 00:00,198781
2026-08-14T21:30:18+00:00,GOOGLX/USDT,GOOGL,348.14,345.8999938964844,64.9,08-14 00:00,76423
2026-08-14T21:30:18+00:00,SPYX/USDT,SPY,780.82,776.3400268554688,57.6,08-14 00:00,164674
2026-08-14T21:30:18+00:00,QQQX/USDT,QQQ,733.44,731.0700073242188,32.4,08-14 00:00,234245
2026-08-14T21:30:18+00:00,AAPLX/USDT,AAPL,306.89,305.92999267578125,31.5,08-14 00:00,43611
2026-08-14T22:00:26+00:00,MCDX/USDT,MCD,276.3,272.8299865722656,127.2,08-14 00:00,60293
2026-08-14T22:00:26+00:00,AVGOX/USDT,AVGO,395.74,392.989990234375,69.8,08-14 00:00,197610
2026-08-14T22:00:26+00:00,GOOGLX/USDT,GOOGL,348.04,345.8999938964844,61.9,08-14 00:00,76383
2026-08-14T22:00:26+00:00,SPYX/USDT,SPY,780.62,776.3400268554688,55.2,08-14 00:00,168166
2026-08-14T22:00:26+00:00,COINX/USDT,COIN,148.99,148.47000122070312,34.7,08-14 00:00,142496
2026-08-14T22:00:26+00:00,QQQX/USDT,QQQ,733.5,731.0700073242188,33.2,08-14 00:00,229757
2026-08-14T22:00:26+00:00,AAPLX/USDT,AAPL,306.92,305.92999267578125,32.5,08-14 00:00,43006
2026-08-14T22:30:26+00:00,MCDX/USDT,MCD,276.3,272.8299865722656,127.2,08-14 00:00,60414
2026-08-14T22:30:26+00:00,AVGOX/USDT,AVGO,395.64,392.989990234375,67.6,08-14 00:00,197490
2026-08-14T22:30:26+00:00,GOOGLX/USDT,GOOGL,348.13,345.8999938964844,64.5,08-14 00:00,76075
2026-08-14T22:30:26+00:00,SPYX/USDT,SPY,780.73,776.3400268554688,56.5,08-14 00:00,169938
2026-08-14T22:30:26+00:00,QQQX/USDT,QQQ,733.47,731.0700073242188,32.8,08-14 00:00,227980
2026-08-14T22:30:26+00:00,AAPLX/USDT,AAPL,306.93,305.92999267578125,32.7,08-14 00:00,42704
2026-08-14T23:00:31+00:00,MCDX/USDT,MCD,276.31,272.8299865722656,127.4,08-14 00:00,58539
2026-08-14T23:00:31+00:00,AVGOX/USDT,AVGO,395.75,392.989990234375,70.1,08-14 00:00,199109
2026-08-14T23:00:31+00:00,GOOGLX/USDT,GOOGL,348.16,345.8999938964844,65.3,08-14 00:00,75304
2026-08-14T23:00:31+00:00,SPYX/USDT,SPY,780.75,776.3400268554688,56.7,08-14 00:00,170286
2026-08-14T23:00:31+00:00,QQQX/USDT,QQQ,733.61,731.0700073242188,34.7,08-14 00:00,227367
2026-08-14T23:00:31+00:00,COINX/USDT,COIN,148.98,148.47000122070312,34.4,08-14 00:00,138951
2026-08-14T23:00:31+00:00,AAPLX/USDT,AAPL,306.89,305.92999267578125,31.5,08-14 00:00,42565
2026-08-14T23:30:38+00:00,MCDX/USDT,MCD,276.25,272.8299865722656,125.4,08-14 00:00,58336
2026-08-14T23:30:38+00:00,AVGOX/USDT,AVGO,395.77,392.989990234375,70.7,08-14 00:00,198023
2026-08-14T23:30:38+00:00,GOOGLX/USDT,GOOGL,348.1,345.8999938964844,63.6,08-14 00:00,75149
2026-08-14T23:30:38+00:00,SPYX/USDT,SPY,780.86,776.3400268554688,58.2,08-14 00:00,171295
2026-08-14T23:30:38+00:00,COINX/USDT,COIN,149.08,148.47000122070312,41.1,08-14 00:00,138004
2026-08-14T23:30:38+00:00,QQQX/USDT,QQQ,733.66,731.0700073242188,35.4,08-14 00:00,215390
2026-08-14T23:30:38+00:00,AAPLX/USDT,AAPL,306.96,305.92999267578125,33.5,08-14 00:00,42262
2026-08-15T00:00:45+00:00,MCDX/USDT,MCD,276.25,272.8299865722656,125.2,08-14 00:00,58824
2026-08-15T00:00:45+00:00,GOOGLX/USDT,GOOGL,348.24,345.8999938964844,67.6,08-14 00:00,75174
2026-08-15T00:00:45+00:00,SPYX/USDT,SPY,780.96,776.3400268554688,59.4,08-14 00:00,167813
2026-08-15T00:00:45+00:00,AVGOX/USDT,AVGO,394.9,392.989990234375,48.6,08-14 00:00,198791
2026-08-15T00:00:45+00:00,COINX/USDT,COIN,149.12,148.47000122070312,44.1,08-14 00:00,137533
2026-08-15T00:00:45+00:00,AAPLX/USDT,AAPL,306.98,305.92999267578125,34.2,08-14 00:00,41761
2026-08-15T00:00:45+00:00,QQQX/USDT,QQQ,733.29,731.0700073242188,30.4,08-14 00:00,214758
2026-08-15T00:30:51+00:00,MCDX/USDT,MCD,278.52,272.8299865722656,208.7,08-14 00:00,57202
2026-08-15T00:30:51+00:00,GOOGLX/USDT,GOOGL,348.58,345.8999938964844,77.3,08-14 00:00,73484
2026-08-15T00:30:51+00:00,SPYX/USDT,SPY,781.14,776.3400268554688,61.9,08-14 00:00,165508
2026-08-15T00:30:51+00:00,COINX/USDT,COIN,149.33,148.47000122070312,58.3,08-14 00:00,133582
2026-08-15T00:30:51+00:00,MSTRX/USDT,MSTR,93.56,93.04000091552734,56.4,08-14 00:00,356455
2026-08-15T00:30:51+00:00,AVGOX/USDT,AVGO,394.75,392.989990234375,44.9,08-14 00:00,195373
2026-08-15T00:30:51+00:00,AAPLX/USDT,AAPL,307.07,305.92999267578125,37.3,08-14 00:00,41594
2026-08-15T00:30:51+00:00,QQQX/USDT,QQQ,733.3,731.0700073242188,30.5,08-14 00:00,210575
2026-08-15T01:01:04+00:00,MCDX/USDT,MCD,277.25,272.8299865722656,161.8,08-14 00:00,55770
2026-08-15T01:01:04+00:00,AVGOX/USDT,AVGO,397.09,392.989990234375,104.2,08-14 00:00,193605
2026-08-15T01:01:04+00:00,GOOGLX/USDT,GOOGL,348.62,345.8999938964844,78.8,08-14 00:00,74059
2026-08-15T01:01:04+00:00,COINX/USDT,COIN,149.47,148.47000122070312,67.0,08-14 00:00,131802
2026-08-15T01:01:04+00:00,SPYX/USDT,SPY,781.2,776.3400268554688,62.7,08-14 00:00,163230
2026-08-15T01:01:04+00:00,MSTRX/USDT,MSTR,93.42,93.04000091552734,40.8,08-14 00:00,355019
2026-08-15T01:01:04+00:00,AAPLX/USDT,AAPL,306.9,305.92999267578125,31.9,08-14 00:00,41150
2026-08-15T01:01:04+00:00,QQQX/USDT,QQQ,733.39,731.0700073242188,31.7,08-14 00:00,200746
2026-08-15T01:31:05+00:00,MCDX/USDT,MCD,279.07,272.8299865722656,228.7,08-14 00:00,55295
2026-08-15T01:31:05+00:00,AVGOX/USDT,AVGO,397.01,392.989990234375,102.4,08-14 00:00,193016
2026-08-15T01:31:05+00:00,GOOGLX/USDT,GOOGL,348.74,345.8999938964844,82.1,08-14 00:00,73606
2026-08-15T01:31:05+00:00,MSTRX/USDT,MSTR,93.66,93.04000091552734,66.1,08-14 00:00,353993
2026-08-15T01:31:05+00:00,COINX/USDT,COIN,149.43,148.47000122070312,64.3,08-14 00:00,130206
2026-08-15T01:31:05+00:00,SPYX/USDT,SPY,781.2,776.3400268554688,62.6,08-14 00:00,161394
2026-08-15T01:31:05+00:00,QQQX/USDT,QQQ,733.54,731.0700073242188,33.9,08-14 00:00,193757
2026-08-15T01:31:05+00:00,AMZNX/USDT,AMZN,263.48,262.6499938964844,31.6,08-14 00:00,49200
2026-08-15T02:01:08+00:00,MCDX/USDT,MCD,278.86,272.8299865722656,221.0,08-14 00:00,53876
2026-08-15T02:01:08+00:00,GOOGLX/USDT,GOOGL,349.01,345.8999938964844,89.9,08-14 00:00,73461
2026-08-15T02:01:08+00:00,AVGOX/USDT,AVGO,395.98,392.989990234375,76.1,08-14 00:00,191210
2026-08-15T02:01:08+00:00,SPYX/USDT,SPY,782.01,776.3400268554688,73.1,08-14 00:00,160325
2026-08-15T02:01:08+00:00,COINX/USDT,COIN,149.5,148.47000122070312,69.0,08-14 00:00,128751
2026-08-15T02:01:08+00:00,MSTRX/USDT,MSTR,93.52,93.04000091552734,51.6,08-14 00:00,357513
2026-08-15T02:01:08+00:00,QQQX/USDT,QQQ,733.69,731.0700073242188,35.9,08-14 00:00,190780
2026-08-15T02:01:08+00:00,AMZNX/USDT,AMZN,263.58,262.6499938964844,35.6,08-14 00:00,49115
2026-08-15T02:31:34+00:00,MCDX/USDT,MCD,277.64,272.8299865722656,176.5,08-14 00:00,53197
2026-08-15T02:31:34+00:00,AVGOX/USDT,AVGO,397.46,392.989990234375,113.7,08-14 00:00,188819
2026-08-15T02:31:34+00:00,GOOGLX/USDT,GOOGL,349.03,345.8999938964844,90.5,08-14 00:00,73726
2026-08-15T02:31:34+00:00,COINX/USDT,COIN,149.75,148.47000122070312,85.9,08-14 00:00,126950
2026-08-15T02:31:34+00:00,MSTRX/USDT,MSTR,93.72,93.04000091552734,73.6,08-14 00:00,357931
2026-08-15T02:31:34+00:00,SPYX/USDT,SPY,781.47,776.3400268554688,66.0,08-14 00:00,159437
2026-08-15T02:31:34+00:00,AMZNX/USDT,AMZN,263.68,262.6499938964844,39.2,08-14 00:00,47089
2026-08-15T02:31:34+00:00,QQQX/USDT,QQQ,733.52,731.0700073242188,33.6,08-14 00:00,186829
2026-08-15T03:01:18+00:00,MCDX/USDT,MCD,277.54,272.8299865722656,172.6,08-14 00:00,52062
2026-08-15T03:01:18+00:00,AVGOX/USDT,AVGO,397.75,392.989990234375,121.0,08-14 00:00,186061
2026-08-15T03:01:18+00:00,GOOGLX/USDT,GOOGL,348.9,345.8999938964844,86.7,08-14 00:00,73508
2026-08-15T03:01:18+00:00,MSTRX/USDT,MSTR,93.8,93.04000091552734,81.1,08-14 00:00,363334
2026-08-15T03:01:18+00:00,COINX/USDT,COIN,149.62,148.47000122070312,77.5,08-14 00:00,124797
2026-08-15T03:01:18+00:00,SPYX/USDT,SPY,781.47,776.3400268554688,66.0,08-14 00:00,156842
2026-08-15T03:01:18+00:00,AMZNX/USDT,AMZN,263.62,262.6499938964844,37.1,08-14 00:00,46608
2026-08-15T03:01:18+00:00,QQQX/USDT,QQQ,733.76,731.0700073242188,36.9,08-14 00:00,179704
2026-08-15T03:01:18+00:00,AAPLX/USDT,AAPL,306.89,305.92999267578125,31.5,08-14 00:00,41407
2026-08-15T03:30:32+00:00,MCDX/USDT,MCD,276.94,272.8299865722656,150.5,08-14 00:00,51017
2026-08-15T03:30:32+00:00,AVGOX/USDT,AVGO,397.23,392.989990234375,107.8,08-14 00:00,184871
2026-08-15T03:30:32+00:00,GOOGLX/USDT,GOOGL,349.07,345.8999938964844,91.8,08-14 00:00,73137
2026-08-15T03:30:32+00:00,MSTRX/USDT,MSTR,93.75,93.04000091552734,76.3,08-14 00:00,362690
2026-08-15T03:30:32+00:00,COINX/USDT,COIN,149.51,148.47000122070312,70.4,08-14 00:00,123703
2026-08-15T03:30:32+00:00,SPYX/USDT,SPY,781.63,776.3400268554688,68.2,08-14 00:00,154445
2026-08-15T03:30:32+00:00,AMZNX/USDT,AMZN,263.59,262.6499938964844,35.8,08-14 00:00,46577
2026-08-15T03:30:32+00:00,QQQX/USDT,QQQ,733.68,731.0700073242188,35.7,08-14 00:00,176602
2026-08-15T04:00:21+00:00,MCDX/USDT,MCD,276.94,272.8299865722656,150.5,08-14 00:00,48803
2026-08-15T04:00:21+00:00,AVGOX/USDT,AVGO,397.01,392.989990234375,102.3,08-14 00:00,183838
2026-08-15T04:00:21+00:00,GOOGLX/USDT,GOOGL,349.09,345.8999938964844,92.1,08-14 00:00,72968
2026-08-15T04:00:21+00:00,MSTRX/USDT,MSTR,93.69,93.04000091552734,69.3,08-14 00:00,363078
2026-08-15T04:00:21+00:00,SPYX/USDT,SPY,781.72,776.3400268554688,69.3,08-14 00:00,153187
2026-08-15T04:00:21+00:00,COINX/USDT,COIN,149.38,148.47000122070312,61.6,08-14 00:00,121409
2026-08-15T04:00:21+00:00,AMZNX/USDT,AMZN,263.64,262.6499938964844,37.9,08-14 00:00,46578
2026-08-15T04:00:21+00:00,QQQX/USDT,QQQ,733.63,731.0700073242188,35.0,08-14 00:00,174029
2026-08-15T04:30:35+00:00,MCDX/USDT,MCD,276.94,272.8299865722656,150.5,08-14 00:00,46961
2026-08-15T04:30:35+00:00,AVGOX/USDT,AVGO,396.52,392.989990234375,90.0,08-14 00:00,184621
2026-08-15T04:30:35+00:00,MSTRX/USDT,MSTR,93.84,93.04000091552734,86.0,08-14 00:00,362364
2026-08-15T04:30:35+00:00,GOOGLX/USDT,GOOGL,348.75,345.8999938964844,82.2,08-14 00:00,73051
2026-08-15T04:30:35+00:00,COINX/USDT,COIN,149.6,148.47000122070312,76.1,08-14 00:00,118575
2026-08-15T04:30:35+00:00,SPYX/USDT,SPY,781.6,776.3400268554688,67.7,08-14 00:00,150759
2026-08-15T04:30:35+00:00,AMZNX/USDT,AMZN,263.65,262.6499938964844,38.1,08-14 00:00,46458
2026-08-15T04:30:35+00:00,QQQX/USDT,QQQ,733.34,731.0700073242188,31.0,08-14 00:00,165265
2026-08-15T05:00:48+00:00,MCDX/USDT,MCD,276.57,272.8299865722656,137.1,08-14 00:00,45920
2026-08-15T05:00:48+00:00,AVGOX/USDT,AVGO,397.18,392.989990234375,106.6,08-14 00:00,183511
2026-08-15T05:00:48+00:00,MSTRX/USDT,MSTR,93.78,93.04000091552734,79.5,08-14 00:00,372732
2026-08-15T05:00:48+00:00,GOOGLX/USDT,GOOGL,348.59,345.8999938964844,77.8,08-14 00:00,72522
2026-08-15T05:00:48+00:00,COINX/USDT,COIN,149.49,148.47000122070312,68.7,08-14 00:00,117751
2026-08-15T05:00:48+00:00,SPYX/USDT,SPY,781.11,776.3400268554688,61.4,08-14 00:00,147813
2026-08-15T05:00:48+00:00,AMZNX/USDT,AMZN,263.65,262.6499938964844,38.3,08-14 00:00,46374
2026-08-15T05:31:19+00:00,MCDX/USDT,MCD,276.55,272.8299865722656,136.5,08-14 00:00,44624
2026-08-15T05:31:19+00:00,GOOGLX/USDT,GOOGL,348.61,345.8999938964844,78.3,08-14 00:00,72398
2026-08-15T05:31:19+00:00,MSTRX/USDT,MSTR,93.74,93.04000091552734,75.2,08-14 00:00,372919
2026-08-15T05:31:19+00:00,COINX/USDT,COIN,149.48,148.47000122070312,68.0,08-14 00:00,110305
2026-08-15T05:31:19+00:00,AVGOX/USDT,AVGO,395.57,392.989990234375,65.8,08-14 00:00,181972
2026-08-15T05:31:19+00:00,SPYX/USDT,SPY,780.97,776.3400268554688,59.6,08-14 00:00,144998
2026-08-15T05:31:19+00:00,AMZNX/USDT,AMZN,263.64,262.6499938964844,37.7,08-14 00:00,46337
2026-08-15T06:02:08+00:00,MCDX/USDT,MCD,276.19,272.8299865722656,123.2,08-14 00:00,44048
2026-08-15T06:02:08+00:00,GOOGLX/USDT,GOOGL,348.55,345.8999938964844,76.6,08-14 00:00,72915
2026-08-15T06:02:08+00:00,MSTRX/USDT,MSTR,93.7,93.04000091552734,70.9,08-14 00:00,371990
2026-08-15T06:02:08+00:00,AVGOX/USDT,AVGO,395.7,392.989990234375,69.0,08-14 00:00,179617
2026-08-15T06:02:08+00:00,COINX/USDT,COIN,149.41,148.47000122070312,63.0,08-14 00:00,109836
2026-08-15T06:02:08+00:00,SPYX/USDT,SPY,781.03,776.3400268554688,60.5,08-14 00:00,143274
2026-08-15T06:02:08+00:00,AMZNX/USDT,AMZN,263.6,262.6499938964844,36.0,08-14 00:00,46201
2026-08-15T06:30:54+00:00,MCDX/USDT,MCD,276.15,272.8299865722656,121.9,08-14 00:00,41245
2026-08-15T06:30:54+00:00,AVGOX/USDT,AVGO,395.87,392.989990234375,73.2,08-14 00:00,178496
2026-08-15T06:30:54+00:00,GOOGLX/USDT,GOOGL,348.34,345.8999938964844,70.4,08-14 00:00,73093
2026-08-15T06:30:54+00:00,MSTRX/USDT,MSTR,93.64,93.04000091552734,64.5,08-14 00:00,373802
2026-08-15T06:30:54+00:00,COINX/USDT,COIN,149.37,148.47000122070312,60.3,08-14 00:00,104697
2026-08-15T06:30:54+00:00,SPYX/USDT,SPY,780.58,776.3400268554688,54.6,08-14 00:00,143085
2026-08-15T06:30:54+00:00,AMZNX/USDT,AMZN,263.48,262.6499938964844,31.4,08-14 00:00,46191
2026-08-15T07:00:58+00:00,MCDX/USDT,MCD,276.04,272.8299865722656,117.8,08-14 00:00,37847
2026-08-15T07:00:58+00:00,GOOGLX/USDT,GOOGL,348.65,345.8999938964844,79.6,08-14 00:00,73020
2026-08-15T07:00:58+00:00,MSTRX/USDT,MSTR,93.77,93.04000091552734,77.9,08-14 00:00,370597
2026-08-15T07:00:58+00:00,SPYX/USDT,SPY,781.11,776.3400268554688,61.4,08-14 00:00,143702
2026-08-15T07:00:58+00:00,AVGOX/USDT,AVGO,395.27,392.989990234375,58.0,08-14 00:00,177078
2026-08-15T07:00:58+00:00,COINX/USDT,COIN,149.19,148.47000122070312,48.8,08-14 00:00,102599
2026-08-15T07:00:58+00:00,AMZNX/USDT,AMZN,263.54,262.6499938964844,33.9,08-14 00:00,46145
2026-08-15T07:31:02+00:00,MCDX/USDT,MCD,276.04,272.8299865722656,117.8,08-14 00:00,37947
2026-08-15T07:31:02+00:00,AVGOX/USDT,AVGO,396.4,392.989990234375,86.8,08-14 00:00,176498
2026-08-15T07:31:02+00:00,GOOGLX/USDT,GOOGL,348.7,345.8999938964844,80.9,08-14 00:00,72846
2026-08-15T07:31:02+00:00,MSTRX/USDT,MSTR,93.65,93.04000091552734,65.6,08-14 00:00,370194
2026-08-15T07:31:02+00:00,SPYX/USDT,SPY,781.21,776.3400268554688,62.7,08-14 00:00,141825
2026-08-15T07:31:02+00:00,COINX/USDT,COIN,149.06,148.47000122070312,39.4,08-14 00:00,100773
2026-08-15T07:31:02+00:00,QQQX/USDT,QQQ,733.53,731.0700073242188,33.6,08-14 00:00,138051
2026-08-15T07:31:02+00:00,AMZNX/USDT,AMZN,263.51,262.6499938964844,32.9,08-14 00:00,46141
2026-08-15T08:02:16+00:00,MCDX/USDT,MCD,276.04,272.8299865722656,117.8,08-14 00:00,37781
2026-08-15T08:02:16+00:00,AVGOX/USDT,AVGO,396.62,392.989990234375,92.4,08-14 00:00,174622
2026-08-15T08:02:16+00:00,GOOGLX/USDT,GOOGL,348.75,345.8999938964844,82.5,08-14 00:00,64351
2026-08-15T08:02:16+00:00,MSTRX/USDT,MSTR,93.72,93.04000091552734,73.1,08-14 00:00,368576
2026-08-15T08:02:16+00:00,SPYX/USDT,SPY,781.34,776.3400268554688,64.3,08-14 00:00,141386
2026-08-15T08:02:16+00:00,COINX/USDT,COIN,149.14,148.47000122070312,45.1,08-14 00:00,97993
2026-08-15T08:02:16+00:00,QQQX/USDT,QQQ,733.57,731.0700073242188,34.2,08-14 00:00,133119
2026-08-15T08:02:16+00:00,AAPLX/USDT,AAPL,306.86,305.92999267578125,30.4,08-14 00:00,40217
2026-08-15T08:31:10+00:00,MCDX/USDT,MCD,276.03,272.8299865722656,117.3,08-14 00:00,37543
2026-08-15T08:31:10+00:00,AVGOX/USDT,AVGO,396.6,392.989990234375,91.7,08-14 00:00,171990
2026-08-15T08:31:10+00:00,GOOGLX/USDT,GOOGL,348.69,345.8999938964844,80.5,08-14 00:00,63276
2026-08-15T08:31:10+00:00,MSTRX/USDT,MSTR,93.71,93.04000091552734,72.0,08-14 00:00,357267
2026-08-15T08:31:10+00:00,SPYX/USDT,SPY,781.14,776.3400268554688,61.8,08-14 00:00,143921
2026-08-15T08:31:10+00:00,COINX/USDT,COIN,149.12,148.47000122070312,43.8,08-14 00:00,92093
2026-08-15T08:31:10+00:00,AMZNX/USDT,AMZN,263.65,262.6499938964844,38.1,08-14 00:00,45865
2026-08-15T08:31:10+00:00,QQQX/USDT,QQQ,733.5,731.0700073242188,33.3,08-14 00:00,131880
2026-08-15T09:00:13+00:00,MCDX/USDT,MCD,276.03,272.8299865722656,117.3,08-14 00:00,36472
2026-08-15T09:00:13+00:00,AVGOX/USDT,AVGO,396.35,392.989990234375,85.4,08-14 00:00,168696
2026-08-15T09:00:13+00:00,GOOGLX/USDT,GOOGL,348.6,345.8999938964844,77.9,08-14 00:00,63057
2026-08-15T09:00:13+00:00,SPYX/USDT,SPY,781.32,776.3400268554688,64.1,08-14 00:00,142212
2026-08-15T09:00:13+00:00,MSTRX/USDT,MSTR,93.5,93.04000091552734,48.9,08-14 00:00,351571
2026-08-15T09:00:13+00:00,AMZNX/USDT,AMZN,263.7,262.6499938964844,40.0,08-14 00:00,46048
2026-08-15T09:00:13+00:00,QQQX/USDT,QQQ,733.44,731.0700073242188,32.5,08-14 00:00,131278
2026-08-15T09:30:27+00:00,MCDX/USDT,MCD,276.03,272.8299865722656,117.3,08-14 00:00,35543
2026-08-15T09:30:27+00:00,GOOGLX/USDT,GOOGL,348.85,345.8999938964844,85.3,08-14 00:00,63058
2026-08-15T09:30:27+00:00,SPYX/USDT,SPY,782.01,776.3400268554688,73.0,08-14 00:00,138937
2026-08-15T09:30:27+00:00,AVGOX/USDT,AVGO,395.38,392.989990234375,60.7,08-14 00:00,168329
2026-08-15T09:30:27+00:00,MSTRX/USDT,MSTR,93.59,93.04000091552734,58.6,08-14 00:00,350222
2026-08-15T09:30:27+00:00,AMZNX/USDT,AMZN,263.84,262.6499938964844,45.1,08-14 00:00,46047
2026-08-15T09:30:27+00:00,COINX/USDT,COIN,149.06,148.47000122070312,39.7,08-14 00:00,89375
2026-08-15T09:30:27+00:00,QQQX/USDT,QQQ,733.51,731.0700073242188,33.4,08-14 00:00,124270
2026-08-15T10:00:42+00:00,MCDX/USDT,MCD,277.22,272.8299865722656,160.7,08-14 00:00,34884
2026-08-15T10:00:42+00:00,GOOGLX/USDT,GOOGL,349.03,345.8999938964844,90.5,08-14 00:00,62102
2026-08-15T10:00:42+00:00,SPYX/USDT,SPY,781.63,776.3400268554688,68.1,08-14 00:00,132072
2026-08-15T10:00:42+00:00,MSTRX/USDT,MSTR,93.63,93.04000091552734,63.4,08-14 00:00,341092
2026-08-15T10:00:42+00:00,AVGOX/USDT,AVGO,394.96,392.989990234375,50.0,08-14 00:00,167286
2026-08-15T10:00:42+00:00,COINX/USDT,COIN,149.16,148.47000122070312,46.5,08-14 00:00,86290
2026-08-15T10:00:42+00:00,AMZNX/USDT,AMZN,263.83,262.6499938964844,45.1,08-14 00:00,46019
2026-08-15T10:30:56+00:00,MCDX/USDT,MCD,277.21,272.8299865722656,160.5,08-14 00:00,33603
2026-08-15T10:30:56+00:00,AVGOX/USDT,AVGO,397.11,392.989990234375,104.7,08-14 00:00,166290
2026-08-15T10:30:56+00:00,GOOGLX/USDT,GOOGL,348.87,345.8999938964844,85.9,08-14 00:00,61999
2026-08-15T10:30:56+00:00,MSTRX/USDT,MSTR,93.69,93.04000091552734,70.4,08-14 00:00,335702
2026-08-15T10:30:56+00:00,SPYX/USDT,SPY,781.58,776.3400268554688,67.5,08-14 00:00,130662
2026-08-15T10:30:56+00:00,AMZNX/USDT,AMZN,263.9,262.6499938964844,47.6,08-14 00:00,45699
2026-08-15T10:30:56+00:00,COINX/USDT,COIN,149.05,148.47000122070312,38.7,08-14 00:00,84699
2026-08-15T10:30:56+00:00,QQQX/USDT,QQQ,733.34,731.0700073242188,31.1,08-14 00:00,117047
2026-08-15T11:01:12+00:00,MCDX/USDT,MCD,277.21,272.8299865722656,160.5,08-14 00:00,33531
2026-08-15T11:01:12+00:00,GOOGLX/USDT,GOOGL,348.65,345.8999938964844,79.6,08-14 00:00,61376
2026-08-15T11:01:12+00:00,SPYX/USDT,SPY,781.53,776.3400268554688,66.8,08-14 00:00,77496
2026-08-15T11:01:12+00:00,MSTRX/USDT,MSTR,93.61,93.04000091552734,61.3,08-14 00:00,335585
2026-08-15T11:01:12+00:00,AVGOX/USDT,AVGO,395.1,392.989990234375,53.7,08-14 00:00,163818
2026-08-15T11:01:12+00:00,AMZNX/USDT,AMZN,263.89,262.6499938964844,47.4,08-14 00:00,45551
2026-08-15T11:01:12+00:00,COINX/USDT,COIN,148.97,148.47000122070312,34.0,08-14 00:00,82106
2026-08-15T11:01:12+00:00,QQQX/USDT,QQQ,733.36,731.0700073242188,31.3,08-14 00:00,111741
2026-08-15T11:30:41+00:00,MCDX/USDT,MCD,276.72,272.8299865722656,142.6,08-14 00:00,33182
2026-08-15T11:30:41+00:00,GOOGLX/USDT,GOOGL,348.76,345.8999938964844,82.7,08-14 00:00,60494
2026-08-15T11:30:41+00:00,AVGOX/USDT,AVGO,396.22,392.989990234375,82.1,08-14 00:00,163102
2026-08-15T11:30:41+00:00,SPYX/USDT,SPY,781.5,776.3400268554688,66.5,08-14 00:00,72163
2026-08-15T11:30:41+00:00,MSTRX/USDT,MSTR,93.49,93.04000091552734,48.4,08-14 00:00,334261
2026-08-15T11:30:41+00:00,AMZNX/USDT,AMZN,263.9,262.6499938964844,47.8,08-14 00:00,44349
2026-08-15T11:30:41+00:00,COINX/USDT,COIN,149.0,148.47000122070312,36.0,08-14 00:00,80342
2026-08-15T11:30:41+00:00,QQQX/USDT,QQQ,733.42,731.0700073242188,32.1,08-14 00:00,110555
2026-08-15T12:01:32+00:00,MCDX/USDT,MCD,276.34,272.8299865722656,128.7,08-14 00:00,32229
2026-08-15T12:01:32+00:00,AVGOX/USDT,AVGO,395.99,392.989990234375,76.2,08-14 00:00,161521
2026-08-15T12:01:32+00:00,GOOGLX/USDT,GOOGL,348.5,345.8999938964844,75.0,08-14 00:00,60390
2026-08-15T12:01:32+00:00,SPYX/USDT,SPY,781.59,776.3400268554688,67.6,08-14 00:00,71948
2026-08-15T12:01:32+00:00,MSTRX/USDT,MSTR,93.47,93.04000091552734,46.8,08-14 00:00,331407
2026-08-15T12:01:32+00:00,AMZNX/USDT,AMZN,263.83,262.6499938964844,44.9,08-14 00:00,43871
2026-08-15T12:01:32+00:00,COINX/USDT,COIN,149.01,148.47000122070312,36.4,08-14 00:00,79464
2026-08-15T12:01:32+00:00,QQQX/USDT,QQQ,733.48,731.0700073242188,33.0,08-14 00:00,107010
2026-08-15T12:31:19+00:00,MCDX/USDT,MCD,276.22,272.8299865722656,124.1,08-14 00:00,31659
2026-08-15T12:31:19+00:00,AVGOX/USDT,AVGO,396.03,392.989990234375,77.5,08-14 00:00,159778
2026-08-15T12:31:19+00:00,SPYX/USDT,SPY,781.63,776.3400268554688,68.2,08-14 00:00,70539
2026-08-15T12:31:19+00:00,GOOGLX/USDT,GOOGL,347.81,345.8999938964844,55.2,08-14 00:00,63372
2026-08-15T12:31:19+00:00,MSTRX/USDT,MSTR,93.54,93.04000091552734,54.3,08-14 00:00,328362
2026-08-15T12:31:19+00:00,AMZNX/USDT,AMZN,263.81,262.6499938964844,44.0,08-14 00:00,43681
2026-08-15T12:31:19+00:00,COINX/USDT,COIN,149.01,148.47000122070312,36.7,08-14 00:00,79191
2026-08-15T12:31:19+00:00,QQQX/USDT,QQQ,733.66,731.0700073242188,35.4,08-14 00:00,101525
2026-08-15T13:00:59+00:00,MCDX/USDT,MCD,276.2,272.8299865722656,123.5,08-14 00:00,29858
2026-08-15T13:00:59+00:00,AVGOX/USDT,AVGO,397.58,392.989990234375,116.7,08-14 00:00,157445
2026-08-15T13:00:59+00:00,SPYX/USDT,SPY,781.7,776.3400268554688,69.1,08-14 00:00,68630
2026-08-15T13:00:59+00:00,MSTRX/USDT,MSTR,93.67,93.04000091552734,67.7,08-14 00:00,327906
2026-08-15T13:00:59+00:00,GOOGLX/USDT,GOOGL,348.04,345.8999938964844,62.0,08-14 00:00,62739
2026-08-15T13:00:59+00:00,AMZNX/USDT,AMZN,263.88,262.6499938964844,46.8,08-14 00:00,43604
2026-08-15T13:00:59+00:00,COINX/USDT,COIN,149.13,148.47000122070312,44.8,08-14 00:00,77504
2026-08-15T13:00:59+00:00,QQQX/USDT,QQQ,733.66,731.0700073242188,35.5,08-14 00:00,99265
2026-08-15T13:31:12+00:00,MCDX/USDT,MCD,276.2,272.8299865722656,123.5,08-14 00:00,29790
2026-08-15T13:31:12+00:00,AVGOX/USDT,AVGO,396.32,392.989990234375,84.7,08-14 00:00,154769
2026-08-15T13:31:12+00:00,SPYX/USDT,SPY,781.71,776.3400268554688,69.2,08-14 00:00,65321
2026-08-15T13:31:12+00:00,GOOGLX/USDT,GOOGL,348.16,345.8999938964844,65.5,08-14 00:00,59482
2026-08-15T13:31:12+00:00,MSTRX/USDT,MSTR,93.58,93.04000091552734,57.5,08-14 00:00,299578
2026-08-15T13:31:12+00:00,AMZNX/USDT,AMZN,263.83,262.6499938964844,44.7,08-14 00:00,41985
2026-08-15T13:31:12+00:00,COINX/USDT,COIN,149.11,148.47000122070312,42.8,08-14 00:00,72350
2026-08-15T13:31:12+00:00,QQQX/USDT,QQQ,733.63,731.0700073242188,35.1,08-14 00:00,96761
2026-08-15T14:01:41+00:00,MCDX/USDT,MCD,276.2,272.8299865722656,123.5,08-14 00:00,29660
2026-08-15T14:01:41+00:00,AVGOX/USDT,AVGO,396.04,392.989990234375,77.6,08-14 00:00,70074
2026-08-15T14:01:41+00:00,SPYX/USDT,SPY,781.71,776.3400268554688,69.2,08-14 00:00,58986
2026-08-15T14:01:41+00:00,GOOGLX/USDT,GOOGL,347.96,345.8999938964844,59.6,08-14 00:00,42818
2026-08-15T14:01:41+00:00,MSTRX/USDT,MSTR,93.59,93.04000091552734,58.6,08-14 00:00,236285
2026-08-15T14:01:41+00:00,AMZNX/USDT,AMZN,263.78,262.6499938964844,43.0,08-14 00:00,32217
2026-08-15T14:01:41+00:00,COINX/USDT,COIN,149.02,148.47000122070312,37.0,08-14 00:00,47912
2026-08-15T14:01:41+00:00,QQQX/USDT,QQQ,733.74,731.0700073242188,36.5,08-14 00:00,87951
2026-08-15T14:30:41+00:00,MCDX/USDT,MCD,276.17,272.8299865722656,122.4,08-14 00:00,29041
2026-08-15T14:30:41+00:00,AVGOX/USDT,AVGO,395.94,392.989990234375,74.9,08-14 00:00,68229
2026-08-15T14:30:41+00:00,GOOGLX/USDT,GOOGL,348.12,345.8999938964844,64.2,08-14 00:00,36512
2026-08-15T14:30:41+00:00,SPYX/USDT,SPY,781.26,776.3400268554688,63.4,08-14 00:00,56222
2026-08-15T14:30:41+00:00,MSTRX/USDT,MSTR,93.56,93.04000091552734,55.4,08-14 00:00,216810
2026-08-15T14:30:41+00:00,AMZNX/USDT,AMZN,263.78,262.6499938964844,43.0,08-14 00:00,25142
2026-08-15T14:30:41+00:00,QQQX/USDT,QQQ,733.69,731.0700073242188,35.8,08-14 00:00,75545
2026-08-15T14:30:41+00:00,COINX/USDT,COIN,148.92,148.47000122070312,30.3,08-14 00:00,41654
2026-08-15T15:01:27+00:00,MCDX/USDT,MCD,276.17,272.8299865722656,122.4,08-14 00:00,28390
2026-08-15T15:01:27+00:00,AVGOX/USDT,AVGO,395.88,392.989990234375,73.7,08-14 00:00,64444
2026-08-15T15:01:27+00:00,MSTRX/USDT,MSTR,93.63,93.04000091552734,64.0,08-14 00:00,202318
2026-08-15T15:01:27+00:00,SPYX/USDT,SPY,781.26,776.3400268554688,63.4,08-14 00:00,55800
2026-08-15T15:01:27+00:00,GOOGLX/USDT,GOOGL,348.0,345.8999938964844,60.9,08-14 00:00,33490
2026-08-15T15:01:27+00:00,AMZNX/USDT,AMZN,263.73,262.6499938964844,40.9,08-14 00:00,22158
2026-08-15T15:01:27+00:00,QQQX/USDT,QQQ,733.7,731.0700073242188,36.0,08-14 00:00,70799
2026-08-15T15:01:27+00:00,COINX/USDT,COIN,148.97,148.47000122070312,33.7,08-14 00:00,36420
2026-08-15T15:31:26+00:00,MCDX/USDT,MCD,276.17,272.8299865722656,122.4,08-14 00:00,26877
2026-08-15T15:31:26+00:00,MSTRX/USDT,MSTR,94.09,93.04000091552734,112.9,08-14 00:00,180090
2026-08-15T15:31:26+00:00,AVGOX/USDT,AVGO,396.35,392.989990234375,85.5,08-14 00:00,60385
2026-08-15T15:31:26+00:00,SPYX/USDT,SPY,781.48,776.3400268554688,66.3,08-14 00:00,54825
2026-08-15T15:31:26+00:00,GOOGLX/USDT,GOOGL,348.04,345.8999938964844,61.9,08-14 00:00,30507
2026-08-15T15:31:26+00:00,AMZNX/USDT,AMZN,263.78,262.6499938964844,43.2,08-14 00:00,20525
2026-08-15T15:31:26+00:00,QQQX/USDT,QQQ,734.0,731.0700073242188,40.0,08-14 00:00,67414
2026-08-15T15:31:26+00:00,COINX/USDT,COIN,149.0,148.47000122070312,35.4,08-14 00:00,33397
2026-08-15T15:31:26+00:00,AAPLX/USDT,AAPL,306.87,305.92999267578125,30.7,08-14 00:00,19754
2026-08-15T16:32:40+00:00,MSTRX/USDT,MSTR,94.27,93.04000091552734,132.2,08-14 00:00,150845
2026-08-15T16:32:40+00:00,MCDX/USDT,MCD,276.35,272.8299865722656,129.0,08-14 00:00,24482
2026-08-15T16:32:40+00:00,AVGOX/USDT,AVGO,396.27,392.989990234375,83.5,08-14 00:00,54037
2026-08-15T16:32:40+00:00,GOOGLX/USDT,GOOGL,348.21,345.8999938964844,66.9,08-14 00:00,31901
2026-08-15T16:32:40+00:00,SPYX/USDT,SPY,781.13,776.3400268554688,61.7,08-14 00:00,50984
2026-08-15T16:32:40+00:00,AMZNX/USDT,AMZN,263.81,262.6499938964844,44.4,08-14 00:00,19849
2026-08-15T16:32:40+00:00,QQQX/USDT,QQQ,734.0,731.0700073242188,40.1,08-14 00:00,63202
2026-08-15T16:32:40+00:00,COINX/USDT,COIN,149.0,148.47000122070312,35.4,08-14 00:00,26571
2026-08-15T17:31:41+00:00,MCDX/USDT,MCD,276.95,272.8299865722656,151.0,08-14 00:00,22126
2026-08-15T17:31:41+00:00,MSTRX/USDT,MSTR,94.29,93.04000091552734,134.4,08-14 00:00,134378
2026-08-15T17:31:41+00:00,GOOGLX/USDT,GOOGL,348.36,345.8999938964844,71.0,08-14 00:00,28815
2026-08-15T17:31:41+00:00,AVGOX/USDT,AVGO,395.75,392.989990234375,70.4,08-14 00:00,51412
2026-08-15T17:31:41+00:00,SPYX/USDT,SPY,781.0,776.3400268554688,60.0,08-14 00:00,48174
2026-08-15T17:31:41+00:00,QQQX/USDT,QQQ,733.72,731.0700073242188,36.2,08-14 00:00,59680
2026-08-15T17:31:41+00:00,AMZNX/USDT,AMZN,263.53,262.6499938964844,33.7,08-14 00:00,19189
2026-08-15T17:31:41+00:00,COINX/USDT,COIN,148.94,148.47000122070312,32.0,08-14 00:00,23578
2026-08-15T18:01:41+00:00,MCDX/USDT,MCD,278.02,272.8299865722656,190.4,08-14 00:00,20499
2026-08-15T18:01:41+00:00,MSTRX/USDT,MSTR,94.34,93.04000091552734,140.3,08-14 00:00,123295
2026-08-15T18:01:41+00:00,GOOGLX/USDT,GOOGL,348.64,345.8999938964844,79.4,08-14 00:00,28701
2026-08-15T18:01:41+00:00,SPYX/USDT,SPY,781.19,776.3400268554688,62.5,08-14 00:00,47161
2026-08-15T18:01:41+00:00,AVGOX/USDT,AVGO,395.42,392.989990234375,61.7,08-14 00:00,46071
2026-08-15T18:01:41+00:00,AMZNX/USDT,AMZN,263.75,262.6499938964844,41.7,08-14 00:00,18947
2026-08-15T18:01:41+00:00,QQQX/USDT,QQQ,733.96,731.0700073242188,39.5,08-14 00:00,55794
2026-08-15T18:01:41+00:00,COINX/USDT,COIN,149.01,148.47000122070312,36.7,08-14 00:00,23106
2026-08-15T18:30:58+00:00,MCDX/USDT,MCD,276.47,272.8299865722656,133.2,08-14 00:00,17811
2026-08-15T18:30:58+00:00,MSTRX/USDT,MSTR,94.26,93.04000091552734,131.1,08-14 00:00,116910
2026-08-15T18:30:58+00:00,GOOGLX/USDT,GOOGL,348.68,345.8999938964844,80.2,08-14 00:00,28014
2026-08-15T18:30:58+00:00,AVGOX/USDT,AVGO,395.44,392.989990234375,62.3,08-14 00:00,38782
2026-08-15T18:30:58+00:00,SPYX/USDT,SPY,781.15,776.3400268554688,62.0,08-14 00:00,45862
2026-08-15T18:30:58+00:00,COINX/USDT,COIN,149.1,148.47000122070312,42.8,08-14 00:00,22631
2026-08-15T18:30:58+00:00,AMZNX/USDT,AMZN,263.72,262.6499938964844,40.5,08-14 00:00,18633
2026-08-15T18:30:58+00:00,QQQX/USDT,QQQ,734.01,731.0700073242188,40.2,08-14 00:00,52249
2026-08-15T19:00:58+00:00,MSTRX/USDT,MSTR,94.4,93.04000091552734,146.2,08-14 00:00,107502
2026-08-15T19:00:58+00:00,MCDX/USDT,MCD,276.55,272.8299865722656,136.5,08-14 00:00,15588
2026-08-15T19:00:58+00:00,AVGOX/USDT,AVGO,396.45,392.989990234375,88.2,08-14 00:00,33634
2026-08-15T19:00:58+00:00,GOOGLX/USDT,GOOGL,348.4,345.8999938964844,72.4,08-14 00:00,24075
2026-08-15T19:00:58+00:00,SPYX/USDT,SPY,780.96,776.3400268554688,59.6,08-14 00:00,44261
2026-08-15T19:00:58+00:00,COINX/USDT,COIN,149.09,148.47000122070312,42.1,08-14 00:00,21154
2026-08-15T19:00:58+00:00,AMZNX/USDT,AMZN,263.74,262.6499938964844,41.5,08-14 00:00,18404
2026-08-15T19:00:58+00:00,QQQX/USDT,QQQ,733.94,731.0700073242188,39.3,08-14 00:00,49882
2026-08-15T19:31:01+00:00,MSTRX/USDT,MSTR,94.51,93.04000091552734,158.0,08-14 00:00,98198
2026-08-15T19:31:01+00:00,MCDX/USDT,MCD,276.55,272.8299865722656,136.5,08-14 00:00,14447
2026-08-15T19:31:01+00:00,AVGOX/USDT,AVGO,397.02,392.989990234375,102.5,08-14 00:00,32085
2026-08-15T19:31:01+00:00,GOOGLX/USDT,GOOGL,348.73,345.8999938964844,81.8,08-14 00:00,23880
2026-08-15T19:31:01+00:00,SPYX/USDT,SPY,781.28,776.3400268554688,63.6,08-14 00:00,41854
2026-08-15T19:31:01+00:00,COINX/USDT,COIN,149.16,148.47000122070312,46.5,08-14 00:00,20719
2026-08-15T19:31:01+00:00,QQQX/USDT,QQQ,734.33,731.0700073242188,44.6,08-14 00:00,51674
2026-08-15T19:31:01+00:00,AMZNX/USDT,AMZN,263.74,262.6499938964844,41.3,08-14 00:00,10917
2026-08-15T20:01:10+00:00,MSTRX/USDT,MSTR,94.52,93.04000091552734,158.5,08-14 00:00,89142
2026-08-15T20:01:10+00:00,MCDX/USDT,MCD,276.34,272.8299865722656,128.5,08-14 00:00,13169
2026-08-15T20:01:10+00:00,AVGOX/USDT,AVGO,396.77,392.989990234375,96.2,08-14 00:00,23916
2026-08-15T20:01:10+00:00,GOOGLX/USDT,GOOGL,348.86,345.8999938964844,85.4,08-14 00:00,22910
2026-08-15T20:01:10+00:00,SPYX/USDT,SPY,781.28,776.3400268554688,63.6,08-14 00:00,41187
2026-08-15T20:01:10+00:00,QQQX/USDT,QQQ,735.11,731.0700073242188,55.2,08-14 00:00,56506
2026-08-15T20:01:10+00:00,COINX/USDT,COIN,149.16,148.47000122070312,46.1,08-14 00:00,14655
2026-08-15T20:01:10+00:00,AMZNX/USDT,AMZN,263.75,262.6499938964844,41.9,08-14 00:00,6308
2026-08-15T20:30:14+00:00,MSTRX/USDT,MSTR,94.45,93.04000091552734,151.5,08-14 00:00,86055
2026-08-15T20:30:14+00:00,MCDX/USDT,MCD,276.23,272.8299865722656,124.4,08-14 00:00,12102
2026-08-15T20:30:14+00:00,AVGOX/USDT,AVGO,396.94,392.989990234375,100.4,08-14 00:00,22118
2026-08-15T20:30:14+00:00,GOOGLX/USDT,GOOGL,348.78,345.8999938964844,83.4,08-14 00:00,20792
2026-08-15T20:30:14+00:00,SPYX/USDT,SPY,781.32,776.3400268554688,64.1,08-14 00:00,40341
2026-08-15T20:30:14+00:00,COINX/USDT,COIN,149.22,148.47000122070312,50.2,08-14 00:00,14111
2026-08-15T20:30:14+00:00,QQQX/USDT,QQQ,734.19,731.0700073242188,42.7,08-14 00:00,54208
2026-08-15T20:30:14+00:00,AMZNX/USDT,AMZN,263.77,262.6499938964844,42.6,08-14 00:00,6209
2026-08-15T20:30:14+00:00,TSLAX/USDT,TSLA,343.43,342.2699890136719,33.9,08-14 00:00,51177
2026-08-15T21:30:29+00:00,MSTRX/USDT,MSTR,94.5,93.04000091552734,156.4,08-14 00:00,75652
2026-08-15T21:30:29+00:00,MCDX/USDT,MCD,276.16,272.8299865722656,122.2,08-14 00:00,7989
2026-08-15T21:30:29+00:00,AVGOX/USDT,AVGO,396.51,392.989990234375,89.7,08-14 00:00,18478
2026-08-15T21:30:29+00:00,GOOGLX/USDT,GOOGL,348.19,345.8999938964844,66.3,08-14 00:00,19410
2026-08-15T21:30:29+00:00,SPYX/USDT,SPY,780.77,776.3400268554688,57.1,08-14 00:00,35014
2026-08-15T21:30:29+00:00,COINX/USDT,COIN,149.24,148.47000122070312,51.9,08-14 00:00,8919
2026-08-15T21:30:29+00:00,AMZNX/USDT,AMZN,263.76,262.6499938964844,42.5,08-14 00:00,5984
2026-08-15T21:30:29+00:00,QQQX/USDT,QQQ,733.94,731.0700073242188,39.3,08-14 00:00,50765
2026-08-15T22:00:31+00:00,MSTRX/USDT,MSTR,94.5,93.04000091552734,156.4,08-14 00:00,67750
2026-08-15T22:00:31+00:00,MCDX/USDT,MCD,276.16,272.8299865722656,122.2,08-14 00:00,5259
2026-08-15T22:00:31+00:00,AVGOX/USDT,AVGO,396.4,392.989990234375,86.9,08-14 00:00,17932
2026-08-15T22:00:31+00:00,GOOGLX/USDT,GOOGL,348.45,345.8999938964844,73.7,08-14 00:00,19369
2026-08-15T22:00:31+00:00,SPYX/USDT,SPY,780.81,776.3400268554688,57.5,08-14 00:00,30605
2026-08-15T22:00:31+00:00,COINX/USDT,COIN,149.25,148.47000122070312,52.2,08-14 00:00,8221
2026-08-15T22:00:31+00:00,AMZNX/USDT,AMZN,263.75,262.6499938964844,42.1,08-14 00:00,4581
2026-08-15T22:00:31+00:00,QQQX/USDT,QQQ,733.92,731.0700073242188,39.1,08-14 00:00,46331
2026-08-15T22:30:39+00:00,MSTRX/USDT,MSTR,94.51,93.04000091552734,158.0,08-14 00:00,66086
2026-08-15T22:30:39+00:00,MCDX/USDT,MCD,275.95,272.8299865722656,114.5,08-14 00:00,4256
2026-08-15T22:30:39+00:00,GOOGLX/USDT,GOOGL,348.46,345.8999938964844,74.2,08-14 00:00,19229
2026-08-15T22:30:39+00:00,SPYX/USDT,SPY,780.79,776.3400268554688,57.3,08-14 00:00,27545
2026-08-15T22:30:39+00:00,COINX/USDT,COIN,149.25,148.47000122070312,52.9,08-14 00:00,8138
2026-08-15T22:30:39+00:00,AVGOX/USDT,AVGO,394.94,392.989990234375,49.6,08-14 00:00,16861
2026-08-15T22:30:39+00:00,AMZNX/USDT,AMZN,263.74,262.6499938964844,41.3,08-14 00:00,4422
2026-08-15T22:30:39+00:00,QQQX/USDT,QQQ,733.92,731.0700073242188,39.1,08-14 00:00,43082
2026-08-15T23:00:43+00:00,MSTRX/USDT,MSTR,94.47,93.04000091552734,153.7,08-14 00:00,60250
2026-08-15T23:00:43+00:00,MCDX/USDT,MCD,276.0,272.8299865722656,116.0,08-14 00:00,3732
2026-08-15T23:00:43+00:00,AVGOX/USDT,AVGO,396.21,392.989990234375,82.1,08-14 00:00,14297
2026-08-15T23:00:43+00:00,GOOGLX/USDT,GOOGL,348.7,345.8999938964844,80.9,08-14 00:00,19115
2026-08-15T23:00:43+00:00,SPYX/USDT,SPY,780.58,776.3400268554688,54.6,08-14 00:00,26646
2026-08-15T23:00:43+00:00,COINX/USDT,COIN,149.26,148.47000122070312,53.2,08-14 00:00,7208
2026-08-15T23:00:43+00:00,AMZNX/USDT,AMZN,263.75,262.6499938964844,41.7,08-14 00:00,4553
2026-08-15T23:00:43+00:00,QQQX/USDT,QQQ,733.83,731.0700073242188,37.8,08-14 00:00,38959
2026-08-15T23:30:49+00:00,MSTRX/USDT,MSTR,94.45,93.04000091552734,152.1,08-14 00:00,59382
2026-08-15T23:30:49+00:00,MCDX/USDT,MCD,276.0,272.8299865722656,116.0,08-14 00:00,2900
2026-08-15T23:30:49+00:00,AVGOX/USDT,AVGO,397.38,392.989990234375,111.8,08-14 00:00,12217
2026-08-15T23:30:49+00:00,GOOGLX/USDT,GOOGL,348.83,345.8999938964844,84.7,08-14 00:00,19152
2026-08-15T23:30:49+00:00,SPYX/USDT,SPY,781.43,776.3400268554688,65.6,08-14 00:00,34932
2026-08-15T23:30:49+00:00,COINX/USDT,COIN,149.22,148.47000122070312,50.9,08-14 00:00,5951
2026-08-15T23:30:49+00:00,AMZNX/USDT,AMZN,263.79,262.6499938964844,43.6,08-14 00:00,4484
2026-08-15T23:30:49+00:00,QQQX/USDT,QQQ,734.08,731.0700073242188,41.2,08-14 00:00,37690
2026-08-16T00:00:56+00:00,MSTRX/USDT,MSTR,94.42,93.04000091552734,148.9,08-14 00:00,53309
2026-08-16T00:00:56+00:00,MCDX/USDT,MCD,275.79,272.8299865722656,108.5,08-14 00:00,1340
2026-08-16T00:00:56+00:00,AVGOX/USDT,AVGO,396.78,392.989990234375,96.4,08-14 00:00,10207
2026-08-16T00:00:56+00:00,GOOGLX/USDT,GOOGL,348.79,345.8999938964844,83.4,08-14 00:00,18959
2026-08-16T00:00:56+00:00,SPYX/USDT,SPY,781.65,776.3400268554688,68.5,08-14 00:00,34311
2026-08-16T00:00:56+00:00,COINX/USDT,COIN,149.32,148.47000122070312,57.3,08-14 00:00,4801
2026-08-16T00:00:56+00:00,AMZNX/USDT,AMZN,263.85,262.6499938964844,45.5,08-14 00:00,4418
2026-08-16T00:00:56+00:00,QQQX/USDT,QQQ,734.11,731.0700073242188,41.5,08-14 00:00,33653
2026-08-16T00:00:56+00:00,TSLAX/USDT,TSLA,343.32,342.2699890136719,30.8,08-14 00:00,29675
2026-08-16T00:31:16+00:00,MSTRX/USDT,MSTR,94.44,93.04000091552734,150.5,08-14 00:00,51810
2026-08-16T00:31:16+00:00,MCDX/USDT,MCD,275.97,272.8299865722656,115.1,08-14 00:00,1098
2026-08-16T00:31:16+00:00,AVGOX/USDT,AVGO,397.39,392.989990234375,112.1,08-14 00:00,10407
2026-08-16T00:31:16+00:00,GOOGLX/USDT,GOOGL,348.69,345.8999938964844,80.7,08-14 00:00,18708
2026-08-16T00:31:16+00:00,SPYX/USDT,SPY,781.68,776.3400268554688,68.8,08-14 00:00,34747
2026-08-16T00:31:16+00:00,COINX/USDT,COIN,149.31,148.47000122070312,56.6,08-14 00:00,4979
2026-08-16T00:31:16+00:00,AMZNX/USDT,AMZN,263.75,262.6499938964844,41.9,08-14 00:00,4394
2026-08-16T00:31:16+00:00,QQQX/USDT,QQQ,734.04,731.0700073242188,40.6,08-14 00:00,34534
2026-08-16T01:01:06+00:00,MSTRX/USDT,MSTR,94.32,93.04000091552734,137.6,08-14 00:00,50230
2026-08-16T01:01:06+00:00,MCDX/USDT,MCD,275.88,272.8299865722656,111.8,08-14 00:00,1071
2026-08-16T01:01:06+00:00,GOOGLX/USDT,GOOGL,348.68,345.8999938964844,80.2,08-14 00:00,17417
2026-08-16T01:01:06+00:00,AVGOX/USDT,AVGO,395.82,392.989990234375,72.1,08-14 00:00,10480
2026-08-16T01:01:06+00:00,SPYX/USDT,SPY,781.61,776.3400268554688,67.9,08-14 00:00,34596
2026-08-16T01:01:06+00:00,AMZNX/USDT,AMZN,263.89,262.6499938964844,47.4,08-14 00:00,4356
2026-08-16T01:01:06+00:00,COINX/USDT,COIN,149.12,148.47000122070312,43.4,08-14 00:00,5103
2026-08-16T01:01:06+00:00,QQQX/USDT,QQQ,734.05,731.0700073242188,40.8,08-14 00:00,35702
2026-08-16T01:31:13+00:00,MSTRX/USDT,MSTR,94.34,93.04000091552734,140.3,08-14 00:00,50054
2026-08-16T01:31:13+00:00,MCDX/USDT,MCD,275.97,272.8299865722656,114.9,08-14 00:00,1048
2026-08-16T01:31:13+00:00,AVGOX/USDT,AVGO,396.48,392.989990234375,88.7,08-14 00:00,10480
2026-08-16T01:31:13+00:00,GOOGLX/USDT,GOOGL,348.69,345.8999938964844,80.8,08-14 00:00,17412
2026-08-16T01:31:13+00:00,SPYX/USDT,SPY,781.7,776.3400268554688,69.0,08-14 00:00,34593
2026-08-16T01:31:13+00:00,AMZNX/USDT,AMZN,263.86,262.6499938964844,45.9,08-14 00:00,4343
2026-08-16T01:31:13+00:00,QQQX/USDT,QQQ,734.0,731.0700073242188,40.1,08-14 00:00,35616
2026-08-16T01:31:13+00:00,COINX/USDT,COIN,148.99,148.47000122070312,35.0,08-14 00:00,5110
2026-08-16T02:00:17+00:00,MSTRX/USDT,MSTR,94.22,93.04000091552734,127.4,08-14 00:00,46140
2026-08-16T02:00:17+00:00,MCDX/USDT,MCD,275.85,272.8299865722656,110.7,08-14 00:00,1143
2026-08-16T02:00:17+00:00,GOOGLX/USDT,GOOGL,348.71,345.8999938964844,81.1,08-14 00:00,17800
2026-08-16T02:00:17+00:00,SPYX/USDT,SPY,781.63,776.3400268554688,68.1,08-14 00:00,34320
2026-08-16T02:00:17+00:00,AVGOX/USDT,AVGO,395.62,392.989990234375,66.9,08-14 00:00,10053
2026-08-16T02:00:17+00:00,AMZNX/USDT,AMZN,263.87,262.6499938964844,46.3,08-14 00:00,4309
2026-08-16T02:00:17+00:00,COINX/USDT,COIN,149.13,148.47000122070312,44.8,08-14 00:00,5070
2026-08-16T02:00:17+00:00,QQQX/USDT,QQQ,733.96,731.0700073242188,39.5,08-14 00:00,36356
2026-08-16T02:30:19+00:00,MSTRX/USDT,MSTR,94.31,93.04000091552734,137.0,08-14 00:00,44465
2026-08-16T02:30:19+00:00,MCDX/USDT,MCD,275.85,272.8299865722656,110.7,08-14 00:00,1143
2026-08-16T02:30:19+00:00,GOOGLX/USDT,GOOGL,348.68,345.8999938964844,80.2,08-14 00:00,16554
2026-08-16T02:30:19+00:00,AVGOX/USDT,AVGO,396.13,392.989990234375,80.0,08-14 00:00,9948
2026-08-16T02:30:19+00:00,SPYX/USDT,SPY,781.44,776.3400268554688,65.7,08-14 00:00,33144
2026-08-16T02:30:19+00:00,COINX/USDT,COIN,149.24,148.47000122070312,51.5,08-14 00:00,5051
2026-08-16T02:30:19+00:00,AMZNX/USDT,AMZN,263.76,262.6499938964844,42.3,08-14 00:00,4332
2026-08-16T02:30:19+00:00,QQQX/USDT,QQQ,733.99,731.0700073242188,39.9,08-14 00:00,36307
2026-08-16T03:00:28+00:00,MSTRX/USDT,MSTR,94.44,93.04000091552734,151.0,08-14 00:00,37158
2026-08-16T03:00:28+00:00,MCDX/USDT,MCD,275.85,272.8299865722656,110.7,08-14 00:00,1109
2026-08-16T03:00:28+00:00,GOOGLX/USDT,GOOGL,348.73,345.8999938964844,81.7,08-14 00:00,17075
2026-08-16T03:00:28+00:00,SPYX/USDT,SPY,781.55,776.3400268554688,67.1,08-14 00:00,33244
2026-08-16T03:00:28+00:00,AVGOX/USDT,AVGO,395.18,392.989990234375,55.7,08-14 00:00,9948
2026-08-16T03:00:28+00:00,COINX/USDT,COIN,149.3,148.47000122070312,55.6,08-14 00:00,5070
2026-08-16T03:00:28+00:00,QQQX/USDT,QQQ,734.34,731.0700073242188,44.7,08-14 00:00,36417
2026-08-16T03:00:28+00:00,AMZNX/USDT,AMZN,263.75,262.6499938964844,42.1,08-14 00:00,4357
2026-08-16T03:00:28+00:00,TSLAX/USDT,TSLA,343.39,342.2699890136719,32.7,08-14 00:00,28498
2026-08-16T03:30:30+00:00,MSTRX/USDT,MSTR,94.46,93.04000091552734,152.6,08-14 00:00,35878
2026-08-16T03:30:30+00:00,MCDX/USDT,MCD,275.85,272.8299865722656,110.7,08-14 00:00,1067
2026-08-16T03:30:30+00:00,GOOGLX/USDT,GOOGL,348.75,345.8999938964844,82.2,08-14 00:00,19988
2026-08-16T03:30:30+00:00,SPYX/USDT,SPY,781.53,776.3400268554688,66.9,08-14 00:00,32474
2026-08-16T03:30:30+00:00,COINX/USDT,COIN,149.38,148.47000122070312,61.0,08-14 00:00,5055
2026-08-16T03:30:30+00:00,QQQX/USDT,QQQ,734.48,731.0700073242188,46.6,08-14 00:00,37322
2026-08-16T03:30:30+00:00,AMZNX/USDT,AMZN,263.75,262.6499938964844,42.1,08-14 00:00,4345
2026-08-16T03:30:30+00:00,AVGOX/USDT,AVGO,394.49,392.989990234375,38.0,08-14 00:00,9948
2026-08-16T03:30:30+00:00,TSLAX/USDT,TSLA,343.44,342.2699890136719,34.3,08-14 00:00,28486
2026-08-16T04:00:27+00:00,MSTRX/USDT,MSTR,94.35,93.04000091552734,140.8,08-14 00:00,36031
2026-08-16T04:00:27+00:00,MCDX/USDT,MCD,275.85,272.8299865722656,110.7,08-14 00:00,1067
2026-08-16T04:00:27+00:00,GOOGLX/USDT,GOOGL,348.69,345.8999938964844,80.8,08-14 00:00,20017
2026-08-16T04:00:27+00:00,AVGOX/USDT,AVGO,395.94,392.989990234375,75.1,08-14 00:00,9948
2026-08-16T04:00:27+00:00,SPYX/USDT,SPY,781.48,776.3400268554688,66.2,08-14 00:00,33008
2026-08-16T04:00:27+00:00,QQQX/USDT,QQQ,734.79,731.0700073242188,50.9,08-14 00:00,37521
2026-08-16T04:00:27+00:00,COINX/USDT,COIN,149.22,148.47000122070312,50.5,08-14 00:00,5055
2026-08-16T04:00:27+00:00,AMZNX/USDT,AMZN,263.73,262.6499938964844,41.1,08-14 00:00,4313
2026-08-16T04:00:27+00:00,TSLAX/USDT,TSLA,343.64,342.2699890136719,40.0,08-14 00:00,28271
2026-08-16T04:30:30+00:00,MSTRX/USDT,MSTR,94.37,93.04000091552734,142.9,08-14 00:00,35095
2026-08-16T04:30:30+00:00,MCDX/USDT,MCD,275.81,272.8299865722656,109.4,08-14 00:00,959
2026-08-16T04:30:30+00:00,GOOGLX/USDT,GOOGL,348.67,345.8999938964844,80.1,08-14 00:00,36065
2026-08-16T04:30:30+00:00,SPYX/USDT,SPY,781.16,776.3400268554688,62.1,08-14 00:00,33484
2026-08-16T04:30:30+00:00,COINX/USDT,COIN,149.25,148.47000122070312,52.2,08-14 00:00,4635
2026-08-16T04:30:30+00:00,QQQX/USDT,QQQ,734.88,731.0700073242188,52.2,08-14 00:00,37327
2026-08-16T04:30:30+00:00,AMZNX/USDT,AMZN,263.73,262.6499938964844,40.9,08-14 00:00,4352
2026-08-16T04:30:30+00:00,TSLAX/USDT,TSLA,343.65,342.2699890136719,40.5,08-14 00:00,29372
2026-08-16T04:30:30+00:00,AVGOX/USDT,AVGO,394.53,392.989990234375,39.3,08-14 00:00,7816
2026-08-16T05:00:38+00:00,MSTRX/USDT,MSTR,94.27,93.04000091552734,131.7,08-14 00:00,22372
2026-08-16T05:00:38+00:00,MCDX/USDT,MCD,275.83,272.8299865722656,109.8,08-14 00:00,988
2026-08-16T05:00:38+00:00,GOOGLX/USDT,GOOGL,348.64,345.8999938964844,79.2,08-14 00:00,35915
2026-08-16T05:00:38+00:00,AVGOX/USDT,AVGO,395.78,392.989990234375,71.1,08-14 00:00,7222
2026-08-16T05:00:38+00:00,SPYX/USDT,SPY,781.11,776.3400268554688,61.4,08-14 00:00,32150
2026-08-16T05:00:38+00:00,COINX/USDT,COIN,149.38,148.47000122070312,61.0,08-14 00:00,4564
2026-08-16T05:00:38+00:00,QQQX/USDT,QQQ,734.52,731.0700073242188,47.2,08-14 00:00,37529
2026-08-16T05:00:38+00:00,AMZNX/USDT,AMZN,263.84,262.6499938964844,45.1,08-14 00:00,4379
2026-08-16T05:00:38+00:00,TSLAX/USDT,TSLA,343.53,342.2699890136719,37.0,08-14 00:00,32477
2026-08-16T05:30:44+00:00,MCDX/USDT,MCD,276.36,272.8299865722656,129.4,08-14 00:00,958
2026-08-16T05:30:44+00:00,MSTRX/USDT,MSTR,94.21,93.04000091552734,125.8,08-14 00:00,21304
2026-08-16T05:30:44+00:00,GOOGLX/USDT,GOOGL,348.67,345.8999938964844,80.1,08-14 00:00,36048
2026-08-16T05:30:44+00:00,COINX/USDT,COIN,149.47,148.47000122070312,67.4,08-14 00:00,4688
2026-08-16T05:30:44+00:00,SPYX/USDT,SPY,781.47,776.3400268554688,66.1,08-14 00:00,32155
2026-08-16T05:30:44+00:00,QQQX/USDT,QQQ,734.54,731.0700073242188,47.4,08-14 00:00,35616
2026-08-16T05:30:44+00:00,AVGOX/USDT,AVGO,394.76,392.989990234375,45.0,08-14 00:00,6818
2026-08-16T05:30:44+00:00,AMZNX/USDT,AMZN,263.75,262.6499938964844,42.1,08-14 00:00,4393
2026-08-16T05:30:44+00:00,TSLAX/USDT,TSLA,343.65,342.2699890136719,40.3,08-14 00:00,33153
2026-08-16T06:00:49+00:00,MSTRX/USDT,MSTR,94.27,93.04000091552734,131.7,08-14 00:00,21444
2026-08-16T06:00:49+00:00,MCDX/USDT,MCD,276.36,272.8299865722656,129.4,08-14 00:00,951
2026-08-16T06:00:49+00:00,AVGOX/USDT,AVGO,396.94,392.989990234375,100.4,08-14 00:00,6868
2026-08-16T06:00:49+00:00,GOOGLX/USDT,GOOGL,348.85,345.8999938964844,85.3,08-14 00:00,36882
2026-08-16T06:00:49+00:00,COINX/USDT,COIN,149.59,148.47000122070312,75.4,08-14 00:00,4702
2026-08-16T06:00:49+00:00,SPYX/USDT,SPY,781.64,776.3400268554688,68.3,08-14 00:00,31812
2026-08-16T06:00:49+00:00,QQQX/USDT,QQQ,734.59,731.0700073242188,48.1,08-14 00:00,29602
2026-08-16T06:00:49+00:00,TSLAX/USDT,TSLA,343.82,342.2699890136719,45.4,08-14 00:00,33783
2026-08-16T06:00:49+00:00,AMZNX/USDT,AMZN,263.78,262.6499938964844,43.2,08-14 00:00,4446
2026-08-16T06:30:56+00:00,MCDX/USDT,MCD,276.58,272.8299865722656,137.4,08-14 00:00,973
2026-08-16T06:30:56+00:00,MSTRX/USDT,MSTR,94.17,93.04000091552734,122.0,08-14 00:00,19155
2026-08-16T06:30:56+00:00,GOOGLX/USDT,GOOGL,348.9,345.8999938964844,86.9,08-14 00:00,37061
2026-08-16T06:30:56+00:00,COINX/USDT,COIN,149.62,148.47000122070312,77.1,08-14 00:00,4765
2026-08-16T06:30:56+00:00,SPYX/USDT,SPY,781.79,776.3400268554688,70.1,08-14 00:00,30926
2026-08-16T06:30:56+00:00,QQQX/USDT,QQQ,734.74,731.0700073242188,50.1,08-14 00:00,29421
2026-08-16T06:30:56+00:00,TSLAX/USDT,TSLA,343.97,342.2699890136719,49.7,08-14 00:00,32864
2026-08-16T06:30:56+00:00,AMZNX/USDT,AMZN,263.78,262.6499938964844,43.2,08-14 00:00,4438
2026-08-16T06:30:56+00:00,AVGOX/USDT,AVGO,394.62,392.989990234375,41.5,08-14 00:00,6686
2026-08-16T07:01:01+00:00,MCDX/USDT,MCD,276.58,272.8299865722656,137.4,08-14 00:00,946
2026-08-16T07:01:01+00:00,MSTRX/USDT,MSTR,94.09,93.04000091552734,113.4,08-14 00:00,18957
2026-08-16T07:01:01+00:00,GOOGLX/USDT,GOOGL,348.98,345.8999938964844,89.0,08-14 00:00,36691
2026-08-16T07:01:01+00:00,COINX/USDT,COIN,149.75,148.47000122070312,86.5,08-14 00:00,4918
2026-08-16T07:01:01+00:00,SPYX/USDT,SPY,781.81,776.3400268554688,70.4,08-14 00:00,30509
2026-08-16T07:01:01+00:00,AVGOX/USDT,AVGO,395.3,392.989990234375,58.8,08-14 00:00,5887
2026-08-16T07:01:01+00:00,QQQX/USDT,QQQ,734.86,731.0700073242188,51.8,08-14 00:00,29648
2026-08-16T07:01:01+00:00,TSLAX/USDT,TSLA,343.89,342.2699890136719,47.5,08-14 00:00,34191
2026-08-16T07:01:01+00:00,AMZNX/USDT,AMZN,263.75,262.6499938964844,42.1,08-14 00:00,4420
2026-08-16T07:31:06+00:00,MCDX/USDT,MCD,276.58,272.8299865722656,137.4,08-14 00:00,817
2026-08-16T07:31:06+00:00,MSTRX/USDT,MSTR,94.06,93.04000091552734,110.2,08-14 00:00,18466
2026-08-16T07:31:06+00:00,AVGOX/USDT,AVGO,396.73,392.989990234375,95.2,08-14 00:00,4399
2026-08-16T07:31:06+00:00,COINX/USDT,COIN,149.77,148.47000122070312,87.6,08-14 00:00,4365
2026-08-16T07:31:06+00:00,GOOGLX/USDT,GOOGL,348.92,345.8999938964844,87.5,08-14 00:00,36856
2026-08-16T07:31:06+00:00,SPYX/USDT,SPY,782.13,776.3400268554688,74.6,08-14 00:00,32129
2026-08-16T07:31:06+00:00,QQQX/USDT,QQQ,734.66,731.0700073242188,49.1,08-14 00:00,29569
2026-08-16T07:31:06+00:00,TSLAX/USDT,TSLA,343.79,342.2699890136719,44.6,08-14 00:00,34438
2026-08-16T07:31:06+00:00,AMZNX/USDT,AMZN,263.81,262.6499938964844,44.4,08-14 00:00,4368
2026-08-16T08:01:15+00:00,MCDX/USDT,MCD,277.17,272.8299865722656,159.1,08-14 00:00,1139
2026-08-16T08:01:15+00:00,MSTRX/USDT,MSTR,94.09,93.04000091552734,112.9,08-14 00:00,20475
2026-08-16T08:01:15+00:00,AVGOX/USDT,AVGO,397.0,392.989990234375,102.2,08-14 00:00,4399
2026-08-16T08:01:15+00:00,GOOGLX/USDT,GOOGL,348.99,345.8999938964844,89.2,08-14 00:00,37166
2026-08-16T08:01:15+00:00,COINX/USDT,COIN,149.64,148.47000122070312,79.1,08-14 00:00,4346
2026-08-16T08:01:15+00:00,SPYX/USDT,SPY,782.0,776.3400268554688,72.8,08-14 00:00,32150
2026-08-16T08:01:15+00:00,QQQX/USDT,QQQ,734.49,731.0700073242188,46.8,08-14 00:00,29850
2026-08-16T08:01:15+00:00,TSLAX/USDT,TSLA,343.8,342.2699890136719,44.7,08-14 00:00,34631
2026-08-16T08:01:15+00:00,AMZNX/USDT,AMZN,263.8,262.6499938964844,44.0,08-14 00:00,4357
2026-08-16T08:30:21+00:00,AVGOX/USDT,AVGO,397.59,392.989990234375,116.9,08-14 00:00,4270
2026-08-16T08:30:21+00:00,MSTRX/USDT,MSTR,94.12,93.04000091552734,116.6,08-14 00:00,20439
2026-08-16T08:30:21+00:00,MCDX/USDT,MCD,275.67,272.8299865722656,104.3,08-14 00:00,1151
2026-08-16T08:30:21+00:00,COINX/USDT,COIN,149.76,148.47000122070312,86.9,08-14 00:00,4295
2026-08-16T08:30:21+00:00,GOOGLX/USDT,GOOGL,348.86,345.8999938964844,85.6,08-14 00:00,37145
2026-08-16T08:30:21+00:00,SPYX/USDT,SPY,781.93,776.3400268554688,72.1,08-14 00:00,27322
2026-08-16T08:30:21+00:00,AMZNX/USDT,AMZN,263.9,262.6499938964844,47.8,08-14 00:00,4300
2026-08-16T08:30:21+00:00,TSLAX/USDT,TSLA,343.83,342.2699890136719,45.6,08-14 00:00,34746
2026-08-16T08:30:21+00:00,QQQX/USDT,QQQ,734.37,731.0700073242188,45.1,08-14 00:00,29646
2026-08-16T09:00:20+00:00,AVGOX/USDT,AVGO,397.5,392.989990234375,114.8,08-14 00:00,3525
2026-08-16T09:00:20+00:00,MSTRX/USDT,MSTR,94.06,93.04000091552734,109.1,08-14 00:00,21176
2026-08-16T09:00:20+00:00,MCDX/USDT,MCD,275.52,272.8299865722656,98.8,08-14 00:00,1076
2026-08-16T09:00:20+00:00,GOOGLX/USDT,GOOGL,348.91,345.8999938964844,87.0,08-14 00:00,37316
2026-08-16T09:00:20+00:00,COINX/USDT,COIN,149.66,148.47000122070312,79.8,08-14 00:00,4238
2026-08-16T09:00:20+00:00,SPYX/USDT,SPY,781.69,776.3400268554688,68.9,08-14 00:00,27308
2026-08-16T09:00:20+00:00,QQQX/USDT,QQQ,734.39,731.0700073242188,45.5,08-14 00:00,25836
2026-08-16T09:00:20+00:00,AMZNX/USDT,AMZN,263.81,262.6499938964844,44.4,08-14 00:00,4028
2026-08-16T09:00:20+00:00,TSLAX/USDT,TSLA,343.73,342.2699890136719,42.7,08-14 00:00,35631
2026-08-16T09:30:23+00:00,MSTRX/USDT,MSTR,94.06,93.04000091552734,109.6,08-14 00:00,20991
2026-08-16T09:30:23+00:00,MCDX/USDT,MCD,275.52,272.8299865722656,98.8,08-14 00:00,1147
2026-08-16T09:30:23+00:00,GOOGLX/USDT,GOOGL,348.9,345.8999938964844,86.9,08-14 00:00,37083
2026-08-16T09:30:23+00:00,COINX/USDT,COIN,149.71,148.47000122070312,83.5,08-14 00:00,4652
2026-08-16T09:30:23+00:00,AVGOX/USDT,AVGO,395.74,392.989990234375,69.8,08-14 00:00,3488
2026-08-16T09:30:23+00:00,SPYX/USDT,SPY,781.62,776.3400268554688,68.1,08-14 00:00,27274
2026-08-16T09:30:23+00:00,QQQX/USDT,QQQ,734.4,731.0700073242188,45.6,08-14 00:00,25905
2026-08-16T09:30:23+00:00,AMZNX/USDT,AMZN,263.82,262.6499938964844,44.5,08-14 00:00,3937
2026-08-16T09:30:23+00:00,TSLAX/USDT,TSLA,343.38,342.2699890136719,32.4,08-14 00:00,35879
2026-08-16T10:00:32+00:00,AVGOX/USDT,AVGO,397.17,392.989990234375,106.4,08-14 00:00,3335
2026-08-16T10:00:32+00:00,MCDX/USDT,MCD,275.52,272.8299865722656,98.8,08-14 00:00,1146
2026-08-16T10:00:32+00:00,MSTRX/USDT,MSTR,93.96,93.04000091552734,98.3,08-14 00:00,20851
2026-08-16T10:00:32+00:00,GOOGLX/USDT,GOOGL,348.83,345.8999938964844,84.9,08-14 00:00,37068
2026-08-16T10:00:32+00:00,COINX/USDT,COIN,149.63,148.47000122070312,78.1,08-14 00:00,4536
2026-08-16T10:00:32+00:00,SPYX/USDT,SPY,781.62,776.3400268554688,68.1,08-14 00:00,27563
2026-08-16T10:00:32+00:00,AMZNX/USDT,AMZN,263.98,262.6499938964844,50.4,08-14 00:00,3952
2026-08-16T10:00:32+00:00,QQQX/USDT,QQQ,734.25,731.0700073242188,43.5,08-14 00:00,26008
2026-08-16T10:30:34+00:00,MCDX/USDT,MCD,276.06,272.8299865722656,118.6,08-14 00:00,1137
2026-08-16T10:30:34+00:00,AVGOX/USDT,AVGO,397.37,392.989990234375,111.3,08-14 00:00,3194
2026-08-16T10:30:34+00:00,MSTRX/USDT,MSTR,93.97,93.04000091552734,99.4,08-14 00:00,20751
2026-08-16T10:30:34+00:00,GOOGLX/USDT,GOOGL,348.78,345.8999938964844,83.4,08-14 00:00,39919
2026-08-16T10:30:34+00:00,SPYX/USDT,SPY,781.64,776.3400268554688,68.3,08-14 00:00,28256
2026-08-16T10:30:34+00:00,COINX/USDT,COIN,149.34,148.47000122070312,58.6,08-14 00:00,4739
2026-08-16T10:30:34+00:00,AMZNX/USDT,AMZN,263.98,262.6499938964844,50.4,08-14 00:00,3910
2026-08-16T10:30:34+00:00,QQQX/USDT,QQQ,734.35,731.0700073242188,44.9,08-14 00:00,26030
2026-08-16T10:30:34+00:00,TSLAX/USDT,TSLA,343.3,342.2699890136719,30.1,08-14 00:00,40608
2026-08-16T11:00:44+00:00,MCDX/USDT,MCD,276.06,272.8299865722656,118.4,08-14 00:00,1125
2026-08-16T11:00:44+00:00,MSTRX/USDT,MSTR,93.99,93.04000091552734,102.1,08-14 00:00,20371
2026-08-16T11:00:44+00:00,AVGOX/USDT,AVGO,396.9,392.989990234375,99.5,08-14 00:00,3194
2026-08-16T11:00:44+00:00,GOOGLX/USDT,GOOGL,348.99,345.8999938964844,89.2,08-14 00:00,48265
2026-08-16T11:00:44+00:00,SPYX/USDT,SPY,781.95,776.3400268554688,72.3,08-14 00:00,29870
2026-08-16T11:00:44+00:00,COINX/USDT,COIN,149.44,148.47000122070312,65.7,08-14 00:00,4688
2026-08-16T11:00:44+00:00,AMZNX/USDT,AMZN,264.0,262.6499938964844,51.2,08-14 00:00,4048
2026-08-16T11:00:44+00:00,QQQX/USDT,QQQ,734.5,731.0700073242188,46.8,08-14 00:00,26777
2026-08-16T11:30:44+00:00,MCDX/USDT,MCD,275.81,272.8299865722656,109.4,08-14 00:00,1125
2026-08-16T11:30:44+00:00,MSTRX/USDT,MSTR,93.94,93.04000091552734,97.3,08-14 00:00,19256
2026-08-16T11:30:44+00:00,GOOGLX/USDT,GOOGL,348.76,345.8999938964844,82.8,08-14 00:00,48370
2026-08-16T11:30:44+00:00,AVGOX/USDT,AVGO,396.12,392.989990234375,79.5,08-14 00:00,2784
2026-08-16T11:30:44+00:00,SPYX/USDT,SPY,782.02,776.3400268554688,73.2,08-14 00:00,29635
2026-08-16T11:30:44+00:00,COINX/USDT,COIN,149.44,148.47000122070312,65.0,08-14 00:00,4854
2026-08-16T11:30:44+00:00,AMZNX/USDT,AMZN,263.97,262.6499938964844,50.3,08-14 00:00,4127
2026-08-16T11:30:44+00:00,QQQX/USDT,QQQ,734.55,731.0700073242188,47.6,08-14 00:00,27298
2026-08-16T12:00:48+00:00,MCDX/USDT,MCD,276.2,272.8299865722656,123.5,08-14 00:00,1185
2026-08-16T12:00:48+00:00,MSTRX/USDT,MSTR,94.04,93.04000091552734,108.0,08-14 00:00,18728
2026-08-16T12:00:48+00:00,GOOGLX/USDT,GOOGL,348.84,345.8999938964844,85.0,08-14 00:00,48122
2026-08-16T12:00:48+00:00,SPYX/USDT,SPY,781.92,776.3400268554688,71.9,08-14 00:00,29329
2026-08-16T12:00:48+00:00,COINX/USDT,COIN,149.44,148.47000122070312,65.3,08-14 00:00,4412
2026-08-16T12:00:48+00:00,AVGOX/USDT,AVGO,395.17,392.989990234375,55.5,08-14 00:00,2700
2026-08-16T12:00:48+00:00,AMZNX/USDT,AMZN,264.01,262.6499938964844,52.0,08-14 00:00,4184
2026-08-16T12:00:48+00:00,QQQX/USDT,QQQ,734.52,731.0700073242188,47.2,08-14 00:00,27334
2026-08-16T12:00:48+00:00,TSLAX/USDT,TSLA,343.32,342.2699890136719,30.5,08-14 00:00,43102
2026-08-16T12:30:55+00:00,MSTRX/USDT,MSTR,94.11,93.04000091552734,115.0,08-14 00:00,18657
2026-08-16T12:30:55+00:00,MCDX/USDT,MCD,275.36,272.8299865722656,92.5,08-14 00:00,1194
2026-08-16T12:30:55+00:00,GOOGLX/USDT,GOOGL,349.03,345.8999938964844,90.5,08-14 00:00,47672
2026-08-16T12:30:55+00:00,AVGOX/USDT,AVGO,396.13,392.989990234375,79.9,08-14 00:00,2619
2026-08-16T12:30:55+00:00,SPYX/USDT,SPY,782.04,776.3400268554688,73.4,08-14 00:00,29309
2026-08-16T12:30:55+00:00,COINX/USDT,COIN,149.53,148.47000122070312,71.4,08-14 00:00,2655
2026-08-16T12:30:55+00:00,AMZNX/USDT,AMZN,263.96,262.6499938964844,49.9,08-14 00:00,4196
2026-08-16T12:30:55+00:00,QQQX/USDT,QQQ,734.54,731.0700073242188,47.5,08-14 00:00,26419
2026-08-16T13:01:07+00:00,MSTRX/USDT,MSTR,94.06,93.04000091552734,110.2,08-14 00:00,17997
2026-08-16T13:01:07+00:00,AVGOX/USDT,AVGO,396.82,392.989990234375,97.5,08-14 00:00,2253
2026-08-16T13:01:07+00:00,MCDX/USDT,MCD,275.38,272.8299865722656,93.5,08-14 00:00,1206
2026-08-16T13:01:07+00:00,GOOGLX/USDT,GOOGL,349.12,345.8999938964844,92.9,08-14 00:00,47924
2026-08-16T13:01:07+00:00,SPYX/USDT,SPY,781.94,776.3400268554688,72.1,08-14 00:00,29103
2026-08-16T13:01:07+00:00,COINX/USDT,COIN,149.41,148.47000122070312,63.0,08-14 00:00,2763
2026-08-16T13:01:07+00:00,AMZNX/USDT,AMZN,263.97,262.6499938964844,50.1,08-14 00:00,4196
2026-08-16T13:01:07+00:00,QQQX/USDT,QQQ,734.28,731.0700073242188,44.0,08-14 00:00,26371
2026-08-16T13:01:07+00:00,AAPLX/USDT,AAPL,306.93,305.92999267578125,32.7,08-14 00:00,20208
2026-08-16T13:31:05+00:00,MSTRX/USDT,MSTR,94.06,93.04000091552734,110.2,08-14 00:00,17793
2026-08-16T13:31:05+00:00,GOOGLX/USDT,GOOGL,349.06,345.8999938964844,91.5,08-14 00:00,47989
2026-08-16T13:31:05+00:00,MCDX/USDT,MCD,275.17,272.8299865722656,85.6,08-14 00:00,1206
2026-08-16T13:31:05+00:00,SPYX/USDT,SPY,782.22,776.3400268554688,75.7,08-14 00:00,29875
2026-08-16T13:31:05+00:00,COINX/USDT,COIN,149.53,148.47000122070312,71.1,08-14 00:00,5637
2026-08-16T13:31:05+00:00,AMZNX/USDT,AMZN,263.96,262.6499938964844,49.9,08-14 00:00,4006
2026-08-16T13:31:05+00:00,QQQX/USDT,QQQ,734.16,731.0700073242188,42.3,08-14 00:00,26399
2026-08-16T13:31:05+00:00,AVGOX/USDT,AVGO,394.48,392.989990234375,37.8,08-14 00:00,2347
2026-08-16T13:31:05+00:00,AAPLX/USDT,AAPL,306.87,305.92999267578125,30.7,08-14 00:00,20229
2026-08-16T14:01:12+00:00,MSTRX/USDT,MSTR,93.97,93.04000091552734,100.5,08-14 00:00,17765
2026-08-16T14:01:12+00:00,GOOGLX/USDT,GOOGL,349.06,345.8999938964844,91.5,08-14 00:00,47890
2026-08-16T14:01:12+00:00,COINX/USDT,COIN,149.55,148.47000122070312,72.4,08-14 00:00,5819
2026-08-16T14:01:12+00:00,SPYX/USDT,SPY,781.92,776.3400268554688,71.9,08-14 00:00,29793
2026-08-16T14:01:12+00:00,MCDX/USDT,MCD,274.69,272.8299865722656,68.0,08-14 00:00,1211
2026-08-16T14:01:12+00:00,AMZNX/USDT,AMZN,264.01,262.6499938964844,51.8,08-14 00:00,4088
2026-08-16T14:01:12+00:00,QQQX/USDT,QQQ,734.4,731.0700073242188,45.5,08-14 00:00,26442
2026-08-16T14:01:12+00:00,AVGOX/USDT,AVGO,394.59,392.989990234375,40.7,08-14 00:00,2311
2026-08-16T14:31:11+00:00,MSTRX/USDT,MSTR,93.94,93.04000091552734,96.7,08-14 00:00,18020
2026-08-16T14:31:11+00:00,GOOGLX/USDT,GOOGL,349.07,345.8999938964844,91.6,08-14 00:00,47842
2026-08-16T14:31:11+00:00,SPYX/USDT,SPY,781.92,776.3400268554688,71.9,08-14 00:00,28008
2026-08-16T14:31:11+00:00,COINX/USDT,COIN,149.44,148.47000122070312,65.0,08-14 00:00,5863
2026-08-16T14:31:11+00:00,MCDX/USDT,MCD,274.54,272.8299865722656,62.7,08-14 00:00,1211
2026-08-16T14:31:11+00:00,AMZNX/USDT,AMZN,263.94,262.6499938964844,49.3,08-14 00:00,4101
2026-08-16T14:31:11+00:00,QQQX/USDT,QQQ,734.33,731.0700073242188,44.5,08-14 00:00,26486
2026-08-16T14:31:11+00:00,AVGOX/USDT,AVGO,394.46,392.989990234375,37.4,08-14 00:00,2311
2026-08-16T14:31:11+00:00,AAPLX/USDT,AAPL,306.96,305.92999267578125,33.5,08-14 00:00,20805
2026-08-16T15:01:24+00:00,MSTRX/USDT,MSTR,94.0,93.04000091552734,103.2,08-14 00:00,18872
2026-08-16T15:01:24+00:00,GOOGLX/USDT,GOOGL,349.12,345.8999938964844,93.1,08-14 00:00,47689
2026-08-16T15:01:24+00:00,SPYX/USDT,SPY,781.94,776.3400268554688,72.1,08-14 00:00,26558
2026-08-16T15:01:24+00:00,COINX/USDT,COIN,149.53,148.47000122070312,71.1,08-14 00:00,6274
2026-08-16T15:01:24+00:00,MCDX/USDT,MCD,274.72,272.8299865722656,69.1,08-14 00:00,1169
2026-08-16T15:01:24+00:00,AVGOX/USDT,AVGO,395.61,392.989990234375,66.5,08-14 00:00,2311
2026-08-16T15:01:24+00:00,AMZNX/USDT,AMZN,263.94,262.6499938964844,49.3,08-14 00:00,4128
2026-08-16T15:01:24+00:00,QQQX/USDT,QQQ,734.44,731.0700073242188,46.1,08-14 00:00,26416
2026-08-16T15:01:24+00:00,AAPLX/USDT,AAPL,307.0,305.92999267578125,34.8,08-14 00:00,20934
2026-08-16T15:30:25+00:00,MSTRX/USDT,MSTR,94.03,93.04000091552734,106.9,08-14 00:00,17613
2026-08-16T15:30:25+00:00,GOOGLX/USDT,GOOGL,349.25,345.8999938964844,96.7,08-14 00:00,47855
2026-08-16T15:30:25+00:00,SPYX/USDT,SPY,781.91,776.3400268554688,71.8,08-14 00:00,26555
2026-08-16T15:30:25+00:00,COINX/USDT,COIN,149.53,148.47000122070312,71.7,08-14 00:00,6236
2026-08-16T15:30:25+00:00,MCDX/USDT,MCD,274.35,272.8299865722656,55.5,08-14 00:00,1145
2026-08-16T15:30:25+00:00,AMZNX/USDT,AMZN,263.96,262.6499938964844,49.7,08-14 00:00,4132
2026-08-16T15:30:25+00:00,AVGOX/USDT,AVGO,394.79,392.989990234375,45.8,08-14 00:00,2174
2026-08-16T15:30:25+00:00,QQQX/USDT,QQQ,734.23,731.0700073242188,43.2,08-14 00:00,26639
2026-08-16T15:30:25+00:00,AAPLX/USDT,AAPL,307.06,305.92999267578125,36.9,08-14 00:00,21357
2026-08-16T16:00:45+00:00,MSTRX/USDT,MSTR,94.19,93.04000091552734,124.1,08-14 00:00,18336
2026-08-16T16:00:45+00:00,GOOGLX/USDT,GOOGL,349.21,345.8999938964844,95.7,08-14 00:00,43654
2026-08-16T16:00:45+00:00,COINX/USDT,COIN,149.56,148.47000122070312,73.1,08-14 00:00,6327
2026-08-16T16:00:45+00:00,AMZNX/USDT,AMZN,263.93,262.6499938964844,48.5,08-14 00:00,4161
2026-08-16T16:00:45+00:00,QQQX/USDT,QQQ,734.61,731.0700073242188,48.4,08-14 00:00,26403
2026-08-16T16:00:45+00:00,AAPLX/USDT,AAPL,307.03,305.92999267578125,36.0,08-14 00:00,21456
2026-08-16T16:30:30+00:00,MSTRX/USDT,MSTR,94.84,93.04000091552734,194.0,08-14 00:00,19953
2026-08-16T16:30:30+00:00,AVGOX/USDT,AVGO,397.15,392.989990234375,106.0,08-14 00:00,2306
2026-08-16T16:30:30+00:00,GOOGLX/USDT,GOOGL,349.22,345.8999938964844,95.8,08-14 00:00,44655
2026-08-16T16:30:30+00:00,COINX/USDT,COIN,149.89,148.47000122070312,95.6,08-14 00:00,15080
2026-08-16T16:30:30+00:00,SPYX/USDT,SPY,782.01,776.3400268554688,73.0,08-14 00:00,26438
2026-08-16T16:30:30+00:00,MCDX/USDT,MCD,274.22,272.8299865722656,50.9,08-14 00:00,1122
2026-08-16T16:30:30+00:00,AMZNX/USDT,AMZN,263.99,262.6499938964844,50.8,08-14 00:00,4177
2026-08-16T16:30:30+00:00,QQQX/USDT,QQQ,734.66,731.0700073242188,49.1,08-14 00:00,26102
2026-08-16T16:30:30+00:00,AAPLX/USDT,AAPL,307.0,305.92999267578125,35.0,08-14 00:00,20651
2026-08-16T17:00:37+00:00,MSTRX/USDT,MSTR,94.62,93.04000091552734,169.8,08-14 00:00,22332
2026-08-16T17:00:37+00:00,AVGOX/USDT,AVGO,397.02,392.989990234375,102.7,08-14 00:00,2312
2026-08-16T17:00:37+00:00,COINX/USDT,COIN,149.84,148.47000122070312,92.3,08-14 00:00,20939
2026-08-16T17:00:37+00:00,GOOGLX/USDT,GOOGL,349.0,345.8999938964844,89.6,08-14 00:00,45088
2026-08-16T17:00:37+00:00,SPYX/USDT,SPY,782.04,776.3400268554688,73.4,08-14 00:00,26136
2026-08-16T17:00:37+00:00,MCDX/USDT,MCD,274.35,272.8299865722656,55.5,08-14 00:00,1124
2026-08-16T17:00:37+00:00,AMZNX/USDT,AMZN,264.04,262.6499938964844,53.1,08-14 00:00,1885
2026-08-16T17:00:37+00:00,QQQX/USDT,QQQ,734.73,731.0700073242188,50.0,08-14 00:00,24177
2026-08-16T17:00:37+00:00,AAPLX/USDT,AAPL,307.32,305.92999267578125,45.4,08-14 00:00,22056
2026-08-16T17:30:42+00:00,MSTRX/USDT,MSTR,94.41,93.04000091552734,147.2,08-14 00:00,21927
2026-08-16T17:30:42+00:00,AVGOX/USDT,AVGO,397.23,392.989990234375,107.9,08-14 00:00,2312
2026-08-16T17:30:42+00:00,GOOGLX/USDT,GOOGL,349.11,345.8999938964844,92.7,08-14 00:00,45722
2026-08-16T17:30:42+00:00,COINX/USDT,COIN,149.8,148.47000122070312,89.2,08-14 00:00,20929
2026-08-16T17:30:42+00:00,SPYX/USDT,SPY,781.9,776.3400268554688,71.7,08-14 00:00,26169
2026-08-16T17:30:42+00:00,QQQX/USDT,QQQ,734.85,731.0700073242188,51.7,08-14 00:00,24677
2026-08-16T17:30:42+00:00,AMZNX/USDT,AMZN,263.93,262.6499938964844,48.5,08-14 00:00,1895
2026-08-16T17:30:42+00:00,MCDX/USDT,MCD,273.94,272.8299865722656,40.9,08-14 00:00,1140
2026-08-16T17:30:42+00:00,AAPLX/USDT,AAPL,307.12,305.92999267578125,38.9,08-14 00:00,22237
2026-08-16T18:00:47+00:00,MSTRX/USDT,MSTR,94.3,93.04000091552734,134.9,08-14 00:00,23292
2026-08-16T18:00:47+00:00,GOOGLX/USDT,GOOGL,349.19,345.8999938964844,95.3,08-14 00:00,45438
2026-08-16T18:00:47+00:00,COINX/USDT,COIN,149.78,148.47000122070312,88.2,08-14 00:00,22347
2026-08-16T18:00:47+00:00,AVGOX/USDT,AVGO,395.99,392.989990234375,76.3,08-14 00:00,2246
2026-08-16T18:00:47+00:00,SPYX/USDT,SPY,781.99,776.3400268554688,72.8,08-14 00:00,26039
2026-08-16T18:00:47+00:00,AMZNX/USDT,AMZN,264.11,262.6499938964844,55.4,08-14 00:00,1887
2026-08-16T18:00:47+00:00,QQQX/USDT,QQQ,734.81,731.0700073242188,51.1,08-14 00:00,25107
2026-08-16T18:00:47+00:00,MCDX/USDT,MCD,273.94,272.8299865722656,40.9,08-14 00:00,1119
2026-08-16T18:00:47+00:00,AAPLX/USDT,AAPL,306.92,305.92999267578125,32.4,08-14 00:00,22394
2026-08-16T18:30:59+00:00,MSTRX/USDT,MSTR,94.27,93.04000091552734,131.7,08-14 00:00,24937
2026-08-16T18:30:59+00:00,GOOGLX/USDT,GOOGL,349.21,345.8999938964844,95.7,08-14 00:00,45146
2026-08-16T18:30:59+00:00,COINX/USDT,COIN,149.78,148.47000122070312,88.2,08-14 00:00,22511
2026-08-16T18:30:59+00:00,SPYX/USDT,SPY,781.87,776.3400268554688,71.2,08-14 00:00,25884
2026-08-16T18:30:59+00:00,AVGOX/USDT,AVGO,395.17,392.989990234375,55.5,08-14 00:00,3395
2026-08-16T18:30:59+00:00,AMZNX/USDT,AMZN,264.1,262.6499938964844,55.2,08-14 00:00,1887
2026-08-16T18:30:59+00:00,QQQX/USDT,QQQ,734.7,731.0700073242188,49.7,08-14 00:00,25218
2026-08-16T18:30:59+00:00,MCDX/USDT,MCD,273.88,272.8299865722656,38.7,08-14 00:00,1128
2026-08-16T18:30:59+00:00,AAPLX/USDT,AAPL,307.01,305.92999267578125,35.3,08-14 00:00,22818
2026-08-16T19:01:04+00:00,MSTRX/USDT,MSTR,94.29,93.04000091552734,134.4,08-14 00:00,25073
2026-08-16T19:01:04+00:00,AVGOX/USDT,AVGO,397.35,392.989990234375,110.9,08-14 00:00,3464
2026-08-16T19:01:04+00:00,GOOGLX/USDT,GOOGL,349.27,345.8999938964844,97.6,08-14 00:00,45013
2026-08-16T19:01:04+00:00,COINX/USDT,COIN,149.79,148.47000122070312,88.9,08-14 00:00,22508
2026-08-16T19:01:04+00:00,SPYX/USDT,SPY,781.62,776.3400268554688,68.1,08-14 00:00,25731
2026-08-16T19:01:04+00:00,AMZNX/USDT,AMZN,264.18,262.6499938964844,58.3,08-14 00:00,1867
2026-08-16T19:01:04+00:00,QQQX/USDT,QQQ,734.55,731.0700073242188,47.5,08-14 00:00,25225
2026-08-16T19:01:04+00:00,MCDX/USDT,MCD,273.94,272.8299865722656,40.9,08-14 00:00,1133
2026-08-16T19:01:04+00:00,AAPLX/USDT,AAPL,306.86,305.92999267578125,30.2,08-14 00:00,24443
2026-08-16T19:31:08+00:00,MSTRX/USDT,MSTR,94.56,93.04000091552734,162.8,08-14 00:00,24896
2026-08-16T19:31:08+00:00,GOOGLX/USDT,GOOGL,349.41,345.8999938964844,101.5,08-14 00:00,46128
2026-08-16T19:31:08+00:00,AVGOX/USDT,AVGO,396.63,392.989990234375,92.6,08-14 00:00,3380
2026-08-16T19:31:08+00:00,COINX/USDT,COIN,149.84,148.47000122070312,92.3,08-14 00:00,22422
2026-08-16T19:31:08+00:00,SPYX/USDT,SPY,781.93,776.3400268554688,72.0,08-14 00:00,25584
2026-08-16T19:31:08+00:00,AMZNX/USDT,AMZN,264.16,262.6499938964844,57.5,08-14 00:00,1759
2026-08-16T19:31:08+00:00,MCDX/USDT,MCD,274.23,272.8299865722656,51.1,08-14 00:00,1162
2026-08-16T19:31:08+00:00,QQQX/USDT,QQQ,734.68,731.0700073242188,49.4,08-14 00:00,21999
2026-08-16T19:31:08+00:00,AAPLX/USDT,AAPL,306.9,305.92999267578125,31.9,08-14 00:00,24727
2026-08-16T20:01:12+00:00,MSTRX/USDT,MSTR,94.29,93.04000091552734,134.4,08-14 00:00,25100
2026-08-16T20:01:12+00:00,GOOGLX/USDT,GOOGL,349.45,345.8999938964844,102.6,08-14 00:00,46108
2026-08-16T20:01:12+00:00,AVGOX/USDT,AVGO,396.7,392.989990234375,94.5,08-14 00:00,3235
2026-08-16T20:01:12+00:00,COINX/USDT,COIN,149.69,148.47000122070312,82.2,08-14 00:00,22570
2026-08-16T20:01:12+00:00,SPYX/USDT,SPY,781.93,776.3400268554688,72.1,08-14 00:00,25190
2026-08-16T20:01:12+00:00,AMZNX/USDT,AMZN,264.15,262.6499938964844,57.3,08-14 00:00,1719
2026-08-16T20:01:12+00:00,QQQX/USDT,QQQ,734.65,731.0700073242188,49.0,08-14 00:00,15192
2026-08-16T20:01:12+00:00,MCDX/USDT,MCD,274.15,272.8299865722656,48.6,08-14 00:00,1133
2026-08-16T20:01:12+00:00,AAPLX/USDT,AAPL,306.87,305.92999267578125,30.7,08-14 00:00,24903
2026-08-16T20:30:14+00:00,MSTRX/USDT,MSTR,94.34,93.04000091552734,140.3,08-14 00:00,25103
2026-08-16T20:30:14+00:00,AVGOX/USDT,AVGO,397.4,392.989990234375,112.2,08-14 00:00,3235
2026-08-16T20:30:14+00:00,GOOGLX/USDT,GOOGL,349.36,345.8999938964844,99.9,08-14 00:00,46203
2026-08-16T20:30:14+00:00,COINX/USDT,COIN,149.62,148.47000122070312,77.8,08-14 00:00,22572
2026-08-16T20:30:14+00:00,SPYX/USDT,SPY,781.63,776.3400268554688,68.2,08-14 00:00,24907
2026-08-16T20:30:14+00:00,AMZNX/USDT,AMZN,264.21,262.6499938964844,59.2,08-14 00:00,1752
2026-08-16T20:30:14+00:00,QQQX/USDT,QQQ,734.79,731.0700073242188,51.0,08-14 00:00,15759
2026-08-16T20:30:14+00:00,MCDX/USDT,MCD,274.1,272.8299865722656,46.5,08-14 00:00,1130
2026-08-16T20:30:14+00:00,AAPLX/USDT,AAPL,306.86,305.92999267578125,30.2,08-14 00:00,24958
2026-08-16T21:30:30+00:00,MSTRX/USDT,MSTR,94.3,93.04000091552734,135.4,08-14 00:00,26295
2026-08-16T21:30:30+00:00,GOOGLX/USDT,GOOGL,349.29,345.8999938964844,98.0,08-14 00:00,45868
2026-08-16T21:30:30+00:00,SPYX/USDT,SPY,781.99,776.3400268554688,72.8,08-14 00:00,25476
2026-08-16T21:30:30+00:00,COINX/USDT,COIN,149.5,148.47000122070312,69.0,08-14 00:00,22552
2026-08-16T21:30:30+00:00,AMZNX/USDT,AMZN,264.18,262.6499938964844,58.3,08-14 00:00,1812
2026-08-16T21:30:30+00:00,AVGOX/USDT,AVGO,395.24,392.989990234375,57.3,08-14 00:00,3235
2026-08-16T21:30:30+00:00,QQQX/USDT,QQQ,734.8,731.0700073242188,51.0,08-14 00:00,14817
2026-08-16T21:30:30+00:00,MCDX/USDT,MCD,273.95,272.8299865722656,41.1,08-14 00:00,1128
2026-08-16T22:00:32+00:00,GOOGLX/USDT,GOOGL,349.85,345.8999938964844,114.2,08-14 00:00,50332
2026-08-16T22:00:32+00:00,MSTRX/USDT,MSTR,94.03,93.04000091552734,106.9,08-14 00:00,26247
2026-08-16T22:00:32+00:00,MCDX/USDT,MCD,275.14,272.8299865722656,84.7,08-14 00:00,1128
2026-08-16T22:00:32+00:00,AVGOX/USDT,AVGO,396.03,392.989990234375,77.5,08-14 00:00,3235
2026-08-16T22:00:32+00:00,SPYX/USDT,SPY,781.65,776.3400268554688,68.5,08-14 00:00,25710
2026-08-16T22:00:32+00:00,AMZNX/USDT,AMZN,264.22,262.6499938964844,59.6,08-14 00:00,1971
2026-08-16T22:00:32+00:00,COINX/USDT,COIN,149.29,148.47000122070312,55.2,08-14 00:00,22810
2026-08-16T22:00:32+00:00,QQQX/USDT,QQQ,734.94,731.0700073242188,52.9,08-14 00:00,14925
2026-08-16T22:30:36+00:00,GOOGLX/USDT,GOOGL,350.11,345.8999938964844,121.7,08-14 00:00,50844
2026-08-16T22:30:36+00:00,MCDX/USDT,MCD,275.14,272.8299865722656,84.7,08-14 00:00,1124
2026-08-16T22:30:36+00:00,MSTRX/USDT,MSTR,93.77,93.04000091552734,77.9,08-14 00:00,24386
2026-08-16T22:30:36+00:00,AVGOX/USDT,AVGO,395.79,392.989990234375,71.2,08-14 00:00,3235
2026-08-16T22:30:36+00:00,SPYX/USDT,SPY,781.68,776.3400268554688,68.8,08-14 00:00,25765
2026-08-16T22:30:36+00:00,AMZNX/USDT,AMZN,264.31,262.6499938964844,63.4,08-14 00:00,1999
2026-08-16T22:30:36+00:00,COINX/USDT,COIN,149.32,148.47000122070312,57.6,08-14 00:00,23349
2026-08-16T22:30:36+00:00,QQQX/USDT,QQQ,734.98,731.0700073242188,53.5,08-14 00:00,14934
2026-08-16T23:00:42+00:00,GOOGLX/USDT,GOOGL,350.26,345.8999938964844,126.2,08-14 00:00,52046
2026-08-16T23:00:42+00:00,MSTRX/USDT,MSTR,93.92,93.04000091552734,95.1,08-14 00:00,26187
2026-08-16T23:00:42+00:00,AVGOX/USDT,AVGO,396.63,392.989990234375,92.6,08-14 00:00,3235
2026-08-16T23:00:42+00:00,MCDX/USDT,MCD,275.14,272.8299865722656,84.7,08-14 00:00,1124
2026-08-16T23:00:42+00:00,AMZNX/USDT,AMZN,264.53,262.6499938964844,71.8,08-14 00:00,2484
2026-08-16T23:00:42+00:00,SPYX/USDT,SPY,781.67,776.3400268554688,68.7,08-14 00:00,25986
2026-08-16T23:00:42+00:00,QQQX/USDT,QQQ,734.96,731.0700073242188,53.3,08-14 00:00,14113
2026-08-16T23:00:42+00:00,COINX/USDT,COIN,149.25,148.47000122070312,52.2,08-14 00:00,24881
2026-08-16T23:00:42+00:00,NVDAX/USDT,NVDA,225.88,225.16000366210938,32.0,08-14 00:00,16556
2026-08-16T23:30:48+00:00,GOOGLX/USDT,GOOGL,350.31,345.8999938964844,127.3,08-14 00:00,52206
2026-08-16T23:30:48+00:00,MSTRX/USDT,MSTR,93.84,93.04000091552734,86.0,08-14 00:00,25215
2026-08-16T23:30:48+00:00,MCDX/USDT,MCD,275.14,272.8299865722656,84.7,08-14 00:00,1124
2026-08-16T23:30:48+00:00,AMZNX/USDT,AMZN,264.5,262.6499938964844,70.6,08-14 00:00,2489
2026-08-16T23:30:48+00:00,SPYX/USDT,SPY,781.77,776.3400268554688,69.9,08-14 00:00,14848
2026-08-16T23:30:48+00:00,AVGOX/USDT,AVGO,395.72,392.989990234375,69.5,08-14 00:00,4237
2026-08-16T23:30:48+00:00,QQQX/USDT,QQQ,734.92,731.0700073242188,52.7,08-14 00:00,14113
2026-08-16T23:30:48+00:00,COINX/USDT,COIN,149.12,148.47000122070312,44.1,08-14 00:00,24934
2026-08-17T00:00:55+00:00,GOOGLX/USDT,GOOGL,349.32,345.8999938964844,98.9,08-14 00:00,53507
2026-08-17T00:00:55+00:00,AVGOX/USDT,AVGO,396.86,392.989990234375,98.5,08-14 00:00,4154
2026-08-17T00:00:55+00:00,AMZNX/USDT,AMZN,264.57,262.6499938964844,73.3,08-14 00:00,2669
2026-08-17T00:00:55+00:00,MSTRX/USDT,MSTR,93.71,93.04000091552734,72.0,08-14 00:00,25729
2026-08-17T00:00:55+00:00,SPYX/USDT,SPY,781.8,776.3400268554688,70.3,08-14 00:00,14798
2026-08-17T00:00:55+00:00,QQQX/USDT,QQQ,735.34,731.0700073242188,58.4,08-14 00:00,14381
2026-08-17T00:00:55+00:00,MCDX/USDT,MCD,273.93,272.8299865722656,40.3,08-14 00:00,1230
2026-08-17T00:00:55+00:00,COINX/USDT,COIN,148.93,148.47000122070312,30.6,08-14 00:00,25506
2026-08-17T00:31:00+00:00,GOOGLX/USDT,GOOGL,349.65,345.8999938964844,108.4,08-14 00:00,56554
2026-08-17T00:31:00+00:00,SPYX/USDT,SPY,781.94,776.3400268554688,72.1,08-14 00:00,17586
2026-08-17T00:31:00+00:00,AMZNX/USDT,AMZN,264.2,262.6499938964844,59.2,08-14 00:00,3891
2026-08-17T00:31:00+00:00,QQQX/USDT,QQQ,735.11,731.0700073242188,55.2,08-14 00:00,13653
2026-08-17T00:31:00+00:00,AVGOX/USDT,AVGO,394.78,392.989990234375,45.5,08-14 00:00,6472
2026-08-17T00:31:00+00:00,NVDAX/USDT,NVDA,225.88,225.16000366210938,32.2,08-14 00:00,17699
2026-08-17T01:01:11+00:00,GOOGLX/USDT,GOOGL,349.62,345.8999938964844,107.4,08-14 00:00,56925
2026-08-17T01:01:11+00:00,SPYX/USDT,SPY,781.96,776.3400268554688,72.5,08-14 00:00,19371
2026-08-17T01:01:11+00:00,QQQX/USDT,QQQ,734.94,731.0700073242188,52.9,08-14 00:00,13080
2026-08-17T01:01:11+00:00,AVGOX/USDT,AVGO,394.91,392.989990234375,48.9,08-14 00:00,7662
2026-08-17T01:01:11+00:00,AMZNX/USDT,AMZN,263.88,262.6499938964844,46.8,08-14 00:00,4040
2026-08-17T01:01:11+00:00,MSTRX/USDT,MSTR,93.38,93.04000091552734,36.0,08-14 00:00,27897
2026-08-17T01:01:11+00:00,NVDAX/USDT,NVDA,225.96,225.16000366210938,35.5,08-14 00:00,18776
2026-08-17T01:01:11+00:00,AAPLX/USDT,AAPL,306.88,305.92999267578125,31.1,08-14 00:00,45881
2026-08-17T01:31:23+00:00,GOOGLX/USDT,GOOGL,349.63,345.8999938964844,108.0,08-14 00:00,57133
2026-08-17T01:31:23+00:00,MSTRX/USDT,MSTR,93.87,93.04000091552734,89.2,08-14 00:00,29264
2026-08-17T01:31:23+00:00,SPYX/USDT,SPY,782.23,776.3400268554688,75.9,08-14 00:00,19894
2026-08-17T01:31:23+00:00,COINX/USDT,COIN,149.45,148.47000122070312,66.3,08-14 00:00,28093
2026-08-17T01:31:23+00:00,QQQX/USDT,QQQ,735.81,731.0700073242188,64.8,08-14 00:00,18326
2026-08-17T01:31:23+00:00,AMZNX/USDT,AMZN,264.12,262.6499938964844,56.2,08-14 00:00,4318
2026-08-17T01:31:23+00:00,NVDAX/USDT,NVDA,226.22,225.16000366210938,47.3,08-14 00:00,19813
2026-08-17T01:31:23+00:00,AVGOX/USDT,AVGO,394.76,392.989990234375,45.2,08-14 00:00,8229
2026-08-17T02:00:34+00:00,GOOGLX/USDT,GOOGL,349.17,345.8999938964844,94.7,08-14 00:00,56863
2026-08-17T02:00:34+00:00,MSTRX/USDT,MSTR,93.79,93.04000091552734,81.1,08-14 00:00,30463
2026-08-17T02:00:34+00:00,SPYX/USDT,SPY,782.07,776.3400268554688,73.7,08-14 00:00,24257
2026-08-17T02:00:34+00:00,MCDX/USDT,MCD,274.52,272.8299865722656,61.9,08-14 00:00,3403
2026-08-17T02:00:34+00:00,AMZNX/USDT,AMZN,264.25,262.6499938964844,60.9,08-14 00:00,4431
2026-08-17T02:00:34+00:00,QQQX/USDT,QQQ,735.03,731.0700073242188,54.2,08-14 00:00,17862
2026-08-17T02:00:34+00:00,COINX/USDT,COIN,149.24,148.47000122070312,51.5,08-14 00:00,29670
2026-08-17T02:00:34+00:00,AVGOX/USDT,AVGO,394.71,392.989990234375,43.8,08-14 00:00,8763
2026-08-17T02:00:34+00:00,NVDAX/USDT,NVDA,225.96,225.16000366210938,35.5,08-14 00:00,19106
2026-08-17T02:30:34+00:00,GOOGLX/USDT,GOOGL,348.95,345.8999938964844,88.2,08-14 00:00,57555
2026-08-17T02:30:34+00:00,MSTRX/USDT,MSTR,93.81,93.04000091552734,82.2,08-14 00:00,31096
2026-08-17T02:30:34+00:00,SPYX/USDT,SPY,782.15,776.3400268554688,74.9,08-14 00:00,24852
2026-08-17T02:30:34+00:00,AMZNX/USDT,AMZN,264.48,262.6499938964844,69.7,08-14 00:00,4537
2026-08-17T02:30:34+00:00,AVGOX/USDT,AVGO,395.56,392.989990234375,65.5,08-14 00:00,9076
2026-08-17T02:30:34+00:00,MCDX/USDT,MCD,274.52,272.8299865722656,61.9,08-14 00:00,3430
2026-08-17T02:30:34+00:00,COINX/USDT,COIN,149.36,148.47000122070312,59.6,08-14 00:00,30312
2026-08-17T02:30:34+00:00,QQQX/USDT,QQQ,735.02,731.0700073242188,54.0,08-14 00:00,21568
2026-08-17T02:30:34+00:00,NVDAX/USDT,NVDA,226.12,225.16000366210938,42.4,08-14 00:00,18957
2026-08-17T02:30:34+00:00,TSLAX/USDT,TSLA,343.41,342.2699890136719,33.5,08-14 00:00,40338
2026-08-17T03:00:38+00:00,MSTRX/USDT,MSTR,94.29,93.04000091552734,134.9,08-14 00:00,34239
2026-08-17T03:00:38+00:00,COINX/USDT,COIN,150.0,148.47000122070312,103.1,08-14 00:00,31603
2026-08-17T03:00:38+00:00,GOOGLX/USDT,GOOGL,348.76,345.8999938964844,82.7,08-14 00:00,57841
2026-08-17T03:00:38+00:00,AMZNX/USDT,AMZN,264.73,262.6499938964844,79.0,08-14 00:00,4685
2026-08-17T03:00:38+00:00,SPYX/USDT,SPY,782.1,776.3400268554688,74.2,08-14 00:00,27432
2026-08-17T03:00:38+00:00,QQQX/USDT,QQQ,735.23,731.0700073242188,57.0,08-14 00:00,21465
2026-08-17T03:00:38+00:00,AVGOX/USDT,AVGO,395.0,392.989990234375,51.1,08-14 00:00,9256
2026-08-17T03:00:38+00:00,NVDAX/USDT,NVDA,226.04,225.16000366210938,39.1,08-14 00:00,20238
2026-08-17T03:00:38+00:00,TSLAX/USDT,TSLA,343.47,342.2699890136719,35.1,08-14 00:00,41854
2026-08-17T03:31:08+00:00,MSTRX/USDT,MSTR,94.03,93.04000091552734,105.9,08-14 00:00,36342
2026-08-17T03:31:08+00:00,GOOGLX/USDT,GOOGL,349.28,345.8999938964844,97.7,08-14 00:00,56615
2026-08-17T03:31:08+00:00,COINX/USDT,COIN,149.91,148.47000122070312,96.7,08-14 00:00,31872
2026-08-17T03:31:08+00:00,AMZNX/USDT,AMZN,264.76,262.6499938964844,80.5,08-14 00:00,4712
2026-08-17T03:31:08+00:00,SPYX/USDT,SPY,782.06,776.3400268554688,73.6,08-14 00:00,30076
2026-08-17T03:31:08+00:00,QQQX/USDT,QQQ,735.25,731.0700073242188,57.2,08-14 00:00,22830
2026-08-17T03:31:08+00:00,AVGOX/USDT,AVGO,394.77,392.989990234375,45.3,08-14 00:00,11676
2026-08-17T03:31:08+00:00,NVDAX/USDT,NVDA,226.13,225.16000366210938,43.3,08-14 00:00,19816
2026-08-17T03:31:08+00:00,TSLAX/USDT,TSLA,343.69,342.2699890136719,41.5,08-14 00:00,42232
2026-08-17T04:30:34+00:00,MSTRX/USDT,MSTR,94.29,93.04000091552734,134.4,08-14 00:00,37699
2026-08-17T04:30:34+00:00,COINX/USDT,COIN,150.09,148.47000122070312,108.8,08-14 00:00,34113
2026-08-17T04:30:34+00:00,GOOGLX/USDT,GOOGL,349.52,345.8999938964844,104.7,08-14 00:00,41436
2026-08-17T04:30:34+00:00,AVGOX/USDT,AVGO,396.73,392.989990234375,95.0,08-14 00:00,15159
2026-08-17T04:30:34+00:00,AMZNX/USDT,AMZN,264.69,262.6499938964844,77.9,08-14 00:00,4753
2026-08-17T04:30:34+00:00,SPYX/USDT,SPY,782.25,776.3400268554688,76.1,08-14 00:00,32633
2026-08-17T04:30:34+00:00,QQQX/USDT,QQQ,735.91,731.0700073242188,66.3,08-14 00:00,24982
2026-08-17T04:30:34+00:00,MCDX/USDT,MCD,274.33,272.8299865722656,54.8,08-14 00:00,4897
2026-08-17T04:30:34+00:00,TSLAX/USDT,TSLA,344.1,342.2699890136719,53.3,08-14 00:00,44761
2026-08-17T04:30:34+00:00,NVDAX/USDT,NVDA,226.25,225.16000366210938,48.6,08-14 00:00,26484
2026-08-17T05:00:37+00:00,MSTRX/USDT,MSTR,94.35,93.04000091552734,141.3,08-14 00:00,39371
2026-08-17T05:00:37+00:00,COINX/USDT,COIN,150.06,148.47000122070312,106.8,08-14 00:00,34344
2026-08-17T05:00:37+00:00,GOOGLX/USDT,GOOGL,349.19,345.8999938964844,95.1,08-14 00:00,42392
2026-08-17T05:00:37+00:00,AVGOX/USDT,AVGO,396.73,392.989990234375,95.0,08-14 00:00,15398
2026-08-17T05:00:37+00:00,SPYX/USDT,SPY,782.24,776.3400268554688,76.0,08-14 00:00,40978
2026-08-17T05:00:37+00:00,AMZNX/USDT,AMZN,264.56,262.6499938964844,72.9,08-14 00:00,4772
2026-08-17T05:00:37+00:00,QQQX/USDT,QQQ,735.92,731.0700073242188,66.3,08-14 00:00,28394
2026-08-17T05:00:37+00:00,TSLAX/USDT,TSLA,344.26,342.2699890136719,58.3,08-14 00:00,38837
2026-08-17T05:00:37+00:00,MCDX/USDT,MCD,274.33,272.8299865722656,54.8,08-14 00:00,5231
2026-08-17T05:00:37+00:00,NVDAX/USDT,NVDA,226.21,225.16000366210938,46.9,08-14 00:00,28807
2026-08-17T05:30:45+00:00,MSTRX/USDT,MSTR,94.28,93.04000091552734,133.8,08-14 00:00,43672
2026-08-17T05:30:45+00:00,COINX/USDT,COIN,150.09,148.47000122070312,108.8,08-14 00:00,34394
2026-08-17T05:30:45+00:00,GOOGLX/USDT,GOOGL,349.26,345.8999938964844,97.3,08-14 00:00,42504
2026-08-17T05:30:45+00:00,AVGOX/USDT,AVGO,396.73,392.989990234375,95.0,08-14 00:00,15548
2026-08-17T05:30:45+00:00,SPYX/USDT,SPY,782.12,776.3400268554688,74.5,08-14 00:00,41979
2026-08-17T05:30:45+00:00,AMZNX/USDT,AMZN,264.56,262.6499938964844,72.7,08-14 00:00,4764
2026-08-17T05:30:45+00:00,QQQX/USDT,QQQ,735.89,731.0700073242188,66.0,08-14 00:00,30186
2026-08-17T05:30:45+00:00,MCDX/USDT,MCD,274.33,272.8299865722656,54.8,08-14 00:00,5911
2026-08-17T05:30:45+00:00,TSLAX/USDT,TSLA,344.11,342.2699890136719,53.6,08-14 00:00,38865
2026-08-17T05:30:45+00:00,NVDAX/USDT,NVDA,226.11,225.16000366210938,42.0,08-14 00:00,30533
2026-08-17T05:30:45+00:00,AAPLX/USDT,AAPL,307.18,305.92999267578125,40.9,08-14 00:00,42154
2026-08-17T06:00:51+00:00,MSTRX/USDT,MSTR,94.42,93.04000091552734,148.3,08-14 00:00,47432
2026-08-17T06:00:51+00:00,COINX/USDT,COIN,150.08,148.47000122070312,108.8,08-14 00:00,35572
2026-08-17T06:00:51+00:00,AVGOX/USDT,AVGO,396.73,392.989990234375,95.0,08-14 00:00,16744
2026-08-17T06:00:51+00:00,MCDX/USDT,MCD,275.14,272.8299865722656,84.9,08-14 00:00,6459
2026-08-17T06:00:51+00:00,AAPLX/USDT,AAPL,308.5,305.92999267578125,83.8,08-14 00:00,47842
2026-08-17T06:00:51+00:00,GOOGLX/USDT,GOOGL,348.75,345.8999938964844,82.5,08-14 00:00,41353
2026-08-17T06:00:51+00:00,SPYX/USDT,SPY,782.65,776.3400268554688,81.3,08-14 00:00,45936
2026-08-17T06:00:51+00:00,AMZNX/USDT,AMZN,264.52,262.6499938964844,71.4,08-14 00:00,4734
2026-08-17T06:00:51+00:00,QQQX/USDT,QQQ,736.1,731.0700073242188,68.8,08-14 00:00,31186
2026-08-17T06:00:51+00:00,TSLAX/USDT,TSLA,344.51,342.2699890136719,65.4,08-14 00:00,40240
2026-08-17T06:00:51+00:00,NVDAX/USDT,NVDA,226.25,225.16000366210938,48.6,08-14 00:00,33622
2026-08-17T06:31:32+00:00,MSTRX/USDT,MSTR,94.41,93.04000091552734,146.7,08-14 00:00,50585
2026-08-17T06:31:32+00:00,COINX/USDT,COIN,150.17,148.47000122070312,114.5,08-14 00:00,37908
2026-08-17T06:31:32+00:00,GOOGLX/USDT,GOOGL,349.46,345.8999938964844,102.8,08-14 00:00,42520
2026-08-17T06:31:32+00:00,AVGOX/USDT,AVGO,396.73,392.989990234375,95.0,08-14 00:00,17595
2026-08-17T06:31:32+00:00,AMZNX/USDT,AMZN,264.89,262.6499938964844,85.5,08-14 00:00,4797
2026-08-17T06:31:32+00:00,MCDX/USDT,MCD,275.14,272.8299865722656,84.9,08-14 00:00,6605
2026-08-17T06:31:32+00:00,SPYX/USDT,SPY,782.66,776.3400268554688,81.5,08-14 00:00,50189
2026-08-17T06:31:32+00:00,QQQX/USDT,QQQ,736.98,731.0700073242188,80.8,08-14 00:00,33959
2026-08-17T06:31:32+00:00,TSLAX/USDT,TSLA,344.81,342.2699890136719,74.1,08-14 00:00,44139
2026-08-17T06:31:32+00:00,AAPLX/USDT,AAPL,307.92,305.92999267578125,65.2,08-14 00:00,47238
2026-08-17T06:31:32+00:00,NVDAX/USDT,NVDA,226.44,225.16000366210938,56.6,08-14 00:00,35581
2026-08-17T07:01:10+00:00,MSTRX/USDT,MSTR,94.76,93.04000091552734,184.9,08-14 00:00,52918
2026-08-17T07:01:10+00:00,COINX/USDT,COIN,150.36,148.47000122070312,127.0,08-14 00:00,37894
2026-08-17T07:01:10+00:00,GOOGLX/USDT,GOOGL,349.28,345.8999938964844,97.9,08-14 00:00,42788
2026-08-17T07:01:10+00:00,AVGOX/USDT,AVGO,396.73,392.989990234375,95.0,08-14 00:00,20024
2026-08-17T07:01:10+00:00,QQQX/USDT,QQQ,737.68,731.0700073242188,90.4,08-14 00:00,36125
2026-08-17T07:01:10+00:00,AMZNX/USDT,AMZN,264.98,262.6499938964844,88.5,08-14 00:00,4845
2026-08-17T07:01:10+00:00,SPYX/USDT,SPY,783.01,776.3400268554688,85.9,08-14 00:00,49841
2026-08-17T07:01:10+00:00,TSLAX/USDT,TSLA,345.12,342.2699890136719,83.3,08-14 00:00,47319
2026-08-17T07:01:10+00:00,AAPLX/USDT,AAPL,308.23,305.92999267578125,75.2,08-14 00:00,47433
2026-08-17T07:01:10+00:00,NVDAX/USDT,NVDA,226.8,225.16000366210938,72.6,08-14 00:00,37626
2026-08-17T07:31:10+00:00,MSTRX/USDT,MSTR,94.55,93.04000091552734,162.3,08-14 00:00,58549
2026-08-17T07:31:10+00:00,COINX/USDT,COIN,149.99,148.47000122070312,102.0,08-14 00:00,41614
2026-08-17T07:31:10+00:00,AVGOX/USDT,AVGO,396.73,392.989990234375,95.0,08-14 00:00,21811
2026-08-17T07:31:10+00:00,GOOGLX/USDT,GOOGL,348.88,345.8999938964844,86.2,08-14 00:00,43331
2026-08-17T07:31:10+00:00,AAPLX/USDT,AAPL,308.54,305.92999267578125,85.5,08-14 00:00,47520
2026-08-17T07:31:10+00:00,QQQX/USDT,QQQ,737.06,731.0700073242188,81.9,08-14 00:00,36576
2026-08-17T07:31:10+00:00,SPYX/USDT,SPY,782.67,776.3400268554688,81.5,08-14 00:00,53552
2026-08-17T07:31:10+00:00,AMZNX/USDT,AMZN,264.69,262.6499938964844,77.9,08-14 00:00,5083
2026-08-17T07:31:10+00:00,TSLAX/USDT,TSLA,344.44,342.2699890136719,63.3,08-14 00:00,48515
2026-08-17T07:31:10+00:00,NVDAX/USDT,NVDA,226.41,225.16000366210938,55.3,08-14 00:00,44906
2026-08-17T08:02:46+00:00,MSTRX/USDT,MSTR,94.28,93.04000091552734,133.8,08-14 00:00,59372
2026-08-17T08:02:46+00:00,AVGOX/USDT,AVGO,397.06,392.989990234375,103.4,08-14 00:00,24077
2026-08-17T08:02:46+00:00,COINX/USDT,COIN,149.98,148.47000122070312,101.7,08-14 00:00,45091
2026-08-17T08:02:46+00:00,GOOGLX/USDT,GOOGL,349.35,345.8999938964844,99.6,08-14 00:00,44530
2026-08-17T08:02:46+00:00,AMZNX/USDT,AMZN,265.01,262.6499938964844,90.0,08-14 00:00,5228
2026-08-17T08:02:46+00:00,QQQX/USDT,QQQ,737.27,731.0700073242188,84.9,08-14 00:00,38412
2026-08-17T08:02:46+00:00,SPYX/USDT,SPY,782.61,776.3400268554688,80.8,08-14 00:00,71761
2026-08-17T08:02:46+00:00,AAPLX/USDT,AAPL,308.33,305.92999267578125,78.4,08-14 00:00,47251
2026-08-17T08:02:46+00:00,TSLAX/USDT,TSLA,344.92,342.2699890136719,77.6,08-14 00:00,54702
2026-08-17T08:02:46+00:00,NVDAX/USDT,NVDA,226.35,225.16000366210938,52.9,08-14 00:00,49061
2026-08-17T08:30:22+00:00,MSTRX/USDT,MSTR,94.06,93.04000091552734,109.1,08-14 00:00,72036
2026-08-17T08:30:22+00:00,AVGOX/USDT,AVGO,397.06,392.989990234375,103.4,08-14 00:00,24161
2026-08-17T08:30:22+00:00,GOOGLX/USDT,GOOGL,349.17,345.8999938964844,94.5,08-14 00:00,47336
2026-08-17T08:30:22+00:00,AMZNX/USDT,AMZN,265.03,262.6499938964844,90.6,08-14 00:00,6702
2026-08-17T08:30:22+00:00,QQQX/USDT,QQQ,737.6,731.0700073242188,89.3,08-14 00:00,43106
2026-08-17T08:30:22+00:00,SPYX/USDT,SPY,782.63,776.3400268554688,81.1,08-14 00:00,77904
2026-08-17T08:30:22+00:00,COINX/USDT,COIN,149.65,148.47000122070312,79.5,08-14 00:00,52930
2026-08-17T08:30:22+00:00,AAPLX/USDT,AAPL,308.25,305.92999267578125,75.8,08-14 00:00,58453
2026-08-17T08:30:22+00:00,NVDAX/USDT,NVDA,226.68,225.16000366210938,67.5,08-14 00:00,49625
2026-08-17T08:30:22+00:00,TSLAX/USDT,TSLA,344.51,342.2699890136719,65.4,08-14 00:00,57086
2026-08-17T09:00:26+00:00,AMZNX/USDT,AMZN,265.38,262.6499938964844,103.8,08-14 00:00,8787
2026-08-17T09:00:26+00:00,AVGOX/USDT,AVGO,397.06,392.989990234375,103.4,08-14 00:00,26604
2026-08-17T09:00:26+00:00,GOOGLX/USDT,GOOGL,349.42,345.8999938964844,101.9,08-14 00:00,49900
2026-08-17T09:00:26+00:00,MSTRX/USDT,MSTR,93.91,93.04000091552734,94.0,08-14 00:00,88584
2026-08-17T09:00:26+00:00,QQQX/USDT,QQQ,737.35,731.0700073242188,85.8,08-14 00:00,46139
2026-08-17T09:00:26+00:00,COINX/USDT,COIN,149.67,148.47000122070312,80.8,08-14 00:00,58053
2026-08-17T09:00:26+00:00,AAPLX/USDT,AAPL,308.38,305.92999267578125,80.1,08-14 00:00,64797
2026-08-17T09:00:26+00:00,SPYX/USDT,SPY,782.54,776.3400268554688,79.9,08-14 00:00,81428
2026-08-17T09:00:26+00:00,NVDAX/USDT,NVDA,226.55,225.16000366210938,61.7,08-14 00:00,48288
2026-08-17T09:00:26+00:00,TSLAX/USDT,TSLA,344.13,342.2699890136719,54.3,08-14 00:00,58797
2026-08-17T09:30:31+00:00,AVGOX/USDT,AVGO,398.94,392.989990234375,151.3,08-14 00:00,28944
2026-08-17T09:30:31+00:00,AMZNX/USDT,AMZN,265.98,262.6499938964844,126.6,08-14 00:00,9501
2026-08-17T09:30:31+00:00,GOOGLX/USDT,GOOGL,349.08,345.8999938964844,91.9,08-14 00:00,50804
2026-08-17T09:30:31+00:00,MSTRX/USDT,MSTR,93.87,93.04000091552734,89.2,08-14 00:00,97042
2026-08-17T09:30:31+00:00,QQQX/USDT,QQQ,737.15,731.0700073242188,83.2,08-14 00:00,46839
2026-08-17T09:30:31+00:00,SPYX/USDT,SPY,782.64,776.3400268554688,81.1,08-14 00:00,85887
2026-08-17T09:30:31+00:00,AAPLX/USDT,AAPL,308.35,305.92999267578125,78.9,08-14 00:00,64805
2026-08-17T09:30:31+00:00,COINX/USDT,COIN,149.5,148.47000122070312,69.7,08-14 00:00,59034
2026-08-17T09:30:31+00:00,MCDX/USDT,MCD,274.36,272.8299865722656,55.9,08-14 00:00,9441
2026-08-17T09:30:31+00:00,NVDAX/USDT,NVDA,226.36,225.16000366210938,53.1,08-14 00:00,49170
2026-08-17T09:30:31+00:00,TSLAX/USDT,TSLA,343.48,342.2699890136719,35.2,08-14 00:00,60226
2026-08-17T10:00:36+00:00,AVGOX/USDT,AVGO,399.13,392.989990234375,156.4,08-14 00:00,29592
2026-08-17T10:00:36+00:00,AMZNX/USDT,AMZN,265.91,262.6499938964844,124.3,08-14 00:00,9672
2026-08-17T10:00:36+00:00,GOOGLX/USDT,GOOGL,348.94,345.8999938964844,88.0,08-14 00:00,51328
2026-08-17T10:00:36+00:00,QQQX/USDT,QQQ,737.15,731.0700073242188,83.2,08-14 00:00,48221
2026-08-17T10:00:36+00:00,SPYX/USDT,SPY,782.42,776.3400268554688,78.4,08-14 00:00,88050
2026-08-17T10:00:36+00:00,AAPLX/USDT,AAPL,308.23,305.92999267578125,75.2,08-14 00:00,66035
2026-08-17T10:00:36+00:00,COINX/USDT,COIN,149.49,148.47000122070312,68.4,08-14 00:00,63974
2026-08-17T10:00:36+00:00,MSTRX/USDT,MSTR,93.65,93.04000091552734,65.6,08-14 00:00,105832
2026-08-17T10:00:36+00:00,NVDAX/USDT,NVDA,226.56,225.16000366210938,62.4,08-14 00:00,50573
2026-08-17T10:00:36+00:00,MCDX/USDT,MCD,274.36,272.8299865722656,55.9,08-14 00:00,10309
2026-08-17T10:00:36+00:00,TSLAX/USDT,TSLA,343.39,342.2699890136719,32.9,08-14 00:00,62900
2026-08-17T10:30:44+00:00,AVGOX/USDT,AVGO,400.37,392.989990234375,187.8,08-14 00:00,31360
2026-08-17T10:30:44+00:00,MCDX/USDT,MCD,276.96,272.8299865722656,151.2,08-14 00:00,10987
2026-08-17T10:30:44+00:00,AMZNX/USDT,AMZN,266.28,262.6499938964844,138.4,08-14 00:00,10268
2026-08-17T10:30:44+00:00,GOOGLX/USDT,GOOGL,349.73,345.8999938964844,110.6,08-14 00:00,49994
2026-08-17T10:30:44+00:00,MSTRX/USDT,MSTR,93.94,93.04000091552734,97.3,08-14 00:00,116190
2026-08-17T10:30:44+00:00,QQQX/USDT,QQQ,737.96,731.0700073242188,94.3,08-14 00:00,50385
2026-08-17T10:30:44+00:00,SPYX/USDT,SPY,783.27,776.3400268554688,89.3,08-14 00:00,94451
2026-08-17T10:30:44+00:00,COINX/USDT,COIN,149.76,148.47000122070312,87.2,08-14 00:00,64968
2026-08-17T10:30:44+00:00,NVDAX/USDT,NVDA,226.72,225.16000366210938,69.3,08-14 00:00,51916
2026-08-17T10:30:44+00:00,AAPLX/USDT,AAPL,307.98,305.92999267578125,67.0,08-14 00:00,66477
2026-08-17T11:01:37+00:00,AVGOX/USDT,AVGO,399.12,392.989990234375,156.0,08-14 00:00,31889
2026-08-17T11:01:37+00:00,MSTRX/USDT,MSTR,94.37,93.04000091552734,142.4,08-14 00:00,123381
2026-08-17T11:01:37+00:00,MCDX/USDT,MCD,276.61,272.8299865722656,138.5,08-14 00:00,11727
2026-08-17T11:01:37+00:00,AMZNX/USDT,AMZN,266.25,262.6499938964844,136.9,08-14 00:00,11553
2026-08-17T11:01:37+00:00,COINX/USDT,COIN,149.81,148.47000122070312,90.6,08-14 00:00,66159
2026-08-17T11:01:37+00:00,QQQX/USDT,QQQ,737.67,731.0700073242188,90.3,08-14 00:00,51018
2026-08-17T11:01:37+00:00,GOOGLX/USDT,GOOGL,348.94,345.8999938964844,87.7,08-14 00:00,41944
2026-08-17T11:01:37+00:00,SPYX/USDT,SPY,782.66,776.3400268554688,81.4,08-14 00:00,97323
2026-08-17T11:01:37+00:00,NVDAX/USDT,NVDA,226.8,225.16000366210938,72.8,08-14 00:00,51972
2026-08-17T11:01:37+00:00,AAPLX/USDT,AAPL,308.0,305.92999267578125,67.5,08-14 00:00,66193
2026-08-17T12:01:29+00:00,AVGOX/USDT,AVGO,399.34,392.989990234375,161.5,08-14 00:00,34214
2026-08-17T12:01:29+00:00,MSTRX/USDT,MSTR,94.28,93.04000091552734,133.8,08-14 00:00,138187
2026-08-17T12:01:29+00:00,AMZNX/USDT,AMZN,266.14,262.6499938964844,132.9,08-14 00:00,18408
2026-08-17T12:01:29+00:00,MCDX/USDT,MCD,276.24,272.8299865722656,124.8,08-14 00:00,12158
2026-08-17T12:01:29+00:00,COINX/USDT,COIN,149.83,148.47000122070312,91.9,08-14 00:00,68670
2026-08-17T12:01:29+00:00,AAPLX/USDT,AAPL,308.62,305.92999267578125,88.1,08-14 00:00,67062
2026-08-17T12:01:29+00:00,NVDAX/USDT,NVDA,227.0,225.16000366210938,81.9,08-14 00:00,58320
2026-08-17T12:01:29+00:00,QQQX/USDT,QQQ,736.98,731.0700073242188,80.8,08-14 00:00,53731
2026-08-17T12:01:29+00:00,SPYX/USDT,SPY,782.36,776.3400268554688,77.5,08-14 00:00,104104
2026-08-17T12:01:29+00:00,GOOGLX/USDT,GOOGL,348.45,345.8999938964844,73.7,08-14 00:00,43352
2026-08-17T12:32:42+00:00,AMZNX/USDT,AMZN,266.48,262.6499938964844,145.6,08-14 00:00,25319
2026-08-17T12:32:42+00:00,MSTRX/USDT,MSTR,94.39,93.04000091552734,144.6,08-14 00:00,151532
2026-08-17T12:32:42+00:00,MCDX/USDT,MCD,276.77,272.8299865722656,144.6,08-14 00:00,12519
2026-08-17T12:32:42+00:00,AVGOX/USDT,AVGO,398.58,392.989990234375,142.1,08-14 00:00,36087
2026-08-17T12:32:42+00:00,AAPLX/USDT,AAPL,308.33,305.92999267578125,78.3,08-14 00:00,67661
2026-08-17T12:32:42+00:00,COINX/USDT,COIN,149.53,148.47000122070312,71.1,08-14 00:00,69802
2026-08-17T12:32:42+00:00,SPYX/USDT,SPY,781.71,776.3400268554688,69.2,08-14 00:00,115026
2026-08-17T12:32:42+00:00,QQQX/USDT,QQQ,736.03,731.0700073242188,67.8,08-14 00:00,55322
2026-08-17T12:32:42+00:00,GOOGLX/USDT,GOOGL,347.81,345.8999938964844,55.4,08-14 00:00,40456
2026-08-17T12:32:42+00:00,TSLAX/USDT,TSLA,341.07,342.2699890136719,-35.2,08-14 00:00,72875
2026-08-17T13:01:11+00:00,AMZNX/USDT,AMZN,266.61,262.6499938964844,150.6,08-14 00:00,26036
2026-08-17T13:01:11+00:00,MCDX/USDT,MCD,276.61,272.8299865722656,138.5,08-14 00:00,15273
2026-08-17T13:01:11+00:00,AVGOX/USDT,AVGO,397.75,392.989990234375,121.1,08-14 00:00,37038
2026-08-17T13:01:11+00:00,MSTRX/USDT,MSTR,93.97,93.04000091552734,100.5,08-14 00:00,161406
2026-08-17T13:01:11+00:00,NVDAX/USDT,NVDA,226.65,225.16000366210938,66.2,08-14 00:00,62094
2026-08-17T13:01:11+00:00,AAPLX/USDT,AAPL,307.86,305.92999267578125,63.1,08-14 00:00,67633
2026-08-17T13:01:11+00:00,SPYX/USDT,SPY,781.22,776.3400268554688,62.9,08-14 00:00,117264
2026-08-17T13:01:11+00:00,GOOGLX/USDT,GOOGL,347.93,345.8999938964844,58.7,08-14 00:00,41262
2026-08-17T13:01:11+00:00,QQQX/USDT,QQQ,735.12,731.0700073242188,55.4,08-14 00:00,55878
2026-08-17T13:01:11+00:00,TSLAX/USDT,TSLA,340.69,342.2699890136719,-46.2,08-14 00:00,75279
2026-08-17T13:01:11+00:00,COINX/USDT,COIN,149.05,148.47000122070312,38.7,08-14 00:00,72142
2026-08-17T13:30:18+00:00,MCDX/USDT,MCD,275.9,270.2200012207031,210.4,08-17 00:00,17535
2026-08-17T13:30:18+00:00,SPYX/USDT,SPY,781.35,776.489990234375,62.5,08-17 00:00,120445
2026-08-17T13:30:18+00:00,AVGOX/USDT,AVGO,397.98,395.8599853515625,53.6,08-17 00:00,38693
2026-08-17T13:30:18+00:00,COINX/USDT,COIN,148.75,148.0,51.0,08-17 00:00,71488
2026-08-17T13:30:18+00:00,AAPLX/USDT,AAPL,307.85,306.3699951171875,48.3,08-17 00:00,68871
2026-08-17T13:30:18+00:00,NVDAX/USDT,NVDA,226.28,225.48500061035156,35.0,08-17 00:00,65558
2026-08-17T13:30:18+00:00,QQQX/USDT,QQQ,735.23,732.8699951171875,32.2,08-17 00:00,57586
2026-08-17T14:01:10+00:00,MCDX/USDT,MCD,272.06,266.8599853515625,195.0,08-17 00:00,17719
2026-08-17T14:01:10+00:00,SPYX/USDT,SPY,780.45,775.1649780273438,68.2,08-17 00:00,146205
2026-08-17T14:01:10+00:00,AVGOX/USDT,AVGO,395.47,393.2300109863281,56.8,08-17 00:00,41406
2026-08-17T14:01:10+00:00,AAPLX/USDT,AAPL,306.74,305.1499938964844,52.1,08-17 00:00,77726
2026-08-17T14:01:10+00:00,GOOGLX/USDT,GOOGL,345.34,343.9549865722656,40.1,08-17 00:00,59699
2026-08-17T14:01:10+00:00,QQQX/USDT,QQQ,735.62,732.97998046875,35.9,08-17 00:00,61145
2026-08-17T14:01:10+00:00,AMZNX/USDT,AMZN,262.12,261.239990234375,33.9,08-17 00:00,61053
2026-08-17T14:30:34+00:00,MCDX/USDT,MCD,271.41,267.0899963378906,161.9,08-17 00:00,18843
2026-08-17T14:30:34+00:00,SPYX/USDT,SPY,780.49,775.4249877929688,65.4,08-17 00:00,156290
2026-08-17T14:30:34+00:00,AAPLX/USDT,AAPL,305.93,304.32000732421875,52.9,08-17 00:00,79002
2026-08-17T14:30:34+00:00,AVGOX/USDT,AVGO,397.28,395.4700012207031,45.9,08-17 00:00,44612
2026-08-17T14:30:34+00:00,GOOGLX/USDT,GOOGL,344.52,343.364990234375,33.8,08-17 00:00,61009
2026-08-17T15:00:41+00:00,MCDX/USDT,MCD,271.77,266.489990234375,198.1,08-17 00:00,19638
2026-08-17T15:00:41+00:00,SPYX/USDT,SPY,780.44,775.239990234375,67.1,08-17 00:00,165555
2026-08-17T15:00:41+00:00,AVGOX/USDT,AVGO,399.81,397.18499755859375,66.2,08-17 00:00,47630
2026-08-17T15:00:41+00:00,AAPLX/USDT,AAPL,305.2,303.92999267578125,41.8,08-17 00:00,82224
2026-08-17T15:00:41+00:00,QQQX/USDT,QQQ,736.07,733.5850219726562,33.9,08-17 00:00,65867
2026-08-17T15:00:41+00:00,GOOGLX/USDT,GOOGL,344.13,343.0950012207031,30.2,08-17 00:00,62733
2026-08-17T15:30:42+00:00,MCDX/USDT,MCD,270.1,267.1300048828125,111.0,08-17 00:00,21020
2026-08-17T15:30:42+00:00,AVGOX/USDT,AVGO,397.11,394.2300109863281,73.1,08-17 00:00,47877
2026-08-17T15:30:42+00:00,SPYX/USDT,SPY,780.75,775.6300048828125,66.1,08-17 00:00,187575
2026-08-17T15:30:42+00:00,AAPLX/USDT,AAPL,305.88,304.4800109863281,46.1,08-17 00:00,82636
2026-08-17T15:30:42+00:00,QQQX/USDT,QQQ,736.62,734.0700073242188,34.8,08-17 00:00,68159
2026-08-17T15:30:42+00:00,GOOGLX/USDT,GOOGL,345.04,343.85699462890625,34.4,08-17 00:00,66177
2026-08-17T16:00:53+00:00,MCDX/USDT,MCD,271.1,266.885009765625,157.7,08-17 00:00,21926
2026-08-17T16:00:53+00:00,AVGOX/USDT,AVGO,401.21,398.2049865722656,75.5,08-17 00:00,48233
2026-08-17T16:00:53+00:00,SPYX/USDT,SPY,780.42,775.1694946289062,67.7,08-17 00:00,198277
2026-08-17T16:00:53+00:00,AAPLX/USDT,AAPL,304.52,303.1099853515625,46.7,08-17 00:00,85055
2026-08-17T16:00:53+00:00,QQQX/USDT,QQQ,735.99,733.2501220703125,37.4,08-17 00:00,71619
2026-08-17T16:00:53+00:00,GOOGLX/USDT,GOOGL,345.0,343.7699890136719,35.9,08-17 00:00,70362
2026-08-17T16:00:53+00:00,COINX/USDT,COIN,152.07,151.55999755859375,34.0,08-17 00:00,110177
2026-08-17T16:32:03+00:00,MCDX/USDT,MCD,271.42,267.4100036621094,150.1,08-17 00:00,22906
2026-08-17T16:32:03+00:00,AVGOX/USDT,AVGO,399.69,396.9100036621094,70.2,08-17 00:00,49808
2026-08-17T16:32:03+00:00,SPYX/USDT,SPY,780.41,775.2249755859375,66.9,08-17 00:00,210551
2026-08-17T16:32:03+00:00,AAPLX/USDT,AAPL,305.02,303.8277893066406,39.4,08-17 00:00,96062
2026-08-17T16:32:03+00:00,QQQX/USDT,QQQ,735.35,732.6099853515625,37.4,08-17 00:00,73498
2026-08-17T16:32:03+00:00,GOOGLX/USDT,GOOGL,345.58,344.4200134277344,33.5,08-17 00:00,71292
2026-08-17T17:00:56+00:00,MCDX/USDT,MCD,271.46,266.92999267578125,169.5,08-17 00:00,24984
2026-08-17T17:00:56+00:00,SPYX/USDT,SPY,780.12,774.6649780273438,70.5,08-17 00:00,214455
2026-08-17T17:00:56+00:00,AVGOX/USDT,AVGO,399.97,397.2799987792969,67.7,08-17 00:00,51605
2026-08-17T17:00:56+00:00,AAPLX/USDT,AAPL,304.49,303.20001220703125,42.5,08-17 00:00,96614
2026-08-17T17:00:56+00:00,QQQX/USDT,QQQ,734.73,732.0700073242188,36.3,08-17 00:00,75557
2026-08-17T17:00:56+00:00,GOOGLX/USDT,GOOGL,343.88,342.8351135253906,30.3,08-17 00:00,71823
2026-08-17T18:01:25+00:00,MCDX/USDT,MCD,270.29,266.07501220703125,158.4,08-17 00:00,26144
2026-08-17T18:01:25+00:00,SPYX/USDT,SPY,778.58,773.3800048828125,67.2,08-17 00:00,222442
2026-08-17T18:01:25+00:00,AVGOX/USDT,AVGO,397.69,395.1499938964844,64.2,08-17 00:00,54586
2026-08-17T18:01:25+00:00,AAPLX/USDT,AAPL,305.65,304.31500244140625,43.9,08-17 00:00,99681
2026-08-17T18:01:25+00:00,QQQX/USDT,QQQ,732.79,730.0399780273438,37.6,08-17 00:00,80133
2026-08-17T18:31:31+00:00,MCDX/USDT,MCD,270.37,266.05999755859375,161.8,08-17 00:00,27430
2026-08-17T18:31:31+00:00,SPYX/USDT,SPY,778.67,773.4400024414062,67.7,08-17 00:00,227579
2026-08-17T18:31:31+00:00,AVGOX/USDT,AVGO,396.57,394.3349914550781,56.7,08-17 00:00,56243
2026-08-17T18:31:31+00:00,AAPLX/USDT,AAPL,306.12,304.8999938964844,40.2,08-17 00:00,100150
2026-08-17T18:31:31+00:00,QQQX/USDT,QQQ,732.65,730.1599731445312,34.2,08-17 00:00,82035
2026-08-17T19:00:33+00:00,MCDX/USDT,MCD,270.24,265.760009765625,168.6,08-17 00:00,28993
2026-08-17T19:00:33+00:00,SPYX/USDT,SPY,778.57,773.4949951171875,65.5,08-17 00:00,230681
2026-08-17T19:00:33+00:00,AVGOX/USDT,AVGO,396.16,393.8399963378906,58.9,08-17 00:00,56694
2026-08-17T19:00:33+00:00,AAPLX/USDT,AAPL,307.06,305.75,42.8,08-17 00:00,99159
2026-08-17T19:00:33+00:00,QQQX/USDT,QQQ,733.13,730.659912109375,33.8,08-17 00:00,83066
2026-08-17T19:00:33+00:00,GOOGLX/USDT,GOOGL,344.8,343.6499938964844,33.3,08-17 00:00,74461
2026-08-17T19:30:45+00:00,MCDX/USDT,MCD,270.25,265.5450134277344,177.2,08-17 00:00,29374
2026-08-17T19:30:45+00:00,SPYX/USDT,SPY,778.35,773.010009765625,69.0,08-17 00:00,233973
2026-08-17T19:30:45+00:00,AVGOX/USDT,AVGO,395.47,393.1400146484375,59.1,08-17 00:00,57495
2026-08-17T19:30:45+00:00,AAPLX/USDT,AAPL,307.46,306.239990234375,39.8,08-17 00:00,99285
2026-08-17T19:30:45+00:00,QQQX/USDT,QQQ,732.48,729.8800048828125,35.6,08-17 00:00,88991
2026-08-17T19:30:45+00:00,GOOGLX/USDT,GOOGL,344.92,343.7200012207031,34.9,08-17 00:00,73743
2026-08-17T20:00:39+00:00,MCDX/USDT,MCD,270.09,265.55999755859375,170.6,08-17 00:00,31233
2026-08-17T20:00:39+00:00,SPYX/USDT,SPY,777.98,772.6599731445312,68.8,08-17 00:00,235040
2026-08-17T20:00:39+00:00,AVGOX/USDT,AVGO,395.06,392.42999267578125,67.1,08-17 00:00,59072
2026-08-17T20:00:39+00:00,AAPLX/USDT,AAPL,306.78,305.5899963378906,39.1,08-17 00:00,100068
2026-08-17T20:00:39+00:00,QQQX/USDT,QQQ,732.28,729.8699951171875,33.0,08-17 00:00,91400
2026-08-17T20:30:57+00:00,MCDX/USDT,MCD,270.33,265.5299987792969,180.6,08-17 00:00,32162
2026-08-17T20:30:57+00:00,SPYX/USDT,SPY,777.83,772.6699829101562,66.7,08-17 00:00,237474
2026-08-17T20:30:57+00:00,AVGOX/USDT,AVGO,394.81,392.42999267578125,60.6,08-17 00:00,60913
2026-08-17T20:30:57+00:00,QQQX/USDT,QQQ,732.09,729.8699951171875,30.4,08-17 00:00,90644
2026-08-17T21:31:07+00:00,MCDX/USDT,MCD,270.35,265.5299987792969,181.5,08-17 00:00,36024
2026-08-17T21:31:07+00:00,SPYX/USDT,SPY,777.91,772.6699829101562,67.8,08-17 00:00,249947
2026-08-17T21:31:07+00:00,AVGOX/USDT,AVGO,394.71,392.42999267578125,58.1,08-17 00:00,65507
2026-08-17T22:01:03+00:00,MCDX/USDT,MCD,270.36,265.5299987792969,181.9,08-17 00:00,36517
2026-08-17T22:01:03+00:00,SPYX/USDT,SPY,777.86,772.6699829101562,67.1,08-17 00:00,251099
2026-08-17T22:01:03+00:00,AVGOX/USDT,AVGO,394.71,392.42999267578125,58.1,08-17 00:00,68165
2026-08-17T22:01:03+00:00,QQQX/USDT,QQQ,732.11,729.8699951171875,30.7,08-17 00:00,96175
2026-08-17T22:31:07+00:00,MCDX/USDT,MCD,270.45,265.5299987792969,185.3,08-17 00:00,37467
2026-08-17T22:31:07+00:00,SPYX/USDT,SPY,777.63,772.6699829101562,64.3,08-17 00:00,258162
2026-08-17T22:31:07+00:00,AVGOX/USDT,AVGO,394.83,392.42999267578125,61.3,08-17 00:00,71181
2026-08-17T23:01:06+00:00,MCDX/USDT,MCD,270.45,265.5299987792969,185.3,08-17 00:00,38050
2026-08-17T23:01:06+00:00,SPYX/USDT,SPY,777.65,772.6699829101562,64.5,08-17 00:00,261749
2026-08-17T23:01:06+00:00,AVGOX/USDT,AVGO,394.82,392.42999267578125,61.0,08-17 00:00,75398
2026-08-17T23:01:06+00:00,QQQX/USDT,QQQ,732.09,729.8699951171875,30.4,08-17 00:00,100734
2026-08-17T23:31:23+00:00,MCDX/USDT,MCD,270.61,265.5299987792969,191.1,08-17 00:00,38738
2026-08-17T23:31:23+00:00,SPYX/USDT,SPY,777.8,772.6699829101562,66.3,08-17 00:00,264062
2026-08-17T23:31:23+00:00,AVGOX/USDT,AVGO,394.87,392.42999267578125,62.2,08-17 00:00,75962
2026-08-17T23:31:23+00:00,QQQX/USDT,QQQ,732.16,729.8699951171875,31.4,08-17 00:00,102550
2026-08-18T00:00:16+00:00,MCDX/USDT,MCD,270.61,265.5299987792969,191.1,08-17 00:00,39596
2026-08-18T00:00:16+00:00,SPYX/USDT,SPY,777.83,772.6699829101562,66.8,08-17 00:00,264786
2026-08-18T00:00:16+00:00,AVGOX/USDT,AVGO,394.96,392.42999267578125,64.6,08-17 00:00,78862
2026-08-18T00:00:16+00:00,QQQX/USDT,QQQ,732.47,729.8699951171875,35.6,08-17 00:00,102379
2026-08-18T00:00:16+00:00,MSTRX/USDT,MSTR,97.97,97.68000030517578,30.2,08-17 00:00,396249
2026-08-18T00:30:21+00:00,MCDX/USDT,MCD,271.15,265.5299987792969,211.7,08-17 00:00,39856
2026-08-18T00:30:21+00:00,SPYX/USDT,SPY,777.82,772.6699829101562,66.7,08-17 00:00,267380
2026-08-18T00:30:21+00:00,AVGOX/USDT,AVGO,394.88,392.42999267578125,62.6,08-17 00:00,88322
2026-08-18T00:30:21+00:00,QQQX/USDT,QQQ,732.68,729.8699951171875,38.6,08-17 00:00,103626
2026-08-18T01:00:28+00:00,MCDX/USDT,MCD,271.15,265.5299987792969,211.7,08-17 00:00,40791
2026-08-18T01:00:28+00:00,AVGOX/USDT,AVGO,395.56,392.42999267578125,79.6,08-17 00:00,98481
2026-08-18T01:00:28+00:00,SPYX/USDT,SPY,777.84,772.6699829101562,66.9,08-17 00:00,269559
2026-08-18T01:00:28+00:00,QQQX/USDT,QQQ,732.56,729.8699951171875,36.8,08-17 00:00,105451
2026-08-18T01:30:37+00:00,MCDX/USDT,MCD,271.15,265.5299987792969,211.7,08-17 00:00,39895
2026-08-18T01:30:37+00:00,AVGOX/USDT,AVGO,395.41,392.42999267578125,76.1,08-17 00:00,98530
2026-08-18T01:30:37+00:00,SPYX/USDT,SPY,777.76,772.6699829101562,65.9,08-17 00:00,272233
2026-08-18T01:30:37+00:00,QQQX/USDT,QQQ,732.26,729.8699951171875,32.8,08-17 00:00,101055
2026-08-18T02:00:48+00:00,MCDX/USDT,MCD,270.77,265.5299987792969,197.3,08-17 00:00,39960
2026-08-18T02:00:48+00:00,SPYX/USDT,SPY,777.09,772.6699829101562,57.1,08-17 00:00,275352
2026-08-18T02:00:48+00:00,AAPLX/USDT,AAPL,306.76,305.5899963378906,38.3,08-17 00:00,86032
2026-08-18T02:00:48+00:00,MSTRX/USDT,MSTR,97.31,97.68000030517578,-37.9,08-17 00:00,396076
2026-08-18T02:00:48+00:00,AVGOX/USDT,AVGO,393.81,392.42999267578125,35.2,08-17 00:00,98806
2026-08-18T02:00:48+00:00,COINX/USDT,COIN,150.09,150.5500030517578,-30.6,08-17 00:00,122200
2026-08-18T02:30:56+00:00,MCDX/USDT,MCD,270.21,265.5299987792969,176.3,08-17 00:00,40694
2026-08-18T02:30:56+00:00,MSTRX/USDT,MSTR,96.94,97.68000030517578,-76.3,08-17 00:00,395425
2026-08-18T02:30:56+00:00,TSLAX/USDT,TSLA,337.39,339.29998779296875,-56.1,08-17 00:00,255391
2026-08-18T02:30:56+00:00,NVDAX/USDT,NVDA,223.76,225.00999450683594,-55.3,08-17 00:00,153539
2026-08-18T02:30:56+00:00,COINX/USDT,COIN,149.72,150.5500030517578,-54.8,08-17 00:00,123134
2026-08-18T02:30:56+00:00,AAPLX/USDT,AAPL,306.96,305.5899963378906,44.7,08-17 00:00,87973
2026-08-18T02:30:56+00:00,SPYX/USDT,SPY,776.09,772.6699829101562,44.2,08-17 00:00,275903
2026-08-18T03:00:57+00:00,MCDX/USDT,MCD,269.97,265.5299987792969,167.2,08-17 00:00,42491
2026-08-18T03:00:57+00:00,MSTRX/USDT,MSTR,96.66,97.68000030517578,-104.9,08-17 00:00,393294
2026-08-18T03:00:57+00:00,TSLAX/USDT,TSLA,336.57,339.29998779296875,-80.5,08-17 00:00,265622
2026-08-18T03:00:57+00:00,COINX/USDT,COIN,149.43,150.5500030517578,-74.4,08-17 00:00,123963
2026-08-18T03:00:57+00:00,NVDAX/USDT,NVDA,223.44,225.00999450683594,-70.0,08-17 00:00,155271
2026-08-18T03:00:57+00:00,AAPLX/USDT,AAPL,307.13,305.5899963378906,50.4,08-17 00:00,88913
2026-08-18T03:00:57+00:00,SPYX/USDT,SPY,776.12,772.6699829101562,44.7,08-17 00:00,278119
2026-08-18T03:31:11+00:00,MCDX/USDT,MCD,270.11,265.5299987792969,172.3,08-17 00:00,45143
2026-08-18T03:31:11+00:00,NVDAX/USDT,NVDA,222.62,225.00999450683594,-106.4,08-17 00:00,159913
2026-08-18T03:31:11+00:00,MSTRX/USDT,MSTR,96.65,97.68000030517578,-105.4,08-17 00:00,394274
2026-08-18T03:31:11+00:00,COINX/USDT,COIN,149.16,150.5500030517578,-92.0,08-17 00:00,126465
2026-08-18T03:31:11+00:00,TSLAX/USDT,TSLA,336.25,339.29998779296875,-89.9,08-17 00:00,273866
2026-08-18T03:31:11+00:00,AAPLX/USDT,AAPL,306.9,305.5899963378906,43.0,08-17 00:00,88785
2026-08-18T03:31:11+00:00,QQQX/USDT,QQQ,727.07,729.8699951171875,-38.4,08-17 00:00,110267
2026-08-18T03:31:11+00:00,SPYX/USDT,SPY,775.44,772.6699829101562,35.9,08-17 00:00,277130
2026-08-18T04:00:55+00:00,MCDX/USDT,MCD,270.21,265.5299987792969,176.1,08-17 00:00,46009
2026-08-18T04:00:55+00:00,NVDAX/USDT,NVDA,223.23,225.00999450683594,-79.1,08-17 00:00,158138
2026-08-18T04:00:55+00:00,TSLAX/USDT,TSLA,336.69,339.29998779296875,-76.8,08-17 00:00,279090
2026-08-18T04:00:55+00:00,COINX/USDT,COIN,149.5,150.5500030517578,-70.1,08-17 00:00,128942
2026-08-18T04:00:55+00:00,MSTRX/USDT,MSTR,97.17,97.68000030517578,-51.7,08-17 00:00,454098
2026-08-18T04:00:55+00:00,AAPLX/USDT,AAPL,306.96,305.5899963378906,44.8,08-17 00:00,94527
2026-08-18T04:00:55+00:00,SPYX/USDT,SPY,775.53,772.6699829101562,37.0,08-17 00:00,280761
2026-08-18T04:00:55+00:00,QQQX/USDT,QQQ,727.53,729.8699951171875,-32.1,08-17 00:00,113524
2026-08-18T04:31:03+00:00,MCDX/USDT,MCD,269.92,265.5299987792969,165.5,08-17 00:00,45929
2026-08-18T04:31:03+00:00,NVDAX/USDT,NVDA,223.38,225.00999450683594,-72.4,08-17 00:00,159787
2026-08-18T04:31:03+00:00,COINX/USDT,COIN,149.62,150.5500030517578,-61.8,08-17 00:00,128401
2026-08-18T04:31:03+00:00,MSTRX/USDT,MSTR,97.17,97.68000030517578,-52.7,08-17 00:00,453698
2026-08-18T04:31:03+00:00,TSLAX/USDT,TSLA,337.53,339.29998779296875,-52.0,08-17 00:00,282701
2026-08-18T04:31:03+00:00,SPYX/USDT,SPY,775.38,772.6699829101562,35.0,08-17 00:00,281300
2026-08-18T04:31:03+00:00,AAPLX/USDT,AAPL,306.63,305.5899963378906,34.2,08-17 00:00,95287
2026-08-18T04:31:03+00:00,QQQX/USDT,QQQ,727.67,729.8699951171875,-30.1,08-17 00:00,113738
2026-08-18T05:01:05+00:00,MCDX/USDT,MCD,269.76,265.5299987792969,159.5,08-17 00:00,47292
2026-08-18T05:01:05+00:00,NVDAX/USDT,NVDA,223.28,225.00999450683594,-77.1,08-17 00:00,162886
2026-08-18T05:01:05+00:00,COINX/USDT,COIN,149.56,150.5500030517578,-65.8,08-17 00:00,130657
2026-08-18T05:01:05+00:00,TSLAX/USDT,TSLA,337.57,339.29998779296875,-51.0,08-17 00:00,286784
2026-08-18T05:01:05+00:00,MSTRX/USDT,MSTR,97.22,97.68000030517578,-46.6,08-17 00:00,452460
2026-08-18T05:01:05+00:00,AAPLX/USDT,AAPL,306.8,305.5899963378906,39.6,08-17 00:00,95222
2026-08-18T05:01:05+00:00,SPYX/USDT,SPY,775.46,772.6699829101562,36.1,08-17 00:00,276706
2026-08-18T05:31:13+00:00,MCDX/USDT,MCD,269.88,265.5299987792969,163.8,08-17 00:00,47129
2026-08-18T05:31:13+00:00,NVDAX/USDT,NVDA,222.87,225.00999450683594,-95.3,08-17 00:00,162774
2026-08-18T05:31:13+00:00,COINX/USDT,COIN,149.35,150.5500030517578,-80.0,08-17 00:00,132501
2026-08-18T05:31:13+00:00,TSLAX/USDT,TSLA,336.93,339.29998779296875,-69.8,08-17 00:00,292060
2026-08-18T05:31:13+00:00,MSTRX/USDT,MSTR,97.26,97.68000030517578,-43.0,08-17 00:00,449743
2026-08-18T05:31:13+00:00,AAPLX/USDT,AAPL,306.63,305.5899963378906,34.2,08-17 00:00,94826
2026-08-18T05:31:13+00:00,QQQX/USDT,QQQ,727.46,729.8699951171875,-33.0,08-17 00:00,116141
2026-08-18T05:31:13+00:00,SPYX/USDT,SPY,775.15,772.6699829101562,32.2,08-17 00:00,275481
2026-08-18T06:00:22+00:00,MCDX/USDT,MCD,270.15,265.5299987792969,174.0,08-17 00:00,47392
2026-08-18T06:00:22+00:00,NVDAX/USDT,NVDA,222.47,225.00999450683594,-113.1,08-17 00:00,161074
2026-08-18T06:00:22+00:00,TSLAX/USDT,TSLA,336.36,339.29998779296875,-86.8,08-17 00:00,293023
2026-08-18T06:00:22+00:00,COINX/USDT,COIN,149.25,150.5500030517578,-86.4,08-17 00:00,133283
2026-08-18T06:00:22+00:00,MSTRX/USDT,MSTR,97.2,97.68000030517578,-48.6,08-17 00:00,445887
2026-08-18T06:00:22+00:00,QQQX/USDT,QQQ,726.63,729.8699951171875,-44.3,08-17 00:00,120090
2026-08-18T06:00:22+00:00,AMZNX/USDT,AMZN,260.4,261.30999755859375,-34.6,08-17 00:00,196611
2026-08-18T06:00:22+00:00,AAPLX/USDT,AAPL,306.64,305.5899963378906,34.5,08-17 00:00,89535
2026-08-18T06:30:26+00:00,MCDX/USDT,MCD,269.06,265.5299987792969,132.8,08-17 00:00,47836
2026-08-18T06:30:26+00:00,NVDAX/USDT,NVDA,222.44,225.00999450683594,-114.0,08-17 00:00,162990
2026-08-18T06:30:26+00:00,TSLAX/USDT,TSLA,336.41,339.29998779296875,-85.2,08-17 00:00,294546
2026-08-18T06:30:26+00:00,COINX/USDT,COIN,149.6,150.5500030517578,-63.1,08-17 00:00,133039
2026-08-18T06:30:26+00:00,AMZNX/USDT,AMZN,260.05,261.30999755859375,-48.4,08-17 00:00,197261
2026-08-18T06:30:26+00:00,QQQX/USDT,QQQ,726.81,729.8699951171875,-42.0,08-17 00:00,118723
2026-08-18T06:30:26+00:00,AAPLX/USDT,AAPL,306.58,305.5899963378906,32.4,08-17 00:00,90380
2026-08-18T06:30:26+00:00,AVGOX/USDT,AVGO,391.22,392.42999267578125,-30.8,08-17 00:00,103055
2026-08-18T06:30:26+00:00,MSTRX/USDT,MSTR,97.39,97.68000030517578,-30.2,08-17 00:00,444845
2026-08-18T07:00:35+00:00,MCDX/USDT,MCD,269.63,265.5299987792969,154.6,08-17 00:00,48481
2026-08-18T07:00:35+00:00,NVDAX/USDT,NVDA,222.75,225.00999450683594,-100.2,08-17 00:00,162629
2026-08-18T07:00:35+00:00,TSLAX/USDT,TSLA,337.31,339.29998779296875,-58.8,08-17 00:00,296093
2026-08-18T07:00:35+00:00,COINX/USDT,COIN,149.8,150.5500030517578,-50.1,08-17 00:00,134015
2026-08-18T07:00:35+00:00,SPYX/USDT,SPY,775.3,772.6699829101562,34.0,08-17 00:00,275158
2026-08-18T07:00:35+00:00,QQQX/USDT,QQQ,727.49,729.8699951171875,-32.6,08-17 00:00,121139
2026-08-18T07:00:35+00:00,AVGOX/USDT,AVGO,391.16,392.42999267578125,-32.2,08-17 00:00,105290
2026-08-18T07:30:34+00:00,MCDX/USDT,MCD,268.78,265.5299987792969,122.4,08-17 00:00,48025
2026-08-18T07:30:34+00:00,NVDAX/USDT,NVDA,222.7,225.00999450683594,-102.7,08-17 00:00,157015
2026-08-18T07:30:34+00:00,COINX/USDT,COIN,149.47,150.5500030517578,-72.1,08-17 00:00,133087
2026-08-18T07:30:34+00:00,TSLAX/USDT,TSLA,337.24,339.29998779296875,-60.7,08-17 00:00,309710
2026-08-18T07:30:34+00:00,QQQX/USDT,QQQ,727.0,729.8699951171875,-39.3,08-17 00:00,120997
2026-08-18T08:00:38+00:00,MCDX/USDT,MCD,270.76,265.5299987792969,197.2,08-17 00:00,49319
2026-08-18T08:00:38+00:00,NVDAX/USDT,NVDA,222.28,225.00999450683594,-121.1,08-17 00:00,156635
2026-08-18T08:00:38+00:00,COINX/USDT,COIN,149.24,150.5500030517578,-87.3,08-17 00:00,133103
2026-08-18T08:00:38+00:00,TSLAX/USDT,TSLA,336.55,339.29998779296875,-81.0,08-17 00:00,310615
2026-08-18T08:00:38+00:00,QQQX/USDT,QQQ,725.99,729.8699951171875,-53.2,08-17 00:00,121242
2026-08-18T08:00:38+00:00,MSTRX/USDT,MSTR,97.18,97.68000030517578,-51.2,08-17 00:00,441265
2026-08-18T08:00:38+00:00,AVGOX/USDT,AVGO,390.78,392.42999267578125,-42.0,08-17 00:00,105126
2026-08-18T08:30:49+00:00,MCDX/USDT,MCD,270.99,265.5299987792969,205.4,08-17 00:00,49665
2026-08-18T08:30:49+00:00,NVDAX/USDT,NVDA,221.38,225.00999450683594,-161.1,08-17 00:00,159709
2026-08-18T08:30:49+00:00,TSLAX/USDT,TSLA,334.93,339.29998779296875,-128.8,08-17 00:00,317249
2026-08-18T08:30:49+00:00,AVGOX/USDT,AVGO,387.75,392.42999267578125,-119.4,08-17 00:00,107672
2026-08-18T08:30:49+00:00,MSTRX/USDT,MSTR,96.91,97.68000030517578,-78.8,08-17 00:00,455942
2026-08-18T08:30:49+00:00,COINX/USDT,COIN,149.4,150.5500030517578,-76.1,08-17 00:00,133421
2026-08-18T08:30:49+00:00,QQQX/USDT,QQQ,724.38,729.8699951171875,-75.2,08-17 00:00,119234
2026-08-18T08:30:49+00:00,AAPLX/USDT,AAPL,307.62,305.5899963378906,66.3,08-17 00:00,83591
2026-08-18T08:30:49+00:00,AMZNX/USDT,AMZN,260.01,261.30999755859375,-49.6,08-17 00:00,198299
2026-08-18T09:00:48+00:00,NVDAX/USDT,NVDA,220.97,225.00999450683594,-179.5,08-17 00:00,160472
2026-08-18T09:00:48+00:00,MCDX/USDT,MCD,269.54,265.5299987792969,151.2,08-17 00:00,49918
2026-08-18T09:00:48+00:00,TSLAX/USDT,TSLA,334.52,339.29998779296875,-140.9,08-17 00:00,319721
2026-08-18T09:00:48+00:00,AVGOX/USDT,AVGO,387.64,392.42999267578125,-122.1,08-17 00:00,111149
2026-08-18T09:00:48+00:00,COINX/USDT,COIN,148.94,150.5500030517578,-106.9,08-17 00:00,131679
2026-08-18T09:00:48+00:00,MSTRX/USDT,MSTR,96.87,97.68000030517578,-83.4,08-17 00:00,470581
2026-08-18T09:00:48+00:00,AAPLX/USDT,AAPL,308.02,305.5899963378906,79.7,08-17 00:00,77393
2026-08-18T09:00:48+00:00,QQQX/USDT,QQQ,724.68,729.8699951171875,-71.1,08-17 00:00,118173
2026-08-18T09:00:48+00:00,AMZNX/USDT,AMZN,260.48,261.30999755859375,-31.8,08-17 00:00,197454
2026-08-18T09:30:52+00:00,NVDAX/USDT,NVDA,220.25,225.00999450683594,-211.8,08-17 00:00,162183
2026-08-18T09:30:52+00:00,MCDX/USDT,MCD,269.54,265.5299987792969,151.2,08-17 00:00,50480
2026-08-18T09:30:52+00:00,TSLAX/USDT,TSLA,334.24,339.29998779296875,-149.3,08-17 00:00,333528
2026-08-18T09:30:52+00:00,COINX/USDT,COIN,148.59,150.5500030517578,-129.9,08-17 00:00,134627
2026-08-18T09:30:52+00:00,MSTRX/USDT,MSTR,96.44,97.68000030517578,-126.9,08-17 00:00,464458
2026-08-18T09:30:52+00:00,AAPLX/USDT,AAPL,308.78,305.5899963378906,104.6,08-17 00:00,77835
2026-08-18T09:30:52+00:00,AVGOX/USDT,AVGO,389.19,392.42999267578125,-82.4,08-17 00:00,110111
2026-08-18T09:30:52+00:00,QQQX/USDT,QQQ,724.22,729.8699951171875,-77.5,08-17 00:00,118506
2026-08-18T10:01:00+00:00,NVDAX/USDT,NVDA,220.55,225.00999450683594,-198.2,08-17 00:00,164149
2026-08-18T10:01:00+00:00,MCDX/USDT,MCD,269.92,265.5299987792969,165.3,08-17 00:00,51185
2026-08-18T10:01:00+00:00,TSLAX/USDT,TSLA,334.09,339.29998779296875,-153.6,08-17 00:00,333248
2026-08-18T10:01:00+00:00,AAPLX/USDT,AAPL,309.09,305.5899963378906,114.5,08-17 00:00,79698
2026-08-18T10:01:00+00:00,AVGOX/USDT,AVGO,387.97,392.42999267578125,-113.8,08-17 00:00,111574
2026-08-18T10:01:00+00:00,MSTRX/USDT,MSTR,96.6,97.68000030517578,-110.6,08-17 00:00,460418
2026-08-18T10:01:00+00:00,COINX/USDT,COIN,148.92,150.5500030517578,-108.3,08-17 00:00,131204
2026-08-18T10:01:00+00:00,QQQX/USDT,QQQ,723.75,729.8699951171875,-83.9,08-17 00:00,120273
2026-08-18T10:31:09+00:00,MCDX/USDT,MCD,271.95,265.5299987792969,241.8,08-17 00:00,52103
2026-08-18T10:31:09+00:00,NVDAX/USDT,NVDA,220.76,225.00999450683594,-188.7,08-17 00:00,164464
2026-08-18T10:31:09+00:00,TSLAX/USDT,TSLA,334.01,339.29998779296875,-155.9,08-17 00:00,328717
2026-08-18T10:31:09+00:00,AVGOX/USDT,AVGO,386.8,392.42999267578125,-143.6,08-17 00:00,111684
2026-08-18T10:31:09+00:00,MSTRX/USDT,MSTR,96.34,97.68000030517578,-136.7,08-17 00:00,466846
2026-08-18T10:31:09+00:00,AAPLX/USDT,AAPL,309.49,305.5899963378906,127.5,08-17 00:00,100945
2026-08-18T10:31:09+00:00,COINX/USDT,COIN,148.77,150.5500030517578,-117.9,08-17 00:00,131508
2026-08-18T10:31:09+00:00,QQQX/USDT,QQQ,723.83,729.8699951171875,-82.8,08-17 00:00,123401
2026-08-18T11:01:31+00:00,NVDAX/USDT,NVDA,221.04,225.00999450683594,-176.4,08-17 00:00,167667
2026-08-18T11:01:31+00:00,MSTRX/USDT,MSTR,96.39,97.68000030517578,-131.6,08-17 00:00,462014
2026-08-18T11:01:31+00:00,TSLAX/USDT,TSLA,335.32,339.29998779296875,-117.2,08-17 00:00,335686
2026-08-18T11:01:31+00:00,COINX/USDT,COIN,148.86,150.5500030517578,-112.6,08-17 00:00,131796
2026-08-18T11:01:31+00:00,AAPLX/USDT,AAPL,308.74,305.5899963378906,103.1,08-17 00:00,102733
2026-08-18T11:01:31+00:00,MCDX/USDT,MCD,267.6,265.5299987792969,78.0,08-17 00:00,55252
2026-08-18T11:01:31+00:00,QQQX/USDT,QQQ,724.28,729.8699951171875,-76.6,08-17 00:00,125381
2026-08-18T11:01:31+00:00,AVGOX/USDT,AVGO,389.93,392.42999267578125,-63.7,08-17 00:00,113005
2026-08-18T11:01:31+00:00,AMZNX/USDT,AMZN,260.49,261.30999755859375,-31.6,08-17 00:00,195637
2026-08-18T11:01:31+00:00,GOOGLX/USDT,GOOGL,342.95,344.0,-30.5,08-17 00:00,125453
2026-08-18T11:31:28+00:00,MCDX/USDT,MCD,271.52,265.5299987792969,225.8,08-17 00:00,55655
2026-08-18T11:31:28+00:00,NVDAX/USDT,NVDA,220.97,225.00999450683594,-179.8,08-17 00:00,167945
2026-08-18T11:31:28+00:00,TSLAX/USDT,TSLA,335.4,339.29998779296875,-114.8,08-17 00:00,338208
2026-08-18T11:31:28+00:00,AVGOX/USDT,AVGO,388.02,392.42999267578125,-112.4,08-17 00:00,113624
2026-08-18T11:31:28+00:00,AAPLX/USDT,AAPL,308.77,305.5899963378906,104.1,08-17 00:00,104470
2026-08-18T11:31:28+00:00,MSTRX/USDT,MSTR,96.77,97.68000030517578,-93.2,08-17 00:00,453488
2026-08-18T11:31:28+00:00,COINX/USDT,COIN,149.23,150.5500030517578,-87.7,08-17 00:00,135381
2026-08-18T11:31:28+00:00,QQQX/USDT,QQQ,724.64,729.8699951171875,-71.6,08-17 00:00,128930
2026-08-18T11:31:28+00:00,AMZNX/USDT,AMZN,260.51,261.30999755859375,-30.4,08-17 00:00,193788
2026-08-18T12:00:44+00:00,MCDX/USDT,MCD,271.43,265.5299987792969,222.0,08-17 00:00,56073
2026-08-18T12:00:44+00:00,TSLAX/USDT,TSLA,334.95,339.29998779296875,-128.1,08-17 00:00,346689
2026-08-18T12:00:44+00:00,AVGOX/USDT,AVGO,387.95,392.42999267578125,-114.3,08-17 00:00,114534
2026-08-18T12:00:44+00:00,AAPLX/USDT,AAPL,308.61,305.5899963378906,98.7,08-17 00:00,107291
2026-08-18T12:00:44+00:00,MSTRX/USDT,MSTR,96.75,97.68000030517578,-95.2,08-17 00:00,451693
2026-08-18T12:00:44+00:00,COINX/USDT,COIN,149.27,150.5500030517578,-84.7,08-17 00:00,136013
2026-08-18T12:00:44+00:00,QQQX/USDT,QQQ,724.48,729.8699951171875,-73.9,08-17 00:00,131159
2026-08-18T12:00:44+00:00,SPYX/USDT,SPY,775.18,772.6699829101562,32.5,08-17 00:00,255601
2026-08-18T12:30:34+00:00,MCDX/USDT,MCD,271.38,265.5299987792969,220.1,08-17 00:00,57796
2026-08-18T12:30:34+00:00,NVDAX/USDT,NVDA,221.15,225.00999450683594,-171.8,08-17 00:00,170898
2026-08-18T12:30:34+00:00,TSLAX/USDT,TSLA,334.21,339.29998779296875,-150.0,08-17 00:00,351302
2026-08-18T12:30:34+00:00,MSTRX/USDT,MSTR,96.42,97.68000030517578,-129.0,08-17 00:00,446199
2026-08-18T12:30:34+00:00,AVGOX/USDT,AVGO,387.94,392.42999267578125,-114.5,08-17 00:00,114014
2026-08-18T12:30:34+00:00,COINX/USDT,COIN,148.93,150.5500030517578,-107.9,08-17 00:00,139611
2026-08-18T12:30:34+00:00,AAPLX/USDT,AAPL,308.54,305.5899963378906,96.5,08-17 00:00,114567
2026-08-18T12:30:34+00:00,QQQX/USDT,QQQ,723.88,729.8699951171875,-82.1,08-17 00:00,131530
2026-08-18T13:00:35+00:00,MCDX/USDT,MCD,271.8,265.5299987792969,236.1,08-17 00:00,55497
2026-08-18T13:00:35+00:00,NVDAX/USDT,NVDA,220.71,225.00999450683594,-191.1,08-17 00:00,173693
2026-08-18T13:00:35+00:00,AVGOX/USDT,AVGO,386.35,392.42999267578125,-155.1,08-17 00:00,115104
2026-08-18T13:00:35+00:00,MSTRX/USDT,MSTR,96.23,97.68000030517578,-147.9,08-17 00:00,439243
2026-08-18T13:00:35+00:00,TSLAX/USDT,TSLA,334.4,339.29998779296875,-144.3,08-17 00:00,354023
2026-08-18T13:00:35+00:00,COINX/USDT,COIN,148.48,150.5500030517578,-137.5,08-17 00:00,139783
2026-08-18T13:00:35+00:00,AAPLX/USDT,AAPL,308.64,305.5899963378906,100.0,08-17 00:00,124662
2026-08-18T13:00:35+00:00,QQQX/USDT,QQQ,723.32,729.8699951171875,-89.7,08-17 00:00,133478
2026-08-18T13:30:37+00:00,MCDX/USDT,MCD,271.16,267.0299987792969,154.7,08-18 00:00,54659
2026-08-18T13:30:37+00:00,SPYX/USDT,SPY,774.05,768.27001953125,75.2,08-18 00:00,248406
2026-08-18T13:30:37+00:00,MSTRX/USDT,MSTR,96.05,95.55000305175781,51.8,08-18 00:00,432730
2026-08-18T13:30:37+00:00,QQQX/USDT,QQQ,722.95,720.0700073242188,39.9,08-18 00:00,135111
2026-08-18T13:30:37+00:00,AMZNX/USDT,AMZN,261.05,260.0450134277344,38.6,08-18 00:00,187395
2026-08-18T13:30:37+00:00,AAPLX/USDT,AAPL,308.48,307.385009765625,35.6,08-18 00:00,126255
2026-08-18T14:00:43+00:00,MCDX/USDT,MCD,271.77,268.44000244140625,124.2,08-18 00:00,55887
2026-08-18T14:00:43+00:00,SPYX/USDT,SPY,773.45,768.1900024414062,68.5,08-18 00:00,225982
2026-08-18T14:00:43+00:00,QQQX/USDT,QQQ,721.82,718.6099853515625,44.7,08-18 00:00,135844
2026-08-18T14:00:43+00:00,AAPLX/USDT,AAPL,308.73,307.3900146484375,43.4,08-18 00:00,128320
2026-08-18T14:00:43+00:00,AVGOX/USDT,AVGO,380.28,378.7912902832031,39.4,08-18 00:00,113148
2026-08-18T14:00:43+00:00,GOOGLX/USDT,GOOGL,342.99,341.69989013671875,37.6,08-18 00:00,163889
2026-08-18T14:00:43+00:00,NVDAX/USDT,NVDA,220.31,219.64199829101562,30.6,08-18 00:00,199873
2026-08-18T15:01:14+00:00,MCDX/USDT,MCD,271.75,269.4200134277344,86.3,08-18 00:00,59462
2026-08-18T15:01:14+00:00,SPYX/USDT,SPY,772.83,767.6242065429688,67.8,08-18 00:00,211885
2026-08-18T15:01:14+00:00,AVGOX/USDT,AVGO,380.25,378.25,52.7,08-18 00:00,115767
2026-08-18T15:01:14+00:00,QQQX/USDT,QQQ,719.19,716.489990234375,37.8,08-18 00:00,136249
2026-08-18T15:01:14+00:00,AAPLX/USDT,AAPL,311.47,310.4169921875,33.8,08-18 00:00,132199
2026-08-18T15:31:10+00:00,MCDX/USDT,MCD,271.72,268.5,119.7,08-18 00:00,59803
2026-08-18T15:31:10+00:00,SPYX/USDT,SPY,772.46,768.10498046875,56.6,08-18 00:00,195611
2026-08-18T15:31:10+00:00,AAPLX/USDT,AAPL,311.46,310.2799987792969,37.9,08-18 00:00,134618
2026-08-18T15:31:10+00:00,AVGOX/USDT,AVGO,381.35,380.1300048828125,32.0,08-18 00:00,118309
2026-08-18T16:01:08+00:00,MCDX/USDT,MCD,271.8,268.1499938964844,135.9,08-18 00:00,60866
2026-08-18T16:01:08+00:00,SPYX/USDT,SPY,773.36,768.4749755859375,63.5,08-18 00:00,196278
2026-08-18T16:01:08+00:00,AAPLX/USDT,AAPL,310.3,309.1449890136719,37.4,08-18 00:00,133448
2026-08-18T16:01:08+00:00,QQQX/USDT,QQQ,721.61,718.9801025390625,36.5,08-18 00:00,134474
2026-08-18T16:31:15+00:00,MCDX/USDT,MCD,271.65,269.0249938964844,97.6,08-18 00:00,60577
2026-08-18T16:31:15+00:00,SPYX/USDT,SPY,773.0,768.25,61.8,08-18 00:00,189357
2026-08-18T16:31:15+00:00,AVGOX/USDT,AVGO,383.0,380.7499084472656,59.0,08-18 00:00,117505
2026-08-18T16:31:15+00:00,QQQX/USDT,QQQ,721.12,718.27001953125,39.6,08-18 00:00,133431
2026-08-18T16:31:15+00:00,AAPLX/USDT,AAPL,311.66,310.70001220703125,30.9,08-18 00:00,124998
2026-08-18T17:00:26+00:00,MCDX/USDT,MCD,271.77,268.7449951171875,112.7,08-18 00:00,59524
2026-08-18T17:00:26+00:00,SPYX/USDT,SPY,773.44,768.5399169921875,63.8,08-18 00:00,188404
2026-08-18T17:00:26+00:00,AVGOX/USDT,AVGO,383.15,380.92498779296875,58.4,08-18 00:00,117027
2026-08-18T17:00:26+00:00,QQQX/USDT,QQQ,722.18,719.0800170898438,43.1,08-18 00:00,132376
2026-08-18T17:00:26+00:00,AAPLX/USDT,AAPL,312.01,310.7926940917969,39.2,08-18 00:00,126027
2026-08-18T17:30:25+00:00,MCDX/USDT,MCD,271.66,268.55499267578125,115.6,08-18 00:00,61169
2026-08-18T17:30:25+00:00,SPYX/USDT,SPY,773.2,768.2750244140625,64.1,08-18 00:00,189645
2026-08-18T17:30:25+00:00,AVGOX/USDT,AVGO,383.11,381.4700012207031,42.9,08-18 00:00,119210
2026-08-18T17:30:25+00:00,QQQX/USDT,QQQ,721.21,718.3800048828125,39.4,08-18 00:00,131474
2026-08-18T17:30:25+00:00,AAPLX/USDT,AAPL,311.52,310.35101318359375,37.7,08-18 00:00,125132
2026-08-18T18:00:29+00:00,MCDX/USDT,MCD,271.51,268.9549865722656,95.2,08-18 00:00,62284
2026-08-18T18:00:29+00:00,AVGOX/USDT,AVGO,382.79,380.25,66.8,08-18 00:00,119972
2026-08-18T18:00:29+00:00,SPYX/USDT,SPY,772.52,767.5700073242188,64.5,08-18 00:00,192199
2026-08-18T18:00:29+00:00,QQQX/USDT,QQQ,719.91,717.0599975585938,39.8,08-18 00:00,135680
2026-08-18T18:00:29+00:00,AAPLX/USDT,AAPL,311.21,310.0350036621094,37.9,08-18 00:00,124175
2026-08-18T18:30:34+00:00,MCDX/USDT,MCD,271.17,268.875,85.4,08-18 00:00,63204
2026-08-18T18:30:34+00:00,AVGOX/USDT,AVGO,382.8,379.7049865722656,81.5,08-18 00:00,117809
2026-08-18T18:30:34+00:00,SPYX/USDT,SPY,773.04,768.3599853515625,60.8,08-18 00:00,187470
2026-08-18T18:30:34+00:00,AAPLX/USDT,AAPL,311.71,310.6098937988281,35.4,08-18 00:00,124194
2026-08-18T18:30:34+00:00,QQQX/USDT,QQQ,720.34,717.97998046875,32.9,08-18 00:00,136792
2026-08-18T19:00:47+00:00,SPYX/USDT,SPY,773.07,767.7650146484375,69.0,08-18 00:00,185333
2026-08-18T19:00:47+00:00,MCDX/USDT,MCD,270.63,268.875,65.5,08-18 00:00,61732
2026-08-18T19:00:47+00:00,AVGOX/USDT,AVGO,380.62,378.7099914550781,50.6,08-18 00:00,119456
2026-08-18T19:00:47+00:00,AAPLX/USDT,AAPL,311.51,310.3299865722656,38.0,08-18 00:00,124626
2026-08-18T19:00:47+00:00,QQQX/USDT,QQQ,719.97,717.288330078125,37.3,08-18 00:00,140138
2026-08-18T19:30:48+00:00,MCDX/USDT,MCD,270.61,268.68499755859375,71.5,08-18 00:00,61726
2026-08-18T19:30:48+00:00,SPYX/USDT,SPY,773.11,768.0399780273438,66.0,08-18 00:00,185757
2026-08-18T19:30:48+00:00,AVGOX/USDT,AVGO,380.91,378.80499267578125,55.6,08-18 00:00,120964
2026-08-18T19:30:48+00:00,AAPLX/USDT,AAPL,310.91,309.7398986816406,37.8,08-18 00:00,124980
2026-08-18T19:30:48+00:00,QQQX/USDT,QQQ,720.4,717.8900146484375,35.0,08-18 00:00,144863
2026-08-18T20:00:53+00:00,MCDX/USDT,MCD,269.77,266.9800109863281,104.7,08-18 00:00,65245
2026-08-18T20:00:53+00:00,AVGOX/USDT,AVGO,383.75,379.8299865722656,103.2,08-18 00:00,122993
2026-08-18T20:00:53+00:00,SPYX/USDT,SPY,772.53,767.3599853515625,67.4,08-18 00:00,186597
2026-08-18T20:00:53+00:00,AAPLX/USDT,AAPL,311.47,310.0299987792969,46.4,08-18 00:00,126043
2026-08-18T20:00:53+00:00,QQQX/USDT,QQQ,720.31,717.510009765625,39.0,08-18 00:00,150429
2026-08-18T20:00:53+00:00,MSTRX/USDT,MSTR,92.81,92.5199966430664,30.8,08-18 00:00,564442
2026-08-18T20:31:02+00:00,AVGOX/USDT,AVGO,382.63,380.0,69.2,08-18 00:00,122406
2026-08-18T20:31:02+00:00,SPYX/USDT,SPY,772.47,767.4500122070312,65.3,08-18 00:00,187466
2026-08-18T20:31:02+00:00,MCDX/USDT,MCD,268.47,266.989990234375,55.4,08-18 00:00,64813
2026-08-18T20:31:02+00:00,MSTRX/USDT,MSTR,92.97,92.5199966430664,49.2,08-18 00:00,571667
2026-08-18T20:31:02+00:00,COINX/USDT,COIN,146.75,146.22999572753906,35.2,08-18 00:00,146383
2026-08-18T20:31:02+00:00,AAPLX/USDT,AAPL,311.12,310.0299987792969,35.2,08-18 00:00,126176
2026-08-18T20:31:02+00:00,QQQX/USDT,QQQ,719.87,717.510009765625,32.8,08-18 00:00,150989
2026-08-18T21:31:12+00:00,MCDX/USDT,MCD,271.79,266.989990234375,179.8,08-18 00:00,63775
2026-08-18T21:31:12+00:00,MSTRX/USDT,MSTR,93.15,92.5199966430664,68.1,08-18 00:00,595711
2026-08-18T21:31:12+00:00,AVGOX/USDT,AVGO,382.4,380.0,63.2,08-18 00:00,120506
2026-08-18T21:31:12+00:00,SPYX/USDT,SPY,772.29,767.4500122070312,63.0,08-18 00:00,190508
2026-08-18T21:31:12+00:00,COINX/USDT,COIN,146.81,146.22999572753906,39.3,08-18 00:00,146358
2026-08-18T21:31:12+00:00,AAPLX/USDT,AAPL,311.14,310.0299987792969,35.8,08-18 00:00,126179
2026-08-18T22:00:18+00:00,MCDX/USDT,MCD,270.46,266.989990234375,129.8,08-18 00:00,63350
2026-08-18T22:00:18+00:00,MSTRX/USDT,MSTR,93.11,92.5199966430664,63.2,08-18 00:00,596777
2026-08-18T22:00:18+00:00,SPYX/USDT,SPY,771.96,767.4500122070312,58.7,08-18 00:00,254299
2026-08-18T22:00:18+00:00,AVGOX/USDT,AVGO,382.02,380.0,53.3,08-18 00:00,119510
2026-08-18T22:00:18+00:00,COINX/USDT,COIN,146.78,146.22999572753906,37.3,08-18 00:00,147207
2026-08-18T22:00:18+00:00,AAPLX/USDT,AAPL,311.13,310.0299987792969,35.6,08-18 00:00,125845
2026-08-18T22:30:24+00:00,MCDX/USDT,MCD,271.19,266.989990234375,157.3,08-18 00:00,65049
2026-08-18T22:30:24+00:00,SPYX/USDT,SPY,771.76,767.4500122070312,56.2,08-18 00:00,261766
2026-08-18T22:30:24+00:00,MSTRX/USDT,MSTR,93.02,92.5199966430664,53.5,08-18 00:00,598884
2026-08-18T22:30:24+00:00,AVGOX/USDT,AVGO,382.0,380.0,52.6,08-18 00:00,119015
2026-08-18T22:30:24+00:00,COINX/USDT,COIN,146.8,146.22999572753906,38.6,08-18 00:00,147417
2026-08-18T22:30:24+00:00,AAPLX/USDT,AAPL,311.19,310.0299987792969,37.6,08-18 00:00,125998
2026-08-18T23:00:49+00:00,MCDX/USDT,MCD,271.46,266.989990234375,167.2,08-18 00:00,66918
2026-08-18T23:00:49+00:00,SPYX/USDT,SPY,771.36,767.4500122070312,50.9,08-18 00:00,261496
2026-08-18T23:00:49+00:00,MSTRX/USDT,MSTR,92.99,92.5199966430664,50.8,08-18 00:00,600932
2026-08-18T23:00:49+00:00,AAPLX/USDT,AAPL,310.97,310.0299987792969,30.3,08-18 00:00,125665
2026-08-18T23:30:35+00:00,MCDX/USDT,MCD,271.82,266.989990234375,181.1,08-18 00:00,67597
2026-08-18T23:30:35+00:00,MSTRX/USDT,MSTR,93.17,92.5199966430664,69.7,08-18 00:00,608543
2026-08-18T23:30:35+00:00,SPYX/USDT,SPY,771.73,767.4500122070312,55.8,08-18 00:00,264158
2026-08-18T23:30:35+00:00,AVGOX/USDT,AVGO,381.81,380.0,47.6,08-18 00:00,116363
2026-08-18T23:30:35+00:00,AAPLX/USDT,AAPL,311.43,310.0299987792969,45.2,08-18 00:00,125738
2026-08-18T23:30:35+00:00,COINX/USDT,COIN,146.72,146.22999572753906,33.9,08-18 00:00,146543
2026-08-19T00:00:51+00:00,MCDX/USDT,MCD,271.63,266.989990234375,173.8,08-18 00:00,69246
2026-08-19T00:00:51+00:00,MSTRX/USDT,MSTR,93.14,92.5199966430664,67.6,08-18 00:00,612829
2026-08-19T00:00:51+00:00,SPYX/USDT,SPY,771.61,767.4500122070312,54.1,08-18 00:00,271623
2026-08-19T00:00:51+00:00,COINX/USDT,COIN,147.01,146.22999572753906,53.7,08-18 00:00,149387
2026-08-19T00:00:51+00:00,AAPLX/USDT,AAPL,311.56,310.0299987792969,49.4,08-18 00:00,126296
2026-08-19T00:00:51+00:00,AVGOX/USDT,AVGO,381.85,380.0,48.7,08-18 00:00,114329
2026-08-19T00:30:42+00:00,MCDX/USDT,MCD,271.63,266.989990234375,173.8,08-18 00:00,69835
2026-08-19T00:30:42+00:00,MSTRX/USDT,MSTR,93.06,92.5199966430664,57.8,08-18 00:00,625591
2026-08-19T00:30:42+00:00,SPYX/USDT,SPY,771.69,767.4500122070312,55.2,08-18 00:00,278606
2026-08-19T00:30:42+00:00,AAPLX/USDT,AAPL,311.64,310.0299987792969,52.1,08-18 00:00,184357
2026-08-19T00:30:42+00:00,COINX/USDT,COIN,146.71,146.22999572753906,32.8,08-18 00:00,150307
2026-08-19T01:00:53+00:00,MCDX/USDT,MCD,271.63,266.989990234375,173.8,08-18 00:00,69757
2026-08-19T01:00:53+00:00,AVGOX/USDT,AVGO,382.11,380.0,55.5,08-18 00:00,94994
2026-08-19T01:00:53+00:00,SPYX/USDT,SPY,771.68,767.4500122070312,55.1,08-18 00:00,275973
2026-08-19T01:00:53+00:00,AAPLX/USDT,AAPL,311.58,310.0299987792969,50.0,08-18 00:00,187351
2026-08-19T01:00:53+00:00,MSTRX/USDT,MSTR,92.89,92.5199966430664,39.5,08-18 00:00,630263
2026-08-19T01:31:01+00:00,MCDX/USDT,MCD,271.63,266.989990234375,173.8,08-18 00:00,70171
2026-08-19T01:31:01+00:00,AVGOX/USDT,AVGO,382.72,380.0,71.6,08-18 00:00,95686
2026-08-19T01:31:01+00:00,SPYX/USDT,SPY,772.38,767.4500122070312,64.3,08-18 00:00,280078
2026-08-19T01:31:01+00:00,MSTRX/USDT,MSTR,93.0,92.5199966430664,51.3,08-18 00:00,635120
2026-08-19T01:31:01+00:00,AAPLX/USDT,AAPL,311.37,310.0299987792969,43.1,08-18 00:00,188445
2026-08-19T01:31:01+00:00,QQQX/USDT,QQQ,720.59,717.510009765625,42.9,08-18 00:00,224821
2026-08-19T01:31:01+00:00,COINX/USDT,COIN,146.79,146.22999572753906,38.0,08-18 00:00,150743
2026-08-19T01:31:01+00:00,AMZNX/USDT,AMZN,260.31,259.45001220703125,33.3,08-18 00:00,55660
2026-08-19T02:01:04+00:00,AVGOX/USDT,AVGO,382.54,380.0,67.0,08-18 00:00,95521
2026-08-19T02:01:04+00:00,SPYX/USDT,SPY,772.03,767.4500122070312,59.7,08-18 00:00,274307
2026-08-19T02:01:04+00:00,AAPLX/USDT,AAPL,311.33,310.0299987792969,41.8,08-18 00:00,202448
2026-08-19T02:01:04+00:00,QQQX/USDT,QQQ,720.18,717.510009765625,37.2,08-18 00:00,222494
2026-08-19T02:31:21+00:00,SPYX/USDT,SPY,771.8,767.4500122070312,56.7,08-18 00:00,275424
2026-08-19T02:31:21+00:00,AVGOX/USDT,AVGO,381.92,380.0,50.7,08-18 00:00,97124
2026-08-19T02:31:21+00:00,AAPLX/USDT,AAPL,311.29,310.0299987792969,40.8,08-18 00:00,202581
2026-08-19T03:30:34+00:00,MCDX/USDT,MCD,269.18,266.989990234375,82.0,08-18 00:00,70837
2026-08-19T03:30:34+00:00,SPYX/USDT,SPY,772.09,767.4500122070312,60.4,08-18 00:00,276473
2026-08-19T03:30:34+00:00,AAPLX/USDT,AAPL,311.73,310.0299987792969,54.8,08-18 00:00,201535
2026-08-19T03:30:34+00:00,AVGOX/USDT,AVGO,381.86,380.0,48.9,08-18 00:00,98281
2026-08-19T03:30:34+00:00,TSLAX/USDT,TSLA,335.76,336.8699951171875,-33.0,08-18 00:00,423325
2026-08-19T04:00:55+00:00,MCDX/USDT,MCD,269.27,266.989990234375,85.4,08-18 00:00,70590
2026-08-19T04:00:55+00:00,SPYX/USDT,SPY,771.8,767.4500122070312,56.7,08-18 00:00,272501
2026-08-19T04:00:55+00:00,AAPLX/USDT,AAPL,311.58,310.0299987792969,49.8,08-18 00:00,204952
2026-08-19T04:00:55+00:00,AVGOX/USDT,AVGO,381.77,380.0,46.7,08-18 00:00,99257
2026-08-19T04:31:13+00:00,MCDX/USDT,MCD,270.61,266.989990234375,135.4,08-18 00:00,70293
2026-08-19T04:31:13+00:00,SPYX/USDT,SPY,771.92,767.4500122070312,58.3,08-18 00:00,271686
2026-08-19T04:31:13+00:00,AAPLX/USDT,AAPL,311.74,310.0299987792969,55.2,08-18 00:00,210079
2026-08-19T04:31:13+00:00,AVGOX/USDT,AVGO,381.67,380.0,43.9,08-18 00:00,98972
2026-08-19T05:01:04+00:00,MCDX/USDT,MCD,270.61,266.989990234375,135.4,08-18 00:00,69544
2026-08-19T05:01:04+00:00,AAPLX/USDT,AAPL,311.86,310.0299987792969,58.9,08-18 00:00,214906
2026-08-19T05:01:04+00:00,SPYX/USDT,SPY,771.31,767.4500122070312,50.3,08-18 00:00,270544
2026-08-19T05:01:04+00:00,TSLAX/USDT,TSLA,335.44,336.8699951171875,-42.3,08-18 00:00,414843
2026-08-19T05:31:16+00:00,MCDX/USDT,MCD,270.61,266.989990234375,135.4,08-18 00:00,70514
2026-08-19T05:31:16+00:00,AAPLX/USDT,AAPL,312.26,310.0299987792969,71.9,08-18 00:00,219747
2026-08-19T05:31:16+00:00,SPYX/USDT,SPY,771.43,767.4500122070312,51.9,08-18 00:00,272417
2026-08-19T05:31:16+00:00,TSLAX/USDT,TSLA,335.69,336.8699951171875,-34.9,08-18 00:00,413434
2026-08-19T06:00:41+00:00,MCDX/USDT,MCD,270.61,266.989990234375,135.4,08-18 00:00,70329
2026-08-19T06:00:41+00:00,AAPLX/USDT,AAPL,312.01,310.0299987792969,64.0,08-18 00:00,233542
2026-08-19T06:00:41+00:00,SPYX/USDT,SPY,771.11,767.4500122070312,47.6,08-18 00:00,274018
2026-08-19T06:00:41+00:00,TSLAX/USDT,TSLA,335.36,336.8699951171875,-45.0,08-18 00:00,412497
2026-08-19T06:30:52+00:00,MCDX/USDT,MCD,270.61,266.989990234375,135.4,08-18 00:00,70911
2026-08-19T06:30:52+00:00,AAPLX/USDT,AAPL,312.29,310.0299987792969,73.1,08-18 00:00,247634
2026-08-19T06:30:52+00:00,SPYX/USDT,SPY,771.56,767.4500122070312,53.5,08-18 00:00,276643
2026-08-19T06:30:52+00:00,TSLAX/USDT,TSLA,335.13,336.8699951171875,-51.7,08-18 00:00,407623
2026-08-19T06:30:52+00:00,NVDAX/USDT,NVDA,218.97,219.74000549316406,-34.8,08-18 00:00,496439
2026-08-19T06:30:52+00:00,AMZNX/USDT,AMZN,260.26,259.45001220703125,31.4,08-18 00:00,52021
2026-08-19T07:30:37+00:00,MCDX/USDT,MCD,269.62,266.989990234375,98.3,08-18 00:00,71893
2026-08-19T07:30:37+00:00,SPYX/USDT,SPY,772.76,767.4500122070312,69.3,08-18 00:00,277271
2026-08-19T07:30:37+00:00,MSTRX/USDT,MSTR,92.95,92.5199966430664,47.0,08-18 00:00,598606
2026-08-19T07:30:37+00:00,AVGOX/USDT,AVGO,381.62,380.0,42.8,08-18 00:00,100076
2026-08-19T07:30:37+00:00,COINX/USDT,COIN,146.81,146.22999572753906,39.7,08-18 00:00,149771
2026-08-19T07:30:37+00:00,QQQX/USDT,QQQ,720.14,717.510009765625,36.7,08-18 00:00,211921
2026-08-19T07:30:37+00:00,AAPLX/USDT,AAPL,311.03,310.0299987792969,32.3,08-18 00:00,249926
2026-08-19T08:00:42+00:00,MCDX/USDT,MCD,271.47,266.989990234375,167.6,08-18 00:00,71204
2026-08-19T08:00:42+00:00,AVGOX/USDT,AVGO,383.25,380.0,85.7,08-18 00:00,99181
2026-08-19T08:00:42+00:00,SPYX/USDT,SPY,772.85,767.4500122070312,70.4,08-18 00:00,282313
2026-08-19T08:00:42+00:00,QQQX/USDT,QQQ,720.56,717.510009765625,42.4,08-18 00:00,212578
2026-08-19T08:00:42+00:00,MSTRX/USDT,MSTR,92.88,92.5199966430664,38.4,08-18 00:00,599788
2026-08-19T08:30:50+00:00,AVGOX/USDT,AVGO,383.48,380.0,91.4,08-18 00:00,100291
2026-08-19T08:30:50+00:00,SPYX/USDT,SPY,773.17,767.4500122070312,74.6,08-18 00:00,280067
2026-08-19T08:30:50+00:00,MCDX/USDT,MCD,268.9,266.989990234375,71.5,08-18 00:00,72265
2026-08-19T08:30:50+00:00,QQQX/USDT,QQQ,721.69,717.510009765625,58.3,08-18 00:00,231311
2026-08-19T08:30:50+00:00,NVDAX/USDT,NVDA,220.99,219.74000549316406,56.7,08-18 00:00,686631
2026-08-19T08:30:50+00:00,MSTRX/USDT,MSTR,92.84,92.5199966430664,35.1,08-18 00:00,575640
2026-08-19T08:30:50+00:00,AMZNX/USDT,AMZN,260.36,259.45001220703125,34.9,08-18 00:00,49709
2026-08-19T08:30:50+00:00,TSLAX/USDT,TSLA,337.91,336.8699951171875,30.9,08-18 00:00,390163
2026-08-19T09:00:54+00:00,MCDX/USDT,MCD,269.57,266.989990234375,96.6,08-18 00:00,75119
2026-08-19T09:00:54+00:00,AVGOX/USDT,AVGO,383.13,380.0,82.4,08-18 00:00,95168
2026-08-19T09:00:54+00:00,SPYX/USDT,SPY,773.17,767.4500122070312,74.6,08-18 00:00,278519
2026-08-19T09:00:54+00:00,MSTRX/USDT,MSTR,93.11,92.5199966430664,63.8,08-18 00:00,549016
2026-08-19T09:00:54+00:00,QQQX/USDT,QQQ,721.42,717.510009765625,54.6,08-18 00:00,238174
2026-08-19T09:00:54+00:00,NVDAX/USDT,NVDA,220.81,219.74000549316406,48.7,08-18 00:00,691756
2026-08-19T09:00:54+00:00,COINX/USDT,COIN,146.86,146.22999572753906,42.7,08-18 00:00,145053
2026-08-19T09:00:54+00:00,AMZNX/USDT,AMZN,260.53,259.45001220703125,41.6,08-18 00:00,49396
2026-08-19T09:30:58+00:00,MCDX/USDT,MCD,270.44,266.989990234375,129.0,08-18 00:00,75105
2026-08-19T09:30:58+00:00,SPYX/USDT,SPY,772.79,767.4500122070312,69.5,08-18 00:00,282956
2026-08-19T09:30:58+00:00,MSTRX/USDT,MSTR,93.06,92.5199966430664,58.9,08-18 00:00,552592
2026-08-19T09:30:58+00:00,NVDAX/USDT,NVDA,220.71,219.74000549316406,44.1,08-18 00:00,694413
2026-08-19T09:30:58+00:00,QQQX/USDT,QQQ,720.56,717.510009765625,42.4,08-18 00:00,243048
2026-08-19T09:30:58+00:00,AMZNX/USDT,AMZN,260.36,259.45001220703125,35.1,08-18 00:00,49181
2026-08-19T10:01:04+00:00,MCDX/USDT,MCD,270.12,266.989990234375,117.0,08-18 00:00,74070
2026-08-19T10:01:04+00:00,SPYX/USDT,SPY,772.52,767.4500122070312,66.1,08-18 00:00,286474
2026-08-19T10:01:04+00:00,MSTRX/USDT,MSTR,93.1,92.5199966430664,62.7,08-18 00:00,549646
2026-08-19T10:01:04+00:00,NVDAX/USDT,NVDA,220.73,219.74000549316406,45.1,08-18 00:00,693573
2026-08-19T10:01:04+00:00,AMZNX/USDT,AMZN,260.6,259.45001220703125,44.1,08-18 00:00,49164
2026-08-19T10:01:04+00:00,AVGOX/USDT,AVGO,381.59,380.0,41.8,08-18 00:00,94436
2026-08-19T10:01:04+00:00,COINX/USDT,COIN,146.83,146.22999572753906,41.4,08-18 00:00,165896
2026-08-19T10:01:04+00:00,QQQX/USDT,QQQ,719.9,717.510009765625,33.3,08-18 00:00,242793
2026-08-19T10:31:10+00:00,MCDX/USDT,MCD,271.48,266.989990234375,168.0,08-18 00:00,73119
2026-08-19T10:31:10+00:00,SPYX/USDT,SPY,772.37,767.4500122070312,64.0,08-18 00:00,285422
2026-08-19T10:31:10+00:00,AMZNX/USDT,AMZN,261.06,259.45001220703125,62.2,08-18 00:00,49090
2026-08-19T10:31:10+00:00,MSTRX/USDT,MSTR,92.95,92.5199966430664,46.5,08-18 00:00,534858
2026-08-19T10:31:10+00:00,NVDAX/USDT,NVDA,220.74,219.74000549316406,45.3,08-18 00:00,696152
2026-08-19T10:31:10+00:00,AAPLX/USDT,AAPL,310.99,310.0299987792969,30.8,08-18 00:00,249491
2026-08-19T11:01:17+00:00,MCDX/USDT,MCD,271.2,266.989990234375,157.7,08-18 00:00,70352
2026-08-19T11:01:17+00:00,SPYX/USDT,SPY,772.55,767.4500122070312,66.5,08-18 00:00,284154
2026-08-19T11:01:17+00:00,MSTRX/USDT,MSTR,92.97,92.5199966430664,49.2,08-18 00:00,535151
2026-08-19T11:01:17+00:00,AMZNX/USDT,AMZN,260.71,259.45001220703125,48.4,08-18 00:00,48743
2026-08-19T11:01:17+00:00,AAPLX/USDT,AAPL,311.12,310.0299987792969,35.0,08-18 00:00,254232
2026-08-19T11:01:17+00:00,NVDAX/USDT,NVDA,220.47,219.74000549316406,33.2,08-18 00:00,696288
2026-08-19T11:01:17+00:00,COINX/USDT,COIN,146.69,146.22999572753906,31.8,08-18 00:00,165459
2026-08-19T11:30:21+00:00,MCDX/USDT,MCD,271.07,266.989990234375,152.8,08-18 00:00,70803
2026-08-19T11:30:21+00:00,SPYX/USDT,SPY,773.0,767.4500122070312,72.4,08-18 00:00,285018
2026-08-19T11:30:21+00:00,MSTRX/USDT,MSTR,93.19,92.5199966430664,71.9,08-18 00:00,535764
2026-08-19T11:30:21+00:00,AMZNX/USDT,AMZN,260.88,259.45001220703125,54.9,08-18 00:00,48511
2026-08-19T11:30:21+00:00,AVGOX/USDT,AVGO,381.55,380.0,40.9,08-18 00:00,102007
2026-08-19T11:30:21+00:00,COINX/USDT,COIN,146.81,146.22999572753906,40.0,08-18 00:00,162471
2026-08-19T11:30:21+00:00,QQQX/USDT,QQQ,719.91,717.510009765625,33.4,08-18 00:00,238167
2026-08-19T11:30:21+00:00,AAPLX/USDT,AAPL,311.0,310.0299987792969,31.4,08-18 00:00,253342
2026-08-19T12:00:32+00:00,MCDX/USDT,MCD,270.88,266.989990234375,145.7,08-18 00:00,78492
2026-08-19T12:00:32+00:00,SPYX/USDT,SPY,772.84,767.4500122070312,70.2,08-18 00:00,284629
2026-08-19T12:00:32+00:00,AAPLX/USDT,AAPL,311.56,310.0299987792969,49.5,08-18 00:00,250404
2026-08-19T12:00:32+00:00,MSTRX/USDT,MSTR,92.94,92.5199966430664,45.9,08-18 00:00,534859
2026-08-19T12:00:32+00:00,COINX/USDT,COIN,146.75,146.22999572753906,35.2,08-18 00:00,162940
2026-08-19T12:00:32+00:00,GOOGLX/USDT,GOOGL,343.11,344.20001220703125,-31.7,08-18 00:00,232832
2026-08-19T12:30:35+00:00,AVGOX/USDT,AVGO,372.54,380.0,-196.4,08-18 00:00,127748
2026-08-19T12:30:35+00:00,MCDX/USDT,MCD,270.85,266.989990234375,144.4,08-18 00:00,76800
2026-08-19T12:30:35+00:00,MSTRX/USDT,MSTR,93.19,92.5199966430664,72.4,08-18 00:00,531311
2026-08-19T12:30:35+00:00,SPYX/USDT,SPY,772.96,767.4500122070312,71.7,08-18 00:00,280603
2026-08-19T12:30:35+00:00,GOOGLX/USDT,GOOGL,342.63,344.20001220703125,-45.6,08-18 00:00,227680
2026-08-19T12:30:35+00:00,NVDAX/USDT,NVDA,220.61,219.74000549316406,39.6,08-18 00:00,694724
2026-08-19T12:30:35+00:00,QQQX/USDT,QQQ,720.13,717.510009765625,36.6,08-18 00:00,237717
2026-08-19T12:30:35+00:00,AAPLX/USDT,AAPL,310.98,310.0299987792969,30.6,08-18 00:00,243483
2026-08-19T13:00:38+00:00,MSTRX/USDT,MSTR,94.47,92.5199966430664,211.3,08-18 00:00,541145
2026-08-19T13:00:38+00:00,MCDX/USDT,MCD,272.05,266.989990234375,189.5,08-18 00:00,78264
2026-08-19T13:00:38+00:00,AVGOX/USDT,AVGO,372.94,380.0,-185.8,08-18 00:00,199682
2026-08-19T13:00:38+00:00,COINX/USDT,COIN,148.14,146.22999572753906,131.0,08-18 00:00,162805
2026-08-19T13:00:38+00:00,SPYX/USDT,SPY,776.22,767.4500122070312,114.3,08-18 00:00,290974
2026-08-19T13:00:38+00:00,QQQX/USDT,QQQ,724.14,717.510009765625,92.5,08-18 00:00,242166
2026-08-19T13:00:38+00:00,AMZNX/USDT,AMZN,261.73,259.45001220703125,87.7,08-18 00:00,44297
2026-08-19T13:00:38+00:00,NVDAX/USDT,NVDA,221.42,219.74000549316406,76.5,08-18 00:00,690142
2026-08-19T13:00:38+00:00,AAPLX/USDT,AAPL,311.23,310.0299987792969,38.7,08-18 00:00,233888
2026-08-19T13:00:38+00:00,TSLAX/USDT,TSLA,338.04,336.8699951171875,34.6,08-18 00:00,372624
2026-08-19T13:30:40+00:00,MCDX/USDT,MCD,270.9,266.2900085449219,173.1,08-19 00:00,77927
2026-08-19T13:30:40+00:00,SPYX/USDT,SPY,776.06,770.3400268554688,74.3,08-19 00:00,292082
2026-08-19T13:30:40+00:00,AVGOX/USDT,AVGO,374.86,372.17999267578125,71.9,08-19 00:00,209656
2026-08-19T13:30:40+00:00,AAPLX/USDT,AAPL,311.73,310.2900085449219,46.2,08-19 00:00,233505
2026-08-19T13:30:40+00:00,QQQX/USDT,QQQ,722.85,719.72998046875,43.3,08-19 00:00,242543
2026-08-19T13:30:40+00:00,AMZNX/USDT,AMZN,261.12,262.20001220703125,-41.4,08-19 00:00,52253
2026-08-19T13:30:40+00:00,MSTRX/USDT,MSTR,94.95,94.63999938964844,32.8,08-19 00:00,545783
2026-08-19T14:01:00+00:00,MCDX/USDT,MCD,274.53,270.0000915527344,168.0,08-19 00:00,79745
2026-08-19T14:01:00+00:00,SPYX/USDT,SPY,775.0,769.8889770507812,66.4,08-19 00:00,304407
2026-08-19T14:01:00+00:00,AAPLX/USDT,AAPL,317.63,316.29998779296875,42.0,08-19 00:00,236824
2026-08-19T14:01:00+00:00,QQQX/USDT,QQQ,717.7,714.7999877929688,40.6,08-19 00:00,256221
2026-08-19T14:01:00+00:00,AVGOX/USDT,AVGO,362.44,361.1000061035156,37.2,08-19 00:00,306388
2026-08-19T14:32:14+00:00,MCDX/USDT,MCD,274.91,270.30010986328125,170.5,08-19 00:00,81102
2026-08-19T14:32:14+00:00,SPYX/USDT,SPY,775.23,770.2899780273438,64.1,08-19 00:00,305916
2026-08-19T14:32:14+00:00,AVGOX/USDT,AVGO,361.94,359.68499755859375,62.7,08-19 00:00,305424
2026-08-19T14:32:14+00:00,AAPLX/USDT,AAPL,317.48,316.2749938964844,37.9,08-19 00:00,329939
2026-08-19T14:32:14+00:00,GOOGLX/USDT,GOOGL,344.46,343.239990234375,35.5,08-19 00:00,179300
2026-08-19T14:32:14+00:00,QQQX/USDT,QQQ,717.94,715.7100219726562,31.2,08-19 00:00,264222
2026-08-19T15:02:13+00:00,MCDX/USDT,MCD,275.12,270.8301086425781,158.4,08-19 00:00,96343
2026-08-19T15:02:13+00:00,AVGOX/USDT,AVGO,363.38,360.8399963378906,70.4,08-19 00:00,304878
2026-08-19T15:02:13+00:00,SPYX/USDT,SPY,777.06,772.1900024414062,63.0,08-19 00:00,304177
2026-08-19T15:02:13+00:00,AAPLX/USDT,AAPL,319.86,318.489990234375,42.9,08-19 00:00,330902
2026-08-19T15:02:13+00:00,QQQX/USDT,QQQ,720.94,718.219970703125,37.9,08-19 00:00,260783
2026-08-19T15:02:13+00:00,GOOGLX/USDT,GOOGL,346.95,345.8399963378906,32.1,08-19 00:00,169603
2026-08-19T15:31:01+00:00,MCDX/USDT,MCD,274.11,269.8500061035156,157.7,08-19 00:00,95866
2026-08-19T15:31:01+00:00,SPYX/USDT,SPY,775.83,771.0499877929688,61.9,08-19 00:00,304667
2026-08-19T15:31:01+00:00,AVGOX/USDT,AVGO,364.01,362.44281005859375,43.4,08-19 00:00,309532
2026-08-19T15:31:01+00:00,AAPLX/USDT,AAPL,319.14,317.8349914550781,41.2,08-19 00:00,331456
2026-08-19T15:31:01+00:00,QQQX/USDT,QQQ,720.84,718.114990234375,37.9,08-19 00:00,262918
2026-08-19T16:01:06+00:00,MCDX/USDT,MCD,274.36,270.0,161.3,08-19 00:00,94232
2026-08-19T16:01:06+00:00,AVGOX/USDT,AVGO,365.53,362.9849853515625,70.3,08-19 00:00,310901
2026-08-19T16:01:06+00:00,SPYX/USDT,SPY,775.02,770.8400268554688,54.2,08-19 00:00,305136
2026-08-19T16:01:06+00:00,AAPLX/USDT,AAPL,317.33,316.2300109863281,34.9,08-19 00:00,332720
2026-08-19T16:31:11+00:00,MCDX/USDT,MCD,274.07,269.45001220703125,171.5,08-19 00:00,94654
2026-08-19T16:31:11+00:00,AVGOX/USDT,AVGO,367.74,364.7699890136719,81.3,08-19 00:00,313399
2026-08-19T16:31:11+00:00,SPYX/USDT,SPY,775.09,770.5,59.5,08-19 00:00,305658
2026-08-19T16:31:11+00:00,QQQX/USDT,QQQ,720.82,718.0549926757812,38.4,08-19 00:00,268948
2026-08-19T16:31:11+00:00,AAPLX/USDT,AAPL,317.54,316.3799133300781,36.8,08-19 00:00,332310
2026-08-19T17:00:18+00:00,MCDX/USDT,MCD,273.76,269.3999938964844,161.8,08-19 00:00,93919
2026-08-19T17:00:18+00:00,AVGOX/USDT,AVGO,366.94,363.6000061035156,91.7,08-19 00:00,318293
2026-08-19T17:00:18+00:00,SPYX/USDT,SPY,774.08,769.6500244140625,57.6,08-19 00:00,305550
2026-08-19T17:00:18+00:00,QQQX/USDT,QQQ,719.45,716.9041137695312,35.5,08-19 00:00,273822
2026-08-19T17:00:18+00:00,AAPLX/USDT,AAPL,316.11,315.07000732421875,33.0,08-19 00:00,332825
2026-08-19T17:30:24+00:00,MCDX/USDT,MCD,273.97,269.4700012207031,166.8,08-19 00:00,93826
2026-08-19T17:30:24+00:00,AVGOX/USDT,AVGO,366.97,364.2699890136719,74.1,08-19 00:00,317412
2026-08-19T17:30:24+00:00,SPYX/USDT,SPY,774.16,769.5700073242188,59.6,08-19 00:00,301079
2026-08-19T17:30:24+00:00,QQQX/USDT,QQQ,718.77,716.52001953125,31.5,08-19 00:00,274649
2026-08-19T17:30:24+00:00,AAPLX/USDT,AAPL,316.01,315.0199890136719,31.4,08-19 00:00,334400
2026-08-19T18:00:28+00:00,MCDX/USDT,MCD,274.17,269.4849853515625,174.0,08-19 00:00,94907
2026-08-19T18:00:28+00:00,AVGOX/USDT,AVGO,366.97,363.7699890136719,87.8,08-19 00:00,317390
2026-08-19T18:00:28+00:00,SPYX/USDT,SPY,774.24,769.5750122070312,60.6,08-19 00:00,299931
2026-08-19T18:00:28+00:00,QQQX/USDT,QQQ,719.27,716.669921875,36.3,08-19 00:00,268577
2026-08-19T18:00:28+00:00,AAPLX/USDT,AAPL,316.22,315.139892578125,34.3,08-19 00:00,341022
2026-08-19T18:30:32+00:00,MCDX/USDT,MCD,274.16,269.6449890136719,167.6,08-19 00:00,95161
2026-08-19T18:30:32+00:00,SPYX/USDT,SPY,773.89,769.844970703125,52.6,08-19 00:00,300238
2026-08-19T18:30:32+00:00,AVGOX/USDT,AVGO,365.6,363.8550109863281,47.8,08-19 00:00,319611
2026-08-19T18:30:32+00:00,AAPLX/USDT,AAPL,315.98,314.8299865722656,36.5,08-19 00:00,350859
2026-08-19T19:00:39+00:00,MCDX/USDT,MCD,273.5,267.3999938964844,227.9,08-19 00:00,98318
2026-08-19T19:00:39+00:00,SPYX/USDT,SPY,774.11,769.4600219726562,60.4,08-19 00:00,306013
2026-08-19T19:00:39+00:00,AVGOX/USDT,AVGO,366.23,364.57501220703125,45.4,08-19 00:00,320732
2026-08-19T19:00:39+00:00,QQQX/USDT,QQQ,719.0,716.385009765625,36.6,08-19 00:00,272681
2026-08-19T19:30:44+00:00,MCDX/USDT,MCD,272.12,267.8900146484375,157.9,08-19 00:00,98817
2026-08-19T19:30:44+00:00,SPYX/USDT,SPY,774.38,769.9099731445312,58.1,08-19 00:00,324425
2026-08-19T19:30:44+00:00,AVGOX/USDT,AVGO,365.94,363.989990234375,53.6,08-19 00:00,322919
2026-08-19T19:30:44+00:00,COINX/USDT,COIN,158.4,157.7050018310547,44.1,08-19 00:00,313535
2026-08-19T19:30:44+00:00,AAPLX/USDT,AAPL,317.59,316.510009765625,34.0,08-19 00:00,352460
2026-08-19T19:30:44+00:00,QQQX/USDT,QQQ,719.51,717.2496948242188,31.5,08-19 00:00,275427
2026-08-19T20:00:50+00:00,MCDX/USDT,MCD,272.64,267.42999267578125,194.8,08-19 00:00,95089
2026-08-19T20:00:50+00:00,AVGOX/USDT,AVGO,365.06,362.4800109863281,71.2,08-19 00:00,320923
2026-08-19T20:00:50+00:00,SPYX/USDT,SPY,773.66,769.0999755859375,59.3,08-19 00:00,329658
2026-08-19T20:00:50+00:00,QQQX/USDT,QQQ,718.43,716.0800170898438,32.9,08-19 00:00,276276
2026-08-19T20:30:53+00:00,MCDX/USDT,MCD,271.87,267.45001220703125,165.1,08-19 00:00,96253
2026-08-19T20:30:53+00:00,MSTRX/USDT,MSTR,105.47,104.25,116.5,08-19 00:00,751666
2026-08-19T20:30:53+00:00,COINX/USDT,COIN,161.76,160.1999969482422,97.4,08-19 00:00,332087
2026-08-19T20:30:53+00:00,AVGOX/USDT,AVGO,365.46,362.4800109863281,82.1,08-19 00:00,327096
2026-08-19T20:30:53+00:00,SPYX/USDT,SPY,773.31,769.0599975585938,55.3,08-19 00:00,332792
2026-08-19T20:30:53+00:00,QQQX/USDT,QQQ,718.6,716.0800170898438,35.2,08-19 00:00,276979
2026-08-19T21:31:05+00:00,MSTRX/USDT,MSTR,108.73,104.25,430.2,08-19 00:00,819993
2026-08-19T21:31:05+00:00,COINX/USDT,COIN,165.39,160.1999969482422,324.0,08-19 00:00,342352
2026-08-19T21:31:05+00:00,MCDX/USDT,MCD,271.99,267.45001220703125,169.6,08-19 00:00,95867
2026-08-19T21:31:05+00:00,AVGOX/USDT,AVGO,366.06,362.4800109863281,98.9,08-19 00:00,342380
2026-08-19T21:31:05+00:00,SPYX/USDT,SPY,773.95,769.0599975585938,63.6,08-19 00:00,340764
2026-08-19T21:31:05+00:00,NVDAX/USDT,NVDA,218.56,217.55999755859375,45.7,08-19 00:00,688253
2026-08-19T21:31:05+00:00,QQQX/USDT,QQQ,719.28,716.0800170898438,44.7,08-19 00:00,223481
2026-08-19T21:31:05+00:00,TSLAX/USDT,TSLA,350.06,351.1199951171875,-30.2,08-19 00:00,483826
2026-08-19T22:01:13+00:00,MSTRX/USDT,MSTR,108.94,104.25,450.4,08-19 00:00,851167
2026-08-19T22:01:13+00:00,COINX/USDT,COIN,164.88,160.1999969482422,291.8,08-19 00:00,346881
2026-08-19T22:01:13+00:00,MCDX/USDT,MCD,272.0,267.45001220703125,169.9,08-19 00:00,98465
2026-08-19T22:01:13+00:00,AVGOX/USDT,AVGO,366.31,362.4800109863281,105.8,08-19 00:00,349476
2026-08-19T22:01:13+00:00,SPYX/USDT,SPY,774.09,769.0599975585938,65.3,08-19 00:00,278957
2026-08-19T22:01:13+00:00,NVDAX/USDT,NVDA,218.62,217.55999755859375,48.5,08-19 00:00,692313
2026-08-19T22:01:13+00:00,QQQX/USDT,QQQ,719.3,716.0800170898438,45.0,08-19 00:00,220670
2026-08-19T22:01:13+00:00,TSLAX/USDT,TSLA,350.02,351.1199951171875,-31.2,08-19 00:00,488749
2026-08-19T22:30:16+00:00,COINX/USDT,COIN,164.92,160.1999969482422,294.6,08-19 00:00,353289
2026-08-19T22:30:16+00:00,MSTRX/USDT,MSTR,107.25,104.25,287.3,08-19 00:00,872549
2026-08-19T22:30:16+00:00,MCDX/USDT,MCD,272.03,267.45001220703125,171.4,08-19 00:00,96742
2026-08-19T22:30:16+00:00,AVGOX/USDT,AVGO,367.0,362.4800109863281,124.6,08-19 00:00,359812
2026-08-19T22:30:16+00:00,SPYX/USDT,SPY,774.44,769.0599975585938,70.0,08-19 00:00,271229
2026-08-19T22:30:16+00:00,QQQX/USDT,QQQ,720.98,716.0800170898438,68.4,08-19 00:00,216277
2026-08-19T22:30:16+00:00,NVDAX/USDT,NVDA,218.93,217.55999755859375,63.0,08-19 00:00,696467
2026-08-19T22:30:16+00:00,AMZNX/USDT,AMZN,267.22,265.8399963378906,51.7,08-19 00:00,63729
2026-08-19T22:30:16+00:00,AAPLX/USDT,AAPL,317.96,316.8299865722656,35.5,08-19 00:00,361300
2026-08-19T23:00:22+00:00,COINX/USDT,COIN,165.41,160.1999969482422,325.2,08-19 00:00,357658
2026-08-19T23:00:22+00:00,MSTRX/USDT,MSTR,107.49,104.25,310.8,08-19 00:00,870599
2026-08-19T23:00:22+00:00,MCDX/USDT,MCD,272.1,267.45001220703125,173.7,08-19 00:00,96180
2026-08-19T23:00:22+00:00,AVGOX/USDT,AVGO,367.21,362.4800109863281,130.5,08-19 00:00,372109
2026-08-19T23:00:22+00:00,SPYX/USDT,SPY,774.77,769.0599975585938,74.2,08-19 00:00,271813
2026-08-19T23:00:22+00:00,QQQX/USDT,QQQ,721.31,716.0800170898438,73.0,08-19 00:00,220551
2026-08-19T23:00:22+00:00,NVDAX/USDT,NVDA,218.87,217.55999755859375,60.2,08-19 00:00,697601
2026-08-19T23:00:22+00:00,AMZNX/USDT,AMZN,267.05,265.8399963378906,45.7,08-19 00:00,63745
2026-08-19T23:00:22+00:00,AAPLX/USDT,AAPL,317.99,316.8299865722656,36.5,08-19 00:00,361497
2026-08-19T23:30:30+00:00,MSTRX/USDT,MSTR,108.12,104.25,371.2,08-19 00:00,865078
2026-08-19T23:30:30+00:00,COINX/USDT,COIN,165.66,160.1999969482422,341.1,08-19 00:00,370101
2026-08-19T23:30:30+00:00,MCDX/USDT,MCD,272.06,267.45001220703125,172.4,08-19 00:00,95974
2026-08-19T23:30:30+00:00,AVGOX/USDT,AVGO,367.53,362.4800109863281,139.5,08-19 00:00,370736
2026-08-19T23:30:30+00:00,QQQX/USDT,QQQ,721.72,716.0800170898438,78.8,08-19 00:00,222232
2026-08-19T23:30:30+00:00,SPYX/USDT,SPY,774.6,769.0599975585938,72.0,08-19 00:00,274541
2026-08-19T23:30:30+00:00,NVDAX/USDT,NVDA,218.99,217.55999755859375,65.7,08-19 00:00,703741
2026-08-19T23:30:30+00:00,AMZNX/USDT,AMZN,267.06,265.8399963378906,45.9,08-19 00:00,63956
2026-08-19T23:30:30+00:00,AAPLX/USDT,AAPL,318.08,316.8299865722656,39.5,08-19 00:00,361757
2026-08-20T00:00:36+00:00,MSTRX/USDT,MSTR,107.83,104.25,342.9,08-19 00:00,861892
2026-08-20T00:00:36+00:00,COINX/USDT,COIN,165.28,160.1999969482422,316.8,08-19 00:00,369895
2026-08-20T00:00:36+00:00,MCDX/USDT,MCD,272.06,267.45001220703125,172.4,08-19 00:00,94814
2026-08-20T00:00:36+00:00,AVGOX/USDT,AVGO,368.04,362.4800109863281,153.4,08-19 00:00,372364
2026-08-20T00:00:36+00:00,QQQX/USDT,QQQ,720.95,716.0800170898438,68.0,08-19 00:00,223377
2026-08-20T00:00:36+00:00,SPYX/USDT,SPY,774.12,769.0599975585938,65.9,08-19 00:00,275028
2026-08-20T00:00:36+00:00,NVDAX/USDT,NVDA,218.87,217.55999755859375,60.2,08-19 00:00,684018
2026-08-20T00:00:36+00:00,AMZNX/USDT,AMZN,267.0,265.8399963378906,43.6,08-19 00:00,64594
2026-08-20T00:00:36+00:00,AAPLX/USDT,AAPL,317.91,316.8299865722656,34.1,08-19 00:00,362330
2026-08-20T00:00:36+00:00,GOOGLX/USDT,GOOGL,345.85,344.7200012207031,32.6,08-19 00:00,179457
2026-08-20T00:30:41+00:00,MSTRX/USDT,MSTR,108.28,104.25,386.6,08-19 00:00,862206
2026-08-20T00:30:41+00:00,COINX/USDT,COIN,166.3,160.1999969482422,380.8,08-19 00:00,372451
2026-08-20T00:30:41+00:00,MCDX/USDT,MCD,272.81,267.45001220703125,200.2,08-19 00:00,95208
2026-08-20T00:30:41+00:00,AVGOX/USDT,AVGO,367.36,362.4800109863281,134.6,08-19 00:00,383684
2026-08-20T00:30:41+00:00,SPYX/USDT,SPY,774.61,769.0599975585938,72.1,08-19 00:00,266846
2026-08-20T00:30:41+00:00,NVDAX/USDT,NVDA,219.07,217.55999755859375,69.4,08-19 00:00,445096
2026-08-20T00:30:41+00:00,QQQX/USDT,QQQ,721.02,716.0800170898438,69.0,08-19 00:00,228740
2026-08-20T00:30:41+00:00,AMZNX/USDT,AMZN,267.64,265.8399963378906,67.7,08-19 00:00,65818
2026-08-20T00:30:41+00:00,GOOGLX/USDT,GOOGL,346.21,344.7200012207031,43.1,08-19 00:00,178148
2026-08-20T00:30:41+00:00,AAPLX/USDT,AAPL,318.09,316.8299865722656,39.8,08-19 00:00,304045
2026-08-20T01:00:48+00:00,COINX/USDT,COIN,165.78,160.1999969482422,348.3,08-19 00:00,374693
2026-08-20T01:00:48+00:00,MSTRX/USDT,MSTR,107.69,104.25,330.5,08-19 00:00,868776
2026-08-20T01:00:48+00:00,MCDX/USDT,MCD,272.5,267.45001220703125,189.0,08-19 00:00,96792
2026-08-20T01:00:48+00:00,AVGOX/USDT,AVGO,368.64,362.4800109863281,170.1,08-19 00:00,387334
2026-08-20T01:00:48+00:00,NVDAX/USDT,NVDA,219.37,217.55999755859375,83.0,08-19 00:00,439324
2026-08-20T01:00:48+00:00,QQQX/USDT,QQQ,721.69,716.0800170898438,78.3,08-19 00:00,234952
2026-08-20T01:00:48+00:00,SPYX/USDT,SPY,774.9,769.0599975585938,75.9,08-19 00:00,266769
2026-08-20T01:00:48+00:00,GOOGLX/USDT,GOOGL,346.44,344.7200012207031,49.8,08-19 00:00,89512
2026-08-20T01:00:48+00:00,AMZNX/USDT,AMZN,267.06,265.8399963378906,46.1,08-19 00:00,66508
2026-08-20T01:00:48+00:00,AAPLX/USDT,AAPL,317.95,316.8299865722656,35.5,08-19 00:00,302084
2026-08-20T01:30:54+00:00,MSTRX/USDT,MSTR,107.73,104.25,334.3,08-19 00:00,863966
2026-08-20T01:30:54+00:00,COINX/USDT,COIN,165.3,160.1999969482422,318.4,08-19 00:00,375757
2026-08-20T01:30:54+00:00,MCDX/USDT,MCD,272.5,267.45001220703125,189.0,08-19 00:00,97694
2026-08-20T01:30:54+00:00,AVGOX/USDT,AVGO,368.81,362.4800109863281,174.6,08-19 00:00,389830
2026-08-20T01:30:54+00:00,NVDAX/USDT,NVDA,219.26,217.55999755859375,78.4,08-19 00:00,443199
2026-08-20T01:30:54+00:00,QQQX/USDT,QQQ,721.38,716.0800170898438,73.9,08-19 00:00,233550
2026-08-20T01:30:54+00:00,SPYX/USDT,SPY,774.57,769.0599975585938,71.6,08-19 00:00,262554
2026-08-20T01:30:54+00:00,GOOGLX/USDT,GOOGL,346.46,344.7200012207031,50.3,08-19 00:00,87321
2026-08-20T01:30:54+00:00,AAPLX/USDT,AAPL,318.3,316.8299865722656,46.4,08-19 00:00,302949
2026-08-20T01:30:54+00:00,AMZNX/USDT,AMZN,266.76,265.8399963378906,34.8,08-19 00:00,67971
2026-08-20T02:00:55+00:00,MSTRX/USDT,MSTR,108.44,104.25,401.4,08-19 00:00,862409
2026-08-20T02:00:55+00:00,COINX/USDT,COIN,165.55,160.1999969482422,334.0,08-19 00:00,375556
2026-08-20T02:00:55+00:00,AVGOX/USDT,AVGO,369.64,362.4800109863281,197.7,08-19 00:00,394594
2026-08-20T02:00:55+00:00,MCDX/USDT,MCD,271.39,267.45001220703125,147.3,08-19 00:00,98439
2026-08-20T02:00:55+00:00,NVDAX/USDT,NVDA,219.45,217.55999755859375,86.9,08-19 00:00,443221
2026-08-20T02:00:55+00:00,QQQX/USDT,QQQ,721.63,716.0800170898438,77.6,08-19 00:00,234167
2026-08-20T02:00:55+00:00,SPYX/USDT,SPY,774.51,769.0599975585938,70.9,08-19 00:00,266292
2026-08-20T02:00:55+00:00,GOOGLX/USDT,GOOGL,346.35,344.7200012207031,47.1,08-19 00:00,87190
2026-08-20T02:00:55+00:00,AMZNX/USDT,AMZN,266.74,265.8399963378906,33.7,08-19 00:00,68448
2026-08-20T02:00:55+00:00,AAPLX/USDT,AAPL,317.88,316.8299865722656,33.1,08-19 00:00,284524
2026-08-20T03:31:09+00:00,MSTRX/USDT,MSTR,107.08,104.25,271.9,08-19 00:00,875259
2026-08-20T03:31:09+00:00,COINX/USDT,COIN,164.12,160.1999969482422,244.7,08-19 00:00,375915
2026-08-20T03:31:09+00:00,AVGOX/USDT,AVGO,368.23,362.4800109863281,158.6,08-19 00:00,398260
2026-08-20T03:31:09+00:00,MCDX/USDT,MCD,271.0,267.45001220703125,132.5,08-19 00:00,96916
2026-08-20T03:31:09+00:00,NVDAX/USDT,NVDA,219.21,217.55999755859375,75.8,08-19 00:00,445833
2026-08-20T03:31:09+00:00,SPYX/USDT,SPY,774.76,769.0599975585938,74.2,08-19 00:00,265693
2026-08-20T03:31:09+00:00,QQQX/USDT,QQQ,721.16,716.0800170898438,71.0,08-19 00:00,235689
2026-08-20T03:31:09+00:00,GOOGLX/USDT,GOOGL,346.06,344.7200012207031,39.0,08-19 00:00,89676
2026-08-20T04:00:43+00:00,MSTRX/USDT,MSTR,107.55,104.25,316.5,08-19 00:00,876722
2026-08-20T04:00:43+00:00,COINX/USDT,COIN,164.53,160.1999969482422,270.3,08-19 00:00,376020
2026-08-20T04:00:43+00:00,MCDX/USDT,MCD,271.83,267.45001220703125,163.6,08-19 00:00,96210
2026-08-20T04:00:43+00:00,AVGOX/USDT,AVGO,367.2,362.4800109863281,130.4,08-19 00:00,396524
2026-08-20T04:00:43+00:00,NVDAX/USDT,NVDA,219.25,217.55999755859375,77.7,08-19 00:00,448117
2026-08-20T04:00:43+00:00,SPYX/USDT,SPY,774.88,769.0599975585938,75.7,08-19 00:00,264771
2026-08-20T04:00:43+00:00,QQQX/USDT,QQQ,720.77,716.0800170898438,65.5,08-19 00:00,236363
2026-08-20T04:00:43+00:00,GOOGLX/USDT,GOOGL,346.16,344.7200012207031,41.9,08-19 00:00,89621
2026-08-20T04:30:45+00:00,MSTRX/USDT,MSTR,107.81,104.25,342.0,08-19 00:00,876031
2026-08-20T04:30:45+00:00,COINX/USDT,COIN,165.15,160.1999969482422,309.0,08-19 00:00,375914
2026-08-20T04:30:45+00:00,AVGOX/USDT,AVGO,369.15,362.4800109863281,184.1,08-19 00:00,395680
2026-08-20T04:30:45+00:00,MCDX/USDT,MCD,272.31,267.45001220703125,181.7,08-19 00:00,96004
2026-08-20T04:30:45+00:00,NVDAX/USDT,NVDA,219.31,217.55999755859375,80.2,08-19 00:00,445427
2026-08-20T04:30:45+00:00,SPYX/USDT,SPY,774.95,769.0599975585938,76.7,08-19 00:00,266733
2026-08-20T04:30:45+00:00,QQQX/USDT,QQQ,721.32,716.0800170898438,73.2,08-19 00:00,239726
2026-08-20T04:30:45+00:00,GOOGLX/USDT,GOOGL,346.17,344.7200012207031,42.2,08-19 00:00,89976
2026-08-20T04:30:45+00:00,AMZNX/USDT,AMZN,266.69,265.8399963378906,32.0,08-19 00:00,69576
2026-08-20T05:00:51+00:00,MSTRX/USDT,MSTR,108.13,104.25,372.7,08-19 00:00,865563
2026-08-20T05:00:51+00:00,COINX/USDT,COIN,165.38,160.1999969482422,323.0,08-19 00:00,376309
2026-08-20T05:00:51+00:00,MCDX/USDT,MCD,273.24,267.45001220703125,216.5,08-19 00:00,95983
2026-08-20T05:00:51+00:00,AVGOX/USDT,AVGO,367.0,362.4800109863281,124.7,08-19 00:00,394484
2026-08-20T05:00:51+00:00,NVDAX/USDT,NVDA,219.3,217.55999755859375,80.0,08-19 00:00,443282
2026-08-20T05:00:51+00:00,SPYX/USDT,SPY,774.91,769.0599975585938,76.1,08-19 00:00,265206
2026-08-20T05:00:51+00:00,QQQX/USDT,QQQ,720.92,716.0800170898438,67.6,08-19 00:00,238718
2026-08-20T05:00:51+00:00,GOOGLX/USDT,GOOGL,346.23,344.7200012207031,43.7,08-19 00:00,91016
2026-08-20T05:00:51+00:00,AMZNX/USDT,AMZN,266.81,265.8399963378906,36.5,08-19 00:00,69186
2026-08-20T05:30:52+00:00,MSTRX/USDT,MSTR,108.28,104.25,387.1,08-19 00:00,868377
2026-08-20T05:30:52+00:00,COINX/USDT,COIN,165.68,160.1999969482422,341.8,08-19 00:00,375775
2026-08-20T05:30:52+00:00,MCDX/USDT,MCD,273.0,267.45001220703125,207.7,08-19 00:00,94779
2026-08-20T05:30:52+00:00,AVGOX/USDT,AVGO,369.2,362.4800109863281,185.3,08-19 00:00,394666
2026-08-20T05:30:52+00:00,NVDAX/USDT,NVDA,219.25,217.55999755859375,77.5,08-19 00:00,441203
2026-08-20T05:30:52+00:00,SPYX/USDT,SPY,774.77,769.0599975585938,74.2,08-19 00:00,263039
2026-08-20T05:30:52+00:00,QQQX/USDT,QQQ,720.83,716.0800170898438,66.3,08-19 00:00,236606
2026-08-20T05:30:52+00:00,GOOGLX/USDT,GOOGL,345.97,344.7200012207031,36.3,08-19 00:00,90756
2026-08-20T05:30:52+00:00,AMZNX/USDT,AMZN,266.66,265.8399963378906,31.0,08-19 00:00,69203
2026-08-20T06:01:01+00:00,MSTRX/USDT,MSTR,107.72,104.25,333.3,08-19 00:00,868570
2026-08-20T06:01:01+00:00,COINX/USDT,COIN,164.84,160.1999969482422,290.0,08-19 00:00,374077
2026-08-20T06:01:01+00:00,AVGOX/USDT,AVGO,369.53,362.4800109863281,194.5,08-19 00:00,396312
2026-08-20T06:01:01+00:00,MCDX/USDT,MCD,271.77,267.45001220703125,161.7,08-19 00:00,94669
2026-08-20T06:01:01+00:00,NVDAX/USDT,NVDA,219.34,217.55999755859375,81.6,08-19 00:00,443808
2026-08-20T06:01:01+00:00,SPYX/USDT,SPY,774.62,769.0599975585938,72.3,08-19 00:00,263360
2026-08-20T06:01:01+00:00,QQQX/USDT,QQQ,720.64,716.0800170898438,63.7,08-19 00:00,242146
2026-08-20T06:01:01+00:00,GOOGLX/USDT,GOOGL,346.04,344.7200012207031,38.4,08-19 00:00,90233
2026-08-20T06:01:01+00:00,AMZNX/USDT,AMZN,266.73,265.8399963378906,33.5,08-19 00:00,69201
2026-08-20T06:31:05+00:00,MSTRX/USDT,MSTR,108.22,104.25,380.3,08-19 00:00,866891
2026-08-20T06:31:05+00:00,COINX/USDT,COIN,165.53,160.1999969482422,333.0,08-19 00:00,374527
2026-08-20T06:31:05+00:00,AVGOX/USDT,AVGO,369.33,362.4800109863281,189.1,08-19 00:00,394525
2026-08-20T06:31:05+00:00,MCDX/USDT,MCD,272.49,267.45001220703125,188.3,08-19 00:00,94052
2026-08-20T06:31:05+00:00,NVDAX/USDT,NVDA,219.4,217.55999755859375,84.8,08-19 00:00,444717
2026-08-20T06:31:05+00:00,QQQX/USDT,QQQ,721.57,716.0800170898438,76.6,08-19 00:00,242219
2026-08-20T06:31:05+00:00,SPYX/USDT,SPY,774.84,769.0599975585938,75.1,08-19 00:00,259669
2026-08-20T06:31:05+00:00,AMZNX/USDT,AMZN,267.21,265.8399963378906,51.5,08-19 00:00,69150
2026-08-20T06:31:05+00:00,GOOGLX/USDT,GOOGL,346.29,344.7200012207031,45.5,08-19 00:00,90648
2026-08-20T07:01:09+00:00,MSTRX/USDT,MSTR,108.48,104.25,406.2,08-19 00:00,1035114
2026-08-20T07:01:09+00:00,COINX/USDT,COIN,165.93,160.1999969482422,357.4,08-19 00:00,374371
2026-08-20T07:01:09+00:00,MCDX/USDT,MCD,272.52,267.45001220703125,189.6,08-19 00:00,93953
2026-08-20T07:01:09+00:00,AVGOX/USDT,AVGO,368.91,362.4800109863281,177.4,08-19 00:00,403878
2026-08-20T07:01:09+00:00,NVDAX/USDT,NVDA,219.61,217.55999755859375,94.0,08-19 00:00,444664
2026-08-20T07:01:09+00:00,QQQX/USDT,QQQ,722.17,716.0800170898438,85.1,08-19 00:00,241636
2026-08-20T07:01:09+00:00,SPYX/USDT,SPY,774.77,769.0599975585938,74.2,08-19 00:00,257382
2026-08-20T07:01:09+00:00,AMZNX/USDT,AMZN,267.32,265.8399963378906,55.7,08-19 00:00,69353
2026-08-20T07:01:09+00:00,GOOGLX/USDT,GOOGL,346.37,344.7200012207031,47.9,08-19 00:00,90444
2026-08-20T07:30:28+00:00,MSTRX/USDT,MSTR,108.17,104.25,375.5,08-19 00:00,1058588
2026-08-20T07:30:28+00:00,COINX/USDT,COIN,165.59,160.1999969482422,336.5,08-19 00:00,372435
2026-08-20T07:30:28+00:00,AVGOX/USDT,AVGO,371.01,362.4800109863281,235.3,08-19 00:00,411941
2026-08-20T07:30:28+00:00,MCDX/USDT,MCD,271.78,267.45001220703125,162.1,08-19 00:00,94087
2026-08-20T07:30:28+00:00,NVDAX/USDT,NVDA,219.41,217.55999755859375,84.8,08-19 00:00,443397
2026-08-20T07:30:28+00:00,SPYX/USDT,SPY,774.25,769.0599975585938,67.5,08-19 00:00,254923
2026-08-20T07:30:28+00:00,QQQX/USDT,QQQ,720.9,716.0800170898438,67.3,08-19 00:00,241640
2026-08-20T07:30:28+00:00,AMZNX/USDT,AMZN,266.89,265.8399963378906,39.5,08-19 00:00,70115
2026-08-20T07:30:28+00:00,GOOGLX/USDT,GOOGL,346.01,344.7200012207031,37.4,08-19 00:00,90231
2026-08-20T08:00:28+00:00,MSTRX/USDT,MSTR,108.56,104.25,412.9,08-19 00:00,1062593
2026-08-20T08:00:28+00:00,COINX/USDT,COIN,165.59,160.1999969482422,336.1,08-19 00:00,370352
2026-08-20T08:00:28+00:00,MCDX/USDT,MCD,271.69,267.45001220703125,158.5,08-19 00:00,94465
2026-08-20T08:00:28+00:00,AVGOX/USDT,AVGO,367.6,362.4800109863281,141.1,08-19 00:00,415094
2026-08-20T08:00:28+00:00,NVDAX/USDT,NVDA,219.43,217.55999755859375,86.0,08-19 00:00,262844
2026-08-20T08:00:28+00:00,QQQX/USDT,QQQ,720.87,716.0800170898438,66.8,08-19 00:00,240781
2026-08-20T08:00:28+00:00,SPYX/USDT,SPY,774.14,769.0599975585938,66.1,08-19 00:00,250555
2026-08-20T08:00:28+00:00,GOOGLX/USDT,GOOGL,345.83,344.7200012207031,32.3,08-19 00:00,90645
2026-08-20T08:00:28+00:00,AMZNX/USDT,AMZN,266.67,265.8399963378906,31.4,08-19 00:00,69952
2026-08-20T08:30:27+00:00,MSTRX/USDT,MSTR,112.63,104.25,804.3,08-19 00:00,1115424
2026-08-20T08:30:27+00:00,COINX/USDT,COIN,171.44,160.1999969482422,701.9,08-19 00:00,385365
2026-08-20T08:30:27+00:00,MCDX/USDT,MCD,272.92,267.45001220703125,204.7,08-19 00:00,93403
2026-08-20T08:30:27+00:00,AVGOX/USDT,AVGO,367.35,362.4800109863281,134.4,08-19 00:00,413389
2026-08-20T08:30:27+00:00,TSLAX/USDT,TSLA,348.67,351.1199951171875,-69.8,08-19 00:00,420042
2026-08-20T08:30:27+00:00,SPYX/USDT,SPY,773.63,769.0599975585938,59.4,08-19 00:00,249919
2026-08-20T08:30:27+00:00,NVDAX/USDT,NVDA,218.6,217.55999755859375,47.8,08-19 00:00,263299
2026-08-20T08:30:27+00:00,QQQX/USDT,QQQ,718.36,716.0800170898438,31.8,08-19 00:00,221158
2026-08-20T09:00:30+00:00,MSTRX/USDT,MSTR,113.36,104.25,873.4,08-19 00:00,1131548
2026-08-20T09:00:30+00:00,COINX/USDT,COIN,170.0,160.1999969482422,611.4,08-19 00:00,389507
2026-08-20T09:00:30+00:00,MCDX/USDT,MCD,271.6,267.45001220703125,155.2,08-19 00:00,93086
2026-08-20T09:00:30+00:00,AVGOX/USDT,AVGO,366.69,362.4800109863281,116.0,08-19 00:00,414661
2026-08-20T09:00:30+00:00,TSLAX/USDT,TSLA,347.8,351.1199951171875,-94.6,08-19 00:00,428483
2026-08-20T09:00:30+00:00,SPYX/USDT,SPY,773.49,769.0599975585938,57.5,08-19 00:00,419069
2026-08-20T09:00:30+00:00,NVDAX/USDT,NVDA,218.34,217.55999755859375,36.1,08-19 00:00,263181
2026-08-20T09:30:40+00:00,MSTRX/USDT,MSTR,113.75,104.25,911.8,08-19 00:00,1149519
2026-08-20T09:30:40+00:00,COINX/USDT,COIN,170.99,160.1999969482422,673.2,08-19 00:00,392387
2026-08-20T09:30:40+00:00,MCDX/USDT,MCD,273.12,267.45001220703125,212.0,08-19 00:00,92923
2026-08-20T09:30:40+00:00,AVGOX/USDT,AVGO,367.52,362.4800109863281,139.0,08-19 00:00,419067
2026-08-20T09:30:40+00:00,SPYX/USDT,SPY,774.25,769.0599975585938,67.6,08-19 00:00,417512
2026-08-20T09:30:40+00:00,NVDAX/USDT,NVDA,218.74,217.55999755859375,54.0,08-19 00:00,258520
2026-08-20T09:30:40+00:00,TSLAX/USDT,TSLA,349.35,351.1199951171875,-50.6,08-19 00:00,431631
2026-08-20T09:30:40+00:00,QQQX/USDT,QQQ,718.96,716.0800170898438,40.2,08-19 00:00,416218
2026-08-20T10:00:44+00:00,MSTRX/USDT,MSTR,114.06,104.25,940.5,08-19 00:00,1167711
2026-08-20T10:00:44+00:00,COINX/USDT,COIN,171.98,160.1999969482422,735.0,08-19 00:00,375946
2026-08-20T10:00:44+00:00,MCDX/USDT,MCD,273.51,267.45001220703125,226.6,08-19 00:00,94497
2026-08-20T10:00:44+00:00,AVGOX/USDT,AVGO,366.4,362.4800109863281,108.1,08-19 00:00,419579
2026-08-20T10:00:44+00:00,TSLAX/USDT,TSLA,348.76,351.1199951171875,-67.2,08-19 00:00,427341
2026-08-20T10:00:44+00:00,SPYX/USDT,SPY,774.09,769.0599975585938,65.3,08-19 00:00,418081
2026-08-20T10:00:44+00:00,NVDAX/USDT,NVDA,218.78,217.55999755859375,56.3,08-19 00:00,259328
2026-08-20T10:00:44+00:00,QQQX/USDT,QQQ,719.01,716.0800170898438,41.0,08-19 00:00,415004
2026-08-20T10:31:10+00:00,MSTRX/USDT,MSTR,114.75,104.25,1007.7,08-19 00:00,1204641
2026-08-20T10:31:10+00:00,COINX/USDT,COIN,172.92,160.1999969482422,794.0,08-19 00:00,393988
2026-08-20T10:31:10+00:00,MCDX/USDT,MCD,273.52,267.45001220703125,227.0,08-19 00:00,94239
2026-08-20T10:31:10+00:00,AVGOX/USDT,AVGO,367.67,362.4800109863281,143.2,08-19 00:00,421203
2026-08-20T10:31:10+00:00,SPYX/USDT,SPY,774.48,769.0599975585938,70.5,08-19 00:00,420243
2026-08-20T10:31:10+00:00,NVDAX/USDT,NVDA,218.91,217.55999755859375,62.3,08-19 00:00,260761
2026-08-20T10:31:10+00:00,TSLAX/USDT,TSLA,348.96,351.1199951171875,-61.7,08-19 00:00,431615
2026-08-20T10:31:10+00:00,QQQX/USDT,QQQ,719.26,716.0800170898438,44.4,08-19 00:00,418486
2026-08-20T10:31:10+00:00,AMZNX/USDT,AMZN,266.73,265.8399963378906,33.3,08-19 00:00,75822
2026-08-20T11:01:11+00:00,MSTRX/USDT,MSTR,115.15,104.25,1045.1,08-19 00:00,1220918
2026-08-20T11:01:11+00:00,COINX/USDT,COIN,173.14,160.1999969482422,808.1,08-19 00:00,397824
2026-08-20T11:01:11+00:00,MCDX/USDT,MCD,272.6,267.45001220703125,192.4,08-19 00:00,94730
2026-08-20T11:01:11+00:00,AVGOX/USDT,AVGO,366.97,362.4800109863281,123.7,08-19 00:00,420166
2026-08-20T11:01:11+00:00,SPYX/USDT,SPY,774.52,769.0599975585938,71.0,08-19 00:00,427926
2026-08-20T11:01:11+00:00,TSLAX/USDT,TSLA,349.3,351.1199951171875,-51.8,08-19 00:00,435352
2026-08-20T11:01:11+00:00,NVDAX/USDT,NVDA,218.68,217.55999755859375,51.5,08-19 00:00,261739
2026-08-20T11:01:11+00:00,QQQX/USDT,QQQ,718.98,716.0800170898438,40.4,08-19 00:00,421832
2026-08-20T11:30:26+00:00,MSTRX/USDT,MSTR,114.83,104.25,1015.3,08-19 00:00,1232988
2026-08-20T11:30:26+00:00,COINX/USDT,COIN,171.31,160.1999969482422,693.5,08-19 00:00,402637
2026-08-20T11:30:26+00:00,MCDX/USDT,MCD,272.35,267.45001220703125,183.0,08-19 00:00,95693
2026-08-20T11:30:26+00:00,AVGOX/USDT,AVGO,366.09,362.4800109863281,99.5,08-19 00:00,417135
2026-08-20T11:30:26+00:00,TSLAX/USDT,TSLA,348.26,351.1199951171875,-81.3,08-19 00:00,438492
2026-08-20T11:30:26+00:00,SPYX/USDT,SPY,773.28,769.0599975585938,54.9,08-19 00:00,549113
2026-08-20T11:30:26+00:00,NVDAX/USDT,NVDA,218.42,217.55999755859375,39.3,08-19 00:00,260869
2026-08-20T11:30:26+00:00,AAPLX/USDT,AAPL,317.94,316.8299865722656,34.9,08-19 00:00,231799
2026-08-20T12:00:47+00:00,MSTRX/USDT,MSTR,114.4,104.25,973.1,08-19 00:00,1293611
2026-08-20T12:00:47+00:00,COINX/USDT,COIN,170.56,160.1999969482422,646.4,08-19 00:00,406524
2026-08-20T12:00:47+00:00,MCDX/USDT,MCD,272.0,267.45001220703125,170.3,08-19 00:00,89004
2026-08-20T12:00:47+00:00,TSLAX/USDT,TSLA,347.6,351.1199951171875,-100.3,08-19 00:00,439839
2026-08-20T12:00:47+00:00,AVGOX/USDT,AVGO,364.52,362.4800109863281,56.3,08-19 00:00,415676
2026-08-20T12:00:47+00:00,AMZNX/USDT,AMZN,264.65,265.8399963378906,-44.6,08-19 00:00,76587
2026-08-20T12:00:47+00:00,SPYX/USDT,SPY,772.39,769.0599975585938,43.4,08-19 00:00,551836
2026-08-20T12:00:47+00:00,GOOGLX/USDT,GOOGL,343.52,344.7200012207031,-34.8,08-19 00:00,100486
2026-08-20T12:00:47+00:00,AAPLX/USDT,AAPL,317.92,316.8299865722656,34.4,08-19 00:00,235747
2026-08-20T12:30:50+00:00,MSTRX/USDT,MSTR,113.66,104.25,903.1,08-19 00:00,1378416
2026-08-20T12:30:50+00:00,COINX/USDT,COIN,169.26,160.1999969482422,565.9,08-19 00:00,423160
2026-08-20T12:30:50+00:00,TSLAX/USDT,TSLA,345.54,351.1199951171875,-159.1,08-19 00:00,439528
2026-08-20T12:30:50+00:00,MCDX/USDT,MCD,271.15,267.45001220703125,138.3,08-19 00:00,90233
2026-08-20T12:30:50+00:00,AMZNX/USDT,AMZN,263.14,265.8399963378906,-101.6,08-19 00:00,77377
2026-08-20T12:30:50+00:00,AAPLX/USDT,AAPL,319.21,316.8299865722656,75.0,08-19 00:00,242150
2026-08-20T12:30:50+00:00,GOOGLX/USDT,GOOGL,342.78,344.7200012207031,-56.3,08-19 00:00,100823
2026-08-20T12:30:50+00:00,QQQX/USDT,QQQ,712.85,716.0800170898438,-45.2,08-19 00:00,429855
2026-08-20T12:30:50+00:00,AVGOX/USDT,AVGO,363.9,362.4800109863281,39.2,08-19 00:00,397583
2026-08-20T13:00:35+00:00,MSTRX/USDT,MSTR,114.0,104.25,935.3,08-19 00:00,1387009
2026-08-20T13:00:35+00:00,COINX/USDT,COIN,169.72,160.1999969482422,593.9,08-19 00:00,426866
2026-08-20T13:00:35+00:00,MCDX/USDT,MCD,271.76,267.45001220703125,161.2,08-19 00:00,89101
2026-08-20T13:00:35+00:00,TSLAX/USDT,TSLA,345.54,351.1199951171875,-159.1,08-19 00:00,500454
2026-08-20T13:00:35+00:00,AVGOX/USDT,AVGO,365.79,362.4800109863281,91.5,08-19 00:00,324533
2026-08-20T13:00:35+00:00,AMZNX/USDT,AMZN,263.64,265.8399963378906,-82.6,08-19 00:00,75787
2026-08-20T13:00:35+00:00,AAPLX/USDT,AAPL,317.98,316.8299865722656,36.1,08-19 00:00,247237
2026-08-20T13:00:35+00:00,SPYX/USDT,SPY,771.4,769.0599975585938,30.5,08-19 00:00,555225
2026-08-20T13:30:41+00:00,MCDX/USDT,MCD,271.36,267.43499755859375,146.8,08-20 00:00,88481
2026-08-20T13:30:41+00:00,COINX/USDT,COIN,172.77,171.26499938964844,88.2,08-20 00:00,425409
2026-08-20T13:30:41+00:00,SPYX/USDT,SPY,771.4,766.2100219726562,67.8,08-20 00:00,553053
2026-08-20T13:30:41+00:00,AVGOX/USDT,AVGO,366.57,364.4200134277344,59.0,08-20 00:00,318657
2026-08-20T13:30:41+00:00,QQQX/USDT,QQQ,715.21,711.8499755859375,47.2,08-20 00:00,426114
2026-08-20T13:30:41+00:00,MSTRX/USDT,MSTR,111.09,110.66999816894531,38.0,08-20 00:00,1399400
2026-08-20T13:30:41+00:00,TSLAX/USDT,TSLA,345.99,344.75,35.8,08-20 00:00,495618
2026-08-20T14:00:44+00:00,SPYX/USDT,SPY,772.12,766.8300170898438,68.9,08-20 00:00,539582
2026-08-20T14:00:44+00:00,AVGOX/USDT,AVGO,365.73,363.7699890136719,53.9,08-20 00:00,260338
2026-08-20T14:30:53+00:00,MCDX/USDT,MCD,273.46,269.05999755859375,163.5,08-20 00:00,85795
2026-08-20T14:30:53+00:00,SPYX/USDT,SPY,771.55,766.2899780273438,68.6,08-20 00:00,546371
2026-08-20T14:30:53+00:00,AVGOX/USDT,AVGO,368.02,365.9549865722656,56.4,08-20 00:00,264007
2026-08-20T14:30:53+00:00,QQQX/USDT,QQQ,714.68,712.3037109375,33.4,08-20 00:00,413921
2026-08-20T14:30:53+00:00,AAPLX/USDT,AAPL,317.41,316.42999267578125,31.1,08-20 00:00,156172
2026-08-20T15:00:49+00:00,MCDX/USDT,MCD,273.98,269.5,166.0,08-20 00:00,71314
2026-08-20T15:00:49+00:00,SPYX/USDT,SPY,772.47,767.22998046875,68.4,08-20 00:00,551609
2026-08-20T15:00:49+00:00,AVGOX/USDT,AVGO,367.93,365.94000244140625,54.2,08-20 00:00,262154
2026-08-20T15:00:49+00:00,AAPLX/USDT,AAPL,318.54,317.4599914550781,34.0,08-20 00:00,152935
2026-08-20T15:30:54+00:00,MCDX/USDT,MCD,274.75,270.5899963378906,153.7,08-20 00:00,72427
2026-08-20T15:30:54+00:00,SPYX/USDT,SPY,771.54,766.5549926757812,65.0,08-20 00:00,556889
2026-08-20T15:30:54+00:00,AVGOX/USDT,AVGO,365.87,363.54150390625,64.1,08-20 00:00,255848
2026-08-20T15:30:54+00:00,QQQX/USDT,QQQ,714.25,711.625,36.8,08-20 00:00,413008
2026-08-20T15:30:54+00:00,AAPLX/USDT,AAPL,318.32,317.19500732421875,35.6,08-20 00:00,150489
2026-08-20T15:30:54+00:00,GOOGLX/USDT,GOOGL,340.12,338.9599914550781,34.4,08-20 00:00,84979
2026-08-20T16:00:58+00:00,MCDX/USDT,MCD,274.37,269.739990234375,171.6,08-20 00:00,73782
2026-08-20T16:00:58+00:00,SPYX/USDT,SPY,770.72,765.635009765625,66.5,08-20 00:00,557858
2026-08-20T16:00:58+00:00,AVGOX/USDT,AVGO,365.76,363.6549987792969,57.9,08-20 00:00,255220
2026-08-20T16:00:58+00:00,AAPLX/USDT,AAPL,317.82,316.7300109863281,34.6,08-20 00:00,158178
2026-08-20T16:00:58+00:00,QQQX/USDT,QQQ,713.91,711.4500122070312,34.6,08-20 00:00,410223
2026-08-20T16:31:12+00:00,MCDX/USDT,MCD,273.97,269.7349853515625,157.0,08-20 00:00,78027
2026-08-20T16:31:12+00:00,AVGOX/USDT,AVGO,366.38,363.0299987792969,92.4,08-20 00:00,253728
2026-08-20T16:31:12+00:00,SPYX/USDT,SPY,770.6,765.4299926757812,67.5,08-20 00:00,558053
2026-08-20T16:31:12+00:00,QQQX/USDT,QQQ,713.72,711.280029296875,34.3,08-20 00:00,411967
2026-08-20T17:01:09+00:00,MCDX/USDT,MCD,273.97,269.4100036621094,169.3,08-20 00:00,78944
2026-08-20T17:01:09+00:00,SPYX/USDT,SPY,771.22,766.2100219726562,65.5,08-20 00:00,558762
2026-08-20T17:01:09+00:00,AVGOX/USDT,AVGO,366.01,363.67999267578125,64.2,08-20 00:00,247923
2026-08-20T17:01:09+00:00,QQQX/USDT,QQQ,715.05,712.5800170898438,34.7,08-20 00:00,407446
2026-08-20T17:30:19+00:00,MCDX/USDT,MCD,273.9,269.6099853515625,159.1,08-20 00:00,82053
2026-08-20T17:30:19+00:00,AVGOX/USDT,AVGO,365.72,363.0434875488281,73.7,08-20 00:00,249565
2026-08-20T17:30:19+00:00,SPYX/USDT,SPY,769.66,764.75,64.3,08-20 00:00,564520
2026-08-20T17:30:19+00:00,QQQX/USDT,QQQ,713.24,710.7000732421875,35.7,08-20 00:00,407892
2026-08-20T18:00:21+00:00,MCDX/USDT,MCD,273.02,268.9949951171875,149.6,08-20 00:00,81481
2026-08-20T18:00:21+00:00,AVGOX/USDT,AVGO,368.68,365.090087890625,98.3,08-20 00:00,249379
2026-08-20T18:00:21+00:00,SPYX/USDT,SPY,769.6,764.4400024414062,67.5,08-20 00:00,565352
2026-08-20T18:00:21+00:00,AAPLX/USDT,AAPL,317.31,316.125,37.6,08-20 00:00,164405
2026-08-20T18:00:21+00:00,QQQX/USDT,QQQ,713.13,710.5900268554688,35.8,08-20 00:00,412477
2026-08-20T18:30:27+00:00,MCDX/USDT,MCD,273.68,269.5,154.9,08-20 00:00,81435
2026-08-20T18:30:27+00:00,SPYX/USDT,SPY,768.62,763.5900268554688,65.9,08-20 00:00,568875
2026-08-20T18:30:27+00:00,AVGOX/USDT,AVGO,367.18,365.3900146484375,48.9,08-20 00:00,247741
2026-08-20T18:30:27+00:00,AAPLX/USDT,AAPL,315.91,314.82000732421875,34.8,08-20 00:00,156918
2026-08-20T18:30:27+00:00,QQQX/USDT,QQQ,711.57,709.2100219726562,33.3,08-20 00:00,412680
2026-08-20T19:00:33+00:00,MCDX/USDT,MCD,273.89,269.82989501953125,150.5,08-20 00:00,80286
2026-08-20T19:00:33+00:00,AVGOX/USDT,AVGO,365.99,363.5199890136719,67.8,08-20 00:00,244695
2026-08-20T19:00:33+00:00,SPYX/USDT,SPY,768.32,763.27001953125,66.2,08-20 00:00,566252
2026-08-20T19:00:33+00:00,AAPLX/USDT,AAPL,316.04,315.0150146484375,32.5,08-20 00:00,165197
2026-08-20T19:00:33+00:00,QQQX/USDT,QQQ,711.89,709.614990234375,32.1,08-20 00:00,406697
2026-08-20T19:30:38+00:00,MCDX/USDT,MCD,273.91,270.4800109863281,126.8,08-20 00:00,80445
2026-08-20T19:30:38+00:00,AVGOX/USDT,AVGO,367.01,364.4100036621094,71.3,08-20 00:00,243471
2026-08-20T19:30:38+00:00,SPYX/USDT,SPY,768.38,763.3699951171875,65.7,08-20 00:00,546281
2026-08-20T19:30:38+00:00,AAPLX/USDT,AAPL,314.3,313.19000244140625,35.4,08-20 00:00,164670
2026-08-20T19:30:38+00:00,QQQX/USDT,QQQ,713.11,710.8200073242188,32.1,08-20 00:00,398012
2026-08-20T20:00:46+00:00,MCDX/USDT,MCD,272.57,269.17498779296875,126.3,08-20 00:00,80041
2026-08-20T20:00:46+00:00,SPYX/USDT,SPY,767.68,762.780029296875,64.3,08-20 00:00,544150
2026-08-20T20:00:46+00:00,AVGOX/USDT,AVGO,366.09,364.0299987792969,56.6,08-20 00:00,243489
2026-08-20T20:00:46+00:00,QQQX/USDT,QQQ,713.44,710.9299926757812,35.4,08-20 00:00,404874
2026-08-20T20:00:46+00:00,AAPLX/USDT,AAPL,312.4,311.29998779296875,35.3,08-20 00:00,166655
2026-08-20T20:30:48+00:00,MCDX/USDT,MCD,274.14,269.1300048828125,186.3,08-20 00:00,79812
2026-08-20T20:30:48+00:00,SPYX/USDT,SPY,767.22,762.5999755859375,60.6,08-20 00:00,541495
2026-08-20T20:30:48+00:00,AAPLX/USDT,AAPL,312.9,311.29998779296875,51.4,08-20 00:00,165783
2026-08-20T20:30:48+00:00,TSLAX/USDT,TSLA,346.81,345.1300048828125,48.8,08-20 00:00,410531
2026-08-20T20:30:48+00:00,AVGOX/USDT,AVGO,365.48,364.0299987792969,39.7,08-20 00:00,240248
2026-08-20T20:30:48+00:00,COINX/USDT,COIN,172.88,172.35000610351562,30.5,08-20 00:00,350296
2026-08-20T21:31:01+00:00,MCDX/USDT,MCD,273.48,269.1300048828125,161.6,08-20 00:00,80150
2026-08-20T21:31:01+00:00,SPYX/USDT,SPY,767.9,762.5999755859375,69.5,08-20 00:00,532787
2026-08-20T21:31:01+00:00,AAPLX/USDT,AAPL,312.87,311.29998779296875,50.4,08-20 00:00,163223
2026-08-20T21:31:01+00:00,AVGOX/USDT,AVGO,365.48,364.0299987792969,39.7,08-20 00:00,227874
2026-08-20T21:31:01+00:00,GOOGLX/USDT,GOOGL,341.83,340.6700134277344,34.1,08-20 00:00,78114
2026-08-20T21:31:01+00:00,QQQX/USDT,QQQ,713.24,710.9299926757812,32.4,08-20 00:00,408710
2026-08-20T22:01:06+00:00,MCDX/USDT,MCD,273.01,269.1300048828125,144.2,08-20 00:00,77846
2026-08-20T22:01:06+00:00,AVGOX/USDT,AVGO,366.84,364.0299987792969,77.2,08-20 00:00,220646
2026-08-20T22:01:06+00:00,SPYX/USDT,SPY,768.17,762.5999755859375,73.1,08-20 00:00,529410
2026-08-20T22:01:06+00:00,AAPLX/USDT,AAPL,313.31,311.29998779296875,64.6,08-20 00:00,161987
2026-08-20T22:01:06+00:00,QQQX/USDT,QQQ,713.89,710.9299926757812,41.7,08-20 00:00,408884
2026-08-20T22:01:06+00:00,GOOGLX/USDT,GOOGL,341.98,340.6700134277344,38.3,08-20 00:00,71263
2026-08-20T22:01:06+00:00,TSLAX/USDT,TSLA,346.25,345.1300048828125,32.3,08-20 00:00,385460
2026-08-20T22:01:06+00:00,AMZNX/USDT,AMZN,260.95,260.1099853515625,32.1,08-20 00:00,42460
2026-08-20T22:01:06+00:00,MSTRX/USDT,MSTR,112.73,112.38999938964844,30.7,08-20 00:00,1039743
2026-08-20T22:31:16+00:00,MCDX/USDT,MCD,272.55,269.1300048828125,127.1,08-20 00:00,79067
2026-08-20T22:31:16+00:00,AAPLX/USDT,AAPL,313.54,311.29998779296875,72.1,08-20 00:00,163720
2026-08-20T22:31:16+00:00,SPYX/USDT,SPY,767.8,762.5999755859375,68.2,08-20 00:00,533967
2026-08-20T22:31:16+00:00,AVGOX/USDT,AVGO,365.93,364.0299987792969,52.2,08-20 00:00,209899
2026-08-20T22:31:16+00:00,GOOGLX/USDT,GOOGL,341.75,340.6700134277344,31.6,08-20 00:00,70816
2026-08-20T23:00:23+00:00,MCDX/USDT,MCD,273.26,269.1300048828125,153.5,08-20 00:00,79071
2026-08-20T23:00:23+00:00,AVGOX/USDT,AVGO,368.36,364.0299987792969,118.9,08-20 00:00,201090
2026-08-20T23:00:23+00:00,AAPLX/USDT,AAPL,313.54,311.29998779296875,72.1,08-20 00:00,163685
2026-08-20T23:00:23+00:00,SPYX/USDT,SPY,767.88,762.5999755859375,69.2,08-20 00:00,531055
2026-08-20T23:00:23+00:00,TSLAX/USDT,TSLA,346.46,345.1300048828125,38.5,08-20 00:00,378983
2026-08-20T23:00:23+00:00,QQQX/USDT,QQQ,713.46,710.9299926757812,35.5,08-20 00:00,404150
2026-08-20T23:00:23+00:00,GOOGLX/USDT,GOOGL,341.86,340.6700134277344,34.9,08-20 00:00,71163
2026-08-20T23:00:23+00:00,AMZNX/USDT,AMZN,260.98,260.1099853515625,33.3,08-20 00:00,42646
2026-08-20T23:30:29+00:00,MCDX/USDT,MCD,272.81,269.1300048828125,136.9,08-20 00:00,79563
2026-08-20T23:30:29+00:00,MSTRX/USDT,MSTR,113.81,112.38999938964844,126.8,08-20 00:00,1024668
2026-08-20T23:30:29+00:00,AVGOX/USDT,AVGO,368.1,364.0299987792969,111.7,08-20 00:00,200820
2026-08-20T23:30:29+00:00,SPYX/USDT,SPY,768.04,762.5999755859375,71.3,08-20 00:00,526081
2026-08-20T23:30:29+00:00,AAPLX/USDT,AAPL,313.48,311.29998779296875,70.0,08-20 00:00,163127
2026-08-20T23:30:29+00:00,COINX/USDT,COIN,173.06,172.35000610351562,41.5,08-20 00:00,328706
2026-08-20T23:30:29+00:00,TSLAX/USDT,TSLA,346.46,345.1300048828125,38.4,08-20 00:00,378566
2026-08-20T23:30:29+00:00,QQQX/USDT,QQQ,713.59,710.9299926757812,37.4,08-20 00:00,404320
2026-08-20T23:30:29+00:00,GOOGLX/USDT,GOOGL,341.81,340.6700134277344,33.6,08-20 00:00,71045
2026-08-21T00:00:40+00:00,MSTRX/USDT,MSTR,114.07,112.38999938964844,149.5,08-20 00:00,1028207
2026-08-21T00:00:40+00:00,MCDX/USDT,MCD,272.26,269.1300048828125,116.3,08-20 00:00,79201
2026-08-21T00:00:40+00:00,SPYX/USDT,SPY,767.7,762.5999755859375,66.9,08-20 00:00,525949
2026-08-21T00:00:40+00:00,AAPLX/USDT,AAPL,313.21,311.29998779296875,61.4,08-20 00:00,162401
2026-08-21T00:00:40+00:00,AVGOX/USDT,AVGO,366.0,364.0299987792969,54.3,08-20 00:00,200662
2026-08-21T00:00:40+00:00,TSLAX/USDT,TSLA,346.58,345.1300048828125,41.9,08-20 00:00,377005
2026-08-21T00:00:40+00:00,QQQX/USDT,QQQ,713.29,710.9299926757812,33.1,08-20 00:00,404505
2026-08-21T00:00:40+00:00,GOOGLX/USDT,GOOGL,341.79,340.6700134277344,32.9,08-20 00:00,69230
2026-08-21T00:30:36+00:00,MSTRX/USDT,MSTR,114.91,112.38999938964844,223.8,08-20 00:00,1048987
2026-08-21T00:30:36+00:00,COINX/USDT,COIN,174.47,172.35000610351562,122.7,08-20 00:00,323717
2026-08-21T00:30:36+00:00,MCDX/USDT,MCD,272.4,269.1300048828125,121.5,08-20 00:00,78804
2026-08-21T00:30:36+00:00,SPYX/USDT,SPY,767.91,762.5999755859375,69.7,08-20 00:00,528363
2026-08-21T00:30:36+00:00,AVGOX/USDT,AVGO,366.31,364.0299987792969,62.8,08-20 00:00,190648
2026-08-21T00:30:36+00:00,AAPLX/USDT,AAPL,313.06,311.29998779296875,56.5,08-20 00:00,164301
2026-08-21T00:30:36+00:00,QQQX/USDT,QQQ,714.27,710.9299926757812,47.0,08-20 00:00,399794
2026-08-21T00:30:36+00:00,TSLAX/USDT,TSLA,346.7,345.1300048828125,45.5,08-20 00:00,370027
2026-08-21T01:00:44+00:00,MSTRX/USDT,MSTR,115.16,112.38999938964844,246.9,08-20 00:00,1045355
2026-08-21T01:00:44+00:00,MCDX/USDT,MCD,272.39,269.1300048828125,121.3,08-20 00:00,77819
2026-08-21T01:00:44+00:00,COINX/USDT,COIN,174.18,172.35000610351562,105.9,08-20 00:00,321917
2026-08-21T01:00:44+00:00,SPYX/USDT,SPY,767.82,762.5999755859375,68.4,08-20 00:00,529351
2026-08-21T01:00:44+00:00,TSLAX/USDT,TSLA,347.07,345.1300048828125,56.2,08-20 00:00,370809
2026-08-21T01:00:44+00:00,AAPLX/USDT,AAPL,313.01,311.29998779296875,55.1,08-20 00:00,163334
2026-08-21T01:00:44+00:00,AVGOX/USDT,AVGO,365.98,364.0299987792969,53.4,08-20 00:00,185787
2026-08-21T01:00:44+00:00,QQQX/USDT,QQQ,714.43,710.9299926757812,49.3,08-20 00:00,397099
2026-08-21T01:00:44+00:00,GOOGLX/USDT,GOOGL,341.76,340.6700134277344,32.1,08-20 00:00,66852
2026-08-21T01:00:44+00:00,NVDAX/USDT,NVDA,217.53,216.85000610351562,31.6,08-20 00:00,202531
2026-08-21T01:30:49+00:00,MSTRX/USDT,MSTR,117.41,112.38999938964844,447.1,08-20 00:00,1069124
2026-08-21T01:30:49+00:00,COINX/USDT,COIN,176.21,172.35000610351562,224.3,08-20 00:00,318984
2026-08-21T01:30:49+00:00,MCDX/USDT,MCD,272.38,269.1300048828125,120.8,08-20 00:00,78658
2026-08-21T01:30:49+00:00,AVGOX/USDT,AVGO,367.32,364.0299987792969,90.4,08-20 00:00,184053
2026-08-21T01:30:49+00:00,SPYX/USDT,SPY,767.8,762.5999755859375,68.2,08-20 00:00,529608
2026-08-21T01:30:49+00:00,AAPLX/USDT,AAPL,312.87,311.29998779296875,50.4,08-20 00:00,162466
2026-08-21T01:30:49+00:00,QQQX/USDT,QQQ,714.5,710.9299926757812,50.2,08-20 00:00,402759
2026-08-21T01:30:49+00:00,TSLAX/USDT,TSLA,346.69,345.1300048828125,45.3,08-20 00:00,369918
2026-08-21T01:30:49+00:00,NVDAX/USDT,NVDA,217.51,216.85000610351562,30.7,08-20 00:00,201210
2026-08-21T02:00:53+00:00,MSTRX/USDT,MSTR,117.31,112.38999938964844,437.3,08-20 00:00,1114077
2026-08-21T02:00:53+00:00,COINX/USDT,COIN,176.9,172.35000610351562,264.0,08-20 00:00,319548
2026-08-21T02:00:53+00:00,MCDX/USDT,MCD,272.0,269.1300048828125,106.6,08-20 00:00,80299
2026-08-21T02:00:53+00:00,AVGOX/USDT,AVGO,366.8,364.0299987792969,76.1,08-20 00:00,181214
2026-08-21T02:00:53+00:00,SPYX/USDT,SPY,767.96,762.5999755859375,70.3,08-20 00:00,538725
2026-08-21T02:00:53+00:00,QQQX/USDT,QQQ,714.8,710.9299926757812,54.4,08-20 00:00,404252
2026-08-21T02:00:53+00:00,TSLAX/USDT,TSLA,346.86,345.1300048828125,50.0,08-20 00:00,366994
2026-08-21T02:00:53+00:00,AAPLX/USDT,AAPL,312.75,311.29998779296875,46.6,08-20 00:00,163550
2026-08-21T02:00:53+00:00,NVDAX/USDT,NVDA,217.71,216.85000610351562,39.9,08-20 00:00,207201
2026-08-21T02:31:03+00:00,MSTRX/USDT,MSTR,117.94,112.38999938964844,493.8,08-20 00:00,1146331
2026-08-21T02:31:03+00:00,COINX/USDT,COIN,177.26,172.35000610351562,285.2,08-20 00:00,319505
2026-08-21T02:31:03+00:00,AVGOX/USDT,AVGO,368.43,364.0299987792969,120.9,08-20 00:00,184880
2026-08-21T02:31:03+00:00,MCDX/USDT,MCD,271.94,269.1300048828125,104.6,08-20 00:00,81324
2026-08-21T02:31:03+00:00,TSLAX/USDT,TSLA,348.31,345.1300048828125,92.3,08-20 00:00,365115
2026-08-21T02:31:03+00:00,SPYX/USDT,SPY,768.35,762.5999755859375,75.3,08-20 00:00,537572
2026-08-21T02:31:03+00:00,QQQX/USDT,QQQ,715.78,710.9299926757812,68.3,08-20 00:00,399988
2026-08-21T02:31:03+00:00,NVDAX/USDT,NVDA,218.19,216.85000610351562,61.6,08-20 00:00,208448
2026-08-21T02:31:03+00:00,AAPLX/USDT,AAPL,313.05,311.29998779296875,56.4,08-20 00:00,164696
2026-08-21T02:31:03+00:00,GOOGLX/USDT,GOOGL,342.07,340.6700134277344,41.1,08-20 00:00,67113
2026-08-21T02:31:03+00:00,AMZNX/USDT,AMZN,261.01,260.1099853515625,34.8,08-20 00:00,40654
2026-08-21T03:01:01+00:00,MSTRX/USDT,MSTR,116.8,112.38999938964844,391.9,08-20 00:00,1147219
2026-08-21T03:01:01+00:00,COINX/USDT,COIN,176.43,172.35000610351562,236.7,08-20 00:00,321205
2026-08-21T03:01:01+00:00,AVGOX/USDT,AVGO,368.42,364.0299987792969,120.6,08-20 00:00,183740
2026-08-21T03:01:01+00:00,MCDX/USDT,MCD,272.26,269.1300048828125,116.5,08-20 00:00,79831
2026-08-21T03:01:01+00:00,TSLAX/USDT,TSLA,348.01,345.1300048828125,83.4,08-20 00:00,367549
2026-08-21T03:01:01+00:00,SPYX/USDT,SPY,768.71,762.5999755859375,80.1,08-20 00:00,539323
2026-08-21T03:01:01+00:00,QQQX/USDT,QQQ,715.93,710.9299926757812,70.3,08-20 00:00,405693
2026-08-21T03:01:01+00:00,NVDAX/USDT,NVDA,218.16,216.85000610351562,60.4,08-20 00:00,208214
2026-08-21T03:01:01+00:00,AAPLX/USDT,AAPL,312.91,311.29998779296875,51.7,08-20 00:00,158857
2026-08-21T03:01:01+00:00,GOOGLX/USDT,GOOGL,342.17,340.6700134277344,44.2,08-20 00:00,78677
2026-08-21T03:01:01+00:00,AMZNX/USDT,AMZN,261.1,260.1099853515625,38.1,08-20 00:00,41078
2026-08-21T03:31:07+00:00,MSTRX/USDT,MSTR,116.97,112.38999938964844,407.5,08-20 00:00,1144288
2026-08-21T03:31:07+00:00,COINX/USDT,COIN,176.66,172.35000610351562,250.1,08-20 00:00,319843
2026-08-21T03:31:07+00:00,AVGOX/USDT,AVGO,368.48,364.0299987792969,122.1,08-20 00:00,180030
2026-08-21T03:31:07+00:00,MCDX/USDT,MCD,272.24,269.1300048828125,115.6,08-20 00:00,78423
2026-08-21T03:31:07+00:00,TSLAX/USDT,TSLA,347.89,345.1300048828125,80.1,08-20 00:00,367386
2026-08-21T03:31:07+00:00,SPYX/USDT,SPY,768.33,762.5999755859375,75.1,08-20 00:00,537198
2026-08-21T03:31:07+00:00,QQQX/USDT,QQQ,715.45,710.9299926757812,63.6,08-20 00:00,402139
2026-08-21T03:31:07+00:00,NVDAX/USDT,NVDA,218.16,216.85000610351562,60.6,08-20 00:00,210942
2026-08-21T03:31:07+00:00,AAPLX/USDT,AAPL,312.97,311.29998779296875,53.6,08-20 00:00,148462
2026-08-21T03:31:07+00:00,GOOGLX/USDT,GOOGL,342.02,340.6700134277344,39.8,08-20 00:00,79622
2026-08-21T03:31:07+00:00,AMZNX/USDT,AMZN,261.05,260.1099853515625,35.9,08-20 00:00,41224
2026-08-21T04:00:36+00:00,MSTRX/USDT,MSTR,117.11,112.38999938964844,420.0,08-20 00:00,1161532
2026-08-21T04:00:36+00:00,COINX/USDT,COIN,176.81,172.35000610351562,258.5,08-20 00:00,318737
2026-08-21T04:00:36+00:00,MCDX/USDT,MCD,272.07,269.1300048828125,109.1,08-20 00:00,78843
2026-08-21T04:00:36+00:00,AVGOX/USDT,AVGO,367.25,364.0299987792969,88.3,08-20 00:00,182426
2026-08-21T04:00:36+00:00,SPYX/USDT,SPY,768.29,762.5999755859375,74.5,08-20 00:00,541315
2026-08-21T04:00:36+00:00,TSLAX/USDT,TSLA,347.27,345.1300048828125,62.2,08-20 00:00,369101
2026-08-21T04:00:36+00:00,QQQX/USDT,QQQ,715.15,710.9299926757812,59.4,08-20 00:00,402719
2026-08-21T04:00:36+00:00,AAPLX/USDT,AAPL,313.12,311.29998779296875,58.3,08-20 00:00,145096
2026-08-21T04:00:36+00:00,NVDAX/USDT,NVDA,218.03,216.85000610351562,54.2,08-20 00:00,211624
2026-08-21T04:00:36+00:00,AMZNX/USDT,AMZN,261.25,260.1099853515625,43.8,08-20 00:00,42310
2026-08-21T04:00:36+00:00,GOOGLX/USDT,GOOGL,341.72,340.6700134277344,30.7,08-20 00:00,80426
2026-08-21T04:30:55+00:00,MSTRX/USDT,MSTR,117.33,112.38999938964844,439.1,08-20 00:00,1169973
2026-08-21T04:30:55+00:00,COINX/USDT,COIN,176.74,172.35000610351562,254.7,08-20 00:00,318721
2026-08-21T04:30:55+00:00,MCDX/USDT,MCD,272.69,269.1300048828125,132.5,08-20 00:00,79247
2026-08-21T04:30:55+00:00,AVGOX/USDT,AVGO,367.06,364.0299987792969,83.2,08-20 00:00,185387
2026-08-21T04:30:55+00:00,SPYX/USDT,SPY,767.97,762.5999755859375,70.5,08-20 00:00,542225
2026-08-21T04:30:55+00:00,TSLAX/USDT,TSLA,347.17,345.1300048828125,59.1,08-20 00:00,365958
2026-08-21T04:30:55+00:00,AAPLX/USDT,AAPL,312.96,311.29998779296875,53.3,08-20 00:00,145799
2026-08-21T04:30:55+00:00,QQQX/USDT,QQQ,714.68,710.9299926757812,52.8,08-20 00:00,399716
2026-08-21T04:30:55+00:00,NVDAX/USDT,NVDA,217.81,216.85000610351562,44.5,08-20 00:00,212093
2026-08-21T04:30:55+00:00,AMZNX/USDT,AMZN,261.02,260.1099853515625,35.2,08-20 00:00,42203
2026-08-21T04:30:55+00:00,GOOGLX/USDT,GOOGL,341.85,340.6700134277344,34.5,08-20 00:00,80553
2026-08-21T05:00:44+00:00,MSTRX/USDT,MSTR,118.14,112.38999938964844,511.6,08-20 00:00,1179434
2026-08-21T05:00:44+00:00,COINX/USDT,COIN,177.71,172.35000610351562,311.0,08-20 00:00,317497
2026-08-21T05:00:44+00:00,MCDX/USDT,MCD,272.91,269.1300048828125,140.6,08-20 00:00,78849
2026-08-21T05:00:44+00:00,AVGOX/USDT,AVGO,367.46,364.0299987792969,94.2,08-20 00:00,185488
2026-08-21T05:00:44+00:00,SPYX/USDT,SPY,768.18,762.5999755859375,73.2,08-20 00:00,545278
2026-08-21T05:00:44+00:00,TSLAX/USDT,TSLA,347.48,345.1300048828125,68.1,08-20 00:00,370957
2026-08-21T05:00:44+00:00,AAPLX/USDT,AAPL,313.13,311.29998779296875,58.9,08-20 00:00,145580
2026-08-21T05:00:44+00:00,QQQX/USDT,QQQ,715.05,710.9299926757812,58.0,08-20 00:00,401187
2026-08-21T05:00:44+00:00,NVDAX/USDT,NVDA,217.84,216.85000610351562,45.9,08-20 00:00,209927
2026-08-21T05:00:44+00:00,AMZNX/USDT,AMZN,261.14,260.1099853515625,39.8,08-20 00:00,42242
2026-08-21T05:30:56+00:00,MSTRX/USDT,MSTR,118.28,112.38999938964844,524.5,08-20 00:00,1183150
2026-08-21T05:30:56+00:00,COINX/USDT,COIN,177.94,172.35000610351562,324.6,08-20 00:00,316866
2026-08-21T05:30:56+00:00,MCDX/USDT,MCD,273.35,269.1300048828125,156.8,08-20 00:00,79210
2026-08-21T05:30:56+00:00,TSLAX/USDT,TSLA,347.69,345.1300048828125,74.2,08-20 00:00,371680
2026-08-21T05:30:56+00:00,SPYX/USDT,SPY,768.17,762.5999755859375,73.0,08-20 00:00,547701
2026-08-21T05:30:56+00:00,AVGOX/USDT,AVGO,366.38,364.0299987792969,64.6,08-20 00:00,185516
2026-08-21T05:30:56+00:00,QQQX/USDT,QQQ,715.04,710.9299926757812,57.7,08-20 00:00,397620
2026-08-21T05:30:56+00:00,AAPLX/USDT,AAPL,312.96,311.29998779296875,53.2,08-20 00:00,145606
2026-08-21T05:30:56+00:00,NVDAX/USDT,NVDA,217.87,216.85000610351562,47.0,08-20 00:00,209806
2026-08-21T05:30:56+00:00,AMZNX/USDT,AMZN,261.13,260.1099853515625,39.4,08-20 00:00,42320
2026-08-21T05:30:56+00:00,GOOGLX/USDT,GOOGL,341.86,340.6700134277344,34.9,08-20 00:00,79610
2026-08-21T06:00:56+00:00,MSTRX/USDT,MSTR,118.66,112.38999938964844,557.4,08-20 00:00,1185389
2026-08-21T06:00:56+00:00,COINX/USDT,COIN,178.55,172.35000610351562,359.7,08-20 00:00,317288
2026-08-21T06:00:56+00:00,MCDX/USDT,MCD,274.25,269.1300048828125,190.4,08-20 00:00,79532
2026-08-21T06:00:56+00:00,AVGOX/USDT,AVGO,367.96,364.0299987792969,107.8,08-20 00:00,184438
2026-08-21T06:00:56+00:00,TSLAX/USDT,TSLA,347.81,345.1300048828125,77.7,08-20 00:00,368696
2026-08-21T06:00:56+00:00,SPYX/USDT,SPY,768.19,762.5999755859375,73.4,08-20 00:00,545655
2026-08-21T06:00:56+00:00,QQQX/USDT,QQQ,715.07,710.9299926757812,58.2,08-20 00:00,393406
2026-08-21T06:00:56+00:00,AAPLX/USDT,AAPL,313.02,311.29998779296875,55.3,08-20 00:00,145568
2026-08-21T06:00:56+00:00,NVDAX/USDT,NVDA,218.01,216.85000610351562,53.7,08-20 00:00,207678
2026-08-21T06:00:56+00:00,GOOGLX/USDT,GOOGL,341.95,340.6700134277344,37.7,08-20 00:00,80338
2026-08-21T06:00:56+00:00,AMZNX/USDT,AMZN,260.99,260.1099853515625,33.6,08-20 00:00,42390
2026-08-21T06:32:27+00:00,MSTRX/USDT,MSTR,118.59,112.38999938964844,552.1,08-20 00:00,1193997
2026-08-21T06:32:27+00:00,COINX/USDT,COIN,178.69,172.35000610351562,367.9,08-20 00:00,317806
2026-08-21T06:32:27+00:00,MCDX/USDT,MCD,274.07,269.1300048828125,183.6,08-20 00:00,80932
2026-08-21T06:32:27+00:00,AVGOX/USDT,AVGO,368.69,364.0299987792969,127.9,08-20 00:00,184936
2026-08-21T06:32:27+00:00,TSLAX/USDT,TSLA,347.7,345.1300048828125,74.3,08-20 00:00,367366
2026-08-21T06:32:27+00:00,SPYX/USDT,SPY,768.16,762.5999755859375,72.9,08-20 00:00,546809
2026-08-21T06:32:27+00:00,QQQX/USDT,QQQ,715.36,710.9299926757812,62.3,08-20 00:00,393381
2026-08-21T06:32:27+00:00,AAPLX/USDT,AAPL,313.13,311.29998779296875,58.9,08-20 00:00,145403
2026-08-21T06:32:27+00:00,NVDAX/USDT,NVDA,217.97,216.85000610351562,51.9,08-20 00:00,206524
2026-08-21T06:32:27+00:00,GOOGLX/USDT,GOOGL,342.19,340.6700134277344,44.6,08-20 00:00,80839
2026-08-21T06:32:27+00:00,AMZNX/USDT,AMZN,261.03,260.1099853515625,35.6,08-20 00:00,42339
2026-08-21T07:01:08+00:00,MSTRX/USDT,MSTR,119.23,112.38999938964844,609.0,08-20 00:00,1030683
2026-08-21T07:01:08+00:00,COINX/USDT,COIN,179.03,172.35000610351562,387.3,08-20 00:00,318184
2026-08-21T07:01:08+00:00,MCDX/USDT,MCD,274.1,269.1300048828125,184.7,08-20 00:00,82198
2026-08-21T07:01:08+00:00,AVGOX/USDT,AVGO,368.96,364.0299987792969,135.3,08-20 00:00,176105
2026-08-21T07:01:08+00:00,TSLAX/USDT,TSLA,347.89,345.1300048828125,80.0,08-20 00:00,368191
2026-08-21T07:01:08+00:00,SPYX/USDT,SPY,768.52,762.5999755859375,77.6,08-20 00:00,545685
2026-08-21T07:01:08+00:00,QQQX/USDT,QQQ,715.43,710.9299926757812,63.4,08-20 00:00,393764
2026-08-21T07:01:08+00:00,AAPLX/USDT,AAPL,313.06,311.29998779296875,56.7,08-20 00:00,145115
2026-08-21T07:01:08+00:00,NVDAX/USDT,NVDA,218.06,216.85000610351562,55.6,08-20 00:00,206479
2026-08-21T07:01:08+00:00,GOOGLX/USDT,GOOGL,342.18,340.6700134277344,44.3,08-20 00:00,80448
2026-08-21T07:01:08+00:00,AMZNX/USDT,AMZN,261.22,260.1099853515625,42.5,08-20 00:00,42277
2026-08-21T07:30:39+00:00,MSTRX/USDT,MSTR,120.16,112.38999938964844,690.9,08-20 00:00,1028326
2026-08-21T07:30:39+00:00,COINX/USDT,COIN,180.56,172.35000610351562,476.6,08-20 00:00,317488
2026-08-21T07:30:39+00:00,MCDX/USDT,MCD,274.4,269.1300048828125,195.8,08-20 00:00,83016
2026-08-21T07:30:39+00:00,AVGOX/USDT,AVGO,368.86,364.0299987792969,132.5,08-20 00:00,168895
2026-08-21T07:30:39+00:00,TSLAX/USDT,TSLA,349.44,345.1300048828125,125.0,08-20 00:00,372147
2026-08-21T07:30:39+00:00,SPYX/USDT,SPY,768.97,762.5999755859375,83.6,08-20 00:00,545976
2026-08-21T07:30:39+00:00,QQQX/USDT,QQQ,716.77,710.9299926757812,82.1,08-20 00:00,396831
2026-08-21T07:30:39+00:00,NVDAX/USDT,NVDA,218.19,216.85000610351562,62.0,08-20 00:00,201857
2026-08-21T07:30:39+00:00,GOOGLX/USDT,GOOGL,342.35,340.6700134277344,49.2,08-20 00:00,79184
2026-08-21T07:30:39+00:00,AMZNX/USDT,AMZN,261.38,260.1099853515625,48.6,08-20 00:00,41518
2026-08-21T07:30:39+00:00,AAPLX/USDT,AAPL,312.35,311.29998779296875,33.6,08-20 00:00,145974
2026-08-21T08:00:19+00:00,MSTRX/USDT,MSTR,119.86,112.38999938964844,664.2,08-20 00:00,1036973
2026-08-21T08:00:19+00:00,COINX/USDT,COIN,181.01,172.35000610351562,502.8,08-20 00:00,317909
2026-08-21T08:00:19+00:00,MCDX/USDT,MCD,274.28,269.1300048828125,191.4,08-20 00:00,83682
2026-08-21T08:00:19+00:00,AVGOX/USDT,AVGO,369.17,364.0299987792969,141.3,08-20 00:00,168087
2026-08-21T08:00:19+00:00,TSLAX/USDT,TSLA,349.24,345.1300048828125,118.9,08-20 00:00,374645
2026-08-21T08:00:19+00:00,SPYX/USDT,SPY,769.32,762.5999755859375,88.1,08-20 00:00,540975
2026-08-21T08:00:19+00:00,QQQX/USDT,QQQ,716.82,710.9299926757812,82.8,08-20 00:00,398671
2026-08-21T08:00:19+00:00,NVDAX/USDT,NVDA,218.32,216.85000610351562,68.0,08-20 00:00,202563
2026-08-21T08:00:19+00:00,GOOGLX/USDT,GOOGL,342.57,340.6700134277344,55.8,08-20 00:00,77275
2026-08-21T08:00:19+00:00,AMZNX/USDT,AMZN,261.43,260.1099853515625,50.6,08-20 00:00,41683
2026-08-21T08:00:19+00:00,AAPLX/USDT,AAPL,312.66,311.29998779296875,43.7,08-20 00:00,147156
2026-08-21T08:30:26+00:00,MSTRX/USDT,MSTR,123.28,112.38999938964844,968.9,08-20 00:00,1010532
2026-08-21T08:30:26+00:00,COINX/USDT,COIN,183.98,172.35000610351562,674.8,08-20 00:00,302854
2026-08-21T08:30:26+00:00,MCDX/USDT,MCD,274.25,269.1300048828125,190.4,08-20 00:00,83191
2026-08-21T08:30:26+00:00,AVGOX/USDT,AVGO,368.77,364.0299987792969,130.2,08-20 00:00,166902
2026-08-21T08:30:26+00:00,TSLAX/USDT,TSLA,349.03,345.1300048828125,113.0,08-20 00:00,369775
2026-08-21T08:30:26+00:00,GOOGLX/USDT,GOOGL,343.81,340.6700134277344,92.0,08-20 00:00,76230
2026-08-21T08:30:26+00:00,SPYX/USDT,SPY,769.17,762.5999755859375,86.2,08-20 00:00,538030
2026-08-21T08:30:26+00:00,QQQX/USDT,QQQ,716.37,710.9299926757812,76.5,08-20 00:00,400075
2026-08-21T08:30:26+00:00,NVDAX/USDT,NVDA,218.26,216.85000610351562,65.3,08-20 00:00,197920
2026-08-21T08:30:26+00:00,AMZNX/USDT,AMZN,261.56,260.1099853515625,55.9,08-20 00:00,40864
2026-08-21T08:30:26+00:00,AAPLX/USDT,AAPL,312.35,311.29998779296875,33.7,08-20 00:00,144247
2026-08-21T09:00:30+00:00,MSTRX/USDT,MSTR,126.52,112.38999938964844,1257.2,08-20 00:00,1029795
2026-08-21T09:00:30+00:00,COINX/USDT,COIN,186.37,172.35000610351562,813.5,08-20 00:00,298205
2026-08-21T09:00:30+00:00,MCDX/USDT,MCD,274.75,269.1300048828125,209.0,08-20 00:00,80548
2026-08-21T09:00:30+00:00,AVGOX/USDT,AVGO,369.31,364.0299987792969,145.0,08-20 00:00,167528
2026-08-21T09:00:30+00:00,TSLAX/USDT,TSLA,349.61,345.1300048828125,129.7,08-20 00:00,361975
2026-08-21T09:00:30+00:00,SPYX/USDT,SPY,770.16,762.5999755859375,99.1,08-20 00:00,370965
2026-08-21T09:00:30+00:00,QQQX/USDT,QQQ,717.19,710.9299926757812,88.1,08-20 00:00,200878
2026-08-21T09:00:30+00:00,NVDAX/USDT,NVDA,218.54,216.85000610351562,77.9,08-20 00:00,194722
2026-08-21T09:00:30+00:00,GOOGLX/USDT,GOOGL,343.29,340.6700134277344,77.1,08-20 00:00,75337
2026-08-21T09:00:30+00:00,AMZNX/USDT,AMZN,261.79,260.1099853515625,64.8,08-20 00:00,41121
2026-08-21T09:30:33+00:00,MSTRX/USDT,MSTR,122.78,112.38999938964844,924.0,08-20 00:00,1048819
2026-08-21T09:30:33+00:00,COINX/USDT,COIN,183.0,172.35000610351562,617.6,08-20 00:00,297820
2026-08-21T09:30:33+00:00,MCDX/USDT,MCD,273.91,269.1300048828125,177.6,08-20 00:00,81017
2026-08-21T09:30:33+00:00,AVGOX/USDT,AVGO,369.67,364.0299987792969,154.8,08-20 00:00,164458
2026-08-21T09:30:33+00:00,TSLAX/USDT,TSLA,349.75,345.1300048828125,134.0,08-20 00:00,364092
2026-08-21T09:30:33+00:00,SPYX/USDT,SPY,769.87,762.5999755859375,95.3,08-20 00:00,369939
2026-08-21T09:30:33+00:00,GOOGLX/USDT,GOOGL,343.69,340.6700134277344,88.5,08-20 00:00,76036
2026-08-21T09:30:33+00:00,QQQX/USDT,QQQ,716.8,710.9299926757812,82.5,08-20 00:00,200216
2026-08-21T09:30:33+00:00,AMZNX/USDT,AMZN,262.16,260.1099853515625,79.0,08-20 00:00,38810
2026-08-21T09:30:33+00:00,AAPLX/USDT,AAPL,312.71,311.29998779296875,45.1,08-20 00:00,143826
2026-08-21T10:00:36+00:00,MSTRX/USDT,MSTR,122.81,112.38999938964844,927.1,08-20 00:00,1051178
2026-08-21T10:00:36+00:00,COINX/USDT,COIN,183.25,172.35000610351562,632.7,08-20 00:00,290999
2026-08-21T10:00:36+00:00,MCDX/USDT,MCD,273.92,269.1300048828125,178.0,08-20 00:00,80843
2026-08-21T10:00:36+00:00,AVGOX/USDT,AVGO,369.93,364.0299987792969,161.9,08-20 00:00,163054
2026-08-21T10:00:36+00:00,TSLAX/USDT,TSLA,350.6,345.1300048828125,158.5,08-20 00:00,366248
2026-08-21T10:00:36+00:00,SPYX/USDT,SPY,770.09,762.5999755859375,98.2,08-20 00:00,369559
2026-08-21T10:00:36+00:00,QQQX/USDT,QQQ,717.79,710.9299926757812,96.6,08-20 00:00,199698
2026-08-21T10:00:36+00:00,GOOGLX/USDT,GOOGL,343.58,340.6700134277344,85.4,08-20 00:00,76547
2026-08-21T10:00:36+00:00,AMZNX/USDT,AMZN,261.9,260.1099853515625,69.0,08-20 00:00,38009
2026-08-21T10:00:36+00:00,AAPLX/USDT,AAPL,312.54,311.29998779296875,40.0,08-20 00:00,144423
2026-08-21T10:00:36+00:00,NVDAX/USDT,NVDA,217.69,216.85000610351562,38.5,08-20 00:00,206011
2026-08-21T10:30:55+00:00,MSTRX/USDT,MSTR,123.37,112.38999938964844,976.5,08-20 00:00,1032801
2026-08-21T10:30:55+00:00,COINX/USDT,COIN,182.88,172.35000610351562,610.7,08-20 00:00,275582
2026-08-21T10:30:55+00:00,MCDX/USDT,MCD,274.18,269.1300048828125,187.5,08-20 00:00,81711
2026-08-21T10:30:55+00:00,AVGOX/USDT,AVGO,370.77,364.0299987792969,185.1,08-20 00:00,161277
2026-08-21T10:30:55+00:00,TSLAX/USDT,TSLA,349.39,345.1300048828125,123.6,08-20 00:00,367859
2026-08-21T10:30:55+00:00,QQQX/USDT,QQQ,717.91,710.9299926757812,98.2,08-20 00:00,195482
2026-08-21T10:30:55+00:00,SPYX/USDT,SPY,770.03,762.5999755859375,97.4,08-20 00:00,366157
2026-08-21T10:30:55+00:00,GOOGLX/USDT,GOOGL,343.69,340.6700134277344,88.6,08-20 00:00,69347
2026-08-21T10:30:55+00:00,AMZNX/USDT,AMZN,261.8,260.1099853515625,65.0,08-20 00:00,37658
2026-08-21T10:30:55+00:00,NVDAX/USDT,NVDA,217.87,216.85000610351562,46.8,08-20 00:00,203065
2026-08-21T10:30:55+00:00,AAPLX/USDT,AAPL,312.75,311.29998779296875,46.6,08-20 00:00,137646
2026-08-21T11:00:54+00:00,MSTRX/USDT,MSTR,123.83,112.38999938964844,1017.4,08-20 00:00,1034370
2026-08-21T11:00:54+00:00,COINX/USDT,COIN,182.16,172.35000610351562,569.2,08-20 00:00,270694
2026-08-21T11:00:54+00:00,MCDX/USDT,MCD,274.04,269.1300048828125,182.6,08-20 00:00,81807
2026-08-21T11:00:54+00:00,AVGOX/USDT,AVGO,369.19,364.0299987792969,141.6,08-20 00:00,160222
2026-08-21T11:00:54+00:00,TSLAX/USDT,TSLA,348.56,345.1300048828125,99.2,08-20 00:00,367952
2026-08-21T11:00:54+00:00,QQQX/USDT,QQQ,717.81,710.9299926757812,96.8,08-20 00:00,192158
2026-08-21T11:00:54+00:00,SPYX/USDT,SPY,769.99,762.5999755859375,96.8,08-20 00:00,359827
2026-08-21T11:00:54+00:00,GOOGLX/USDT,GOOGL,343.33,340.6700134277344,78.1,08-20 00:00,65408
2026-08-21T11:00:54+00:00,AMZNX/USDT,AMZN,261.53,260.1099853515625,54.8,08-20 00:00,37135
2026-08-21T11:00:54+00:00,AAPLX/USDT,AAPL,312.88,311.29998779296875,50.6,08-20 00:00,133462
2026-08-21T11:00:54+00:00,NVDAX/USDT,NVDA,217.7,216.85000610351562,39.4,08-20 00:00,204620
2026-08-21T11:30:53+00:00,MSTRX/USDT,MSTR,122.66,112.38999938964844,913.8,08-20 00:00,1074557
2026-08-21T11:30:53+00:00,COINX/USDT,COIN,182.47,172.35000610351562,586.9,08-20 00:00,265635
2026-08-21T11:30:53+00:00,MCDX/USDT,MCD,273.88,269.1300048828125,176.7,08-20 00:00,80582
2026-08-21T11:30:53+00:00,AVGOX/USDT,AVGO,369.71,364.0299987792969,156.0,08-20 00:00,158331
2026-08-21T11:30:53+00:00,TSLAX/USDT,TSLA,349.75,345.1300048828125,133.7,08-20 00:00,367234
2026-08-21T11:30:53+00:00,QQQX/USDT,QQQ,718.66,710.9299926757812,108.7,08-20 00:00,193443
2026-08-21T11:30:53+00:00,SPYX/USDT,SPY,770.77,762.5999755859375,107.1,08-20 00:00,235260
2026-08-21T11:30:53+00:00,GOOGLX/USDT,GOOGL,343.69,340.6700134277344,88.6,08-20 00:00,64942
2026-08-21T11:30:53+00:00,AMZNX/USDT,AMZN,262.07,260.1099853515625,75.5,08-20 00:00,37710
2026-08-21T11:30:53+00:00,NVDAX/USDT,NVDA,218.49,216.85000610351562,75.4,08-20 00:00,204326
2026-08-21T11:30:53+00:00,AAPLX/USDT,AAPL,312.75,311.29998779296875,46.6,08-20 00:00,135371
2026-08-21T12:02:19+00:00,MSTRX/USDT,MSTR,120.06,112.38999938964844,682.9,08-20 00:00,1036242
2026-08-21T12:02:19+00:00,COINX/USDT,COIN,180.97,172.35000610351562,499.9,08-20 00:00,261608
2026-08-21T12:02:19+00:00,AVGOX/USDT,AVGO,370.21,364.0299987792969,169.8,08-20 00:00,162049
2026-08-21T12:02:19+00:00,MCDX/USDT,MCD,273.56,269.1300048828125,164.8,08-20 00:00,79918
2026-08-21T12:02:19+00:00,TSLAX/USDT,TSLA,349.4,345.1300048828125,123.7,08-20 00:00,368705
2026-08-21T12:02:19+00:00,SPYX/USDT,SPY,770.84,762.5999755859375,108.1,08-20 00:00,232827
2026-08-21T12:02:19+00:00,QQQX/USDT,QQQ,718.28,710.9299926757812,103.3,08-20 00:00,192745
2026-08-21T12:02:19+00:00,GOOGLX/USDT,GOOGL,343.5,340.6700134277344,83.1,08-20 00:00,64339
2026-08-21T12:02:19+00:00,AMZNX/USDT,AMZN,262.06,260.1099853515625,74.8,08-20 00:00,37678
2026-08-21T12:02:19+00:00,AAPLX/USDT,AAPL,313.15,311.29998779296875,59.6,08-20 00:00,144389
2026-08-21T12:30:56+00:00,MSTRX/USDT,MSTR,119.83,112.38999938964844,661.5,08-20 00:00,965350
2026-08-21T12:30:56+00:00,COINX/USDT,COIN,180.03,172.35000610351562,445.3,08-20 00:00,244976
2026-08-21T12:30:56+00:00,MCDX/USDT,MCD,274.03,269.1300048828125,182.3,08-20 00:00,80039
2026-08-21T12:30:56+00:00,AVGOX/USDT,AVGO,369.67,364.0299987792969,155.1,08-20 00:00,161480
2026-08-21T12:30:56+00:00,TSLAX/USDT,TSLA,350.01,345.1300048828125,141.4,08-20 00:00,371777
2026-08-21T12:30:56+00:00,SPYX/USDT,SPY,771.08,762.5999755859375,111.2,08-20 00:00,224226
2026-08-21T12:30:56+00:00,QQQX/USDT,QQQ,718.34,710.9299926757812,104.2,08-20 00:00,182781
2026-08-21T12:30:56+00:00,GOOGLX/USDT,GOOGL,343.75,340.6700134277344,90.3,08-20 00:00,66810
2026-08-21T12:30:56+00:00,AMZNX/USDT,AMZN,262.07,260.1099853515625,75.5,08-20 00:00,38514
2026-08-21T12:30:56+00:00,AAPLX/USDT,AAPL,313.44,311.29998779296875,68.9,08-20 00:00,138498
2026-08-21T12:30:56+00:00,NVDAX/USDT,NVDA,218.26,216.85000610351562,65.0,08-20 00:00,211583
2026-08-21T13:00:57+00:00,MSTRX/USDT,MSTR,120.81,112.38999938964844,749.6,08-20 00:00,954161
2026-08-21T13:00:57+00:00,COINX/USDT,COIN,180.55,172.35000610351562,475.5,08-20 00:00,238365
2026-08-21T13:00:57+00:00,AVGOX/USDT,AVGO,371.12,364.0299987792969,194.8,08-20 00:00,159312
2026-08-21T13:00:57+00:00,MCDX/USDT,MCD,274.18,269.1300048828125,187.6,08-20 00:00,80652
2026-08-21T13:00:57+00:00,TSLAX/USDT,TSLA,349.72,345.1300048828125,133.0,08-20 00:00,305266
2026-08-21T13:00:57+00:00,SPYX/USDT,SPY,771.46,762.5999755859375,116.2,08-20 00:00,222573
2026-08-21T13:00:57+00:00,QQQX/USDT,QQQ,718.61,710.9299926757812,108.0,08-20 00:00,182446
2026-08-21T13:00:57+00:00,GOOGLX/USDT,GOOGL,343.91,340.6700134277344,95.1,08-20 00:00,66806
2026-08-21T13:00:57+00:00,AAPLX/USDT,AAPL,313.41,311.29998779296875,67.9,08-20 00:00,135130
2026-08-21T13:00:57+00:00,AMZNX/USDT,AMZN,261.72,260.1099853515625,61.7,08-20 00:00,38550
2026-08-21T13:00:57+00:00,NVDAX/USDT,NVDA,217.96,216.85000610351562,51.2,08-20 00:00,213372
2026-08-21T13:31:06+00:00,MCDX/USDT,MCD,273.52,268.5,187.2,08-21 00:00,82109
2026-08-21T13:31:06+00:00,SPYX/USDT,SPY,770.58,765.239990234375,69.8,08-21 00:00,222747
2026-08-21T13:31:06+00:00,COINX/USDT,COIN,182.55,183.3699951171875,-44.7,08-21 00:00,231904
2026-08-21T13:31:06+00:00,QQQX/USDT,QQQ,716.76,714.0,38.7,08-21 00:00,181222
2026-08-21T13:31:06+00:00,AMZNX/USDT,AMZN,260.12,259.1789855957031,36.3,08-21 00:00,45904
2026-08-21T13:31:06+00:00,AVGOX/USDT,AVGO,370.86,369.625,33.3,08-21 00:00,156897
2026-08-21T14:02:02+00:00,MCDX/USDT,MCD,272.66,268.70440673828125,147.2,08-21 00:00,81338
2026-08-21T14:02:02+00:00,AVGOX/USDT,AVGO,369.82,366.3999938964844,93.3,08-21 00:00,129805
2026-08-21T14:02:02+00:00,SPYX/USDT,SPY,769.49,764.8204956054688,61.1,08-21 00:00,223746
2026-08-21T14:02:02+00:00,MSTRX/USDT,MSTR,119.03,118.50800323486328,43.6,08-21 00:00,940993
2026-08-21T14:02:02+00:00,QQQX/USDT,QQQ,713.44,711.0399780273438,33.8,08-21 00:00,179497
2026-08-21T14:30:25+00:00,MCDX/USDT,MCD,273.35,268.70001220703125,172.9,08-21 00:00,78531
2026-08-21T14:30:25+00:00,SPYX/USDT,SPY,769.65,764.739990234375,64.3,08-21 00:00,218795
2026-08-21T14:30:25+00:00,AVGOX/USDT,AVGO,370.25,368.42999267578125,49.5,08-21 00:00,127065
2026-08-21T14:30:25+00:00,AAPLX/USDT,AAPL,308.85,307.6650085449219,38.5,08-21 00:00,178352
2026-08-21T14:30:25+00:00,QQQX/USDT,QQQ,713.27,710.7249755859375,35.8,08-21 00:00,176362
2026-08-21T15:01:46+00:00,MCDX/USDT,MCD,274.15,269.95001220703125,155.6,08-21 00:00,77229
2026-08-21T15:01:46+00:00,SPYX/USDT,SPY,770.75,765.8200073242188,64.3,08-21 00:00,213567
2026-08-21T15:01:46+00:00,AVGOX/USDT,AVGO,369.24,367.0400085449219,59.9,08-21 00:00,125444
2026-08-21T15:01:46+00:00,AAPLX/USDT,AAPL,310.61,309.5299987792969,34.7,08-21 00:00,176205
2026-08-21T15:01:46+00:00,QQQX/USDT,QQQ,714.2,711.989990234375,31.0,08-21 00:00,173912
2026-08-21T15:30:28+00:00,MCDX/USDT,MCD,274.54,270.1300048828125,163.4,08-21 00:00,75927
2026-08-21T15:30:28+00:00,SPYX/USDT,SPY,770.71,765.8800048828125,63.1,08-21 00:00,204837
2026-08-21T15:30:28+00:00,AVGOX/USDT,AVGO,370.39,368.6600036621094,47.1,08-21 00:00,127463
2026-08-21T15:30:28+00:00,AAPLX/USDT,AAPL,311.65,310.5400085449219,35.9,08-21 00:00,180357
2026-08-21T16:01:31+00:00,MCDX/USDT,MCD,274.66,270.42498779296875,156.8,08-21 00:00,76927
2026-08-21T16:01:31+00:00,AVGOX/USDT,AVGO,370.4,367.875,68.6,08-21 00:00,126198
2026-08-21T16:01:31+00:00,SPYX/USDT,SPY,772.12,767.1300048828125,65.0,08-21 00:00,193179
2026-08-21T16:01:31+00:00,AAPLX/USDT,AAPL,312.8,311.760009765625,33.5,08-21 00:00,171373
2026-08-21T16:01:31+00:00,QQQX/USDT,QQQ,716.76,714.5499877929688,31.0,08-21 00:00,174909
2026-08-21T16:30:41+00:00,MCDX/USDT,MCD,275.18,270.8999938964844,157.8,08-21 00:00,71886
2026-08-21T16:30:41+00:00,SPYX/USDT,SPY,771.08,766.469970703125,60.1,08-21 00:00,189226
2026-08-21T16:30:41+00:00,AVGOX/USDT,AVGO,369.6,367.5400085449219,55.9,08-21 00:00,126753
2026-08-21T16:30:41+00:00,AAPLX/USDT,AAPL,312.26,311.2402038574219,32.8,08-21 00:00,169712
2026-08-21T16:30:41+00:00,QQQX/USDT,QQQ,716.03,713.8400268554688,30.6,08-21 00:00,171943
2026-08-21T17:00:47+00:00,MCDX/USDT,MCD,275.0,270.5,166.5,08-21 00:00,74057
2026-08-21T17:00:47+00:00,SPYX/USDT,SPY,771.01,766.3599853515625,60.7,08-21 00:00,194302
2026-08-21T17:00:47+00:00,AVGOX/USDT,AVGO,367.89,366.3900146484375,40.9,08-21 00:00,127146
2026-08-21T17:00:47+00:00,AAPLX/USDT,AAPL,312.16,311.1300048828125,33.3,08-21 00:00,167883
2026-08-21T17:00:47+00:00,QQQX/USDT,QQQ,716.1,713.8499755859375,31.4,08-21 00:00,171768
2026-08-21T17:30:53+00:00,MCDX/USDT,MCD,275.26,270.7650146484375,166.0,08-21 00:00,70913
2026-08-21T17:30:53+00:00,SPYX/USDT,SPY,770.59,765.8200073242188,62.2,08-21 00:00,187649
2026-08-21T17:30:53+00:00,AVGOX/USDT,AVGO,367.6,365.3500061035156,61.6,08-21 00:00,125159
2026-08-21T17:30:53+00:00,AAPLX/USDT,AAPL,312.17,311.1400146484375,33.1,08-21 00:00,165746
2026-08-21T17:30:53+00:00,QQQX/USDT,QQQ,715.68,713.489990234375,30.8,08-21 00:00,176105
2026-08-21T18:00:58+00:00,MCDX/USDT,MCD,275.18,270.94000244140625,156.5,08-21 00:00,69462
2026-08-21T18:00:58+00:00,SPYX/USDT,SPY,770.31,765.5800170898438,61.8,08-21 00:00,186567
2026-08-21T18:00:58+00:00,AVGOX/USDT,AVGO,368.79,366.8399963378906,53.3,08-21 00:00,122581
2026-08-21T18:00:58+00:00,AAPLX/USDT,AAPL,310.52,309.5050048828125,33.0,08-21 00:00,157400
2026-08-21T18:00:58+00:00,QQQX/USDT,QQQ,715.45,713.3099975585938,30.1,08-21 00:00,176079
2026-08-21T18:31:14+00:00,MCDX/USDT,MCD,275.16,270.70001220703125,164.9,08-21 00:00,68922
2026-08-21T18:31:14+00:00,AVGOX/USDT,AVGO,367.69,365.25,66.7,08-21 00:00,123177
2026-08-21T18:31:14+00:00,SPYX/USDT,SPY,770.18,765.1400146484375,65.9,08-21 00:00,186625
2026-08-21T18:31:14+00:00,AAPLX/USDT,AAPL,309.58,308.510009765625,34.7,08-21 00:00,157770
2026-08-21T18:31:14+00:00,QQQX/USDT,QQQ,714.87,712.489990234375,33.3,08-21 00:00,173347
2026-08-21T19:01:11+00:00,MCDX/USDT,MCD,275.14,270.6600036621094,165.5,08-21 00:00,67326
2026-08-21T19:01:11+00:00,AVGOX/USDT,AVGO,369.15,367.114990234375,55.4,08-21 00:00,126254
2026-08-21T19:01:11+00:00,SPYX/USDT,SPY,770.46,766.239990234375,55.0,08-21 00:00,184938
2026-08-21T19:01:11+00:00,AAPLX/USDT,AAPL,309.81,308.7449951171875,34.7,08-21 00:00,148529
2026-08-21T19:31:18+00:00,MCDX/USDT,MCD,274.94,270.5299987792969,162.8,08-21 00:00,67988
2026-08-21T19:31:18+00:00,AVGOX/USDT,AVGO,371.96,368.0950012207031,104.9,08-21 00:00,127413
2026-08-21T19:31:18+00:00,SPYX/USDT,SPY,770.79,766.2000122070312,59.9,08-21 00:00,189273
2026-08-21T19:31:18+00:00,AAPLX/USDT,AAPL,311.07,310.0,34.7,08-21 00:00,147848
2026-08-21T20:00:41+00:00,MCDX/USDT,MCD,275.27,270.94000244140625,159.8,08-21 00:00,67817
2026-08-21T20:00:41+00:00,AVGOX/USDT,AVGO,370.89,368.45001220703125,66.4,08-21 00:00,130182
2026-08-21T20:00:41+00:00,SPYX/USDT,SPY,770.07,765.6199951171875,58.1,08-21 00:00,185919
2026-08-21T20:00:41+00:00,AAPLX/USDT,AAPL,310.45,309.3500061035156,35.4,08-21 00:00,145961
2026-08-21T20:30:23+00:00,MCDX/USDT,MCD,275.22,270.95001220703125,157.4,08-21 00:00,67303
2026-08-21T20:30:23+00:00,MSTRX/USDT,MSTR,119.94,119.25,57.4,08-21 00:00,889629
2026-08-21T20:30:23+00:00,SPYX/USDT,SPY,769.96,765.719970703125,55.4,08-21 00:00,186862
2026-08-21T20:30:23+00:00,AAPLX/USDT,AAPL,310.53,309.3500061035156,38.3,08-21 00:00,146457
2026-08-21T20:30:23+00:00,AVGOX/USDT,AVGO,369.84,368.45001220703125,37.7,08-21 00:00,131613
2026-08-21T21:30:35+00:00,MSTRX/USDT,MSTR,121.17,119.25,161.4,08-21 00:00,913559
2026-08-21T21:30:35+00:00,MCDX/USDT,MCD,275.28,270.95001220703125,160.0,08-21 00:00,66761
2026-08-21T21:30:35+00:00,COINX/USDT,COIN,188.58,186.49000549316406,112.3,08-21 00:00,223166
2026-08-21T21:30:35+00:00,SPYX/USDT,SPY,770.11,765.719970703125,57.3,08-21 00:00,200715
2026-08-21T21:30:35+00:00,AAPLX/USDT,AAPL,310.44,309.3500061035156,35.4,08-21 00:00,148351
2026-08-21T22:00:38+00:00,MSTRX/USDT,MSTR,122.12,119.25,241.1,08-21 00:00,920960
2026-08-21T22:00:38+00:00,COINX/USDT,COIN,189.44,186.49000549316406,158.5,08-21 00:00,223751
2026-08-21T22:00:38+00:00,MCDX/USDT,MCD,274.87,270.95001220703125,144.7,08-21 00:00,68342
2026-08-21T22:00:38+00:00,SPYX/USDT,SPY,770.64,765.719970703125,64.3,08-21 00:00,200190
2026-08-21T22:00:38+00:00,AAPLX/USDT,AAPL,310.61,309.3500061035156,40.7,08-21 00:00,147940
2026-08-21T22:00:38+00:00,GOOGLX/USDT,GOOGL,346.02,344.82000732421875,34.8,08-21 00:00,107054
2026-08-21T22:00:38+00:00,NVDAX/USDT,NVDA,215.39,214.72000122070312,31.4,08-21 00:00,250998
2026-08-21T22:30:52+00:00,MSTRX/USDT,MSTR,121.9,119.25,221.8,08-21 00:00,922915
2026-08-21T22:30:52+00:00,MCDX/USDT,MCD,275.07,270.95001220703125,152.1,08-21 00:00,66966
2026-08-21T22:30:52+00:00,COINX/USDT,COIN,189.29,186.49000549316406,149.9,08-21 00:00,224671
2026-08-21T22:30:52+00:00,SPYX/USDT,SPY,771.02,765.719970703125,69.3,08-21 00:00,190414
2026-08-21T22:30:52+00:00,AAPLX/USDT,AAPL,310.69,309.3500061035156,43.2,08-21 00:00,150065
2026-08-21T22:30:52+00:00,AVGOX/USDT,AVGO,369.99,368.45001220703125,41.7,08-21 00:00,130845
2026-08-21T22:30:52+00:00,AMZNX/USDT,AMZN,259.6,258.6300048828125,37.3,08-21 00:00,45148
2026-08-21T22:30:52+00:00,GOOGLX/USDT,GOOGL,346.02,344.82000732421875,34.8,08-21 00:00,108315
2026-08-21T22:30:52+00:00,NVDAX/USDT,NVDA,215.44,214.72000122070312,33.8,08-21 00:00,247873
2026-08-21T23:00:57+00:00,MSTRX/USDT,MSTR,121.73,119.25,208.4,08-21 00:00,927350
2026-08-21T23:00:57+00:00,COINX/USDT,COIN,189.77,186.49000549316406,176.1,08-21 00:00,223095
2026-08-21T23:00:57+00:00,MCDX/USDT,MCD,275.25,270.95001220703125,158.7,08-21 00:00,66165
2026-08-21T23:00:57+00:00,SPYX/USDT,SPY,771.37,765.719970703125,73.7,08-21 00:00,192453
2026-08-21T23:00:57+00:00,AAPLX/USDT,AAPL,310.63,309.3500061035156,41.4,08-21 00:00,150121
2026-08-21T23:00:57+00:00,AMZNX/USDT,AMZN,259.63,258.6300048828125,38.9,08-21 00:00,45077
2026-08-21T23:00:57+00:00,NVDAX/USDT,NVDA,215.49,214.72000122070312,35.9,08-21 00:00,246550
2026-08-21T23:00:57+00:00,QQQX/USDT,QQQ,715.82,713.4400024414062,33.3,08-21 00:00,160292
2026-08-21T23:31:05+00:00,MSTRX/USDT,MSTR,121.84,119.25,217.6,08-21 00:00,921901
2026-08-21T23:31:05+00:00,COINX/USDT,COIN,189.63,186.49000549316406,168.4,08-21 00:00,223845
2026-08-21T23:31:05+00:00,MCDX/USDT,MCD,275.13,270.95001220703125,154.5,08-21 00:00,65861
2026-08-21T23:31:05+00:00,SPYX/USDT,SPY,771.23,765.719970703125,71.9,08-21 00:00,196774
2026-08-21T23:31:05+00:00,NVDAX/USDT,NVDA,215.57,214.72000122070312,39.8,08-21 00:00,249414
2026-08-21T23:31:05+00:00,AVGOX/USDT,AVGO,369.88,368.45001220703125,38.9,08-21 00:00,130496
2026-08-21T23:31:05+00:00,AAPLX/USDT,AAPL,310.52,309.3500061035156,37.8,08-21 00:00,150439
2026-08-21T23:31:05+00:00,QQQX/USDT,QQQ,716.08,713.4400024414062,36.9,08-21 00:00,159807
2026-08-21T23:31:05+00:00,AMZNX/USDT,AMZN,259.49,258.6300048828125,33.1,08-21 00:00,44878
2026-08-22T00:01:10+00:00,MSTRX/USDT,MSTR,121.41,119.25,181.6,08-21 00:00,915982
2026-08-22T00:01:10+00:00,MCDX/USDT,MCD,275.15,270.95001220703125,155.0,08-21 00:00,65451
2026-08-22T00:01:10+00:00,COINX/USDT,COIN,189.0,186.49000549316406,134.6,08-21 00:00,224330
2026-08-22T00:01:10+00:00,SPYX/USDT,SPY,771.22,765.719970703125,71.8,08-21 00:00,190766
2026-08-22T00:01:10+00:00,AVGOX/USDT,AVGO,370.22,368.45001220703125,47.9,08-21 00:00,133431
2026-08-22T00:01:10+00:00,AAPLX/USDT,AAPL,310.65,309.3500061035156,42.0,08-21 00:00,150182
2026-08-22T00:01:10+00:00,AMZNX/USDT,AMZN,259.58,258.6300048828125,36.5,08-21 00:00,43963
2026-08-22T00:01:10+00:00,QQQX/USDT,QQQ,716.04,713.4400024414062,36.4,08-21 00:00,161617
2026-08-22T00:01:10+00:00,NVDAX/USDT,NVDA,215.49,214.72000122070312,35.9,08-21 00:00,247945
2026-08-22T00:31:13+00:00,MSTRX/USDT,MSTR,120.97,119.25,143.8,08-21 00:00,882167
2026-08-22T00:31:13+00:00,COINX/USDT,COIN,188.93,186.49000549316406,130.6,08-21 00:00,223147
2026-08-22T00:31:13+00:00,MCDX/USDT,MCD,274.3,270.95001220703125,123.8,08-21 00:00,64595
2026-08-22T00:31:13+00:00,SPYX/USDT,SPY,771.25,765.719970703125,72.2,08-21 00:00,181888
2026-08-22T00:31:13+00:00,AVGOX/USDT,AVGO,370.25,368.45001220703125,48.7,08-21 00:00,129537
2026-08-22T00:31:13+00:00,AAPLX/USDT,AAPL,310.84,309.3500061035156,48.2,08-21 00:00,148711
2026-08-22T00:31:13+00:00,AMZNX/USDT,AMZN,259.58,258.6300048828125,36.5,08-21 00:00,44038
2026-08-22T00:31:13+00:00,QQQX/USDT,QQQ,716.04,713.4400024414062,36.4,08-21 00:00,155247
2026-08-22T00:31:13+00:00,NVDAX/USDT,NVDA,215.47,214.72000122070312,34.7,08-21 00:00,244745
2026-08-22T01:00:15+00:00,MCDX/USDT,MCD,275.46,270.95001220703125,166.3,08-21 00:00,63156
2026-08-22T01:00:15+00:00,COINX/USDT,COIN,188.95,186.49000549316406,132.2,08-21 00:00,221056
2026-08-22T01:00:15+00:00,MSTRX/USDT,MSTR,120.59,119.25,112.8,08-21 00:00,882047
2026-08-22T01:00:15+00:00,SPYX/USDT,SPY,771.2,765.719970703125,71.6,08-21 00:00,183026
2026-08-22T01:00:15+00:00,AAPLX/USDT,AAPL,311.11,309.3500061035156,56.9,08-21 00:00,149173
2026-08-22T01:00:15+00:00,AVGOX/USDT,AVGO,370.17,368.45001220703125,46.7,08-21 00:00,130463
2026-08-22T01:00:15+00:00,NVDAX/USDT,NVDA,215.56,214.72000122070312,39.1,08-21 00:00,242149
2026-08-22T01:00:15+00:00,QQQX/USDT,QQQ,716.12,713.4400024414062,37.6,08-21 00:00,153358
2026-08-22T01:00:15+00:00,AMZNX/USDT,AMZN,259.57,258.6300048828125,36.3,08-21 00:00,43995
2026-08-22T01:30:24+00:00,COINX/USDT,COIN,189.88,186.49000549316406,182.0,08-21 00:00,223556
2026-08-22T01:30:24+00:00,MCDX/USDT,MCD,275.46,270.95001220703125,166.3,08-21 00:00,60421
2026-08-22T01:30:24+00:00,MSTRX/USDT,MSTR,120.88,119.25,137.1,08-21 00:00,858714
2026-08-22T01:30:24+00:00,SPYX/USDT,SPY,771.25,765.719970703125,72.2,08-21 00:00,180304
2026-08-22T01:30:24+00:00,AVGOX/USDT,AVGO,369.99,368.45001220703125,41.7,08-21 00:00,128469
2026-08-22T01:30:24+00:00,AAPLX/USDT,AAPL,310.63,309.3500061035156,41.4,08-21 00:00,148379
2026-08-22T01:30:24+00:00,NVDAX/USDT,NVDA,215.57,214.72000122070312,39.8,08-21 00:00,238787
2026-08-22T01:30:24+00:00,QQQX/USDT,QQQ,716.2,713.4400024414062,38.8,08-21 00:00,146075
2026-08-22T02:00:26+00:00,MCDX/USDT,MCD,275.98,270.95001220703125,185.5,08-21 00:00,57495
2026-08-22T02:00:26+00:00,COINX/USDT,COIN,189.75,186.49000549316406,174.8,08-21 00:00,222251
2026-08-22T02:00:26+00:00,MSTRX/USDT,MSTR,120.6,119.25,113.6,08-21 00:00,812771
2026-08-22T02:00:26+00:00,SPYX/USDT,SPY,771.23,765.719970703125,72.0,08-21 00:00,166380
2026-08-22T02:00:26+00:00,AVGOX/USDT,AVGO,370.42,368.45001220703125,53.5,08-21 00:00,125900
2026-08-22T02:00:26+00:00,NVDAX/USDT,NVDA,215.59,214.72000122070312,40.5,08-21 00:00,229788
2026-08-22T02:00:26+00:00,AAPLX/USDT,AAPL,310.58,309.3500061035156,39.8,08-21 00:00,146918
2026-08-22T02:00:26+00:00,QQQX/USDT,QQQ,716.18,713.4400024414062,38.5,08-21 00:00,143286
2026-08-22T02:30:33+00:00,COINX/USDT,COIN,190.89,186.49000549316406,235.9,08-21 00:00,221145
2026-08-22T02:30:33+00:00,MSTRX/USDT,MSTR,121.78,119.25,212.6,08-21 00:00,781569
2026-08-22T02:30:33+00:00,MCDX/USDT,MCD,275.01,270.95001220703125,150.0,08-21 00:00,56464
2026-08-22T02:30:33+00:00,SPYX/USDT,SPY,771.4,765.719970703125,74.2,08-21 00:00,165908
2026-08-22T02:30:33+00:00,AAPLX/USDT,AAPL,310.88,309.3500061035156,49.5,08-21 00:00,146055
2026-08-22T02:30:33+00:00,NVDAX/USDT,NVDA,215.71,214.72000122070312,46.1,08-21 00:00,225520
2026-08-22T02:30:33+00:00,AVGOX/USDT,AVGO,369.99,368.45001220703125,41.7,08-21 00:00,119786
2026-08-22T02:30:33+00:00,QQQX/USDT,QQQ,716.14,713.4400024414062,37.8,08-21 00:00,142934
2026-08-22T02:30:33+00:00,AMZNX/USDT,AMZN,259.44,258.6300048828125,31.1,08-21 00:00,41120
2026-08-22T03:01:08+00:00,COINX/USDT,COIN,191.45,186.49000549316406,266.2,08-21 00:00,218340
2026-08-22T03:01:08+00:00,MSTRX/USDT,MSTR,122.25,119.25,252.0,08-21 00:00,768765
2026-08-22T03:01:08+00:00,MCDX/USDT,MCD,275.01,270.95001220703125,150.0,08-21 00:00,56182
2026-08-22T03:01:08+00:00,SPYX/USDT,SPY,771.5,765.719970703125,75.5,08-21 00:00,160860
2026-08-22T03:01:08+00:00,NVDAX/USDT,NVDA,215.95,214.72000122070312,57.5,08-21 00:00,223772
2026-08-22T03:01:08+00:00,AAPLX/USDT,AAPL,310.82,309.3500061035156,47.5,08-21 00:00,146404
2026-08-22T03:01:08+00:00,AVGOX/USDT,AVGO,370.01,368.45001220703125,42.3,08-21 00:00,117433
2026-08-22T03:01:08+00:00,AMZNX/USDT,AMZN,259.69,258.6300048828125,40.8,08-21 00:00,40902
2026-08-22T03:01:08+00:00,QQQX/USDT,QQQ,716.13,713.4400024414062,37.7,08-21 00:00,136854
2026-08-22T03:30:55+00:00,MSTRX/USDT,MSTR,123.06,119.25,319.5,08-21 00:00,769250
2026-08-22T03:30:55+00:00,COINX/USDT,COIN,191.99,186.49000549316406,294.7,08-21 00:00,217662
2026-08-22T03:30:55+00:00,MCDX/USDT,MCD,275.75,270.95001220703125,177.3,08-21 00:00,54946
2026-08-22T03:30:55+00:00,SPYX/USDT,SPY,771.62,765.719970703125,77.1,08-21 00:00,159087
2026-08-22T03:30:55+00:00,NVDAX/USDT,NVDA,216.0,214.72000122070312,59.4,08-21 00:00,215031
2026-08-22T03:30:55+00:00,AVGOX/USDT,AVGO,370.13,368.45001220703125,45.6,08-21 00:00,117124
2026-08-22T03:30:55+00:00,AMZNX/USDT,AMZN,259.78,258.6300048828125,44.7,08-21 00:00,41118
2026-08-22T03:30:55+00:00,AAPLX/USDT,AAPL,310.67,309.3500061035156,42.7,08-21 00:00,147298
2026-08-22T03:30:55+00:00,QQQX/USDT,QQQ,715.92,713.4400024414062,34.8,08-21 00:00,136130
2026-08-22T04:00:26+00:00,MSTRX/USDT,MSTR,122.94,119.25,309.0,08-21 00:00,751204
2026-08-22T04:00:26+00:00,COINX/USDT,COIN,191.4,186.49000549316406,263.0,08-21 00:00,216829
2026-08-22T04:00:26+00:00,MCDX/USDT,MCD,275.75,270.95001220703125,177.3,08-21 00:00,54435
2026-08-22T04:00:26+00:00,SPYX/USDT,SPY,771.38,765.719970703125,73.9,08-21 00:00,156130
2026-08-22T04:00:26+00:00,NVDAX/USDT,NVDA,216.01,214.72000122070312,60.3,08-21 00:00,211790
2026-08-22T04:00:26+00:00,AAPLX/USDT,AAPL,310.49,309.3500061035156,36.9,08-21 00:00,147945
2026-08-22T04:00:26+00:00,AVGOX/USDT,AVGO,369.65,368.45001220703125,32.6,08-21 00:00,115392
2026-08-22T04:30:32+00:00,MSTRX/USDT,MSTR,122.91,119.25,307.3,08-21 00:00,742768
2026-08-22T04:30:32+00:00,COINX/USDT,COIN,191.56,186.49000549316406,271.9,08-21 00:00,216160
2026-08-22T04:30:32+00:00,MCDX/USDT,MCD,275.7,270.95001220703125,175.3,08-21 00:00,53461
2026-08-22T04:30:32+00:00,SPYX/USDT,SPY,770.79,765.719970703125,66.2,08-21 00:00,152119
2026-08-22T04:30:32+00:00,NVDAX/USDT,NVDA,215.81,214.72000122070312,50.5,08-21 00:00,209381
2026-08-22T04:30:32+00:00,AAPLX/USDT,AAPL,310.37,309.3500061035156,33.0,08-21 00:00,149421
2026-08-22T04:30:32+00:00,AVGOX/USDT,AVGO,369.67,368.45001220703125,33.0,08-21 00:00,111242
2026-08-22T04:30:32+00:00,AMZNX/USDT,AMZN,259.42,258.6300048828125,30.7,08-21 00:00,40308
2026-08-22T05:00:31+00:00,MSTRX/USDT,MSTR,123.34,119.25,343.4,08-21 00:00,738032
2026-08-22T05:00:31+00:00,COINX/USDT,COIN,191.88,186.49000549316406,288.8,08-21 00:00,215160
2026-08-22T05:00:31+00:00,MCDX/USDT,MCD,276.36,270.95001220703125,199.7,08-21 00:00,53013
2026-08-22T05:00:31+00:00,SPYX/USDT,SPY,770.97,765.719970703125,68.6,08-21 00:00,149764
2026-08-22T05:00:31+00:00,NVDAX/USDT,NVDA,215.65,214.72000122070312,43.3,08-21 00:00,209746
2026-08-22T05:00:31+00:00,AMZNX/USDT,AMZN,259.42,258.6300048828125,30.7,08-21 00:00,40336
2026-08-22T05:31:06+00:00,SPYX/USDT,SPY,771.12,765.719970703125,70.6,08-21 00:00,157938
2026-08-22T05:31:06+00:00,MCDX/USDT,MCD,272.8,270.95001220703125,68.5,08-21 00:00,52564
2026-08-22T05:31:06+00:00,TSLAX/USDT,TSLA,360.74,362.8599853515625,-58.6,08-21 00:00,323050
2026-08-22T05:31:06+00:00,MSTRX/USDT,MSTR,119.69,119.25,37.3,08-21 00:00,774865
2026-08-22T06:01:16+00:00,MCDX/USDT,MCD,273.04,270.95001220703125,77.3,08-21 00:00,51828
2026-08-22T06:01:16+00:00,SPYX/USDT,SPY,770.24,765.719970703125,59.0,08-21 00:00,157097
2026-08-22T06:01:16+00:00,MSTRX/USDT,MSTR,119.92,119.25,56.6,08-21 00:00,778593
2026-08-22T06:01:16+00:00,TSLAX/USDT,TSLA,361.0,362.8599853515625,-51.3,08-21 00:00,324995
2026-08-22T06:01:16+00:00,COINX/USDT,COIN,187.24,186.49000549316406,40.2,08-21 00:00,259468
2026-08-22T06:01:16+00:00,AVGOX/USDT,AVGO,369.88,368.45001220703125,38.8,08-21 00:00,106493
2026-08-22T06:30:48+00:00,AVGOX/USDT,AVGO,395.1,368.45001220703125,723.3,08-21 00:00,103540
2026-08-22T06:30:48+00:00,MCDX/USDT,MCD,273.81,270.95001220703125,105.7,08-21 00:00,51150
2026-08-22T06:30:48+00:00,SPYX/USDT,SPY,770.03,765.719970703125,56.4,08-21 00:00,156004
2026-08-22T06:30:48+00:00,MSTRX/USDT,MSTR,119.89,119.25,53.2,08-21 00:00,796624
2026-08-22T06:30:48+00:00,TSLAX/USDT,TSLA,361.05,362.8599853515625,-50.0,08-21 00:00,325306
2026-08-22T06:30:48+00:00,GOOGLX/USDT,GOOGL,343.5,344.82000732421875,-38.1,08-21 00:00,115022
2026-08-22T06:30:48+00:00,COINX/USDT,COIN,187.1,186.49000549316406,33.0,08-21 00:00,267379
2026-08-22T06:30:48+00:00,NVDAX/USDT,NVDA,215.41,214.72000122070312,32.4,08-21 00:00,202353
2026-08-22T07:00:53+00:00,MCDX/USDT,MCD,274.3,270.95001220703125,123.8,08-21 00:00,48722
2026-08-22T07:00:53+00:00,MSTRX/USDT,MSTR,120.4,119.25,96.0,08-21 00:00,802718
2026-08-22T07:00:53+00:00,SPYX/USDT,SPY,770.04,765.719970703125,56.4,08-21 00:00,155143
2026-08-22T07:00:53+00:00,COINX/USDT,COIN,187.49,186.49000549316406,53.6,08-21 00:00,268528
2026-08-22T07:00:53+00:00,TSLAX/USDT,TSLA,361.46,362.8599853515625,-38.4,08-21 00:00,321023
2026-08-22T07:00:53+00:00,NVDAX/USDT,NVDA,215.47,214.72000122070312,35.2,08-21 00:00,198938
2026-08-22T07:31:00+00:00,MSTRX/USDT,MSTR,120.72,119.25,123.3,08-21 00:00,783967
2026-08-22T07:31:00+00:00,MCDX/USDT,MCD,273.67,270.95001220703125,100.4,08-21 00:00,46689
2026-08-22T07:31:00+00:00,COINX/USDT,COIN,187.72,186.49000549316406,65.7,08-21 00:00,270624
2026-08-22T07:31:00+00:00,SPYX/USDT,SPY,769.78,765.719970703125,53.0,08-21 00:00,154657
2026-08-22T07:31:00+00:00,NVDAX/USDT,NVDA,215.56,214.72000122070312,39.4,08-21 00:00,199269
2026-08-22T08:01:06+00:00,MCDX/USDT,MCD,273.69,270.95001220703125,101.1,08-21 00:00,45170
2026-08-22T08:01:06+00:00,MSTRX/USDT,MSTR,120.15,119.25,75.5,08-21 00:00,770005
2026-08-22T08:01:06+00:00,SPYX/USDT,SPY,769.53,765.719970703125,49.8,08-21 00:00,159468
2026-08-22T08:01:06+00:00,COINX/USDT,COIN,187.37,186.49000549316406,46.9,08-21 00:00,269093
2026-08-22T08:01:06+00:00,NVDAX/USDT,NVDA,215.58,214.72000122070312,40.1,08-21 00:00,198350
2026-08-22T08:31:12+00:00,MCDX/USDT,MCD,273.69,270.95001220703125,101.1,08-21 00:00,44223
2026-08-22T08:31:12+00:00,MSTRX/USDT,MSTR,119.97,119.25,60.4,08-21 00:00,730887
2026-08-22T08:31:12+00:00,SPYX/USDT,SPY,769.38,765.719970703125,47.7,08-21 00:00,169259
2026-08-22T08:31:12+00:00,NVDAX/USDT,NVDA,215.55,214.72000122070312,38.4,08-21 00:00,196451
2026-08-22T08:31:12+00:00,GOOGLX/USDT,GOOGL,343.69,344.82000732421875,-32.8,08-21 00:00,116119
2026-08-22T08:31:12+00:00,TSLAX/USDT,TSLA,361.73,362.8599853515625,-31.3,08-21 00:00,297276
2026-08-22T09:00:22+00:00,MCDX/USDT,MCD,273.68,270.95001220703125,100.8,08-21 00:00,43440
2026-08-22T09:00:22+00:00,MSTRX/USDT,MSTR,119.98,119.25,61.6,08-21 00:00,702832
2026-08-22T09:00:22+00:00,SPYX/USDT,SPY,769.89,765.719970703125,54.5,08-21 00:00,172195
2026-08-22T09:00:22+00:00,NVDAX/USDT,NVDA,215.59,214.72000122070312,40.3,08-21 00:00,192756
2026-08-22T09:30:26+00:00,MCDX/USDT,MCD,274.81,270.95001220703125,142.5,08-21 00:00,42332
2026-08-22T09:30:26+00:00,MSTRX/USDT,MSTR,119.94,119.25,57.4,08-21 00:00,661057
2026-08-22T09:30:26+00:00,SPYX/USDT,SPY,769.23,765.719970703125,45.8,08-21 00:00,173123
2026-08-22T09:30:26+00:00,NVDAX/USDT,NVDA,215.56,214.72000122070312,38.9,08-21 00:00,183947
2026-08-22T10:00:30+00:00,MCDX/USDT,MCD,274.65,270.95001220703125,136.6,08-21 00:00,40441
2026-08-22T10:00:30+00:00,SPYX/USDT,SPY,769.13,765.719970703125,44.6,08-21 00:00,168648
2026-08-22T10:00:30+00:00,COINX/USDT,COIN,185.87,186.49000549316406,-33.5,08-21 00:00,259255
2026-08-22T10:00:30+00:00,MSTRX/USDT,MSTR,119.63,119.25,32.3,08-21 00:00,659834
2026-08-22T10:30:30+00:00,MCDX/USDT,MCD,273.56,270.95001220703125,96.3,08-21 00:00,39241
2026-08-22T10:30:30+00:00,COINX/USDT,COIN,185.05,186.49000549316406,-77.2,08-21 00:00,257073
2026-08-22T10:30:30+00:00,TSLAX/USDT,TSLA,361.44,362.8599853515625,-39.0,08-21 00:00,266319
2026-08-22T10:30:30+00:00,SPYX/USDT,SPY,768.57,765.719970703125,37.2,08-21 00:00,168820
2026-08-22T11:00:34+00:00,MCDX/USDT,MCD,274.46,270.95001220703125,129.5,08-21 00:00,37697
2026-08-22T11:00:34+00:00,COINX/USDT,COIN,185.06,186.49000549316406,-76.4,08-21 00:00,256301
2026-08-22T11:00:34+00:00,SPYX/USDT,SPY,769.61,765.719970703125,50.7,08-21 00:00,165620
2026-08-22T11:00:34+00:00,NVDAX/USDT,NVDA,215.43,214.72000122070312,32.8,08-21 00:00,172211
2026-08-22T11:30:37+00:00,MCDX/USDT,MCD,273.95,270.95001220703125,110.7,08-21 00:00,37163
2026-08-22T11:30:37+00:00,COINX/USDT,COIN,184.7,186.49000549316406,-95.7,08-21 00:00,254349
2026-08-22T11:30:37+00:00,SPYX/USDT,SPY,769.37,765.719970703125,47.7,08-21 00:00,164835
2026-08-22T11:30:37+00:00,TSLAX/USDT,TSLA,361.3,362.8599853515625,-43.0,08-21 00:00,254411
2026-08-22T11:30:37+00:00,GOOGLX/USDT,GOOGL,343.49,344.82000732421875,-38.6,08-21 00:00,114001
2026-08-22T12:00:44+00:00,MCDX/USDT,MCD,273.71,270.95001220703125,101.9,08-21 00:00,35632
2026-08-22T12:00:44+00:00,COINX/USDT,COIN,185.07,186.49000549316406,-75.9,08-21 00:00,252991
2026-08-22T12:00:44+00:00,SPYX/USDT,SPY,769.49,765.719970703125,49.2,08-21 00:00,161953
2026-08-22T12:00:44+00:00,NVDAX/USDT,NVDA,215.62,214.72000122070312,41.9,08-21 00:00,168985
2026-08-22T12:00:44+00:00,TSLAX/USDT,TSLA,361.49,362.8599853515625,-37.9,08-21 00:00,249595
2026-08-22T12:00:44+00:00,GOOGLX/USDT,GOOGL,343.73,344.82000732421875,-31.8,08-21 00:00,115376
2026-08-22T12:31:05+00:00,MCDX/USDT,MCD,274.47,270.95001220703125,129.7,08-21 00:00,34312
2026-08-22T12:31:05+00:00,MSTRX/USDT,MSTR,120.14,119.25,74.6,08-21 00:00,550730
2026-08-22T12:31:05+00:00,SPYX/USDT,SPY,769.99,765.719970703125,55.7,08-21 00:00,156789
2026-08-22T12:31:05+00:00,NVDAX/USDT,NVDA,215.89,214.72000122070312,54.5,08-21 00:00,160702
2026-08-22T12:31:05+00:00,COINX/USDT,COIN,185.62,186.49000549316406,-46.4,08-21 00:00,251432
2026-08-22T12:31:05+00:00,AAPLX/USDT,AAPL,310.46,309.3500061035156,35.7,08-21 00:00,144107
2026-08-22T13:00:53+00:00,MCDX/USDT,MCD,274.05,270.95001220703125,114.6,08-21 00:00,32982
2026-08-22T13:00:53+00:00,MSTRX/USDT,MSTR,120.21,119.25,80.5,08-21 00:00,545607
2026-08-22T13:00:53+00:00,SPYX/USDT,SPY,769.72,765.719970703125,52.2,08-21 00:00,155623
2026-08-22T13:00:53+00:00,NVDAX/USDT,NVDA,215.82,214.72000122070312,51.5,08-21 00:00,155591
2026-08-22T13:00:53+00:00,COINX/USDT,COIN,185.58,186.49000549316406,-48.8,08-21 00:00,249570
2026-08-22T13:00:53+00:00,AAPLX/USDT,AAPL,310.5,309.3500061035156,37.3,08-21 00:00,141557
2026-08-22T13:31:43+00:00,MCDX/USDT,MCD,273.47,270.95001220703125,93.0,08-21 00:00,31013
2026-08-22T13:31:43+00:00,MSTRX/USDT,MSTR,120.17,119.25,77.6,08-21 00:00,520167
2026-08-22T13:31:43+00:00,COINX/USDT,COIN,185.22,186.49000549316406,-68.1,08-21 00:00,236598
2026-08-22T13:31:43+00:00,SPYX/USDT,SPY,769.7,765.719970703125,52.0,08-21 00:00,154743
2026-08-22T13:31:43+00:00,NVDAX/USDT,NVDA,215.77,214.72000122070312,48.9,08-21 00:00,114880
2026-08-22T13:31:43+00:00,AAPLX/USDT,AAPL,310.39,309.3500061035156,33.8,08-21 00:00,105493
2026-08-22T14:31:12+00:00,MSTRX/USDT,MSTR,120.56,119.25,110.3,08-21 00:00,471152
2026-08-22T14:31:12+00:00,MCDX/USDT,MCD,273.63,270.95001220703125,99.1,08-21 00:00,28644
2026-08-22T14:31:12+00:00,COINX/USDT,COIN,184.91,186.49000549316406,-84.7,08-21 00:00,133251
2026-08-22T14:31:12+00:00,SPYX/USDT,SPY,769.98,765.719970703125,55.6,08-21 00:00,147465
2026-08-22T14:31:12+00:00,NVDAX/USDT,NVDA,215.84,214.72000122070312,52.2,08-21 00:00,103494
2026-08-22T14:31:12+00:00,AAPLX/USDT,AAPL,310.61,309.3500061035156,40.7,08-21 00:00,77468
2026-08-22T15:00:12+00:00,MSTRX/USDT,MSTR,120.44,119.25,99.8,08-21 00:00,460990
2026-08-22T15:00:12+00:00,MCDX/USDT,MCD,273.4,270.95001220703125,90.4,08-21 00:00,27856
2026-08-22T15:00:12+00:00,COINX/USDT,COIN,184.84,186.49000549316406,-88.5,08-21 00:00,128840
2026-08-22T15:00:12+00:00,SPYX/USDT,SPY,770.11,765.719970703125,57.3,08-21 00:00,146101
2026-08-22T15:00:12+00:00,NVDAX/USDT,NVDA,215.8,214.72000122070312,50.3,08-21 00:00,101886
2026-08-22T15:00:12+00:00,AAPLX/USDT,AAPL,310.54,309.3500061035156,38.5,08-21 00:00,76513
2026-08-22T15:30:24+00:00,MCDX/USDT,MCD,274.03,270.95001220703125,113.7,08-21 00:00,27074
2026-08-22T15:30:24+00:00,COINX/USDT,COIN,184.62,186.49000549316406,-100.0,08-21 00:00,126923
2026-08-22T15:30:24+00:00,MSTRX/USDT,MSTR,120.21,119.25,80.5,08-21 00:00,440481
2026-08-22T15:30:24+00:00,SPYX/USDT,SPY,770.55,765.719970703125,63.1,08-21 00:00,146773
2026-08-22T15:30:24+00:00,NVDAX/USDT,NVDA,215.61,214.72000122070312,41.4,08-21 00:00,97888
2026-08-22T15:30:24+00:00,AAPLX/USDT,AAPL,310.47,309.3500061035156,36.2,08-21 00:00,70770
2026-08-22T15:30:24+00:00,TSLAX/USDT,TSLA,361.62,362.8599853515625,-34.2,08-21 00:00,165260
2026-08-22T15:30:24+00:00,GOOGLX/USDT,GOOGL,343.67,344.82000732421875,-33.4,08-21 00:00,98951
2026-08-22T16:00:29+00:00,COINX/USDT,COIN,184.64,186.49000549316406,-99.2,08-21 00:00,125036
2026-08-22T16:00:29+00:00,MSTRX/USDT,MSTR,120.16,119.25,76.7,08-21 00:00,431698
2026-08-22T16:00:29+00:00,SPYX/USDT,SPY,770.67,765.719970703125,64.6,08-21 00:00,146434
2026-08-22T16:00:29+00:00,MCDX/USDT,MCD,272.51,270.95001220703125,57.6,08-21 00:00,24265
2026-08-22T16:00:29+00:00,TSLAX/USDT,TSLA,361.56,362.8599853515625,-36.0,08-21 00:00,145722
2026-08-22T16:00:29+00:00,NVDAX/USDT,NVDA,215.49,214.72000122070312,35.6,08-21 00:00,95481
2026-08-22T16:00:29+00:00,GOOGLX/USDT,GOOGL,343.62,344.82000732421875,-34.9,08-21 00:00,93369
2026-08-22T16:00:29+00:00,AAPLX/USDT,AAPL,310.39,309.3500061035156,33.6,08-21 00:00,69382
2026-08-22T16:30:30+00:00,MSTRX/USDT,MSTR,120.55,119.25,108.6,08-21 00:00,423010
2026-08-22T16:30:30+00:00,MCDX/USDT,MCD,272.97,270.95001220703125,74.6,08-21 00:00,23974
2026-08-22T16:30:30+00:00,COINX/USDT,COIN,185.15,186.49000549316406,-72.1,08-21 00:00,123129
2026-08-22T16:30:30+00:00,SPYX/USDT,SPY,770.65,765.719970703125,64.4,08-21 00:00,144848
2026-08-22T16:30:30+00:00,NVDAX/USDT,NVDA,215.51,214.72000122070312,36.8,08-21 00:00,93598
2026-08-22T16:30:30+00:00,AAPLX/USDT,AAPL,310.34,309.3500061035156,31.8,08-21 00:00,67344
2026-08-22T17:00:51+00:00,MSTRX/USDT,MSTR,120.67,119.25,119.5,08-21 00:00,416128
2026-08-22T17:00:51+00:00,MCDX/USDT,MCD,273.29,270.95001220703125,86.5,08-21 00:00,20599
2026-08-22T17:00:51+00:00,SPYX/USDT,SPY,769.97,765.719970703125,55.6,08-21 00:00,138501
2026-08-22T17:00:51+00:00,COINX/USDT,COIN,185.62,186.49000549316406,-46.7,08-21 00:00,122261
2026-08-22T17:00:51+00:00,NVDAX/USDT,NVDA,215.71,214.72000122070312,46.1,08-21 00:00,87562
2026-08-22T17:00:51+00:00,AAPLX/USDT,AAPL,310.4,309.3500061035156,33.9,08-21 00:00,64566
2026-08-22T17:31:09+00:00,MSTRX/USDT,MSTR,120.18,119.25,78.0,08-21 00:00,411852
2026-08-22T17:31:09+00:00,COINX/USDT,COIN,185.18,186.49000549316406,-70.5,08-21 00:00,119750
2026-08-22T17:31:09+00:00,MCDX/USDT,MCD,272.7,270.95001220703125,64.8,08-21 00:00,18543
2026-08-22T17:31:09+00:00,SPYX/USDT,SPY,769.36,765.719970703125,47.5,08-21 00:00,143692
2026-08-22T17:31:09+00:00,NVDAX/USDT,NVDA,215.7,214.72000122070312,45.6,08-21 00:00,84338
2026-08-22T18:00:51+00:00,MSTRX/USDT,MSTR,120.48,119.25,103.1,08-21 00:00,408825
2026-08-22T18:00:51+00:00,MCDX/USDT,MCD,273.36,270.95001220703125,88.9,08-21 00:00,18014
2026-08-22T18:00:51+00:00,COINX/USDT,COIN,185.16,186.49000549316406,-71.0,08-21 00:00,117089
2026-08-22T18:00:51+00:00,SPYX/USDT,SPY,769.68,765.719970703125,51.7,08-21 00:00,141645
2026-08-22T18:00:51+00:00,NVDAX/USDT,NVDA,215.73,214.72000122070312,46.8,08-21 00:00,82873
2026-08-22T18:00:51+00:00,AAPLX/USDT,AAPL,310.6,309.3500061035156,40.4,08-21 00:00,62817
2026-08-22T18:31:06+00:00,MCDX/USDT,MCD,273.35,270.95001220703125,88.4,08-21 00:00,15995
2026-08-22T18:31:06+00:00,MSTRX/USDT,MSTR,120.28,119.25,86.4,08-21 00:00,397225
2026-08-22T18:31:06+00:00,COINX/USDT,COIN,184.96,186.49000549316406,-82.0,08-21 00:00,116148
2026-08-22T18:31:06+00:00,AAPLX/USDT,AAPL,311.05,309.3500061035156,55.0,08-21 00:00,60052
2026-08-22T18:31:06+00:00,SPYX/USDT,SPY,769.65,765.719970703125,51.3,08-21 00:00,135337
2026-08-22T18:31:06+00:00,NVDAX/USDT,NVDA,215.69,214.72000122070312,44.9,08-21 00:00,67281
2026-08-22T19:01:13+00:00,MSTRX/USDT,MSTR,120.45,119.25,100.6,08-21 00:00,379750
2026-08-22T19:01:13+00:00,COINX/USDT,COIN,184.81,186.49000549316406,-90.4,08-21 00:00,114792
2026-08-22T19:01:13+00:00,MCDX/USDT,MCD,273.09,270.95001220703125,78.8,08-21 00:00,15498
2026-08-22T19:01:13+00:00,NVDAX/USDT,NVDA,215.95,214.72000122070312,57.5,08-21 00:00,64811
2026-08-22T19:01:13+00:00,SPYX/USDT,SPY,769.87,765.719970703125,54.2,08-21 00:00,144914
2026-08-22T19:01:13+00:00,AAPLX/USDT,AAPL,310.97,309.3500061035156,52.4,08-21 00:00,59983
2026-08-22T19:31:10+00:00,MSTRX/USDT,MSTR,120.49,119.25,104.0,08-21 00:00,369229
2026-08-22T19:31:10+00:00,COINX/USDT,COIN,184.86,186.49000549316406,-87.4,08-21 00:00,113179
2026-08-22T19:31:10+00:00,MCDX/USDT,MCD,272.7,270.95001220703125,64.6,08-21 00:00,13708
2026-08-22T19:31:10+00:00,NVDAX/USDT,NVDA,216.03,214.72000122070312,61.0,08-21 00:00,66524
2026-08-22T19:31:10+00:00,SPYX/USDT,SPY,769.8,765.719970703125,53.2,08-21 00:00,138587
2026-08-22T19:31:10+00:00,AAPLX/USDT,AAPL,310.61,309.3500061035156,40.6,08-21 00:00,60579
2026-08-22T20:00:15+00:00,MSTRX/USDT,MSTR,120.49,119.25,104.0,08-21 00:00,351350
2026-08-22T20:00:15+00:00,MCDX/USDT,MCD,273.35,270.95001220703125,88.6,08-21 00:00,12850
2026-08-22T20:00:15+00:00,NVDAX/USDT,NVDA,216.34,214.72000122070312,75.2,08-21 00:00,52162
2026-08-22T20:00:15+00:00,COINX/USDT,COIN,185.44,186.49000549316406,-56.3,08-21 00:00,112537
2026-08-22T20:00:15+00:00,SPYX/USDT,SPY,769.92,765.719970703125,54.9,08-21 00:00,137416
2026-08-22T20:00:15+00:00,AAPLX/USDT,AAPL,310.77,309.3500061035156,45.9,08-21 00:00,55445
2026-08-22T20:30:21+00:00,MSTRX/USDT,MSTR,120.52,119.25,106.5,08-21 00:00,338338
2026-08-22T20:30:21+00:00,MCDX/USDT,MCD,273.17,270.95001220703125,81.9,08-21 00:00,12059
2026-08-22T20:30:21+00:00,COINX/USDT,COIN,184.97,186.49000549316406,-81.8,08-21 00:00,95339
2026-08-22T20:30:21+00:00,NVDAX/USDT,NVDA,216.18,214.72000122070312,68.0,08-21 00:00,50458
2026-08-22T20:30:21+00:00,SPYX/USDT,SPY,769.67,765.719970703125,51.7,08-21 00:00,133803
2026-08-22T20:30:21+00:00,AAPLX/USDT,AAPL,310.29,309.3500061035156,30.4,08-21 00:00,54942
2026-08-22T21:30:33+00:00,MCDX/USDT,MCD,273.88,270.95001220703125,108.3,08-21 00:00,9902
2026-08-22T21:30:33+00:00,COINX/USDT,COIN,184.59,186.49000549316406,-102.2,08-21 00:00,91693
2026-08-22T21:30:33+00:00,MSTRX/USDT,MSTR,120.14,119.25,74.6,08-21 00:00,311985
2026-08-22T21:30:33+00:00,NVDAX/USDT,NVDA,216.11,214.72000122070312,64.7,08-21 00:00,41268
2026-08-22T21:30:33+00:00,SPYX/USDT,SPY,769.82,765.719970703125,53.5,08-21 00:00,103797
2026-08-22T22:00:39+00:00,COINX/USDT,COIN,184.14,186.49000549316406,-126.0,08-21 00:00,86716
2026-08-22T22:00:39+00:00,MCDX/USDT,MCD,273.88,270.95001220703125,108.3,08-21 00:00,7822
2026-08-22T22:00:39+00:00,NVDAX/USDT,NVDA,216.25,214.72000122070312,71.3,08-21 00:00,39930
2026-08-22T22:00:39+00:00,SPYX/USDT,SPY,770.1,765.719970703125,57.1,08-21 00:00,102822
2026-08-22T22:00:39+00:00,MSTRX/USDT,MSTR,119.69,119.25,37.3,08-21 00:00,297538
2026-08-22T22:30:45+00:00,COINX/USDT,COIN,184.47,186.49000549316406,-108.0,08-21 00:00,84177
2026-08-22T22:30:45+00:00,NVDAX/USDT,NVDA,216.25,214.72000122070312,71.5,08-21 00:00,36406
2026-08-22T22:30:45+00:00,MCDX/USDT,MCD,272.5,270.95001220703125,57.2,08-21 00:00,7084
2026-08-22T22:30:45+00:00,SPYX/USDT,SPY,769.87,765.719970703125,54.2,08-21 00:00,104309
2026-08-22T22:30:45+00:00,MSTRX/USDT,MSTR,119.63,119.25,31.9,08-21 00:00,290333
2026-08-22T23:00:52+00:00,COINX/USDT,COIN,184.24,186.49000549316406,-120.7,08-21 00:00,83236
2026-08-22T23:00:52+00:00,NVDAX/USDT,NVDA,216.26,214.72000122070312,71.7,08-21 00:00,35492
2026-08-22T23:00:52+00:00,MCDX/USDT,MCD,272.85,270.95001220703125,69.9,08-21 00:00,6172
2026-08-22T23:00:52+00:00,SPYX/USDT,SPY,769.85,765.719970703125,53.9,08-21 00:00,103151
2026-08-22T23:00:52+00:00,AAPLX/USDT,AAPL,310.42,309.3500061035156,34.6,08-21 00:00,49704
2026-08-22T23:00:52+00:00,MSTRX/USDT,MSTR,119.63,119.25,31.9,08-21 00:00,283949
2026-08-22T23:30:57+00:00,COINX/USDT,COIN,184.38,186.49000549316406,-113.4,08-21 00:00,81403
2026-08-22T23:30:57+00:00,NVDAX/USDT,NVDA,216.23,214.72000122070312,70.3,08-21 00:00,36404
2026-08-22T23:30:57+00:00,MCDX/USDT,MCD,272.78,270.95001220703125,67.7,08-21 00:00,4758
2026-08-22T23:30:57+00:00,SPYX/USDT,SPY,770.29,765.719970703125,59.6,08-21 00:00,96763
2026-08-22T23:30:57+00:00,MSTRX/USDT,MSTR,119.73,119.25,40.3,08-21 00:00,279196
2026-08-22T23:30:57+00:00,AAPLX/USDT,AAPL,310.4,309.3500061035156,33.9,08-21 00:00,49420
2026-08-23T00:01:01+00:00,COINX/USDT,COIN,184.94,186.49000549316406,-83.4,08-21 00:00,79767
2026-08-23T00:01:01+00:00,NVDAX/USDT,NVDA,216.34,214.72000122070312,75.7,08-21 00:00,33753
2026-08-23T00:01:01+00:00,MCDX/USDT,MCD,272.78,270.95001220703125,67.7,08-21 00:00,4128
2026-08-23T00:01:01+00:00,SPYX/USDT,SPY,770.56,765.719970703125,63.1,08-21 00:00,97500
2026-08-23T00:01:01+00:00,MSTRX/USDT,MSTR,119.89,119.25,54.1,08-21 00:00,278423
2026-08-23T00:01:01+00:00,AAPLX/USDT,AAPL,310.41,309.3500061035156,34.4,08-21 00:00,49620
2026-08-23T00:31:09+00:00,MSTRX/USDT,MSTR,120.3,119.25,87.6,08-21 00:00,276736
2026-08-23T00:31:09+00:00,NVDAX/USDT,NVDA,216.38,214.72000122070312,77.5,08-21 00:00,33665
2026-08-23T00:31:09+00:00,MCDX/USDT,MCD,272.78,270.95001220703125,67.7,08-21 00:00,4128
2026-08-23T00:31:09+00:00,COINX/USDT,COIN,185.28,186.49000549316406,-65.2,08-21 00:00,78634
2026-08-23T00:31:09+00:00,SPYX/USDT,SPY,770.65,765.719970703125,64.4,08-21 00:00,97558
2026-08-23T00:31:09+00:00,AAPLX/USDT,AAPL,310.6,309.3500061035156,40.4,08-21 00:00,50153
2026-08-23T01:00:15+00:00,MSTRX/USDT,MSTR,120.78,119.25,127.9,08-21 00:00,280531
2026-08-23T01:00:15+00:00,NVDAX/USDT,NVDA,216.42,214.72000122070312,78.9,08-21 00:00,33386
2026-08-23T01:00:15+00:00,MCDX/USDT,MCD,272.78,270.95001220703125,67.7,08-21 00:00,4100
2026-08-23T01:00:15+00:00,SPYX/USDT,SPY,770.65,765.719970703125,64.4,08-21 00:00,96369
2026-08-23T01:00:15+00:00,COINX/USDT,COIN,185.7,186.49000549316406,-42.4,08-21 00:00,78757
2026-08-23T01:00:15+00:00,AVGOX/USDT,AVGO,369.88,368.45001220703125,38.7,08-21 00:00,6556
2026-08-23T01:00:15+00:00,AAPLX/USDT,AAPL,310.51,309.3500061035156,37.7,08-21 00:00,50887
2026-08-23T01:30:21+00:00,MSTRX/USDT,MSTR,120.44,119.25,100.2,08-21 00:00,279838
2026-08-23T01:30:21+00:00,NVDAX/USDT,NVDA,216.54,214.72000122070312,84.8,08-21 00:00,35609
2026-08-23T01:30:21+00:00,MCDX/USDT,MCD,272.78,270.95001220703125,67.7,08-21 00:00,4090
2026-08-23T01:30:21+00:00,SPYX/USDT,SPY,770.65,765.719970703125,64.4,08-21 00:00,96027
2026-08-23T01:30:21+00:00,AVGOX/USDT,AVGO,370.04,368.45001220703125,43.2,08-21 00:00,6496
2026-08-23T01:30:21+00:00,AAPLX/USDT,AAPL,310.61,309.3500061035156,40.6,08-21 00:00,50690
2026-08-23T01:30:21+00:00,COINX/USDT,COIN,185.75,186.49000549316406,-39.9,08-21 00:00,75442
2026-08-23T02:00:29+00:00,NVDAX/USDT,NVDA,216.69,214.72000122070312,92.0,08-21 00:00,35902
2026-08-23T02:00:29+00:00,MSTRX/USDT,MSTR,120.27,119.25,85.5,08-21 00:00,280177
2026-08-23T02:00:29+00:00,MCDX/USDT,MCD,272.78,270.95001220703125,67.7,08-21 00:00,3884
2026-08-23T02:00:29+00:00,SPYX/USDT,SPY,770.73,765.719970703125,65.4,08-21 00:00,95735
2026-08-23T02:00:29+00:00,COINX/USDT,COIN,185.62,186.49000549316406,-46.4,08-21 00:00,73181
2026-08-23T02:00:29+00:00,AAPLX/USDT,AAPL,310.65,309.3500061035156,42.2,08-21 00:00,50675
2026-08-23T02:00:29+00:00,AVGOX/USDT,AVGO,369.99,368.45001220703125,41.8,08-21 00:00,6515
2026-08-23T02:30:35+00:00,MCDX/USDT,MCD,273.75,270.95001220703125,103.3,08-21 00:00,4095
2026-08-23T02:30:35+00:00,NVDAX/USDT,NVDA,216.71,214.72000122070312,92.7,08-21 00:00,37844
2026-08-23T02:30:35+00:00,MSTRX/USDT,MSTR,120.08,119.25,69.2,08-21 00:00,277932
2026-08-23T02:30:35+00:00,SPYX/USDT,SPY,770.87,765.719970703125,67.2,08-21 00:00,95424
2026-08-23T02:30:35+00:00,COINX/USDT,COIN,185.46,186.49000549316406,-55.2,08-21 00:00,74758
2026-08-23T02:30:35+00:00,AAPLX/USDT,AAPL,310.84,309.3500061035156,48.0,08-21 00:00,50730
2026-08-23T02:30:35+00:00,AVGOX/USDT,AVGO,369.94,368.45001220703125,40.4,08-21 00:00,6922
2026-08-23T03:00:38+00:00,MCDX/USDT,MCD,273.81,270.95001220703125,105.4,08-21 00:00,4048
2026-08-23T03:00:38+00:00,NVDAX/USDT,NVDA,216.79,214.72000122070312,96.4,08-21 00:00,39397
2026-08-23T03:00:38+00:00,MSTRX/USDT,MSTR,120.11,119.25,72.5,08-21 00:00,275484
2026-08-23T03:00:38+00:00,SPYX/USDT,SPY,770.88,765.719970703125,67.5,08-21 00:00,95706
2026-08-23T03:00:38+00:00,COINX/USDT,COIN,185.41,186.49000549316406,-58.2,08-21 00:00,75217
2026-08-23T03:00:38+00:00,AAPLX/USDT,AAPL,310.75,309.3500061035156,45.4,08-21 00:00,50371
2026-08-23T03:30:45+00:00,MCDX/USDT,MCD,273.83,270.95001220703125,106.1,08-21 00:00,4044
2026-08-23T03:30:45+00:00,NVDAX/USDT,NVDA,217.0,214.72000122070312,106.0,08-21 00:00,38447
2026-08-23T03:30:45+00:00,SPYX/USDT,SPY,770.82,765.719970703125,66.6,08-21 00:00,95551
2026-08-23T03:30:45+00:00,COINX/USDT,COIN,185.29,186.49000549316406,-64.3,08-21 00:00,75248
2026-08-23T03:30:45+00:00,MSTRX/USDT,MSTR,119.92,119.25,56.6,08-21 00:00,268220
2026-08-23T03:30:45+00:00,AAPLX/USDT,AAPL,310.63,309.3500061035156,41.5,08-21 00:00,49198
2026-08-23T04:00:16+00:00,NVDAX/USDT,NVDA,216.95,214.72000122070312,104.1,08-21 00:00,39417
2026-08-23T04:00:16+00:00,COINX/USDT,COIN,184.91,186.49000549316406,-84.5,08-21 00:00,75156
2026-08-23T04:00:16+00:00,MCDX/USDT,MCD,273.23,270.95001220703125,84.0,08-21 00:00,4046
2026-08-23T04:00:16+00:00,SPYX/USDT,SPY,770.63,765.719970703125,64.1,08-21 00:00,94786
2026-08-23T04:00:16+00:00,MSTRX/USDT,MSTR,119.88,119.25,52.8,08-21 00:00,264569
2026-08-23T04:00:16+00:00,AVGOX/USDT,AVGO,369.96,368.45001220703125,41.0,08-21 00:00,5347
2026-08-23T04:30:20+00:00,NVDAX/USDT,NVDA,217.12,214.72000122070312,111.5,08-21 00:00,40241
2026-08-23T04:30:20+00:00,COINX/USDT,COIN,184.93,186.49000549316406,-83.9,08-21 00:00,75316
2026-08-23T04:30:20+00:00,SPYX/USDT,SPY,770.87,765.719970703125,67.3,08-21 00:00,103202
2026-08-23T04:30:20+00:00,MCDX/USDT,MCD,272.54,270.95001220703125,58.7,08-21 00:00,4041
2026-08-23T04:30:20+00:00,MSTRX/USDT,MSTR,118.65,119.25,-50.7,08-21 00:00,267794
2026-08-23T04:30:20+00:00,AVGOX/USDT,AVGO,369.95,368.45001220703125,40.6,08-21 00:00,5347
2026-08-23T05:00:27+00:00,COINX/USDT,COIN,183.84,186.49000549316406,-142.1,08-21 00:00,76688
2026-08-23T05:00:27+00:00,NVDAX/USDT,NVDA,217.14,214.72000122070312,112.7,08-21 00:00,39040
2026-08-23T05:00:27+00:00,MSTRX/USDT,MSTR,118.11,119.25,-95.2,08-21 00:00,268506
2026-08-23T05:00:27+00:00,MCDX/USDT,MCD,273.26,270.95001220703125,85.4,08-21 00:00,4096
2026-08-23T05:00:27+00:00,SPYX/USDT,SPY,770.7,765.719970703125,65.0,08-21 00:00,104424
2026-08-23T05:00:27+00:00,AVGOX/USDT,AVGO,369.77,368.45001220703125,36.0,08-21 00:00,3796
2026-08-23T05:30:34+00:00,COINX/USDT,COIN,183.08,186.49000549316406,-182.6,08-21 00:00,53467
2026-08-23T05:30:34+00:00,MSTRX/USDT,MSTR,117.84,119.25,-118.2,08-21 00:00,260317
2026-08-23T05:30:34+00:00,NVDAX/USDT,NVDA,217.2,214.72000122070312,115.7,08-21 00:00,40910
2026-08-23T05:30:34+00:00,MCDX/USDT,MCD,272.96,270.95001220703125,74.2,08-21 00:00,4038
2026-08-23T05:30:34+00:00,SPYX/USDT,SPY,770.63,765.719970703125,64.1,08-21 00:00,91641
2026-08-23T05:30:34+00:00,TSLAX/USDT,TSLA,361.5,362.8599853515625,-37.5,08-21 00:00,49071
2026-08-23T06:00:42+00:00,COINX/USDT,COIN,182.71,186.49000549316406,-202.7,08-21 00:00,32345
2026-08-23T06:00:42+00:00,MSTRX/USDT,MSTR,117.23,119.25,-169.4,08-21 00:00,252737
2026-08-23T06:00:42+00:00,MCDX/USDT,MCD,274.62,270.95001220703125,135.4,08-21 00:00,4327
2026-08-23T06:00:42+00:00,NVDAX/USDT,NVDA,217.03,214.72000122070312,107.3,08-21 00:00,43923
2026-08-23T06:00:42+00:00,SPYX/USDT,SPY,770.4,765.719970703125,61.1,08-21 00:00,91723
2026-08-23T06:00:42+00:00,TSLAX/USDT,TSLA,361.06,362.8599853515625,-49.6,08-21 00:00,46752
2026-08-23T06:30:43+00:00,COINX/USDT,COIN,181.33,186.49000549316406,-276.4,08-21 00:00,44004
2026-08-23T06:30:43+00:00,MSTRX/USDT,MSTR,117.69,119.25,-131.2,08-21 00:00,277474
2026-08-23T06:30:43+00:00,NVDAX/USDT,NVDA,217.16,214.72000122070312,113.6,08-21 00:00,46684
2026-08-23T06:30:43+00:00,MCDX/USDT,MCD,273.32,270.95001220703125,87.5,08-21 00:00,3241
2026-08-23T06:30:43+00:00,SPYX/USDT,SPY,769.75,765.719970703125,52.7,08-21 00:00,92216
2026-08-23T06:30:43+00:00,TSLAX/USDT,TSLA,361.26,362.8599853515625,-44.1,08-21 00:00,47185
2026-08-23T07:00:50+00:00,COINX/USDT,COIN,181.25,186.49000549316406,-281.0,08-21 00:00,44386
2026-08-23T07:00:50+00:00,MSTRX/USDT,MSTR,117.49,119.25,-147.6,08-21 00:00,277229
2026-08-23T07:00:50+00:00,NVDAX/USDT,NVDA,217.13,214.72000122070312,112.2,08-21 00:00,51467
2026-08-23T07:00:50+00:00,MCDX/USDT,MCD,272.41,270.95001220703125,54.1,08-21 00:00,3532
2026-08-23T07:00:50+00:00,SPYX/USDT,SPY,769.42,765.719970703125,48.4,08-21 00:00,92287
2026-08-23T07:00:50+00:00,TSLAX/USDT,TSLA,361.22,362.8599853515625,-45.3,08-21 00:00,47662
2026-08-23T07:30:54+00:00,COINX/USDT,COIN,181.74,186.49000549316406,-254.7,08-21 00:00,41632
2026-08-23T07:30:54+00:00,MSTRX/USDT,MSTR,117.54,119.25,-143.4,08-21 00:00,275089
2026-08-23T07:30:54+00:00,MCDX/USDT,MCD,274.7,270.95001220703125,138.4,08-21 00:00,3486
2026-08-23T07:30:54+00:00,NVDAX/USDT,NVDA,217.21,214.72000122070312,116.0,08-21 00:00,52443
2026-08-23T07:30:54+00:00,SPYX/USDT,SPY,769.56,765.719970703125,50.1,08-21 00:00,91221
2026-08-23T07:30:54+00:00,TSLAX/USDT,TSLA,361.3,362.8599853515625,-43.0,08-21 00:00,47282
2026-08-23T07:30:54+00:00,AAPLX/USDT,AAPL,310.34,309.3500061035156,31.8,08-21 00:00,34158
2026-08-23T08:00:59+00:00,COINX/USDT,COIN,181.47,186.49000549316406,-269.2,08-21 00:00,41595
2026-08-23T08:00:59+00:00,MSTRX/USDT,MSTR,117.06,119.25,-184.1,08-21 00:00,278416
2026-08-23T08:00:59+00:00,MCDX/USDT,MCD,274.38,270.95001220703125,126.6,08-21 00:00,3871
2026-08-23T08:00:59+00:00,NVDAX/USDT,NVDA,217.12,214.72000122070312,112.0,08-21 00:00,51836
2026-08-23T08:00:59+00:00,SPYX/USDT,SPY,769.36,765.719970703125,47.5,08-21 00:00,86179
2026-08-23T08:00:59+00:00,TSLAX/USDT,TSLA,361.59,362.8599853515625,-35.1,08-21 00:00,46985
2026-08-23T08:00:59+00:00,AAPLX/USDT,AAPL,310.39,309.3500061035156,33.6,08-21 00:00,33841
2026-08-23T08:00:59+00:00,AVGOX/USDT,AVGO,369.56,368.45001220703125,30.1,08-21 00:00,2308
2026-08-23T08:31:07+00:00,COINX/USDT,COIN,181.6,186.49000549316406,-261.9,08-21 00:00,41109
2026-08-23T08:31:07+00:00,MSTRX/USDT,MSTR,116.98,119.25,-189.9,08-21 00:00,284282
2026-08-23T08:31:07+00:00,MCDX/USDT,MCD,274.41,270.95001220703125,127.7,08-21 00:00,4122
2026-08-23T08:31:07+00:00,NVDAX/USDT,NVDA,217.26,214.72000122070312,118.3,08-21 00:00,51769
2026-08-23T08:31:07+00:00,SPYX/USDT,SPY,769.67,765.719970703125,51.7,08-21 00:00,71035
2026-08-23T08:31:07+00:00,AAPLX/USDT,AAPL,310.41,309.3500061035156,34.3,08-21 00:00,34416
2026-08-23T08:31:07+00:00,AVGOX/USDT,AVGO,369.66,368.45001220703125,32.8,08-21 00:00,2352
2026-08-23T09:01:10+00:00,COINX/USDT,COIN,182.31,186.49000549316406,-224.4,08-21 00:00,44892
2026-08-23T09:01:10+00:00,MSTRX/USDT,MSTR,117.7,119.25,-130.0,08-21 00:00,285035
2026-08-23T09:01:10+00:00,NVDAX/USDT,NVDA,217.47,214.72000122070312,128.3,08-21 00:00,52333
2026-08-23T09:01:10+00:00,MCDX/USDT,MCD,273.9,270.95001220703125,109.1,08-21 00:00,4178
2026-08-23T09:01:10+00:00,SPYX/USDT,SPY,769.76,765.719970703125,52.8,08-21 00:00,64630
2026-08-23T09:01:10+00:00,AAPLX/USDT,AAPL,310.58,309.3500061035156,39.8,08-21 00:00,35332
2026-08-23T09:30:16+00:00,COINX/USDT,COIN,182.72,186.49000549316406,-202.2,08-21 00:00,45012
2026-08-23T09:30:16+00:00,NVDAX/USDT,NVDA,217.38,214.72000122070312,123.9,08-21 00:00,51328
2026-08-23T09:30:16+00:00,MSTRX/USDT,MSTR,118.02,119.25,-103.6,08-21 00:00,284262
2026-08-23T09:30:16+00:00,MCDX/USDT,MCD,273.27,270.95001220703125,85.6,08-21 00:00,4062
2026-08-23T09:30:16+00:00,SPYX/USDT,SPY,770.28,765.719970703125,59.6,08-21 00:00,60186
2026-08-23T09:30:16+00:00,AVGOX/USDT,AVGO,370.2,368.45001220703125,47.5,08-21 00:00,2397
2026-08-23T09:30:16+00:00,AAPLX/USDT,AAPL,310.79,309.3500061035156,46.5,08-21 00:00,35203
2026-08-23T10:00:27+00:00,COINX/USDT,COIN,182.81,186.49000549316406,-197.3,08-21 00:00,44471
2026-08-23T10:00:27+00:00,NVDAX/USDT,NVDA,217.31,214.72000122070312,120.9,08-21 00:00,51066
2026-08-23T10:00:27+00:00,MSTRX/USDT,MSTR,118.12,119.25,-94.3,08-21 00:00,262681
2026-08-23T10:00:27+00:00,MCDX/USDT,MCD,273.23,270.95001220703125,84.1,08-21 00:00,4030
2026-08-23T10:00:27+00:00,SPYX/USDT,SPY,770.66,765.719970703125,64.5,08-21 00:00,60044
2026-08-23T10:00:27+00:00,AAPLX/USDT,AAPL,311.12,309.3500061035156,57.2,08-21 00:00,35634
2026-08-23T10:00:27+00:00,AVGOX/USDT,AVGO,369.66,368.45001220703125,32.8,08-21 00:00,2431
2026-08-23T10:30:37+00:00,COINX/USDT,COIN,183.48,186.49000549316406,-161.4,08-21 00:00,44175
2026-08-23T10:30:37+00:00,NVDAX/USDT,NVDA,217.44,214.72000122070312,126.7,08-21 00:00,59718
2026-08-23T10:30:37+00:00,MCDX/USDT,MCD,273.03,270.95001220703125,76.8,08-21 00:00,3964
2026-08-23T10:30:37+00:00,SPYX/USDT,SPY,770.55,765.719970703125,63.0,08-21 00:00,59255
2026-08-23T10:30:37+00:00,AAPLX/USDT,AAPL,311.29,309.3500061035156,62.7,08-21 00:00,36328
2026-08-23T10:30:37+00:00,AVGOX/USDT,AVGO,370.42,368.45001220703125,53.6,08-21 00:00,2471
2026-08-23T10:30:37+00:00,MSTRX/USDT,MSTR,118.64,119.25,-51.2,08-21 00:00,257469
2026-08-23T11:00:55+00:00,COINX/USDT,COIN,183.65,186.49000549316406,-152.3,08-21 00:00,43723
2026-08-23T11:00:55+00:00,NVDAX/USDT,NVDA,217.56,214.72000122070312,132.3,08-21 00:00,57930
2026-08-23T11:00:55+00:00,MCDX/USDT,MCD,273.75,270.95001220703125,103.5,08-21 00:00,3985
2026-08-23T11:00:55+00:00,SPYX/USDT,SPY,770.51,765.719970703125,62.6,08-21 00:00,58564
2026-08-23T11:00:55+00:00,AAPLX/USDT,AAPL,311.12,309.3500061035156,57.2,08-21 00:00,37151
2026-08-23T11:00:55+00:00,AVGOX/USDT,AVGO,370.08,368.45001220703125,44.2,08-21 00:00,2479
2026-08-23T11:00:55+00:00,MSTRX/USDT,MSTR,118.86,119.25,-32.3,08-21 00:00,255622
2026-08-23T11:31:04+00:00,NVDAX/USDT,NVDA,217.47,214.72000122070312,127.8,08-21 00:00,57228
2026-08-23T11:31:04+00:00,MCDX/USDT,MCD,273.86,270.95001220703125,107.4,08-21 00:00,3911
2026-08-23T11:31:04+00:00,COINX/USDT,COIN,184.5,186.49000549316406,-106.7,08-21 00:00,43761
2026-08-23T11:31:04+00:00,AVGOX/USDT,AVGO,371.4,368.45001220703125,80.2,08-21 00:00,2969
2026-08-23T11:31:04+00:00,SPYX/USDT,SPY,770.88,765.719970703125,67.5,08-21 00:00,59092
2026-08-23T11:31:04+00:00,AAPLX/USDT,AAPL,311.2,309.3500061035156,59.8,08-21 00:00,37161
2026-08-23T12:00:52+00:00,MCDX/USDT,MCD,275.47,270.95001220703125,166.8,08-21 00:00,4296
2026-08-23T12:00:52+00:00,NVDAX/USDT,NVDA,217.63,214.72000122070312,135.5,08-21 00:00,57276
2026-08-23T12:00:52+00:00,COINX/USDT,COIN,185.03,186.49000549316406,-78.3,08-21 00:00,43611
2026-08-23T12:00:52+00:00,SPYX/USDT,SPY,771.13,765.719970703125,70.7,08-21 00:00,64119
2026-08-23T12:00:52+00:00,AVGOX/USDT,AVGO,370.87,368.45001220703125,65.7,08-21 00:00,3635
2026-08-23T12:00:52+00:00,AAPLX/USDT,AAPL,311.13,309.3500061035156,57.7,08-21 00:00,43158
2026-08-23T12:00:52+00:00,MSTRX/USDT,MSTR,119.73,119.25,40.3,08-21 00:00,258975
2026-08-23T12:31:01+00:00,MCDX/USDT,MCD,275.32,270.95001220703125,161.5,08-21 00:00,5200
2026-08-23T12:31:01+00:00,COINX/USDT,COIN,184.68,186.49000549316406,-97.1,08-21 00:00,43581
2026-08-23T12:31:01+00:00,AVGOX/USDT,AVGO,371.21,368.45001220703125,74.9,08-21 00:00,7256
2026-08-23T12:31:01+00:00,SPYX/USDT,SPY,771.12,765.719970703125,70.5,08-21 00:00,64100
2026-08-23T12:31:01+00:00,AAPLX/USDT,AAPL,311.11,309.3500061035156,56.7,08-21 00:00,43267
2026-08-23T13:01:03+00:00,NVDAX/USDT,NVDA,218.49,214.72000122070312,175.3,08-21 00:00,59471
2026-08-23T13:01:03+00:00,MCDX/USDT,MCD,275.11,270.95001220703125,153.3,08-21 00:00,5261
2026-08-23T13:01:03+00:00,COINX/USDT,COIN,184.87,186.49000549316406,-87.1,08-21 00:00,43104
2026-08-23T13:01:03+00:00,AVGOX/USDT,AVGO,371.27,368.45001220703125,76.7,08-21 00:00,7180
2026-08-23T13:01:03+00:00,AAPLX/USDT,AAPL,311.25,309.3500061035156,61.4,08-21 00:00,43980
2026-08-23T13:01:03+00:00,SPYX/USDT,SPY,769.8,765.719970703125,53.2,08-21 00:00,68234
2026-08-23T13:01:03+00:00,MSTRX/USDT,MSTR,119.83,119.25,48.6,08-21 00:00,237853
2026-08-23T13:31:07+00:00,NVDAX/USDT,NVDA,218.31,214.72000122070312,167.2,08-21 00:00,59827
2026-08-23T13:31:07+00:00,MCDX/USDT,MCD,274.8,270.95001220703125,142.1,08-21 00:00,5256
2026-08-23T13:31:07+00:00,MSTRX/USDT,MSTR,120.13,119.25,74.2,08-21 00:00,238665
2026-08-23T13:31:07+00:00,SPYX/USDT,SPY,770.72,765.719970703125,65.2,08-21 00:00,68368
2026-08-23T13:31:07+00:00,AAPLX/USDT,AAPL,311.27,309.3500061035156,62.1,08-21 00:00,44069
2026-08-23T13:31:07+00:00,COINX/USDT,COIN,185.66,186.49000549316406,-44.8,08-21 00:00,45007
2026-08-23T13:31:07+00:00,AVGOX/USDT,AVGO,369.89,368.45001220703125,39.1,08-21 00:00,7175
2026-08-23T14:01:17+00:00,NVDAX/USDT,NVDA,218.59,214.72000122070312,180.5,08-21 00:00,68817
2026-08-23T14:01:17+00:00,MCDX/USDT,MCD,274.61,270.95001220703125,134.9,08-21 00:00,5211
2026-08-23T14:01:17+00:00,MSTRX/USDT,MSTR,120.19,119.25,78.4,08-21 00:00,233664
2026-08-23T14:01:17+00:00,AAPLX/USDT,AAPL,311.51,309.3500061035156,70.0,08-21 00:00,44146
2026-08-23T14:01:17+00:00,SPYX/USDT,SPY,770.46,765.719970703125,62.0,08-21 00:00,67970
2026-08-23T14:01:17+00:00,AVGOX/USDT,AVGO,370.07,368.45001220703125,44.1,08-21 00:00,7175
2026-08-23T14:01:17+00:00,COINX/USDT,COIN,185.93,186.49000549316406,-30.3,08-21 00:00,45576
2026-08-23T14:30:23+00:00,NVDAX/USDT,NVDA,218.88,214.72000122070312,194.0,08-21 00:00,69167
2026-08-23T14:30:23+00:00,MCDX/USDT,MCD,274.5,270.95001220703125,131.2,08-21 00:00,5235
2026-08-23T14:30:23+00:00,SPYX/USDT,SPY,771.35,765.719970703125,73.5,08-21 00:00,67729
2026-08-23T14:30:23+00:00,AVGOX/USDT,AVGO,370.8,368.45001220703125,63.9,08-21 00:00,7175
2026-08-23T14:30:23+00:00,AAPLX/USDT,AAPL,311.09,309.3500061035156,56.2,08-21 00:00,43916
2026-08-23T14:30:23+00:00,MSTRX/USDT,MSTR,119.77,119.25,43.2,08-21 00:00,180387
2026-08-23T14:30:23+00:00,QQQX/USDT,QQQ,715.59,713.4400024414062,30.1,08-21 00:00,16171
2026-08-23T15:00:28+00:00,NVDAX/USDT,NVDA,218.95,214.72000122070312,197.2,08-21 00:00,71615
2026-08-23T15:00:28+00:00,MCDX/USDT,MCD,274.75,270.95001220703125,140.1,08-21 00:00,5686
2026-08-23T15:00:28+00:00,SPYX/USDT,SPY,771.03,765.719970703125,69.3,08-21 00:00,67912
2026-08-23T15:00:28+00:00,COINX/USDT,COIN,185.26,186.49000549316406,-65.7,08-21 00:00,47255
2026-08-23T15:00:28+00:00,AAPLX/USDT,AAPL,311.28,309.3500061035156,62.6,08-21 00:00,45801
2026-08-23T15:00:28+00:00,AVGOX/USDT,AVGO,370.13,368.45001220703125,45.7,08-21 00:00,7080
2026-08-23T15:00:28+00:00,MSTRX/USDT,MSTR,119.62,119.25,30.6,08-21 00:00,188827
2026-08-23T15:00:28+00:00,QQQX/USDT,QQQ,715.6,713.4400024414062,30.2,08-21 00:00,16814
2026-08-23T15:30:29+00:00,NVDAX/USDT,NVDA,218.63,214.72000122070312,182.1,08-21 00:00,71360
2026-08-23T15:30:29+00:00,MCDX/USDT,MCD,274.48,270.95001220703125,130.3,08-21 00:00,5722
2026-08-23T15:30:29+00:00,AVGOX/USDT,AVGO,371.29,368.45001220703125,77.1,08-21 00:00,7080
2026-08-23T15:30:29+00:00,COINX/USDT,COIN,185.07,186.49000549316406,-76.1,08-21 00:00,47240
2026-08-23T15:30:29+00:00,SPYX/USDT,SPY,770.87,765.719970703125,67.3,08-21 00:00,64465
2026-08-23T15:30:29+00:00,AAPLX/USDT,AAPL,311.32,309.3500061035156,63.7,08-21 00:00,46728
2026-08-23T15:30:29+00:00,MSTRX/USDT,MSTR,119.69,119.25,36.5,08-21 00:00,190046
2026-08-23T15:30:29+00:00,QQQX/USDT,QQQ,715.83,713.4400024414062,33.5,08-21 00:00,16248
2026-08-23T16:00:34+00:00,NVDAX/USDT,NVDA,218.75,214.72000122070312,187.5,08-21 00:00,71104
2026-08-23T16:00:34+00:00,MCDX/USDT,MCD,274.53,270.95001220703125,132.1,08-21 00:00,5620
2026-08-23T16:00:34+00:00,AVGOX/USDT,AVGO,371.3,368.45001220703125,77.4,08-21 00:00,7029
2026-08-23T16:00:34+00:00,AAPLX/USDT,AAPL,311.49,309.3500061035156,69.2,08-21 00:00,48308
2026-08-23T16:00:34+00:00,COINX/USDT,COIN,185.25,186.49000549316406,-66.8,08-21 00:00,46945
2026-08-23T16:00:34+00:00,SPYX/USDT,SPY,770.31,765.719970703125,59.9,08-21 00:00,64585
2026-08-23T16:00:34+00:00,MSTRX/USDT,MSTR,119.62,119.25,31.4,08-21 00:00,191142
2026-08-23T16:30:39+00:00,NVDAX/USDT,NVDA,218.79,214.72000122070312,189.5,08-21 00:00,71191
2026-08-23T16:30:39+00:00,MCDX/USDT,MCD,274.51,270.95001220703125,131.4,08-21 00:00,5580
2026-08-23T16:30:39+00:00,AAPLX/USDT,AAPL,311.38,309.3500061035156,65.6,08-21 00:00,48683
2026-08-23T16:30:39+00:00,SPYX/USDT,SPY,770.68,765.719970703125,64.8,08-21 00:00,64405
2026-08-23T16:30:39+00:00,AVGOX/USDT,AVGO,370.69,368.45001220703125,60.8,08-21 00:00,6996
2026-08-23T16:30:39+00:00,COINX/USDT,COIN,185.52,186.49000549316406,-52.0,08-21 00:00,46879
2026-08-23T16:30:39+00:00,MSTRX/USDT,MSTR,119.82,119.25,47.8,08-21 00:00,190597
2026-08-23T17:00:44+00:00,NVDAX/USDT,NVDA,218.88,214.72000122070312,193.7,08-21 00:00,70987
2026-08-23T17:00:44+00:00,MCDX/USDT,MCD,273.89,270.95001220703125,108.5,08-21 00:00,5615
2026-08-23T17:00:44+00:00,MSTRX/USDT,MSTR,120.05,119.25,67.1,08-21 00:00,189813
2026-08-23T17:00:44+00:00,SPYX/USDT,SPY,770.75,765.719970703125,65.7,08-21 00:00,61897
2026-08-23T17:00:44+00:00,AVGOX/USDT,AVGO,370.84,368.45001220703125,64.7,08-21 00:00,6859
2026-08-23T17:00:44+00:00,AAPLX/USDT,AAPL,311.12,309.3500061035156,57.4,08-21 00:00,49211
2026-08-23T17:00:44+00:00,COINX/USDT,COIN,185.88,186.49000549316406,-33.0,08-21 00:00,47137
2026-08-23T17:00:44+00:00,QQQX/USDT,QQQ,715.69,713.4400024414062,31.6,08-21 00:00,16497
2026-08-23T17:30:51+00:00,NVDAX/USDT,NVDA,218.97,214.72000122070312,198.2,08-21 00:00,71175
2026-08-23T17:30:51+00:00,MCDX/USDT,MCD,274.12,270.95001220703125,117.0,08-21 00:00,5682
2026-08-23T17:30:51+00:00,AVGOX/USDT,AVGO,370.99,368.45001220703125,68.8,08-21 00:00,6962
2026-08-23T17:30:51+00:00,SPYX/USDT,SPY,770.52,765.719970703125,62.8,08-21 00:00,56121
2026-08-23T17:30:51+00:00,AAPLX/USDT,AAPL,310.82,309.3500061035156,47.5,08-21 00:00,49173
2026-08-23T17:30:51+00:00,COINX/USDT,COIN,185.63,186.49000549316406,-45.8,08-21 00:00,47856
2026-08-23T17:30:51+00:00,QQQX/USDT,QQQ,715.66,713.4400024414062,31.1,08-21 00:00,16446
2026-08-23T18:00:57+00:00,NVDAX/USDT,NVDA,219.15,214.72000122070312,206.3,08-21 00:00,71672
2026-08-23T18:00:57+00:00,MCDX/USDT,MCD,273.72,270.95001220703125,102.2,08-21 00:00,5678
2026-08-23T18:00:57+00:00,AVGOX/USDT,AVGO,370.99,368.45001220703125,68.8,08-21 00:00,6941
2026-08-23T18:00:57+00:00,SPYX/USDT,SPY,770.8,765.719970703125,66.3,08-21 00:00,55940
2026-08-23T18:00:57+00:00,AAPLX/USDT,AAPL,311.25,309.3500061035156,61.4,08-21 00:00,49889
2026-08-23T18:00:57+00:00,COINX/USDT,COIN,185.53,186.49000549316406,-51.7,08-21 00:00,47805
2026-08-23T18:00:57+00:00,QQQX/USDT,QQQ,715.88,713.4400024414062,34.1,08-21 00:00,16510
2026-08-23T18:31:06+00:00,NVDAX/USDT,NVDA,219.5,214.72000122070312,222.6,08-21 00:00,75682
2026-08-23T18:31:06+00:00,MCDX/USDT,MCD,273.39,270.95001220703125,90.1,08-21 00:00,5640
2026-08-23T18:31:06+00:00,AAPLX/USDT,AAPL,311.42,309.3500061035156,67.1,08-21 00:00,49339
2026-08-23T18:31:06+00:00,SPYX/USDT,SPY,770.86,765.719970703125,67.1,08-21 00:00,56725
2026-08-23T18:31:06+00:00,AVGOX/USDT,AVGO,370.87,368.45001220703125,65.7,08-21 00:00,6467
2026-08-23T18:31:06+00:00,QQQX/USDT,QQQ,716.64,713.4400024414062,44.9,08-21 00:00,16519
2026-08-23T18:31:06+00:00,COINX/USDT,COIN,185.69,186.49000549316406,-42.6,08-21 00:00,47827
2026-08-23T18:31:06+00:00,TSLAX/USDT,TSLA,364.35,362.8599853515625,41.1,08-21 00:00,62219
2026-08-23T19:01:11+00:00,NVDAX/USDT,NVDA,219.31,214.72000122070312,213.5,08-21 00:00,76558
2026-08-23T19:01:11+00:00,MCDX/USDT,MCD,273.98,270.95001220703125,111.8,08-21 00:00,5695
2026-08-23T19:01:11+00:00,AVGOX/USDT,AVGO,371.03,368.45001220703125,70.0,08-21 00:00,6896
2026-08-23T19:01:11+00:00,AAPLX/USDT,AAPL,311.48,309.3500061035156,68.9,08-21 00:00,49833
2026-08-23T19:01:11+00:00,SPYX/USDT,SPY,770.46,765.719970703125,61.9,08-21 00:00,44031
2026-08-23T19:01:11+00:00,MSTRX/USDT,MSTR,119.83,119.25,48.6,08-21 00:00,190578
2026-08-23T19:01:11+00:00,QQQX/USDT,QQQ,716.68,713.4400024414062,45.4,08-21 00:00,15451
2026-08-23T19:01:11+00:00,COINX/USDT,COIN,185.74,186.49000549316406,-40.5,08-21 00:00,47800
2026-08-23T19:01:11+00:00,AMZNX/USDT,AMZN,259.59,258.6300048828125,36.9,08-21 00:00,20034
2026-08-23T19:01:11+00:00,TSLAX/USDT,TSLA,364.03,362.8599853515625,32.2,08-21 00:00,65135
2026-08-23T19:30:17+00:00,NVDAX/USDT,NVDA,219.19,214.72000122070312,208.4,08-21 00:00,74722
2026-08-23T19:30:17+00:00,MCDX/USDT,MCD,273.92,270.95001220703125,109.6,08-21 00:00,5670
2026-08-23T19:30:17+00:00,AVGOX/USDT,AVGO,371.61,368.45001220703125,85.8,08-21 00:00,6898
2026-08-23T19:30:17+00:00,SPYX/USDT,SPY,770.59,765.719970703125,63.6,08-21 00:00,44423
2026-08-23T19:30:17+00:00,AAPLX/USDT,AAPL,311.02,309.3500061035156,54.0,08-21 00:00,48966
2026-08-23T19:30:17+00:00,QQQX/USDT,QQQ,716.41,713.4400024414062,41.6,08-21 00:00,15367
2026-08-23T19:30:17+00:00,MSTRX/USDT,MSTR,119.72,119.25,39.0,08-21 00:00,190462
2026-08-23T19:30:17+00:00,COINX/USDT,COIN,185.84,186.49000549316406,-34.6,08-21 00:00,48753
2026-08-23T20:00:21+00:00,NVDAX/USDT,NVDA,219.72,214.72000122070312,232.9,08-21 00:00,74625
2026-08-23T20:00:21+00:00,MSTRX/USDT,MSTR,120.37,119.25,93.9,08-21 00:00,189734
2026-08-23T20:00:21+00:00,MCDX/USDT,MCD,273.4,270.95001220703125,90.4,08-21 00:00,5567
2026-08-23T20:00:21+00:00,AVGOX/USDT,AVGO,371.14,368.45001220703125,73.0,08-21 00:00,6878
2026-08-23T20:00:21+00:00,SPYX/USDT,SPY,770.49,765.719970703125,62.2,08-21 00:00,45361
2026-08-23T20:00:21+00:00,AAPLX/USDT,AAPL,311.06,309.3500061035156,55.4,08-21 00:00,48525
2026-08-23T20:00:21+00:00,COINX/USDT,COIN,185.73,186.49000549316406,-40.8,08-21 00:00,48820
2026-08-23T20:00:21+00:00,QQQX/USDT,QQQ,716.27,713.4400024414062,39.7,08-21 00:00,15295
2026-08-23T20:30:28+00:00,NVDAX/USDT,NVDA,219.5,214.72000122070312,222.6,08-21 00:00,75119
2026-08-23T20:30:28+00:00,AVGOX/USDT,AVGO,372.64,368.45001220703125,113.7,08-21 00:00,6860
2026-08-23T20:30:28+00:00,MSTRX/USDT,MSTR,120.49,119.25,104.0,08-21 00:00,187382
2026-08-23T20:30:28+00:00,MCDX/USDT,MCD,273.54,270.95001220703125,95.8,08-21 00:00,5536
2026-08-23T20:30:28+00:00,SPYX/USDT,SPY,770.53,765.719970703125,62.8,08-21 00:00,45613
2026-08-23T20:30:28+00:00,AAPLX/USDT,AAPL,311.05,309.3500061035156,55.0,08-21 00:00,47728
2026-08-23T20:30:28+00:00,QQQX/USDT,QQQ,716.25,713.4400024414062,39.4,08-21 00:00,15390
2026-08-23T20:30:28+00:00,COINX/USDT,COIN,185.91,186.49000549316406,-31.4,08-21 00:00,48760
2026-08-23T21:30:43+00:00,NVDAX/USDT,NVDA,219.64,214.72000122070312,229.4,08-21 00:00,73663
2026-08-23T21:30:43+00:00,MSTRX/USDT,MSTR,121.31,119.25,173.2,08-21 00:00,182563
2026-08-23T21:30:43+00:00,MCDX/USDT,MCD,274.63,270.95001220703125,135.8,08-21 00:00,7186
2026-08-23T21:30:43+00:00,AVGOX/USDT,AVGO,372.57,368.45001220703125,112.0,08-21 00:00,6849
2026-08-23T21:30:43+00:00,SPYX/USDT,SPY,770.84,765.719970703125,66.8,08-21 00:00,45448
2026-08-23T21:30:43+00:00,AAPLX/USDT,AAPL,311.25,309.3500061035156,61.4,08-21 00:00,49012
2026-08-23T21:30:43+00:00,TSLAX/USDT,TSLA,364.7,362.8599853515625,50.8,08-21 00:00,62579
2026-08-23T21:30:43+00:00,COINX/USDT,COIN,187.2,186.49000549316406,38.1,08-21 00:00,48765
2026-08-23T21:30:43+00:00,QQQX/USDT,QQQ,716.15,713.4400024414062,38.0,08-21 00:00,15177
2026-08-23T22:00:47+00:00,NVDAX/USDT,NVDA,219.22,214.72000122070312,209.6,08-21 00:00,75919
2026-08-23T22:00:47+00:00,MSTRX/USDT,MSTR,121.24,119.25,166.9,08-21 00:00,181716
2026-08-23T22:00:47+00:00,MCDX/USDT,MCD,273.75,270.95001220703125,103.5,08-21 00:00,7227
2026-08-23T22:00:47+00:00,AAPLX/USDT,AAPL,311.6,309.3500061035156,72.6,08-21 00:00,47891
2026-08-23T22:00:47+00:00,SPYX/USDT,SPY,770.7,765.719970703125,65.0,08-21 00:00,45555
2026-08-23T22:00:47+00:00,AVGOX/USDT,AVGO,370.5,368.45001220703125,55.8,08-21 00:00,7224
2026-08-23T22:00:47+00:00,QQQX/USDT,QQQ,715.96,713.4400024414062,35.4,08-21 00:00,15108
2026-08-23T22:00:47+00:00,TSLAX/USDT,TSLA,364.07,362.8599853515625,33.3,08-21 00:00,62674
2026-08-23T22:30:53+00:00,NVDAX/USDT,NVDA,218.73,214.72000122070312,186.8,08-21 00:00,79487
2026-08-23T22:30:53+00:00,MCDX/USDT,MCD,274.91,270.95001220703125,146.3,08-21 00:00,7245
2026-08-23T22:30:53+00:00,MSTRX/USDT,MSTR,120.8,119.25,130.0,08-21 00:00,184970
2026-08-23T22:30:53+00:00,SPYX/USDT,SPY,770.76,765.719970703125,65.8,08-21 00:00,50188
2026-08-23T22:30:53+00:00,AAPLX/USDT,AAPL,310.31,309.3500061035156,31.0,08-21 00:00,48937
2026-08-23T23:01:00+00:00,NVDAX/USDT,NVDA,218.76,214.72000122070312,188.4,08-21 00:00,79095
2026-08-23T23:01:00+00:00,MSTRX/USDT,MSTR,120.78,119.25,128.7,08-21 00:00,184852
2026-08-23T23:01:00+00:00,MCDX/USDT,MCD,274.08,270.95001220703125,115.5,08-21 00:00,7327
2026-08-23T23:01:00+00:00,SPYX/USDT,SPY,770.77,765.719970703125,66.0,08-21 00:00,48191
2026-08-23T23:01:00+00:00,AAPLX/USDT,AAPL,311.13,309.3500061035156,57.5,08-21 00:00,49148
2026-08-23T23:31:06+00:00,NVDAX/USDT,NVDA,219.06,214.72000122070312,201.9,08-21 00:00,73108
2026-08-23T23:31:06+00:00,MSTRX/USDT,MSTR,121.3,119.25,171.9,08-21 00:00,184679
2026-08-23T23:31:06+00:00,MCDX/USDT,MCD,274.08,270.95001220703125,115.5,08-21 00:00,7332
2026-08-23T23:31:06+00:00,COINX/USDT,COIN,188.02,186.49000549316406,82.0,08-21 00:00,52333
2026-08-23T23:31:06+00:00,AVGOX/USDT,AVGO,371.41,368.45001220703125,80.5,08-21 00:00,7228
2026-08-23T23:31:06+00:00,SPYX/USDT,SPY,771.31,765.719970703125,73.0,08-21 00:00,47745
2026-08-23T23:31:06+00:00,AAPLX/USDT,AAPL,311.22,309.3500061035156,60.3,08-21 00:00,49202
2026-08-23T23:31:06+00:00,TSLAX/USDT,TSLA,364.88,362.8599853515625,55.8,08-21 00:00,69091
2026-08-23T23:31:06+00:00,QQQX/USDT,QQQ,716.15,713.4400024414062,38.1,08-21 00:00,15714
2026-08-24T00:00:16+00:00,NVDAX/USDT,NVDA,217.71,214.72000122070312,139.0,08-21 00:00,74792
2026-08-24T00:00:16+00:00,MSTRX/USDT,MSTR,120.78,119.25,128.3,08-21 00:00,185027
2026-08-24T00:00:16+00:00,MCDX/USDT,MCD,274.08,270.95001220703125,115.3,08-21 00:00,7332
2026-08-24T00:00:16+00:00,AVGOX/USDT,AVGO,372.29,368.45001220703125,104.2,08-21 00:00,7228
2026-08-24T00:00:16+00:00,GOOGLX/USDT,GOOGL,348.37,344.82000732421875,103.0,08-21 00:00,50137
2026-08-24T00:00:16+00:00,COINX/USDT,COIN,188.25,186.49000549316406,94.4,08-21 00:00,52520
2026-08-24T00:00:16+00:00,SPYX/USDT,SPY,771.75,765.719970703125,78.7,08-21 00:00,44628
2026-08-24T00:00:16+00:00,TSLAX/USDT,TSLA,365.62,362.8599853515625,75.9,08-21 00:00,74747
2026-08-24T00:00:16+00:00,AAPLX/USDT,AAPL,311.35,309.3500061035156,64.7,08-21 00:00,49540
2026-08-24T00:00:16+00:00,QQQX/USDT,QQQ,716.75,713.4400024414062,46.4,08-21 00:00,15644
2026-08-24T00:00:16+00:00,AMZNX/USDT,AMZN,259.69,258.6300048828125,40.8,08-21 00:00,25542
2026-08-24T00:30:20+00:00,MSTRX/USDT,MSTR,120.37,119.25,93.9,08-21 00:00,188718
2026-08-24T00:30:20+00:00,NVDAX/USDT,NVDA,216.55,214.72000122070312,85.0,08-21 00:00,91774
2026-08-24T00:30:20+00:00,MCDX/USDT,MCD,273.15,270.95001220703125,81.2,08-21 00:00,7448
2026-08-24T00:30:20+00:00,TSLAX/USDT,TSLA,365.36,362.8599853515625,68.9,08-21 00:00,83430
2026-08-24T00:30:20+00:00,SPYX/USDT,SPY,770.39,765.719970703125,61.0,08-21 00:00,46074
2026-08-24T00:30:20+00:00,AAPLX/USDT,AAPL,310.63,309.3500061035156,41.5,08-21 00:00,48917
2026-08-24T01:00:30+00:00,MSTRX/USDT,MSTR,120.89,119.25,137.1,08-21 00:00,179344
2026-08-24T01:00:30+00:00,MCDX/USDT,MCD,274.14,270.95001220703125,117.7,08-21 00:00,8017
2026-08-24T01:00:30+00:00,NVDAX/USDT,NVDA,217.03,214.72000122070312,107.6,08-21 00:00,93861
2026-08-24T01:00:30+00:00,TSLAX/USDT,TSLA,366.51,362.8599853515625,100.7,08-21 00:00,90841
2026-08-24T01:00:30+00:00,COINX/USDT,COIN,188.16,186.49000549316406,89.3,08-21 00:00,62235
2026-08-24T01:00:30+00:00,SPYX/USDT,SPY,771.12,765.719970703125,70.5,08-21 00:00,49297
2026-08-24T01:00:30+00:00,AAPLX/USDT,AAPL,311.1,309.3500061035156,56.4,08-21 00:00,47553
2026-08-24T01:00:30+00:00,AMZNX/USDT,AMZN,259.72,258.6300048828125,42.1,08-21 00:00,25359
2026-08-24T01:00:30+00:00,AVGOX/USDT,AVGO,369.98,368.45001220703125,41.4,08-21 00:00,34223
2026-08-24T01:00:30+00:00,QQQX/USDT,QQQ,715.74,713.4400024414062,32.2,08-21 00:00,19801
2026-08-24T01:30:33+00:00,MCDX/USDT,MCD,274.2,270.95001220703125,119.9,08-21 00:00,9211
2026-08-24T01:30:33+00:00,NVDAX/USDT,NVDA,217.2,214.72000122070312,115.7,08-21 00:00,95316
2026-08-24T01:30:33+00:00,SPYX/USDT,SPY,771.27,765.719970703125,72.5,08-21 00:00,50119
2026-08-24T01:30:33+00:00,TSLAX/USDT,TSLA,365.26,362.8599853515625,66.3,08-21 00:00,94631
2026-08-24T01:30:33+00:00,MSTRX/USDT,MSTR,120.01,119.25,63.7,08-21 00:00,179205
2026-08-24T01:30:33+00:00,AAPLX/USDT,AAPL,311.02,309.3500061035156,54.0,08-21 00:00,47561
2026-08-24T01:30:33+00:00,COINX/USDT,COIN,187.24,186.49000549316406,39.9,08-21 00:00,64397
2026-08-24T01:30:33+00:00,AVGOX/USDT,AVGO,369.88,368.45001220703125,38.9,08-21 00:00,35044
2026-08-24T01:30:33+00:00,QQQX/USDT,QQQ,716.0,713.4400024414062,35.8,08-21 00:00,21928
2026-08-24T01:30:33+00:00,AMZNX/USDT,AMZN,259.53,258.6300048828125,35.0,08-21 00:00,25308
2026-08-24T02:00:40+00:00,MCDX/USDT,MCD,274.3,270.95001220703125,123.6,08-21 00:00,11128
2026-08-24T02:00:40+00:00,NVDAX/USDT,NVDA,216.75,214.72000122070312,94.8,08-21 00:00,97961
2026-08-24T02:00:40+00:00,SPYX/USDT,SPY,770.69,765.719970703125,64.9,08-21 00:00,52518
2026-08-24T02:00:40+00:00,COINX/USDT,COIN,185.65,186.49000549316406,-45.0,08-21 00:00,65431
2026-08-24T02:00:40+00:00,TSLAX/USDT,TSLA,364.37,362.8599853515625,41.5,08-21 00:00,95146
2026-08-24T02:00:40+00:00,AAPLX/USDT,AAPL,310.45,309.3500061035156,35.6,08-21 00:00,48033
2026-08-24T02:00:40+00:00,MSTRX/USDT,MSTR,118.86,119.25,-32.7,08-21 00:00,183114
2026-08-24T02:30:47+00:00,MCDX/USDT,MCD,275.06,270.95001220703125,151.9,08-21 00:00,11488
2026-08-24T02:30:47+00:00,NVDAX/USDT,NVDA,216.82,214.72000122070312,98.0,08-21 00:00,97654
2026-08-24T02:30:47+00:00,MSTRX/USDT,MSTR,120.28,119.25,86.0,08-21 00:00,184087
2026-08-24T02:30:47+00:00,AVGOX/USDT,AVGO,371.6,368.45001220703125,85.5,08-21 00:00,38532
2026-08-24T02:30:47+00:00,SPYX/USDT,SPY,770.88,765.719970703125,67.3,08-21 00:00,53040
2026-08-24T02:30:47+00:00,TSLAX/USDT,TSLA,364.64,362.8599853515625,49.2,08-21 00:00,99265
2026-08-24T02:30:47+00:00,AAPLX/USDT,AAPL,310.64,309.3500061035156,41.7,08-21 00:00,47757
2026-08-24T02:30:47+00:00,COINX/USDT,COIN,187.13,186.49000549316406,34.6,08-21 00:00,64475
2026-08-24T03:00:53+00:00,MCDX/USDT,MCD,275.06,270.95001220703125,151.9,08-21 00:00,11958
2026-08-24T03:00:53+00:00,MSTRX/USDT,MSTR,120.46,119.25,101.5,08-21 00:00,185363
2026-08-24T03:00:53+00:00,NVDAX/USDT,NVDA,216.87,214.72000122070312,99.9,08-21 00:00,98733
2026-08-24T03:00:53+00:00,SPYX/USDT,SPY,771.26,765.719970703125,72.4,08-21 00:00,56292
2026-08-24T03:00:53+00:00,AAPLX/USDT,AAPL,311.01,309.3500061035156,53.7,08-21 00:00,47932
2026-08-24T03:00:53+00:00,TSLAX/USDT,TSLA,364.34,362.8599853515625,40.8,08-21 00:00,101189
2026-08-24T03:30:59+00:00,MCDX/USDT,MCD,276.15,270.95001220703125,192.1,08-21 00:00,13351
2026-08-24T03:30:59+00:00,COINX/USDT,COIN,184.97,186.49000549316406,-81.2,08-21 00:00,68809
2026-08-24T03:30:59+00:00,NVDAX/USDT,NVDA,216.12,214.72000122070312,65.0,08-21 00:00,98148
2026-08-24T03:30:59+00:00,SPYX/USDT,SPY,770.53,765.719970703125,62.8,08-21 00:00,56862
2026-08-24T03:30:59+00:00,AAPLX/USDT,AAPL,310.86,309.3500061035156,48.8,08-21 00:00,48207
2026-08-24T03:30:59+00:00,AVGOX/USDT,AVGO,366.72,368.45001220703125,-47.0,08-21 00:00,40149
2026-08-24T03:30:59+00:00,GOOGLX/USDT,GOOGL,343.45,344.82000732421875,-39.7,08-21 00:00,53848
2026-08-24T03:30:59+00:00,MSTRX/USDT,MSTR,118.8,119.25,-37.7,08-21 00:00,186462
2026-08-24T04:00:17+00:00,MCDX/USDT,MCD,275.33,270.95001220703125,161.5,08-21 00:00,14249
2026-08-24T04:00:17+00:00,COINX/USDT,COIN,184.28,186.49000549316406,-118.2,08-21 00:00,74439
2026-08-24T04:00:17+00:00,AVGOX/USDT,AVGO,365.62,368.45001220703125,-76.9,08-21 00:00,40982
2026-08-24T04:00:17+00:00,NVDAX/USDT,NVDA,216.15,214.72000122070312,66.4,08-21 00:00,97378
2026-08-24T04:00:17+00:00,AAPLX/USDT,AAPL,311.16,309.3500061035156,58.5,08-21 00:00,46710
2026-08-24T04:00:17+00:00,SPYX/USDT,SPY,769.83,765.719970703125,53.6,08-21 00:00,65893
2026-08-24T04:00:17+00:00,TSLAX/USDT,TSLA,361.0,362.8599853515625,-51.4,08-21 00:00,111035
2026-08-24T04:00:17+00:00,MSTRX/USDT,MSTR,118.75,119.25,-42.3,08-21 00:00,188626
2026-08-24T04:30:19+00:00,MCDX/USDT,MCD,275.57,270.95001220703125,170.5,08-21 00:00,14763
2026-08-24T04:30:19+00:00,NVDAX/USDT,NVDA,216.42,214.72000122070312,79.2,08-21 00:00,105554
2026-08-24T04:30:19+00:00,AVGOX/USDT,AVGO,365.89,368.45001220703125,-69.5,08-21 00:00,42157
2026-08-24T04:30:19+00:00,COINX/USDT,COIN,185.45,186.49000549316406,-55.5,08-21 00:00,77913
2026-08-24T04:30:19+00:00,SPYX/USDT,SPY,769.78,765.719970703125,53.0,08-21 00:00,61134
2026-08-24T04:30:19+00:00,AAPLX/USDT,AAPL,310.91,309.3500061035156,50.4,08-21 00:00,45412
2026-08-24T04:30:19+00:00,TSLAX/USDT,TSLA,361.37,362.8599853515625,-41.1,08-21 00:00,118219
2026-08-24T05:00:24+00:00,MCDX/USDT,MCD,275.58,270.95001220703125,170.7,08-21 00:00,14959
2026-08-24T05:00:24+00:00,COINX/USDT,COIN,184.22,186.49000549316406,-121.7,08-21 00:00,79809
2026-08-24T05:00:24+00:00,NVDAX/USDT,NVDA,216.31,214.72000122070312,74.3,08-21 00:00,106390
2026-08-24T05:00:24+00:00,AVGOX/USDT,AVGO,365.8,368.45001220703125,-71.9,08-21 00:00,44023
2026-08-24T05:00:24+00:00,SPYX/USDT,SPY,769.59,765.719970703125,50.5,08-21 00:00,59071
2026-08-24T05:00:24+00:00,AAPLX/USDT,AAPL,310.71,309.3500061035156,43.8,08-21 00:00,45453
2026-08-24T05:00:24+00:00,TSLAX/USDT,TSLA,361.38,362.8599853515625,-40.6,08-21 00:00,122913
2026-08-24T05:00:24+00:00,MSTRX/USDT,MSTR,118.82,119.25,-36.1,08-21 00:00,179691
2026-08-24T05:00:24+00:00,GOOGLX/USDT,GOOGL,343.77,344.82000732421875,-30.5,08-21 00:00,52880
2026-08-24T06:16:11+00:00,MCDX/USDT,MCD,275.7,270.95001220703125,175.1,08-21 00:00,17432
2026-08-24T06:16:11+00:00,AVGOX/USDT,AVGO,364.87,368.45001220703125,-97.3,08-21 00:00,46460
2026-08-24T06:16:11+00:00,COINX/USDT,COIN,185.45,186.49000549316406,-55.8,08-21 00:00,62777
2026-08-24T06:16:11+00:00,QQQX/USDT,QQQ,710.06,713.4400024414062,-47.4,08-21 00:00,40424
2026-08-24T06:16:11+00:00,SPYX/USDT,SPY,769.12,765.719970703125,44.5,08-21 00:00,68218
2026-08-24T06:16:11+00:00,AAPLX/USDT,AAPL,310.72,309.3500061035156,44.3,08-21 00:00,46392
2026-08-24T06:16:11+00:00,MSTRX/USDT,MSTR,119.65,119.25,33.1,08-21 00:00,118279
2026-08-24T07:54:21+00:00,MCDX/USDT,MCD,275.4,270.95001220703125,164.2,08-21 00:00,20338
2026-08-24T07:54:21+00:00,AVGOX/USDT,AVGO,364.27,368.45001220703125,-113.3,08-21 00:00,50085
2026-08-24T07:54:21+00:00,MSTRX/USDT,MSTR,120.12,119.25,72.5,08-21 00:00,85227
2026-08-24T07:54:21+00:00,AAPLX/USDT,AAPL,310.88,309.3500061035156,49.5,08-21 00:00,45299
2026-08-24T07:54:21+00:00,NVDAX/USDT,NVDA,215.68,214.72000122070312,44.5,08-21 00:00,112709
2026-08-24T07:54:21+00:00,SPYX/USDT,SPY,768.73,765.719970703125,39.3,08-21 00:00,71872
2026-08-24T12:13:06+00:00,MCDX/USDT,MCD,276.27,270.95001220703125,196.3,08-21 00:00,36208
2026-08-24T12:13:06+00:00,COINX/USDT,COIN,187.88,186.49000549316406,74.5,08-21 00:00,71384
2026-08-24T12:13:06+00:00,SPYX/USDT,SPY,769.85,765.719970703125,53.9,08-21 00:00,87109
2026-08-24T12:13:06+00:00,TSLAX/USDT,TSLA,361.17,362.8599853515625,-46.7,08-21 00:00,217349
2026-08-24T12:13:06+00:00,AVGOX/USDT,AVGO,366.79,368.45001220703125,-44.9,08-21 00:00,63585
2026-08-24T12:30:58+00:00,MCDX/USDT,MCD,277.17,270.95001220703125,229.7,08-21 00:00,36039
2026-08-24T12:30:58+00:00,MSTRX/USDT,MSTR,121.56,119.25,193.7,08-21 00:00,98950
2026-08-24T12:30:58+00:00,AAPLX/USDT,AAPL,311.93,309.3500061035156,83.2,08-21 00:00,35542
2026-08-24T12:30:58+00:00,COINX/USDT,COIN,187.95,186.49000549316406,78.6,08-21 00:00,76398
2026-08-24T12:30:58+00:00,AVGOX/USDT,AVGO,366.0,368.45001220703125,-66.5,08-21 00:00,63690
2026-08-24T12:30:58+00:00,TSLAX/USDT,TSLA,360.93,362.8599853515625,-53.3,08-21 00:00,226113
2026-08-24T12:30:58+00:00,SPYX/USDT,SPY,769.62,765.719970703125,50.9,08-21 00:00,87416
2026-08-24T12:30:58+00:00,AMZNX/USDT,AMZN,259.53,258.6300048828125,34.8,08-21 00:00,43689
2026-08-24T13:01:03+00:00,MSTRX/USDT,MSTR,122.84,119.25,301.5,08-21 00:00,104399
2026-08-24T13:01:03+00:00,MCDX/USDT,MCD,276.39,270.95001220703125,200.8,08-21 00:00,37769
2026-08-24T13:01:03+00:00,COINX/USDT,COIN,189.88,186.49000549316406,181.8,08-21 00:00,85978
2026-08-24T13:01:03+00:00,AAPLX/USDT,AAPL,312.37,309.3500061035156,97.6,08-21 00:00,35260
2026-08-24T13:01:03+00:00,AVGOX/USDT,AVGO,365.38,368.45001220703125,-83.3,08-21 00:00,64497
2026-08-24T13:01:03+00:00,SPYX/USDT,SPY,769.5,765.719970703125,49.4,08-21 00:00,93990
2026-08-24T13:01:03+00:00,NVDAX/USDT,NVDA,215.6,214.72000122070312,41.2,08-21 00:00,166966
2026-08-24T13:01:03+00:00,GOOGLX/USDT,GOOGL,343.77,344.82000732421875,-30.5,08-21 00:00,73120
2026-08-24T13:33:23+00:00,MCDX/USDT,MCD,277.25,271.7799987792969,201.3,08-24 00:00,38985
2026-08-24T13:33:23+00:00,SPYX/USDT,SPY,768.64,763.26318359375,70.5,08-24 00:00,96938
2026-08-24T13:33:23+00:00,MSTRX/USDT,MSTR,120.78,119.94499969482422,69.6,08-24 00:00,113695
2026-08-24T13:33:23+00:00,AMZNX/USDT,AMZN,261.17,259.8546142578125,50.6,08-24 00:00,59236
2026-08-24T13:33:23+00:00,QQQX/USDT,QQQ,709.57,706.1699829101562,48.1,08-24 00:00,85949
2026-08-24T13:33:23+00:00,COINX/USDT,COIN,187.88,187.02000427246094,46.0,08-24 00:00,108654
2026-08-24T13:33:23+00:00,AAPLX/USDT,AAPL,311.84,310.6700134277344,37.7,08-24 00:00,46728
2026-08-24T13:33:23+00:00,TSLAX/USDT,TSLA,357.29,355.989990234375,36.5,08-24 00:00,256124
2026-08-24T13:33:23+00:00,AVGOX/USDT,AVGO,364.72,363.5299987792969,32.7,08-24 00:00,76582
2026-08-24T15:45:15+00:00,MCDX/USDT,MCD,275.74,272.17999267578125,130.6,08-24 00:00,67224
2026-08-24T15:45:15+00:00,SPYX/USDT,SPY,768.88,764.3049926757812,59.8,08-24 00:00,271260
2026-08-24T15:45:15+00:00,AVGOX/USDT,AVGO,363.28,361.70001220703125,43.8,08-24 00:00,147093
2026-08-24T15:45:15+00:00,AAPLX/USDT,AAPL,313.26,312.2349853515625,33.0,08-24 00:00,61173
2026-08-24T17:02:44+00:00,MCDX/USDT,MCD,276.82,272.67999267578125,151.8,08-24 00:00,71023
2026-08-24T17:02:44+00:00,SPYX/USDT,SPY,768.63,764.0499877929688,60.0,08-24 00:00,311480
2026-08-24T17:02:44+00:00,AVGOX/USDT,AVGO,362.52,360.82000732421875,47.1,08-24 00:00,154685
2026-08-24T17:02:44+00:00,AAPLX/USDT,AAPL,313.94,312.7799987792969,37.1,08-24 00:00,62150
2026-08-24T17:02:44+00:00,QQQX/USDT,QQQ,710.13,707.8200073242188,32.7,08-24 00:00,260907
2026-08-24T17:35:08+00:00,MCDX/USDT,MCD,275.13,272.32501220703125,103.0,08-24 00:00,86686
2026-08-24T17:35:08+00:00,SPYX/USDT,SPY,768.2,763.2899780273438,64.3,08-24 00:00,336266
2026-08-24T17:35:08+00:00,AVGOX/USDT,AVGO,362.36,360.7099914550781,45.6,08-24 00:00,154936
2026-08-24T17:35:08+00:00,QQQX/USDT,QQQ,709.37,707.0599975585938,32.7,08-24 00:00,271272
2026-08-24T17:35:08+00:00,AAPLX/USDT,AAPL,313.09,312.0799865722656,32.2,08-24 00:00,62361
2026-08-24T19:29:02+00:00,AVGOX/USDT,AVGO,363.0,360.7200012207031,63.2,08-24 00:00,163286
2026-08-24T19:29:02+00:00,AAPLX/USDT,AAPL,312.33,311.2301025390625,35.2,08-24 00:00,62380
2026-08-24T21:46:07+00:00,MCDX/USDT,MCD,275.1,272.5400085449219,93.9,08-24 00:00,108044
2026-08-24T21:46:07+00:00,SPYX/USDT,SPY,768.24,763.469970703125,62.5,08-24 00:00,378313
2026-08-24T21:46:07+00:00,AVGOX/USDT,AVGO,360.86,358.760009765625,58.5,08-24 00:00,170388
2026-08-24T21:46:07+00:00,QQQX/USDT,QQQ,708.88,706.3200073242188,36.2,08-24 00:00,380662
2026-08-24T22:18:52+00:00,MCDX/USDT,MCD,274.6,272.5400085449219,75.4,08-24 00:00,114580
2026-08-24T22:18:52+00:00,SPYX/USDT,SPY,768.46,763.469970703125,65.4,08-24 00:00,386416
2026-08-24T22:18:52+00:00,AVGOX/USDT,AVGO,360.93,358.760009765625,60.3,08-24 00:00,174206
2026-08-24T22:18:52+00:00,AAPLX/USDT,AAPL,312.17,310.3399963378906,59.0,08-24 00:00,64276
2026-08-24T22:18:52+00:00,QQQX/USDT,QQQ,709.0,706.3200073242188,37.9,08-24 00:00,390033
2026-08-24T22:18:52+00:00,AMZNX/USDT,AMZN,263.06,262.07000732421875,37.6,08-24 00:00,126583
2026-08-24T22:18:52+00:00,COINX/USDT,COIN,180.02,179.47999572753906,30.4,08-24 00:00,222560
2026-08-25T00:23:15+00:00,MCDX/USDT,MCD,274.53,272.5400085449219,73.0,08-24 00:00,117559
2026-08-25T00:23:15+00:00,SPYX/USDT,SPY,768.14,763.469970703125,61.2,08-24 00:00,386335
2026-08-25T00:23:15+00:00,AVGOX/USDT,AVGO,360.78,358.760009765625,56.4,08-24 00:00,178334
2026-08-25T00:23:15+00:00,AAPLX/USDT,AAPL,311.69,310.3399963378906,43.3,08-24 00:00,62506
2026-08-25T01:03:17+00:00,MSTRX/USDT,MSTR,124.59,122.62999725341797,159.4,08-24 00:00,457699
2026-08-25T01:03:17+00:00,COINX/USDT,COIN,181.62,179.47999572753906,119.0,08-24 00:00,220485
2026-08-25T01:03:17+00:00,AAPLX/USDT,AAPL,311.93,310.3399963378906,51.2,08-24 00:00,62437
2026-08-25T01:03:17+00:00,QQQX/USDT,QQQ,709.05,706.3200073242188,38.7,08-24 00:00,396483
2026-08-25T01:03:17+00:00,AMZNX/USDT,AMZN,263.0,262.07000732421875,35.7,08-24 00:00,128300
2026-08-25T02:33:28+00:00,MSTRX/USDT,MSTR,127.2,122.62999725341797,373.1,08-24 00:00,473381
2026-08-25T02:33:28+00:00,COINX/USDT,COIN,184.63,179.47999572753906,287.2,08-24 00:00,224496
2026-08-25T02:33:28+00:00,AVGOX/USDT,AVGO,361.49,358.760009765625,76.0,08-24 00:00,167236
2026-08-25T02:33:28+00:00,MCDX/USDT,MCD,274.47,272.5400085449219,70.6,08-24 00:00,119009
2026-08-25T02:33:28+00:00,SPYX/USDT,SPY,768.72,763.469970703125,68.7,08-24 00:00,392735
2026-08-25T02:33:28+00:00,QQQX/USDT,QQQ,710.0,706.3200073242188,52.1,08-24 00:00,406230
2026-08-25T02:33:28+00:00,AMZNX/USDT,AMZN,263.35,262.07000732421875,48.7,08-24 00:00,136162
2026-08-25T02:33:28+00:00,AAPLX/USDT,AAPL,311.74,310.3399963378906,45.0,08-24 00:00,62192
2026-08-25T02:33:28+00:00,TSLAX/USDT,TSLA,350.27,348.95001220703125,38.0,08-24 00:00,487304
2026-08-25T03:01:01+00:00,MSTRX/USDT,MSTR,126.38,122.62999725341797,305.4,08-24 00:00,482336
2026-08-25T03:01:01+00:00,COINX/USDT,COIN,184.46,179.47999572753906,277.7,08-24 00:00,226629
2026-08-25T03:01:01+00:00,MCDX/USDT,MCD,274.43,272.5400085449219,69.3,08-24 00:00,120971
2026-08-25T03:01:01+00:00,AVGOX/USDT,AVGO,361.21,358.760009765625,68.2,08-24 00:00,169262
2026-08-25T03:01:01+00:00,SPYX/USDT,SPY,767.93,763.469970703125,58.5,08-24 00:00,396881
2026-08-25T03:01:01+00:00,AMZNX/USDT,AMZN,263.59,262.07000732421875,57.8,08-24 00:00,136938
2026-08-25T03:01:01+00:00,AAPLX/USDT,AAPL,311.98,310.3399963378906,52.8,08-24 00:00,61970
2026-08-25T03:01:01+00:00,NVDAX/USDT,NVDA,209.56,208.47999572753906,51.6,08-24 00:00,395514
2026-08-25T03:01:01+00:00,QQQX/USDT,QQQ,709.31,706.3200073242188,42.3,08-24 00:00,403879
2026-08-25T03:34:50+00:00,MSTRX/USDT,MSTR,126.39,122.62999725341797,306.6,08-24 00:00,482944
2026-08-25T03:34:50+00:00,COINX/USDT,COIN,184.74,179.47999572753906,292.8,08-24 00:00,223275
2026-08-25T03:34:50+00:00,AVGOX/USDT,AVGO,361.61,358.760009765625,79.4,08-24 00:00,171959
2026-08-25T03:34:50+00:00,SPYX/USDT,SPY,769.13,763.469970703125,74.2,08-24 00:00,402288
2026-08-25T03:34:50+00:00,NVDAX/USDT,NVDA,210.01,208.47999572753906,73.4,08-24 00:00,400241
2026-08-25T03:34:50+00:00,AMZNX/USDT,AMZN,263.75,262.07000732421875,63.9,08-24 00:00,131866
2026-08-25T03:34:50+00:00,QQQX/USDT,QQQ,710.49,706.3200073242188,59.0,08-24 00:00,406858
2026-08-25T03:34:50+00:00,TSLAX/USDT,TSLA,350.9,348.95001220703125,56.0,08-24 00:00,505751
2026-08-25T03:34:50+00:00,MCDX/USDT,MCD,273.85,272.5400085449219,48.1,08-24 00:00,119969
2026-08-25T05:50:50+00:00,MSTRX/USDT,MSTR,126.87,122.62999725341797,345.3,08-24 00:00,486992
2026-08-25T05:50:50+00:00,COINX/USDT,COIN,184.65,179.47999572753906,287.8,08-24 00:00,214750
2026-08-25T05:50:50+00:00,AVGOX/USDT,AVGO,363.66,358.760009765625,136.7,08-24 00:00,173643
2026-08-25T05:50:50+00:00,NVDAX/USDT,NVDA,210.66,208.47999572753906,104.8,08-24 00:00,398447
2026-08-25T05:50:50+00:00,MCDX/USDT,MCD,274.84,272.5400085449219,84.4,08-24 00:00,126089
2026-08-25T05:50:50+00:00,QQQX/USDT,QQQ,711.55,706.3200073242188,74.0,08-24 00:00,411359
2026-08-25T05:50:50+00:00,SPYX/USDT,SPY,768.89,763.469970703125,71.0,08-24 00:00,406794
2026-08-25T05:50:50+00:00,TSLAX/USDT,TSLA,351.4,348.95001220703125,70.4,08-24 00:00,494501
2026-08-25T05:50:50+00:00,AMZNX/USDT,AMZN,262.95,262.07000732421875,33.4,08-24 00:00,127464
2026-08-25T07:01:24+00:00,MSTRX/USDT,MSTR,126.67,122.62999725341797,329.9,08-24 00:00,487704
2026-08-25T07:01:24+00:00,COINX/USDT,COIN,184.59,179.47999572753906,285.0,08-24 00:00,216841
2026-08-25T07:01:24+00:00,AVGOX/USDT,AVGO,363.35,358.760009765625,127.8,08-24 00:00,174800
2026-08-25T07:01:24+00:00,NVDAX/USDT,NVDA,210.96,208.47999572753906,119.0,08-24 00:00,396758
2026-08-25T07:01:24+00:00,QQQX/USDT,QQQ,712.85,706.3200073242188,92.4,08-24 00:00,414271
2026-08-25T07:01:24+00:00,SPYX/USDT,SPY,770.07,763.469970703125,86.4,08-24 00:00,414052
2026-08-25T07:01:24+00:00,TSLAX/USDT,TSLA,351.94,348.95001220703125,85.5,08-24 00:00,479081
2026-08-25T07:01:24+00:00,MCDX/USDT,MCD,274.37,272.5400085449219,67.1,08-24 00:00,125431
2026-08-25T07:01:24+00:00,AMZNX/USDT,AMZN,263.14,262.07000732421875,41.0,08-24 00:00,123646
2026-08-25T07:31:06+00:00,MSTRX/USDT,MSTR,126.74,122.62999725341797,335.2,08-24 00:00,488953
2026-08-25T07:31:06+00:00,COINX/USDT,COIN,185.04,179.47999572753906,309.8,08-24 00:00,216567
2026-08-25T07:31:06+00:00,AVGOX/USDT,AVGO,363.47,358.760009765625,131.3,08-24 00:00,173960
2026-08-25T07:31:06+00:00,MCDX/USDT,MCD,275.59,272.5400085449219,111.7,08-24 00:00,127499
2026-08-25T07:31:06+00:00,NVDAX/USDT,NVDA,210.78,208.47999572753906,110.3,08-24 00:00,394953
2026-08-25T07:31:06+00:00,QQQX/USDT,QQQ,712.32,706.3200073242188,84.9,08-24 00:00,412225
2026-08-25T07:31:06+00:00,SPYX/USDT,SPY,769.61,763.469970703125,80.4,08-24 00:00,417806
2026-08-25T07:31:06+00:00,TSLAX/USDT,TSLA,351.25,348.95001220703125,65.8,08-24 00:00,478312
2026-08-25T08:01:13+00:00,COINX/USDT,COIN,183.03,179.47999572753906,198.1,08-24 00:00,216111
2026-08-25T08:01:13+00:00,MSTRX/USDT,MSTR,124.65,122.62999725341797,164.7,08-24 00:00,491397
2026-08-25T08:01:13+00:00,AVGOX/USDT,AVGO,363.3,358.760009765625,126.5,08-24 00:00,174917
2026-08-25T08:01:13+00:00,NVDAX/USDT,NVDA,210.75,208.47999572753906,109.1,08-24 00:00,391126
2026-08-25T08:01:13+00:00,QQQX/USDT,QQQ,712.17,706.3200073242188,82.8,08-24 00:00,416743
2026-08-25T08:01:13+00:00,MCDX/USDT,MCD,274.76,272.5400085449219,81.6,08-24 00:00,127338
2026-08-25T08:01:13+00:00,SPYX/USDT,SPY,769.67,763.469970703125,81.3,08-24 00:00,420244
2026-08-25T08:01:13+00:00,TSLAX/USDT,TSLA,351.34,348.95001220703125,68.5,08-24 00:00,478788
2026-08-25T09:00:24+00:00,COINX/USDT,COIN,183.1,179.47999572753906,201.7,08-24 00:00,223624
2026-08-25T09:00:24+00:00,MSTRX/USDT,MSTR,124.36,122.62999725341797,141.5,08-24 00:00,511183
2026-08-25T09:00:24+00:00,AVGOX/USDT,AVGO,363.61,358.760009765625,135.2,08-24 00:00,177789
2026-08-25T09:00:24+00:00,NVDAX/USDT,NVDA,211.23,208.47999572753906,131.7,08-24 00:00,385711
2026-08-25T09:00:24+00:00,MCDX/USDT,MCD,275.81,272.5400085449219,120.0,08-24 00:00,129254
2026-08-25T09:00:24+00:00,QQQX/USDT,QQQ,713.64,706.3200073242188,103.7,08-24 00:00,413159
2026-08-25T09:00:24+00:00,SPYX/USDT,SPY,770.85,763.469970703125,96.7,08-24 00:00,431320
2026-08-25T09:00:24+00:00,TSLAX/USDT,TSLA,352.0,348.95001220703125,87.3,08-24 00:00,476554
2026-08-25T09:00:24+00:00,GOOGLX/USDT,GOOGL,349.69,348.05999755859375,46.7,08-24 00:00,237702
2026-08-25T09:00:24+00:00,AMZNX/USDT,AMZN,263.28,262.07000732421875,46.2,08-24 00:00,145359
2026-08-25T09:30:32+00:00,COINX/USDT,COIN,182.22,179.47999572753906,152.4,08-24 00:00,228875
2026-08-25T09:30:32+00:00,AVGOX/USDT,AVGO,363.85,358.760009765625,141.7,08-24 00:00,176818
2026-08-25T09:30:32+00:00,NVDAX/USDT,NVDA,211.22,208.47999572753906,131.4,08-24 00:00,382892
2026-08-25T09:30:32+00:00,MSTRX/USDT,MSTR,124.0,122.62999725341797,111.3,08-24 00:00,519220
2026-08-25T09:30:32+00:00,QQQX/USDT,QQQ,714.07,706.3200073242188,109.7,08-24 00:00,413084
2026-08-25T09:30:32+00:00,SPYX/USDT,SPY,771.06,763.469970703125,99.4,08-24 00:00,434875
2026-08-25T09:30:32+00:00,MCDX/USDT,MCD,275.07,272.5400085449219,92.8,08-24 00:00,126978
2026-08-25T09:30:32+00:00,TSLAX/USDT,TSLA,351.43,348.95001220703125,70.9,08-24 00:00,473493
2026-08-25T09:30:32+00:00,AMZNX/USDT,AMZN,263.44,262.07000732421875,52.5,08-24 00:00,144752
2026-08-25T09:30:32+00:00,GOOGLX/USDT,GOOGL,349.49,348.05999755859375,41.1,08-24 00:00,237406
2026-08-25T10:00:39+00:00,NVDAX/USDT,NVDA,211.69,208.47999572753906,153.7,08-24 00:00,375953
2026-08-25T10:00:39+00:00,AVGOX/USDT,AVGO,364.0,358.760009765625,146.2,08-24 00:00,181651
2026-08-25T10:00:39+00:00,QQQX/USDT,QQQ,715.87,706.3200073242188,135.2,08-24 00:00,414361
2026-08-25T10:00:39+00:00,SPYX/USDT,SPY,772.03,763.469970703125,112.2,08-24 00:00,441370
2026-08-25T10:00:39+00:00,MCDX/USDT,MCD,275.12,272.5400085449219,94.7,08-24 00:00,122250
2026-08-25T10:00:39+00:00,TSLAX/USDT,TSLA,352.0,348.95001220703125,87.3,08-24 00:00,467640
2026-08-25T10:00:39+00:00,AMZNX/USDT,AMZN,263.85,262.07000732421875,67.9,08-24 00:00,145665
2026-08-25T10:00:39+00:00,GOOGLX/USDT,GOOGL,350.17,348.05999755859375,60.8,08-24 00:00,236132
2026-08-25T10:00:39+00:00,MSTRX/USDT,MSTR,121.91,122.62999725341797,-59.1,08-24 00:00,535818
2026-08-25T10:00:39+00:00,COINX/USDT,COIN,180.39,179.47999572753906,51.0,08-24 00:00,233452
2026-08-25T10:30:48+00:00,AVGOX/USDT,AVGO,364.55,358.760009765625,161.2,08-24 00:00,185111
2026-08-25T10:30:48+00:00,NVDAX/USDT,NVDA,211.57,208.47999572753906,148.5,08-24 00:00,382462
2026-08-25T10:30:48+00:00,QQQX/USDT,QQQ,715.42,706.3200073242188,128.8,08-24 00:00,410860
2026-08-25T10:30:48+00:00,SPYX/USDT,SPY,771.5,763.469970703125,105.2,08-24 00:00,438172
2026-08-25T10:30:48+00:00,MCDX/USDT,MCD,275.03,272.5400085449219,91.5,08-24 00:00,120576
2026-08-25T10:30:48+00:00,TSLAX/USDT,TSLA,351.82,348.95001220703125,82.2,08-24 00:00,464773
2026-08-25T10:30:48+00:00,AMZNX/USDT,AMZN,263.44,262.07000732421875,52.5,08-24 00:00,146623
2026-08-25T10:30:48+00:00,MSTRX/USDT,MSTR,122.02,122.62999725341797,-50.2,08-24 00:00,544180
2026-08-25T10:30:48+00:00,GOOGLX/USDT,GOOGL,349.75,348.05999755859375,48.6,08-24 00:00,235389
2026-08-25T10:30:48+00:00,COINX/USDT,COIN,180.13,179.47999572753906,36.5,08-24 00:00,234343
2026-08-25T11:00:50+00:00,AVGOX/USDT,AVGO,364.22,358.760009765625,152.2,08-24 00:00,184082
2026-08-25T11:00:50+00:00,QQQX/USDT,QQQ,714.77,706.3200073242188,119.7,08-24 00:00,414605
2026-08-25T11:00:50+00:00,NVDAX/USDT,NVDA,210.9,208.47999572753906,115.8,08-24 00:00,384801
2026-08-25T11:00:50+00:00,SPYX/USDT,SPY,771.38,763.469970703125,103.5,08-24 00:00,440117
2026-08-25T11:00:50+00:00,MCDX/USDT,MCD,275.03,272.5400085449219,91.5,08-24 00:00,120113
2026-08-25T11:00:50+00:00,COINX/USDT,COIN,180.97,179.47999572753906,83.3,08-24 00:00,233803
2026-08-25T11:00:50+00:00,TSLAX/USDT,TSLA,351.64,348.95001220703125,77.1,08-24 00:00,464791
2026-08-25T11:00:50+00:00,AMZNX/USDT,AMZN,263.52,262.07000732421875,55.5,08-24 00:00,150208
2026-08-25T11:00:50+00:00,GOOGLX/USDT,GOOGL,349.77,348.05999755859375,49.1,08-24 00:00,234565
2026-08-25T11:31:07+00:00,AVGOX/USDT,AVGO,363.8,358.760009765625,140.3,08-24 00:00,184684
2026-08-25T11:31:07+00:00,NVDAX/USDT,NVDA,211.0,208.47999572753906,120.6,08-24 00:00,386778
2026-08-25T11:31:07+00:00,QQQX/USDT,QQQ,714.35,706.3200073242188,113.6,08-24 00:00,423609
2026-08-25T11:31:07+00:00,SPYX/USDT,SPY,771.06,763.469970703125,99.3,08-24 00:00,442236
2026-08-25T11:31:07+00:00,GOOGLX/USDT,GOOGL,350.67,348.05999755859375,75.0,08-24 00:00,236331
2026-08-25T11:31:07+00:00,MCDX/USDT,MCD,274.34,272.5400085449219,66.0,08-24 00:00,120678
2026-08-25T11:31:07+00:00,TSLAX/USDT,TSLA,351.1,348.95001220703125,61.6,08-24 00:00,463014
2026-08-25T11:31:07+00:00,AMZNX/USDT,AMZN,263.28,262.07000732421875,46.2,08-24 00:00,149353
2026-08-25T11:31:07+00:00,MSTRX/USDT,MSTR,122.16,122.62999725341797,-38.7,08-24 00:00,563576
2026-08-25T11:31:07+00:00,COINX/USDT,COIN,180.16,179.47999572753906,38.2,08-24 00:00,236167
2026-08-25T11:31:07+00:00,AAPLX/USDT,AAPL,311.39,310.3399963378906,33.8,08-24 00:00,95518
2026-08-25T12:01:11+00:00,AVGOX/USDT,AVGO,364.79,358.760009765625,168.2,08-24 00:00,182260
2026-08-25T12:01:11+00:00,NVDAX/USDT,NVDA,211.2,208.47999572753906,130.7,08-24 00:00,383537
2026-08-25T12:01:11+00:00,QQQX/USDT,QQQ,715.22,706.3200073242188,126.0,08-24 00:00,427596
2026-08-25T12:01:11+00:00,SPYX/USDT,SPY,771.61,763.469970703125,106.6,08-24 00:00,444724
2026-08-25T12:01:11+00:00,MCDX/USDT,MCD,274.98,272.5400085449219,89.3,08-24 00:00,120634
2026-08-25T12:01:11+00:00,GOOGLX/USDT,GOOGL,350.46,348.05999755859375,69.0,08-24 00:00,236663
2026-08-25T12:01:11+00:00,AMZNX/USDT,AMZN,263.65,262.07000732421875,60.5,08-24 00:00,149738
2026-08-25T12:01:11+00:00,TSLAX/USDT,TSLA,350.97,348.95001220703125,57.7,08-24 00:00,460602
2026-08-25T12:01:11+00:00,MSTRX/USDT,MSTR,121.92,122.62999725341797,-57.5,08-24 00:00,555533
2026-08-25T12:01:11+00:00,AAPLX/USDT,AAPL,311.51,310.3399963378906,37.7,08-24 00:00,95233
2026-08-25T12:30:18+00:00,AVGOX/USDT,AVGO,365.38,358.760009765625,184.4,08-24 00:00,182841
2026-08-25T12:30:18+00:00,MSTRX/USDT,MSTR,120.57,122.62999725341797,-167.6,08-24 00:00,573010
2026-08-25T12:30:18+00:00,NVDAX/USDT,NVDA,211.62,208.47999572753906,150.6,08-24 00:00,396190
2026-08-25T12:30:18+00:00,QQQX/USDT,QQQ,715.31,706.3200073242188,127.2,08-24 00:00,427730
2026-08-25T12:30:18+00:00,SPYX/USDT,SPY,771.68,763.469970703125,107.6,08-24 00:00,446908
2026-08-25T12:30:18+00:00,TSLAX/USDT,TSLA,351.49,348.95001220703125,72.6,08-24 00:00,461651
2026-08-25T12:30:18+00:00,GOOGLX/USDT,GOOGL,350.58,348.05999755859375,72.4,08-24 00:00,246044
2026-08-25T12:30:18+00:00,MCDX/USDT,MCD,274.1,272.5400085449219,57.1,08-24 00:00,120774
2026-08-25T12:30:18+00:00,AMZNX/USDT,AMZN,263.26,262.07000732421875,45.6,08-24 00:00,153996
2026-08-25T12:30:18+00:00,COINX/USDT,COIN,178.78,179.47999572753906,-39.3,08-24 00:00,245251
2026-08-25T13:00:26+00:00,AVGOX/USDT,AVGO,365.51,358.760009765625,188.1,08-24 00:00,183271
2026-08-25T13:00:26+00:00,NVDAX/USDT,NVDA,211.47,208.47999572753906,143.4,08-24 00:00,404418
2026-08-25T13:00:26+00:00,MSTRX/USDT,MSTR,121.05,122.62999725341797,-129.3,08-24 00:00,595864
2026-08-25T13:00:26+00:00,QQQX/USDT,QQQ,714.36,706.3200073242188,113.8,08-24 00:00,424946
2026-08-25T13:00:26+00:00,SPYX/USDT,SPY,771.12,763.469970703125,100.2,08-24 00:00,439342
2026-08-25T13:00:26+00:00,MCDX/USDT,MCD,275.23,272.5400085449219,98.7,08-24 00:00,121116
2026-08-25T13:00:26+00:00,TSLAX/USDT,TSLA,351.38,348.95001220703125,69.5,08-24 00:00,455011
2026-08-25T13:00:26+00:00,AMZNX/USDT,AMZN,263.58,262.07000732421875,57.4,08-24 00:00,153419
2026-08-25T13:00:26+00:00,GOOGLX/USDT,GOOGL,349.96,348.05999755859375,54.6,08-24 00:00,241778
2026-08-25T13:30:32+00:00,MCDX/USDT,MCD,275.38,271.57000732421875,140.5,08-25 00:00,122451
2026-08-25T13:30:32+00:00,AVGOX/USDT,AVGO,363.58,360.57000732421875,83.5,08-25 00:00,182541
2026-08-25T13:30:32+00:00,SPYX/USDT,SPY,770.75,766.1400146484375,60.2,08-25 00:00,438706
2026-08-25T13:30:32+00:00,QQQX/USDT,QQQ,713.8,711.5,32.3,08-25 00:00,423292
2026-08-25T14:00:37+00:00,MCDX/USDT,MCD,275.21,271.43499755859375,139.1,08-25 00:00,113534
2026-08-25T14:00:37+00:00,AVGOX/USDT,AVGO,362.61,360.4100036621094,60.9,08-25 00:00,153328
2026-08-25T14:00:37+00:00,SPYX/USDT,SPY,770.29,765.6500244140625,60.5,08-25 00:00,439200
2026-08-25T14:00:37+00:00,AAPLX/USDT,AAPL,311.55,310.16009521484375,44.8,08-25 00:00,90588
2026-08-25T14:00:37+00:00,QQQX/USDT,QQQ,713.72,711.22998046875,35.0,08-25 00:00,419952
2026-08-25T14:30:47+00:00,MCDX/USDT,MCD,274.98,271.2650146484375,136.8,08-25 00:00,114812
2026-08-25T14:30:47+00:00,AVGOX/USDT,AVGO,360.91,356.9100036621094,112.2,08-25 00:00,151625
2026-08-25T14:30:47+00:00,SPYX/USDT,SPY,769.01,764.239990234375,62.4,08-25 00:00,450620
2026-08-25T14:30:47+00:00,QQQX/USDT,QQQ,711.71,708.8800048828125,39.9,08-25 00:00,411353
2026-08-25T15:00:51+00:00,MCDX/USDT,MCD,274.28,270.1700134277344,152.3,08-25 00:00,106893
2026-08-25T15:00:51+00:00,AVGOX/USDT,AVGO,362.26,359.5299987792969,76.1,08-25 00:00,155426
2026-08-25T15:00:51+00:00,SPYX/USDT,SPY,769.33,764.4663696289062,63.6,08-25 00:00,453079
2026-08-25T15:00:51+00:00,AAPLX/USDT,AAPL,310.17,309.010009765625,37.7,08-25 00:00,95098
2026-08-25T15:00:51+00:00,QQQX/USDT,QQQ,711.75,709.2449951171875,35.4,08-25 00:00,392865
2026-08-25T16:52:58+00:00,MCDX/USDT,MCD,274.12,270.1499938964844,147.1,08-25 00:00,104854
2026-08-25T16:52:58+00:00,SPYX/USDT,SPY,770.06,765.5,59.6,08-25 00:00,253559
2026-08-25T16:52:58+00:00,AVGOX/USDT,AVGO,360.87,358.7650146484375,58.5,08-25 00:00,160976
2026-08-25T16:52:58+00:00,QQQX/USDT,QQQ,712.77,710.5349731445312,31.5,08-25 00:00,275357
2026-08-25T18:29:58+00:00,MCDX/USDT,MCD,274.06,268.8599853515625,193.6,08-25 00:00,82849
2026-08-25T18:29:58+00:00,AVGOX/USDT,AVGO,358.44,355.92498779296875,70.8,08-25 00:00,166369
2026-08-25T19:46:59+00:00,MCDX/USDT,MCD,274.0,268.4649963378906,206.2,08-25 00:00,80686
2026-08-25T19:46:59+00:00,SPYX/USDT,SPY,769.59,765.3200073242188,55.7,08-25 00:00,217470
2026-08-25T19:46:59+00:00,AVGOX/USDT,AVGO,357.74,356.0899963378906,46.2,08-25 00:00,163154
2026-08-25T20:19:51+00:00,MCDX/USDT,MCD,273.88,268.1000061035156,215.8,08-25 00:00,85313
2026-08-25T20:19:51+00:00,AVGOX/USDT,AVGO,358.96,356.739990234375,62.1,08-25 00:00,160702
2026-08-25T20:19:51+00:00,SPYX/USDT,SPY,770.32,765.9099731445312,57.5,08-25 00:00,216902
2026-08-25T20:19:51+00:00,MSTRX/USDT,MSTR,126.4,126.83000183105469,-33.9,08-25 00:00,749858
2026-08-25T20:19:51+00:00,QQQX/USDT,QQQ,713.02,710.719970703125,32.4,08-25 00:00,190866
2026-08-25T20:36:21+00:00,MCDX/USDT,MCD,274.0,268.1000061035156,219.9,08-25 00:00,85832
2026-08-25T20:36:21+00:00,AVGOX/USDT,AVGO,359.72,356.739990234375,83.5,08-25 00:00,159706
2026-08-25T20:36:21+00:00,SPYX/USDT,SPY,770.55,765.9099731445312,60.5,08-25 00:00,210228
2026-08-25T20:36:21+00:00,MSTRX/USDT,MSTR,126.21,126.83000183105469,-49.3,08-25 00:00,769024
2026-08-25T20:36:21+00:00,NVDAX/USDT,NVDA,213.96,213.0500030517578,42.7,08-25 00:00,317920
2026-08-25T20:36:21+00:00,QQQX/USDT,QQQ,713.28,710.719970703125,36.1,08-25 00:00,190037
2026-08-25T22:50:45+00:00,MCDX/USDT,MCD,271.17,268.1000061035156,114.5,08-25 00:00,82426
2026-08-25T22:50:45+00:00,AVGOX/USDT,AVGO,359.5,356.739990234375,77.4,08-25 00:00,160113
2026-08-25T22:50:45+00:00,SPYX/USDT,SPY,770.53,765.9099731445312,60.3,08-25 00:00,226199
2026-08-25T22:50:45+00:00,QQQX/USDT,QQQ,713.12,710.719970703125,33.8,08-25 00:00,192635
2026-08-25T23:08:02+00:00,MCDX/USDT,MCD,271.17,268.1000061035156,114.5,08-25 00:00,82168
2026-08-25T23:08:02+00:00,MSTRX/USDT,MSTR,125.75,126.83000183105469,-84.8,08-25 00:00,756479
2026-08-25T23:08:02+00:00,AVGOX/USDT,AVGO,359.71,356.739990234375,83.3,08-25 00:00,159653
2026-08-25T23:08:02+00:00,SPYX/USDT,SPY,770.44,765.9099731445312,59.2,08-25 00:00,230369
2026-08-25T23:08:02+00:00,QQQX/USDT,QQQ,713.07,710.719970703125,33.1,08-25 00:00,192054
2026-08-26T00:57:47+00:00,MCDX/USDT,MCD,271.74,268.1000061035156,135.8,08-25 00:00,83358
2026-08-26T00:57:47+00:00,AVGOX/USDT,AVGO,358.39,356.739990234375,46.3,08-25 00:00,150908
2026-08-26T00:57:47+00:00,SPYX/USDT,SPY,769.18,765.9099731445312,42.7,08-25 00:00,231576
2026-08-26T01:52:00+00:00,MCDX/USDT,MCD,272.11,268.1000061035156,149.6,08-25 00:00,84669
2026-08-26T01:52:00+00:00,AMZNX/USDT,AMZN,259.81,261.05999755859375,-47.9,08-25 00:00,88027
2026-08-26T01:52:00+00:00,SPYX/USDT,SPY,768.75,765.9099731445312,37.1,08-25 00:00,234825
2026-08-26T02:24:19+00:00,MCDX/USDT,MCD,272.15,268.1000061035156,151.2,08-25 00:00,82622
2026-08-26T02:24:19+00:00,MSTRX/USDT,MSTR,125.27,126.83000183105469,-123.0,08-25 00:00,823011
2026-08-26T02:24:19+00:00,AVGOX/USDT,AVGO,358.56,356.739990234375,50.9,08-25 00:00,147068
2026-08-26T02:24:19+00:00,COINX/USDT,COIN,186.27,187.16000366210938,-47.6,08-25 00:00,293002
2026-08-26T02:24:19+00:00,AMZNX/USDT,AMZN,260.16,261.05999755859375,-34.3,08-25 00:00,85759
2026-08-26T02:24:19+00:00,TSLAX/USDT,TSLA,349.15,350.25,-31.3,08-25 00:00,341043
2026-08-26T03:00:49+00:00,MCDX/USDT,MCD,272.12,268.1000061035156,150.1,08-25 00:00,81768
2026-08-26T03:00:49+00:00,AVGOX/USDT,AVGO,359.38,356.739990234375,73.9,08-25 00:00,144404
2026-08-26T03:00:49+00:00,MSTRX/USDT,MSTR,126.15,126.83000183105469,-54.0,08-25 00:00,822458
2026-08-26T03:00:49+00:00,SPYX/USDT,SPY,769.93,765.9099731445312,52.5,08-25 00:00,232300
2026-08-26T03:30:29+00:00,MCDX/USDT,MCD,272.44,268.1000061035156,161.9,08-25 00:00,81549
2026-08-26T03:30:29+00:00,MSTRX/USDT,MSTR,125.83,126.83000183105469,-78.8,08-25 00:00,825678
2026-08-26T03:30:29+00:00,AVGOX/USDT,AVGO,359.32,356.739990234375,72.5,08-25 00:00,140915
2026-08-26T03:30:29+00:00,SPYX/USDT,SPY,770.01,765.9099731445312,53.5,08-25 00:00,225435
2026-08-26T03:30:29+00:00,NVDAX/USDT,NVDA,214.01,213.0500030517578,45.1,08-25 00:00,300915
2026-08-26T04:00:42+00:00,MCDX/USDT,MCD,272.27,268.1000061035156,155.7,08-25 00:00,83545
2026-08-26T04:00:42+00:00,AVGOX/USDT,AVGO,359.51,356.739990234375,77.8,08-25 00:00,141249
2026-08-26T04:00:42+00:00,MSTRX/USDT,MSTR,125.99,126.83000183105469,-66.2,08-25 00:00,822824
2026-08-26T04:00:42+00:00,NVDAX/USDT,NVDA,214.36,213.0500030517578,61.3,08-25 00:00,299709
2026-08-26T04:00:42+00:00,SPYX/USDT,SPY,770.23,765.9099731445312,56.4,08-25 00:00,224863
2026-08-26T04:31:09+00:00,MCDX/USDT,MCD,272.24,268.1000061035156,154.4,08-25 00:00,84971
2026-08-26T04:31:09+00:00,AVGOX/USDT,AVGO,359.6,356.739990234375,80.2,08-25 00:00,141051
2026-08-26T04:31:09+00:00,NVDAX/USDT,NVDA,214.37,213.0500030517578,62.0,08-25 00:00,301739
2026-08-26T04:31:09+00:00,MSTRX/USDT,MSTR,126.09,126.83000183105469,-58.0,08-25 00:00,826331
2026-08-26T04:31:09+00:00,SPYX/USDT,SPY,770.22,765.9099731445312,56.3,08-25 00:00,227054
2026-08-26T05:01:09+00:00,MCDX/USDT,MCD,272.08,268.1000061035156,148.5,08-25 00:00,81670
2026-08-26T05:01:09+00:00,MSTRX/USDT,MSTR,125.41,126.83000183105469,-112.0,08-25 00:00,828983
2026-08-26T05:01:09+00:00,AVGOX/USDT,AVGO,359.35,356.739990234375,73.0,08-25 00:00,140520
2026-08-26T05:01:09+00:00,SPYX/USDT,SPY,769.69,765.9099731445312,49.4,08-25 00:00,220820
2026-08-26T05:01:09+00:00,NVDAX/USDT,NVDA,214.03,213.0500030517578,45.8,08-25 00:00,294337
2026-08-26T05:31:17+00:00,MCDX/USDT,MCD,272.24,268.1000061035156,154.2,08-25 00:00,81710
2026-08-26T05:31:17+00:00,AVGOX/USDT,AVGO,359.6,356.739990234375,80.2,08-25 00:00,144023
2026-08-26T05:31:17+00:00,NVDAX/USDT,NVDA,214.3,213.0500030517578,58.4,08-25 00:00,299564
2026-08-26T05:31:17+00:00,SPYX/USDT,SPY,770.16,765.9099731445312,55.6,08-25 00:00,219659
2026-08-26T05:31:17+00:00,MSTRX/USDT,MSTR,126.14,126.83000183105469,-54.4,08-25 00:00,840669
2026-08-26T06:01:34+00:00,MCDX/USDT,MCD,273.06,268.1000061035156,185.2,08-25 00:00,83062
2026-08-26T06:01:34+00:00,AVGOX/USDT,AVGO,359.35,356.739990234375,73.0,08-25 00:00,146349
2026-08-26T06:01:34+00:00,SPYX/USDT,SPY,770.13,765.9099731445312,55.1,08-25 00:00,220328
2026-08-26T06:01:34+00:00,NVDAX/USDT,NVDA,214.13,213.0500030517578,50.9,08-25 00:00,301096
2026-08-26T06:01:34+00:00,MSTRX/USDT,MSTR,126.27,126.83000183105469,-44.2,08-25 00:00,843367
2026-08-26T06:30:36+00:00,MCDX/USDT,MCD,272.5,268.1000061035156,163.9,08-25 00:00,82755
2026-08-26T06:30:36+00:00,AVGOX/USDT,AVGO,359.69,356.739990234375,82.6,08-25 00:00,146463
2026-08-26T06:30:36+00:00,MSTRX/USDT,MSTR,125.84,126.83000183105469,-78.5,08-25 00:00,846279
2026-08-26T06:30:36+00:00,SPYX/USDT,SPY,769.86,765.9099731445312,51.6,08-25 00:00,217386
2026-08-26T06:30:36+00:00,NVDAX/USDT,NVDA,213.91,213.0500030517578,40.4,08-25 00:00,301439
2026-08-26T06:30:36+00:00,COINX/USDT,COIN,186.56,187.16000366210938,-31.8,08-25 00:00,292832
2026-08-26T07:00:39+00:00,MCDX/USDT,MCD,272.55,268.1000061035156,166.0,08-25 00:00,82924
2026-08-26T07:00:39+00:00,AVGOX/USDT,AVGO,359.97,356.739990234375,90.5,08-25 00:00,147431
2026-08-26T07:00:39+00:00,MSTRX/USDT,MSTR,125.81,126.83000183105469,-80.4,08-25 00:00,848635
2026-08-26T07:00:39+00:00,SPYX/USDT,SPY,770.23,765.9099731445312,56.4,08-25 00:00,218686
2026-08-26T07:00:39+00:00,NVDAX/USDT,NVDA,214.06,213.0500030517578,47.2,08-25 00:00,300273
2026-08-26T07:30:59+00:00,MCDX/USDT,MCD,273.67,268.1000061035156,207.9,08-25 00:00,81026
2026-08-26T07:30:59+00:00,MSTRX/USDT,MSTR,125.68,126.83000183105469,-91.1,08-25 00:00,849129
2026-08-26T07:30:59+00:00,AVGOX/USDT,AVGO,359.41,356.739990234375,74.8,08-25 00:00,147175
2026-08-26T07:30:59+00:00,SPYX/USDT,SPY,769.91,765.9099731445312,52.2,08-25 00:00,215858
2026-08-26T07:30:59+00:00,COINX/USDT,COIN,186.49,187.16000366210938,-36.1,08-25 00:00,292634
2026-08-26T07:30:59+00:00,NVDAX/USDT,NVDA,213.7,213.0500030517578,30.7,08-25 00:00,301652
2026-08-26T08:00:51+00:00,MCDX/USDT,MCD,274.02,268.1000061035156,220.8,08-25 00:00,80909
2026-08-26T08:00:51+00:00,MSTRX/USDT,MSTR,125.5,126.83000183105469,-104.5,08-25 00:00,851404
2026-08-26T08:00:51+00:00,AVGOX/USDT,AVGO,359.44,356.739990234375,75.7,08-25 00:00,148058
2026-08-26T08:00:51+00:00,SPYX/USDT,SPY,769.98,765.9099731445312,53.2,08-25 00:00,214971
2026-08-26T08:00:51+00:00,NVDAX/USDT,NVDA,213.85,213.0500030517578,37.5,08-25 00:00,301848
2026-08-26T08:00:51+00:00,COINX/USDT,COIN,186.49,187.16000366210938,-36.1,08-25 00:00,290959
2026-08-26T08:31:04+00:00,MCDX/USDT,MCD,273.99,268.1000061035156,219.5,08-25 00:00,77998
2026-08-26T08:31:04+00:00,AVGOX/USDT,AVGO,360.22,356.739990234375,97.4,08-25 00:00,146918
2026-08-26T08:31:04+00:00,MSTRX/USDT,MSTR,125.84,126.83000183105469,-78.5,08-25 00:00,856213
2026-08-26T08:31:04+00:00,SPYX/USDT,SPY,769.93,765.9099731445312,52.6,08-25 00:00,207809
2026-08-26T08:31:04+00:00,NVDAX/USDT,NVDA,213.89,213.0500030517578,39.4,08-25 00:00,299519
2026-08-26T08:31:04+00:00,COINX/USDT,COIN,186.51,187.16000366210938,-34.5,08-25 00:00,288350
2026-08-26T08:31:04+00:00,AMZNX/USDT,AMZN,261.91,261.05999755859375,32.8,08-25 00:00,57938
2026-08-26T09:01:16+00:00,MCDX/USDT,MCD,274.01,268.1000061035156,220.4,08-25 00:00,77817
2026-08-26T09:01:16+00:00,MSTRX/USDT,MSTR,125.05,126.83000183105469,-140.7,08-25 00:00,838925
2026-08-26T09:01:16+00:00,AVGOX/USDT,AVGO,360.99,356.739990234375,119.0,08-25 00:00,145000
2026-08-26T09:01:16+00:00,COINX/USDT,COIN,185.33,187.16000366210938,-97.8,08-25 00:00,286556
2026-08-26T09:01:16+00:00,SPYX/USDT,SPY,770.13,765.9099731445312,55.2,08-25 00:00,203924
2026-08-26T09:01:16+00:00,NVDAX/USDT,NVDA,213.84,213.0500030517578,37.3,08-25 00:00,296371
2026-08-26T09:31:02+00:00,MCDX/USDT,MCD,274.1,268.1000061035156,223.8,08-25 00:00,76615
2026-08-26T09:31:02+00:00,MSTRX/USDT,MSTR,124.54,126.83000183105469,-180.2,08-25 00:00,840626
2026-08-26T09:31:02+00:00,COINX/USDT,COIN,184.87,187.16000366210938,-122.6,08-25 00:00,284083
2026-08-26T09:31:02+00:00,AVGOX/USDT,AVGO,360.97,356.739990234375,118.4,08-25 00:00,144478
2026-08-26T09:31:02+00:00,SPYX/USDT,SPY,769.93,765.9099731445312,52.5,08-25 00:00,201601
2026-08-26T09:31:02+00:00,NVDAX/USDT,NVDA,213.8,213.0500030517578,35.2,08-25 00:00,297901
2026-08-26T10:01:10+00:00,MCDX/USDT,MCD,273.29,268.1000061035156,193.8,08-25 00:00,76770
2026-08-26T10:01:10+00:00,MSTRX/USDT,MSTR,124.55,126.83000183105469,-179.8,08-25 00:00,828489
2026-08-26T10:01:10+00:00,COINX/USDT,COIN,184.76,187.16000366210938,-128.0,08-25 00:00,283377
2026-08-26T10:01:10+00:00,AVGOX/USDT,AVGO,360.97,356.739990234375,118.4,08-25 00:00,140741
2026-08-26T10:01:10+00:00,SPYX/USDT,SPY,770.19,765.9099731445312,55.9,08-25 00:00,198961
2026-08-26T10:01:10+00:00,NVDAX/USDT,NVDA,213.95,213.0500030517578,42.5,08-25 00:00,294613
2026-08-26T10:31:10+00:00,MCDX/USDT,MCD,272.38,268.1000061035156,159.8,08-25 00:00,78007
2026-08-26T10:31:10+00:00,MSTRX/USDT,MSTR,125.16,126.83000183105469,-131.3,08-25 00:00,822954
2026-08-26T10:31:10+00:00,COINX/USDT,COIN,185.25,187.16000366210938,-101.8,08-25 00:00,282541
2026-08-26T10:31:10+00:00,AVGOX/USDT,AVGO,360.26,356.739990234375,98.8,08-25 00:00,138363
2026-08-26T10:31:10+00:00,SPYX/USDT,SPY,769.74,765.9099731445312,50.0,08-25 00:00,204692
2026-08-26T10:31:10+00:00,NVDAX/USDT,NVDA,213.75,213.0500030517578,33.1,08-25 00:00,288207
2026-08-26T11:00:23+00:00,MCDX/USDT,MCD,272.34,268.1000061035156,158.1,08-25 00:00,77941
2026-08-26T11:00:23+00:00,AVGOX/USDT,AVGO,360.63,356.739990234375,109.0,08-25 00:00,137830
2026-08-26T11:00:23+00:00,MSTRX/USDT,MSTR,125.5,126.83000183105469,-104.5,08-25 00:00,817554
2026-08-26T11:00:23+00:00,COINX/USDT,COIN,185.75,187.16000366210938,-75.1,08-25 00:00,286610
2026-08-26T11:00:23+00:00,SPYX/USDT,SPY,770.17,765.9099731445312,55.6,08-25 00:00,204212
2026-08-26T11:00:23+00:00,NVDAX/USDT,NVDA,214.09,213.0500030517578,49.0,08-25 00:00,288456
2026-08-26T11:30:45+00:00,MCDX/USDT,MCD,272.17,268.1000061035156,152.0,08-25 00:00,77449
2026-08-26T11:30:45+00:00,AVGOX/USDT,AVGO,361.48,356.739990234375,132.9,08-25 00:00,139370
2026-08-26T11:30:45+00:00,MSTRX/USDT,MSTR,125.19,126.83000183105469,-128.9,08-25 00:00,808289
2026-08-26T11:30:45+00:00,COINX/USDT,COIN,185.48,187.16000366210938,-89.8,08-25 00:00,285510
2026-08-26T11:30:45+00:00,SPYX/USDT,SPY,770.5,765.9099731445312,60.0,08-25 00:00,200107
2026-08-26T11:30:45+00:00,NVDAX/USDT,NVDA,213.81,213.0500030517578,35.9,08-25 00:00,286304
2026-08-26T12:00:43+00:00,MSTRX/USDT,MSTR,124.87,126.83000183105469,-154.9,08-25 00:00,802677
2026-08-26T12:00:43+00:00,MCDX/USDT,MCD,272.12,268.1000061035156,149.9,08-25 00:00,77502
2026-08-26T12:00:43+00:00,COINX/USDT,COIN,185.0,187.16000366210938,-115.4,08-25 00:00,286940
2026-08-26T12:00:43+00:00,AVGOX/USDT,AVGO,360.44,356.739990234375,103.9,08-25 00:00,141008
2026-08-26T12:00:43+00:00,SPYX/USDT,SPY,770.18,765.9099731445312,55.8,08-25 00:00,198246
2026-08-26T12:00:43+00:00,AAPLX/USDT,AAPL,310.9,309.8999938964844,32.4,08-25 00:00,63859
2026-08-26T12:31:23+00:00,MCDX/USDT,MCD,272.21,268.1000061035156,153.3,08-25 00:00,77454
2026-08-26T12:31:23+00:00,MSTRX/USDT,MSTR,125.14,126.83000183105469,-133.2,08-25 00:00,793300
2026-08-26T12:31:23+00:00,COINX/USDT,COIN,184.9,187.16000366210938,-120.8,08-25 00:00,276439
2026-08-26T12:31:23+00:00,AVGOX/USDT,AVGO,360.22,356.739990234375,97.4,08-25 00:00,140757
2026-08-26T12:31:23+00:00,SPYX/USDT,SPY,770.33,765.9099731445312,57.7,08-25 00:00,193175
2026-08-26T12:31:23+00:00,AAPLX/USDT,AAPL,310.95,309.8999938964844,33.9,08-25 00:00,65148
2026-08-26T13:00:57+00:00,COINX/USDT,COIN,183.8,187.16000366210938,-179.5,08-25 00:00,274673
2026-08-26T13:00:57+00:00,MCDX/USDT,MCD,272.6,268.1000061035156,167.8,08-25 00:00,75709
2026-08-26T13:00:57+00:00,MSTRX/USDT,MSTR,124.76,126.83000183105469,-163.2,08-25 00:00,768546
2026-08-26T13:00:57+00:00,TSLAX/USDT,TSLA,347.25,350.25,-85.8,08-25 00:00,300440
2026-08-26T13:00:57+00:00,AVGOX/USDT,AVGO,358.44,356.739990234375,47.7,08-25 00:00,140194
2026-08-26T13:00:57+00:00,AAPLX/USDT,AAPL,311.33,309.8999938964844,46.0,08-25 00:00,64579
2026-08-26T13:00:57+00:00,SPYX/USDT,SPY,769.15,765.9099731445312,42.4,08-25 00:00,191698
2026-08-26T13:31:06+00:00,MCDX/USDT,MCD,272.62,268.32000732421875,160.3,08-26 00:00,74824
2026-08-26T13:31:06+00:00,AVGOX/USDT,AVGO,359.1,356.49249267578125,73.0,08-26 00:00,143356
2026-08-26T13:31:06+00:00,SPYX/USDT,SPY,769.6,764.739990234375,63.6,08-26 00:00,194530
2026-08-26T13:31:06+00:00,AAPLX/USDT,AAPL,311.28,310.135009765625,36.9,08-26 00:00,56853
2026-08-26T14:01:18+00:00,MCDX/USDT,MCD,271.36,267.2998962402344,151.7,08-26 00:00,74377
2026-08-26T14:01:18+00:00,AVGOX/USDT,AVGO,357.29,354.2049865722656,87.1,08-26 00:00,161683
2026-08-26T14:01:18+00:00,SPYX/USDT,SPY,771.23,766.77001953125,58.2,08-26 00:00,196681
2026-08-26T14:01:18+00:00,GOOGLX/USDT,GOOGL,344.43,343.239990234375,34.7,08-26 00:00,71907
2026-08-26T14:01:18+00:00,QQQX/USDT,QQQ,713.76,711.5700073242188,30.8,08-26 00:00,353399
2026-08-26T14:31:22+00:00,MCDX/USDT,MCD,272.26,267.5350036621094,176.8,08-26 00:00,70849
2026-08-26T14:31:22+00:00,AVGOX/USDT,AVGO,355.34,351.71978759765625,102.8,08-26 00:00,165175
2026-08-26T14:31:22+00:00,SPYX/USDT,SPY,769.62,765.030029296875,60.1,08-26 00:00,188335
2026-08-26T14:31:22+00:00,QQQX/USDT,QQQ,710.92,708.7000122070312,31.4,08-26 00:00,351874
2026-08-26T15:01:39+00:00,MCDX/USDT,MCD,271.82,267.6199951171875,156.9,08-26 00:00,69458
2026-08-26T15:01:39+00:00,SPYX/USDT,SPY,770.45,766.114990234375,56.6,08-26 00:00,187498
2026-08-26T15:01:39+00:00,AVGOX/USDT,AVGO,354.55,353.010009765625,43.6,08-26 00:00,159411
2026-08-26T15:31:32+00:00,MCDX/USDT,MCD,271.61,267.30499267578125,161.1,08-26 00:00,70773
2026-08-26T15:31:32+00:00,AVGOX/USDT,AVGO,353.62,351.1600036621094,69.9,08-26 00:00,158675
2026-08-26T15:31:32+00:00,SPYX/USDT,SPY,770.38,765.7000122070312,61.1,08-26 00:00,190932
2026-08-26T15:31:32+00:00,AAPLX/USDT,AAPL,313.53,312.4949951171875,33.1,08-26 00:00,62546
2026-08-26T17:28:47+00:00,MCDX/USDT,MCD,271.51,266.375,192.8,08-26 00:00,68827
2026-08-26T17:28:47+00:00,AVGOX/USDT,AVGO,354.53,352.4200134277344,60.0,08-26 00:00,151427
2026-08-26T17:28:47+00:00,SPYX/USDT,SPY,770.0,765.6649780273438,56.6,08-26 00:00,189122
2026-08-26T17:28:47+00:00,AAPLX/USDT,AAPL,314.17,313.135009765625,33.1,08-26 00:00,57893
2026-08-26T17:35:14+00:00,MCDX/USDT,MCD,271.51,266.3450012207031,193.9,08-26 00:00,68513
2026-08-26T17:35:14+00:00,SPYX/USDT,SPY,770.15,765.760009765625,57.4,08-26 00:00,189122
2026-08-26T17:35:14+00:00,AVGOX/USDT,AVGO,354.4,352.4599914550781,55.2,08-26 00:00,152188
2026-08-26T17:35:14+00:00,AAPLX/USDT,AAPL,314.16,313.18798828125,31.0,08-26 00:00,57821
2026-08-26T18:08:04+00:00,MCDX/USDT,MCD,271.55,266.2049865722656,200.8,08-26 00:00,69735
2026-08-26T18:08:04+00:00,SPYX/USDT,SPY,770.1,765.7050170898438,57.4,08-26 00:00,180565
2026-08-26T18:08:04+00:00,AVGOX/USDT,AVGO,355.51,353.885009765625,45.9,08-26 00:00,152904
2026-08-26T18:08:04+00:00,AAPLX/USDT,AAPL,313.98,313.0299987792969,30.3,08-26 00:00,58326
2026-08-26T18:57:45+00:00,MCDX/USDT,MCD,272.05,266.8550109863281,194.7,08-26 00:00,67551
2026-08-26T18:57:45+00:00,SPYX/USDT,SPY,770.28,766.5499877929688,48.6,08-26 00:00,181727
2026-08-26T18:57:45+00:00,MSTRX/USDT,MSTR,123.38,123.9000015258789,-42.4,08-26 00:00,733848
2026-08-26T18:57:45+00:00,AVGOX/USDT,AVGO,355.66,354.2699890136719,39.2,08-26 00:00,152141
2026-08-26T19:12:13+00:00,MCDX/USDT,MCD,271.65,266.8800048828125,178.9,08-26 00:00,66883
2026-08-26T19:12:13+00:00,AVGOX/USDT,AVGO,356.59,354.510009765625,58.5,08-26 00:00,152842
2026-08-26T19:12:13+00:00,SPYX/USDT,SPY,771.35,767.0700073242188,55.8,08-26 00:00,181089
2026-08-26T19:45:17+00:00,MCDX/USDT,MCD,271.93,267.44000244140625,167.9,08-26 00:00,67047
2026-08-26T19:45:17+00:00,AVGOX/USDT,AVGO,356.28,353.5199890136719,78.2,08-26 00:00,155930
2026-08-26T19:45:17+00:00,SPYX/USDT,SPY,771.1,766.6799926757812,57.6,08-26 00:00,181576
2026-08-26T19:45:17+00:00,QQQX/USDT,QQQ,713.67,711.5349731445312,30.0,08-26 00:00,342083
2026-08-26T20:17:05+00:00,MCDX/USDT,MCD,271.83,266.92999267578125,183.6,08-26 00:00,65734
2026-08-26T20:17:05+00:00,AVGOX/USDT,AVGO,357.93,355.5899963378906,65.8,08-26 00:00,155886
2026-08-26T20:17:05+00:00,SPYX/USDT,SPY,770.64,766.0800170898438,59.5,08-26 00:00,185305
2026-08-26T20:34:00+00:00,MCDX/USDT,MCD,272.07,266.92999267578125,192.7,08-26 00:00,64549
2026-08-26T20:34:00+00:00,NVDAX/USDT,NVDA,206.47,209.66000366210938,-151.9,08-26 00:00,488745
2026-08-26T20:34:00+00:00,SPYX/USDT,SPY,770.61,766.0800170898438,59.1,08-26 00:00,188163
2026-08-26T20:34:00+00:00,QQQX/USDT,QQQ,713.9,711.3699951171875,35.6,08-26 00:00,343190
2026-08-26T20:34:00+00:00,MSTRX/USDT,MSTR,122.8,123.19000244140625,-32.1,08-26 00:00,617483
2026-08-26T20:34:00+00:00,AAPLX/USDT,AAPL,314.39,313.45001220703125,30.1,08-26 00:00,58156
2026-08-26T21:29:48+00:00,NVDAX/USDT,NVDA,219.35,209.66000366210938,462.2,08-26 00:00,591435
2026-08-26T21:29:48+00:00,MCDX/USDT,MCD,271.81,266.92999267578125,183.0,08-26 00:00,63562
2026-08-26T21:29:48+00:00,AVGOX/USDT,AVGO,360.72,355.5899963378906,144.1,08-26 00:00,179563
2026-08-26T21:29:48+00:00,SPYX/USDT,SPY,773.28,766.0800170898438,94.0,08-26 00:00,183901
2026-08-26T21:29:48+00:00,QQQX/USDT,QQQ,717.74,711.3699951171875,89.6,08-26 00:00,340816
2026-08-26T21:29:48+00:00,AMZNX/USDT,AMZN,261.89,260.2799987792969,62.0,08-26 00:00,35198
2026-08-26T21:33:43+00:00,NVDAX/USDT,NVDA,218.12,209.66000366210938,403.5,08-26 00:00,619072
2026-08-26T21:33:43+00:00,MCDX/USDT,MCD,271.69,266.92999267578125,178.3,08-26 00:00,62955
2026-08-26T21:33:43+00:00,MSTRX/USDT,MSTR,124.67,123.19000244140625,120.1,08-26 00:00,614842
2026-08-26T21:33:43+00:00,AVGOX/USDT,AVGO,359.62,355.5899963378906,113.5,08-26 00:00,186990
2026-08-26T21:33:43+00:00,SPYX/USDT,SPY,773.96,766.0800170898438,102.9,08-26 00:00,177387
2026-08-26T21:33:43+00:00,QQQX/USDT,QQQ,718.09,711.3699951171875,94.5,08-26 00:00,339103
2026-08-26T21:33:43+00:00,COINX/USDT,COIN,183.34,181.77999877929688,85.8,08-26 00:00,207256
2026-08-26T21:33:43+00:00,AMZNX/USDT,AMZN,262.33,260.2799987792969,78.8,08-26 00:00,35778
2026-08-26T21:33:43+00:00,TSLAX/USDT,TSLA,347.08,345.82000732421875,36.6,08-26 00:00,355295
2026-08-26T22:31:29+00:00,NVDAX/USDT,NVDA,218.1,209.66000366210938,402.6,08-26 00:00,626893
2026-08-26T22:31:29+00:00,MCDX/USDT,MCD,271.75,266.92999267578125,180.6,08-26 00:00,62833
2026-08-26T22:31:29+00:00,AVGOX/USDT,AVGO,361.88,355.5899963378906,176.7,08-26 00:00,198602
2026-08-26T22:31:29+00:00,QQQX/USDT,QQQ,719.96,711.3699951171875,120.8,08-26 00:00,343508
2026-08-26T22:31:29+00:00,SPYX/USDT,SPY,774.82,766.0800170898438,114.0,08-26 00:00,175895
2026-08-26T22:31:29+00:00,COINX/USDT,COIN,183.74,181.77999877929688,107.5,08-26 00:00,205049
2026-08-26T22:31:29+00:00,MSTRX/USDT,MSTR,124.48,123.19000244140625,105.1,08-26 00:00,625274
2026-08-26T22:31:29+00:00,AMZNX/USDT,AMZN,262.35,260.2799987792969,79.3,08-26 00:00,40815
2026-08-26T22:31:29+00:00,TSLAX/USDT,TSLA,347.65,345.82000732421875,52.9,08-26 00:00,360053
2026-08-26T23:34:41+00:00,NVDAX/USDT,NVDA,218.28,209.66000366210938,411.1,08-26 00:00,630903
2026-08-26T23:34:41+00:00,MCDX/USDT,MCD,271.75,266.92999267578125,180.6,08-26 00:00,63760
2026-08-26T23:34:41+00:00,AVGOX/USDT,AVGO,361.82,355.5899963378906,175.3,08-26 00:00,211120
2026-08-26T23:34:41+00:00,QQQX/USDT,QQQ,720.32,711.3699951171875,125.7,08-26 00:00,346596
2026-08-26T23:34:41+00:00,SPYX/USDT,SPY,774.5,766.0800170898438,109.8,08-26 00:00,171130
2026-08-26T23:34:41+00:00,MSTRX/USDT,MSTR,124.43,123.19000244140625,100.3,08-26 00:00,604426
2026-08-26T23:34:41+00:00,COINX/USDT,COIN,183.39,181.77999877929688,88.8,08-26 00:00,200288
2026-08-26T23:34:41+00:00,AMZNX/USDT,AMZN,261.79,260.2799987792969,58.2,08-26 00:00,41094
2026-08-26T23:34:41+00:00,TSLAX/USDT,TSLA,347.63,345.82000732421875,52.5,08-26 00:00,375562
2026-08-26T23:34:41+00:00,GOOGLX/USDT,GOOGL,343.27,342.0,37.3,08-26 00:00,126752
2026-08-27T00:35:31+00:00,AVGOX/USDT,AVGO,362.94,355.5899963378906,206.6,08-26 00:00,214788
2026-08-27T00:35:31+00:00,MCDX/USDT,MCD,271.85,266.92999267578125,184.3,08-26 00:00,62054
2026-08-27T00:35:31+00:00,MSTRX/USDT,MSTR,124.92,123.19000244140625,140.8,08-26 00:00,593947
2026-08-27T00:35:31+00:00,QQQX/USDT,QQQ,720.5,711.3699951171875,128.4,08-26 00:00,326890
2026-08-27T00:35:31+00:00,SPYX/USDT,SPY,774.39,766.0800170898438,108.5,08-26 00:00,168951
2026-08-27T00:35:31+00:00,AMZNX/USDT,AMZN,261.53,260.2799987792969,48.0,08-26 00:00,40022
2026-08-27T00:35:31+00:00,GOOGLX/USDT,GOOGL,343.52,342.0,44.4,08-26 00:00,131946
2026-08-27T01:08:33+00:00,NVDAX/USDT,NVDA,219.61,209.66000366210938,474.6,08-26 00:00,640291
2026-08-27T01:08:33+00:00,MCDX/USDT,MCD,272.78,266.92999267578125,219.2,08-26 00:00,61737
2026-08-27T01:08:33+00:00,AVGOX/USDT,AVGO,359.82,355.5899963378906,119.1,08-26 00:00,215774
2026-08-27T01:08:33+00:00,MSTRX/USDT,MSTR,124.44,123.19000244140625,101.9,08-26 00:00,540441
2026-08-27T01:08:33+00:00,SPYX/USDT,SPY,773.43,766.0800170898438,95.9,08-26 00:00,171457
2026-08-27T01:08:33+00:00,COINX/USDT,COIN,183.43,181.77999877929688,90.8,08-26 00:00,191213
2026-08-27T01:08:33+00:00,QQQX/USDT,QQQ,717.51,711.3699951171875,86.4,08-26 00:00,250511
2026-08-27T01:08:33+00:00,AAPLX/USDT,AAPL,311.96,313.45001220703125,-47.5,08-26 00:00,67397
2026-08-27T01:52:21+00:00,MCDX/USDT,MCD,272.65,266.92999267578125,214.3,08-26 00:00,62594
2026-08-27T01:52:21+00:00,AVGOX/USDT,AVGO,361.09,355.5899963378906,154.5,08-26 00:00,256412
2026-08-27T01:52:21+00:00,MSTRX/USDT,MSTR,124.8,123.19000244140625,130.3,08-26 00:00,518170
2026-08-27T01:52:21+00:00,COINX/USDT,COIN,183.92,181.77999877929688,117.4,08-26 00:00,188731
2026-08-27T01:52:21+00:00,SPYX/USDT,SPY,773.9,766.0800170898438,102.1,08-26 00:00,171068
2026-08-27T01:52:21+00:00,QQQX/USDT,QQQ,718.29,711.3699951171875,97.3,08-26 00:00,229767
2026-08-27T01:52:21+00:00,AAPLX/USDT,AAPL,311.81,313.45001220703125,-52.5,08-26 00:00,65962
2026-08-27T03:24:53+00:00,AVGOX/USDT,AVGO,362.24,355.5899963378906,186.9,08-26 00:00,307908
2026-08-27T03:24:53+00:00,MCDX/USDT,MCD,270.96,266.92999267578125,150.8,08-26 00:00,63799
2026-08-27T03:24:53+00:00,QQQX/USDT,QQQ,719.27,711.3699951171875,111.1,08-26 00:00,223965
2026-08-27T03:24:53+00:00,SPYX/USDT,SPY,774.03,766.0800170898438,103.8,08-26 00:00,171905
2026-08-27T03:24:53+00:00,MSTRX/USDT,MSTR,124.38,123.19000244140625,96.2,08-26 00:00,489547
2026-08-27T03:24:53+00:00,COINX/USDT,COIN,183.43,181.77999877929688,90.8,08-26 00:00,185771
2026-08-27T03:24:53+00:00,AAPLX/USDT,AAPL,312.09,313.45001220703125,-43.4,08-26 00:00,66548
2026-08-27T04:26:47+00:00,MCDX/USDT,MCD,271.56,266.92999267578125,173.5,08-26 00:00,61015
2026-08-27T04:26:47+00:00,AVGOX/USDT,AVGO,361.51,355.5899963378906,166.6,08-26 00:00,310568
2026-08-27T04:26:47+00:00,MSTRX/USDT,MSTR,124.7,123.19000244140625,122.6,08-26 00:00,486589
2026-08-27T04:26:47+00:00,COINX/USDT,COIN,183.88,181.77999877929688,115.8,08-26 00:00,184809
2026-08-27T04:26:47+00:00,QQQX/USDT,QQQ,719.08,711.3699951171875,108.4,08-26 00:00,231205
2026-08-27T04:26:47+00:00,SPYX/USDT,SPY,774.0,766.0800170898438,103.3,08-26 00:00,170674
2026-08-27T04:26:47+00:00,AAPLX/USDT,AAPL,312.1,313.45001220703125,-43.2,08-26 00:00,66994
2026-08-27T06:12:44+00:00,MCDX/USDT,MCD,271.67,266.92999267578125,177.6,08-26 00:00,58120
2026-08-27T06:12:44+00:00,AVGOX/USDT,AVGO,361.3,355.5899963378906,160.6,08-26 00:00,308802
2026-08-27T06:12:44+00:00,MSTRX/USDT,MSTR,124.38,123.19000244140625,97.0,08-26 00:00,478035
2026-08-27T06:12:44+00:00,QQQX/USDT,QQQ,717.67,711.3699951171875,88.6,08-26 00:00,227999
2026-08-27T06:12:44+00:00,SPYX/USDT,SPY,772.87,766.0800170898438,88.6,08-26 00:00,168467
2026-08-27T06:12:44+00:00,AAPLX/USDT,AAPL,311.73,313.45001220703125,-54.9,08-26 00:00,68139
2026-08-27T06:12:44+00:00,AMZNX/USDT,AMZN,259.39,260.2799987792969,-34.0,08-26 00:00,39187
2026-08-27T06:57:49+00:00,NVDAX/USDT,NVDA,220.19,209.66000366210938,502.0,08-26 00:00,641223
2026-08-27T06:57:49+00:00,AVGOX/USDT,AVGO,363.95,355.5899963378906,235.1,08-26 00:00,335425
2026-08-27T06:57:49+00:00,MCDX/USDT,MCD,270.98,266.92999267578125,151.7,08-26 00:00,57627
2026-08-27T06:57:49+00:00,MSTRX/USDT,MSTR,124.38,123.19000244140625,96.2,08-26 00:00,470955
2026-08-27T06:57:49+00:00,QQQX/USDT,QQQ,718.05,711.3699951171875,94.0,08-26 00:00,233610
2026-08-27T06:57:49+00:00,SPYX/USDT,SPY,772.97,766.0800170898438,89.9,08-26 00:00,169166
2026-08-27T06:57:49+00:00,COINX/USDT,COIN,183.07,181.77999877929688,71.2,08-26 00:00,187176
2026-08-27T06:57:49+00:00,AAPLX/USDT,AAPL,311.73,313.45001220703125,-54.9,08-26 00:00,67938
2026-08-27T06:57:49+00:00,AMZNX/USDT,AMZN,259.29,260.2799987792969,-37.8,08-26 00:00,38652
2026-08-27T07:01:17+00:00,NVDAX/USDT,NVDA,220.76,209.66000366210938,529.4,08-26 00:00,640865
2026-08-27T07:01:17+00:00,AVGOX/USDT,AVGO,366.66,355.5899963378906,311.3,08-26 00:00,340798
2026-08-27T07:01:17+00:00,MCDX/USDT,MCD,270.98,266.92999267578125,151.7,08-26 00:00,57669
2026-08-27T07:01:17+00:00,QQQX/USDT,QQQ,718.05,711.3699951171875,94.0,08-26 00:00,234565
2026-08-27T07:01:17+00:00,MSTRX/USDT,MSTR,124.3,123.19000244140625,90.1,08-26 00:00,470432
2026-08-27T07:01:17+00:00,SPYX/USDT,SPY,772.89,766.0800170898438,88.9,08-26 00:00,169399
2026-08-27T07:01:17+00:00,COINX/USDT,COIN,183.07,181.77999877929688,71.2,08-26 00:00,188252
2026-08-27T07:01:17+00:00,AAPLX/USDT,AAPL,311.63,313.45001220703125,-57.9,08-26 00:00,68016
2026-08-27T07:01:17+00:00,AMZNX/USDT,AMZN,259.2,260.2799987792969,-41.5,08-26 00:00,38652
2026-08-27T09:44:18+00:00,MSTRX/USDT,MSTR,128.83,123.19000244140625,458.2,08-26 00:00,465427
2026-08-27T09:44:18+00:00,COINX/USDT,COIN,187.68,181.77999877929688,324.6,08-26 00:00,188726
2026-08-27T09:44:18+00:00,AVGOX/USDT,AVGO,364.17,355.5899963378906,241.3,08-26 00:00,348344
2026-08-27T09:44:18+00:00,MCDX/USDT,MCD,272.07,266.92999267578125,192.6,08-26 00:00,59681
2026-08-27T09:44:18+00:00,QQQX/USDT,QQQ,720.92,711.3699951171875,134.3,08-26 00:00,228746
2026-08-27T09:44:18+00:00,SPYX/USDT,SPY,774.05,766.0800170898438,104.0,08-26 00:00,169496
2026-08-27T09:44:18+00:00,AAPLX/USDT,AAPL,311.38,313.45001220703125,-66.0,08-26 00:00,67873
2026-08-27T09:44:18+00:00,TSLAX/USDT,TSLA,347.61,345.82000732421875,51.8,08-26 00:00,475894
2026-08-27T11:01:22+00:00,MSTRX/USDT,MSTR,126.88,123.19000244140625,299.1,08-26 00:00,474655
2026-08-27T11:01:22+00:00,AVGOX/USDT,AVGO,364.12,355.5899963378906,240.0,08-26 00:00,349232
2026-08-27T11:01:22+00:00,COINX/USDT,COIN,185.37,181.77999877929688,197.5,08-26 00:00,183805
2026-08-27T11:01:22+00:00,QQQX/USDT,QQQ,720.6,711.3699951171875,129.7,08-26 00:00,224308
2026-08-27T11:01:22+00:00,MCDX/USDT,MCD,270.28,266.92999267578125,125.5,08-26 00:00,77738
2026-08-27T11:01:22+00:00,SPYX/USDT,SPY,773.62,766.0800170898438,98.4,08-26 00:00,162793
2026-08-27T11:01:22+00:00,AAPLX/USDT,AAPL,311.34,313.45001220703125,-67.3,08-26 00:00,70709
2026-08-27T11:01:22+00:00,TSLAX/USDT,TSLA,347.3,345.82000732421875,42.9,08-26 00:00,481366
2026-08-27T11:46:05+00:00,NVDAX/USDT,NVDA,222.07,209.66000366210938,592.1,08-26 00:00,660987
2026-08-27T11:46:05+00:00,MSTRX/USDT,MSTR,126.19,123.19000244140625,243.5,08-26 00:00,466891
2026-08-27T11:46:05+00:00,AVGOX/USDT,AVGO,364.12,355.5899963378906,240.0,08-26 00:00,346958
2026-08-27T11:46:05+00:00,COINX/USDT,COIN,184.58,181.77999877929688,154.3,08-26 00:00,181971
2026-08-27T11:46:05+00:00,MCDX/USDT,MCD,269.86,266.92999267578125,109.6,08-26 00:00,77258
2026-08-27T11:46:05+00:00,SPYX/USDT,SPY,773.08,766.0800170898438,91.4,08-26 00:00,163275
2026-08-27T11:46:05+00:00,AAPLX/USDT,AAPL,311.57,313.45001220703125,-60.0,08-26 00:00,70860
2026-08-27T11:46:05+00:00,AMZNX/USDT,AMZN,259.41,260.2799987792969,-33.2,08-26 00:00,37810
2026-08-27T12:47:02+00:00,NVDAX/USDT,NVDA,222.79,209.66000366210938,626.3,08-26 00:00,660535
2026-08-27T12:47:02+00:00,MSTRX/USDT,MSTR,126.3,123.19000244140625,252.5,08-26 00:00,460335
2026-08-27T12:47:02+00:00,COINX/USDT,COIN,184.84,181.77999877929688,168.6,08-26 00:00,180581
2026-08-27T12:47:02+00:00,QQQX/USDT,QQQ,719.95,711.3699951171875,120.6,08-26 00:00,263625
2026-08-27T12:47:02+00:00,MCDX/USDT,MCD,270.01,266.92999267578125,115.6,08-26 00:00,78334
2026-08-27T12:47:02+00:00,SPYX/USDT,SPY,773.4,766.0800170898438,95.6,08-26 00:00,169624
2026-08-27T12:47:02+00:00,AAPLX/USDT,AAPL,311.3,313.45001220703125,-68.6,08-26 00:00,66415
2026-08-27T14:04:33+00:00,NVDAX/USDT,NVDA,223.51,222.7949981689453,32.1,08-27 00:00,701869
2026-08-27T14:30:45+00:00,MCDX/USDT,MCD,267.95,262.989990234375,188.4,08-27 00:00,78100
2026-08-27T14:30:45+00:00,AVGOX/USDT,AVGO,370.67,367.239990234375,93.5,08-27 00:00,363302
2026-08-27T14:30:45+00:00,SPYX/USDT,SPY,773.83,769.0800170898438,61.7,08-27 00:00,166073
2026-08-27T14:30:45+00:00,QQQX/USDT,QQQ,720.68,717.9000244140625,38.8,08-27 00:00,215545
2026-08-27T14:30:45+00:00,AAPLX/USDT,AAPL,311.69,310.7200012207031,31.1,08-27 00:00,48729
2026-08-27T16:22:35+00:00,MCDX/USDT,MCD,267.75,261.9200134277344,222.4,08-27 00:00,86927
2026-08-27T16:22:35+00:00,AVGOX/USDT,AVGO,371.1,367.80999755859375,89.3,08-27 00:00,360710
2026-08-27T16:22:35+00:00,SPYX/USDT,SPY,774.97,770.4500122070312,58.7,08-27 00:00,163336
2026-08-27T16:22:35+00:00,AAPLX/USDT,AAPL,315.51,314.29998779296875,38.7,08-27 00:00,49367
2026-08-27T16:22:35+00:00,COINX/USDT,COIN,192.81,192.1999969482422,32.0,08-27 00:00,211641
2026-08-27T16:22:35+00:00,QQQX/USDT,QQQ,720.62,718.3200073242188,32.0,08-27 00:00,210827
2026-08-27T16:43:55+00:00,MCDX/USDT,MCD,268.5,261.5199890136719,267.1,08-27 00:00,87275
2026-08-27T16:43:55+00:00,MSTRX/USDT,MSTR,137.44,138.3300018310547,-64.0,08-27 00:00,461424
2026-08-27T16:43:55+00:00,SPYX/USDT,SPY,775.76,771.7150268554688,52.5,08-27 00:00,166135
2026-08-27T16:43:55+00:00,AVGOX/USDT,AVGO,370.92,369.5050048828125,38.2,08-27 00:00,360372
2026-08-27T17:35:18+00:00,MCDX/USDT,MCD,266.07,261.56500244140625,172.2,08-27 00:00,89013
2026-08-27T17:35:18+00:00,AVGOX/USDT,AVGO,370.83,368.4800109863281,63.8,08-27 00:00,361378
2026-08-27T17:35:18+00:00,SPYX/USDT,SPY,776.17,771.739990234375,57.4,08-27 00:00,161909
2026-08-27T19:14:59+00:00,MCDX/USDT,MCD,268.66,260.5159912109375,312.6,08-27 00:00,95115
2026-08-27T19:14:59+00:00,AVGOX/USDT,AVGO,371.25,368.94000244140625,62.7,08-27 00:00,362804
2026-08-27T19:14:59+00:00,SPYX/USDT,SPY,774.22,769.9500122070312,55.5,08-27 00:00,207837
2026-08-27T19:14:59+00:00,AAPLX/USDT,AAPL,315.19,314.2099914550781,31.2,08-27 00:00,44074
2026-08-27T19:31:04+00:00,MCDX/USDT,MCD,267.28,260.1700134277344,273.3,08-27 00:00,98716
2026-08-27T19:31:04+00:00,AVGOX/USDT,AVGO,371.22,369.0600891113281,58.5,08-27 00:00,361476
2026-08-27T19:31:04+00:00,SPYX/USDT,SPY,774.38,770.0399780273438,56.3,08-27 00:00,209405
2026-08-27T20:11:15+00:00,MCDX/USDT,MCD,267.95,260.07501220703125,302.6,08-27 00:00,97599
2026-08-27T20:11:15+00:00,SPYX/USDT,SPY,775.18,771.0800170898438,53.2,08-27 00:00,208705
2026-08-27T20:58:27+00:00,MCDX/USDT,MCD,269.62,260.05999755859375,367.8,08-27 00:00,98021
2026-08-27T20:58:27+00:00,SPYX/USDT,SPY,774.4,771.0999755859375,42.8,08-27 00:00,213491
2026-08-27T20:58:27+00:00,MSTRX/USDT,MSTR,137.84,137.39999389648438,32.0,08-27 00:00,532232
2026-08-27T21:16:31+00:00,MCDX/USDT,MCD,267.83,260.05999755859375,298.8,08-27 00:00,112291
2026-08-27T21:16:31+00:00,MSTRX/USDT,MSTR,138.48,137.39999389648438,78.6,08-27 00:00,523084
2026-08-27T21:16:31+00:00,NVDAX/USDT,NVDA,226.91,227.97999572753906,-46.7,08-27 00:00,486961
2026-08-27T21:16:31+00:00,SPYX/USDT,SPY,774.59,771.0999755859375,45.2,08-27 00:00,211330
2026-08-27T21:16:31+00:00,AVGOX/USDT,AVGO,373.15,371.5400085449219,43.3,08-27 00:00,339752
2026-08-27T21:37:26+00:00,MCDX/USDT,MCD,266.53,260.05999755859375,248.8,08-27 00:00,112884
2026-08-27T21:37:26+00:00,MSTRX/USDT,MSTR,138.52,137.39999389648438,81.5,08-27 00:00,503086
2026-08-27T21:37:26+00:00,AVGOX/USDT,AVGO,373.94,371.5400085449219,64.5,08-27 00:00,333893
2026-08-27T21:37:26+00:00,SPYX/USDT,SPY,775.07,771.0999755859375,51.5,08-27 00:00,212209
2026-08-27T21:37:26+00:00,NVDAX/USDT,NVDA,226.81,227.97999572753906,-51.1,08-27 00:00,484760
2026-08-27T21:37:26+00:00,COINX/USDT,COIN,189.8,190.72000122070312,-48.2,08-27 00:00,201071
2026-08-27T22:26:06+00:00,MCDX/USDT,MCD,266.85,260.05999755859375,260.9,08-27 00:00,115099
2026-08-27T22:26:06+00:00,MSTRX/USDT,MSTR,139.07,137.39999389648438,121.9,08-27 00:00,487179
2026-08-27T22:26:06+00:00,NVDAX/USDT,NVDA,226.47,227.97999572753906,-66.5,08-27 00:00,480678
2026-08-27T22:26:06+00:00,AVGOX/USDT,AVGO,373.88,371.5400085449219,63.1,08-27 00:00,333825
2026-08-27T22:26:06+00:00,SPYX/USDT,SPY,774.38,771.0999755859375,42.5,08-27 00:00,209437
2026-08-27T22:32:21+00:00,MCDX/USDT,MCD,266.15,260.05999755859375,234.4,08-27 00:00,115910
2026-08-27T22:32:21+00:00,MSTRX/USDT,MSTR,138.75,137.39999389648438,97.9,08-27 00:00,486155
2026-08-27T22:32:21+00:00,NVDAX/USDT,NVDA,226.64,227.97999572753906,-58.8,08-27 00:00,482721
2026-08-27T22:32:21+00:00,AVGOX/USDT,AVGO,373.58,371.5400085449219,54.9,08-27 00:00,322090
2026-08-27T22:32:21+00:00,SPYX/USDT,SPY,774.34,771.0999755859375,42.0,08-27 00:00,209293
2026-08-27T23:00:55+00:00,MCDX/USDT,MCD,267.69,260.05999755859375,293.4,08-27 00:00,116301
2026-08-27T23:00:55+00:00,MSTRX/USDT,MSTR,138.72,137.39999389648438,96.4,08-27 00:00,485053
2026-08-27T23:00:55+00:00,NVDAX/USDT,NVDA,226.47,227.97999572753906,-66.2,08-27 00:00,486861
2026-08-27T23:00:55+00:00,AVGOX/USDT,AVGO,373.58,371.5400085449219,54.9,08-27 00:00,318720
2026-08-27T23:00:55+00:00,SPYX/USDT,SPY,774.26,771.0999755859375,41.0,08-27 00:00,208584
2026-08-27T23:35:00+00:00,MCDX/USDT,MCD,266.57,260.05999755859375,250.3,08-27 00:00,115205
2026-08-27T23:35:00+00:00,MSTRX/USDT,MSTR,138.76,137.39999389648438,99.3,08-27 00:00,484218
2026-08-27T23:35:00+00:00,NVDAX/USDT,NVDA,226.15,227.97999572753906,-80.3,08-27 00:00,491906
2026-08-27T23:35:00+00:00,AVGOX/USDT,AVGO,373.5,371.5400085449219,52.9,08-27 00:00,311512
2026-08-27T23:35:00+00:00,SPYX/USDT,SPY,773.95,771.0999755859375,37.0,08-27 00:00,210274
2026-08-28T00:18:28+00:00,MCDX/USDT,MCD,265.02,260.05999755859375,190.9,08-27 00:00,118829
2026-08-28T00:18:28+00:00,MSTRX/USDT,MSTR,139.5,137.39999389648438,153.2,08-27 00:00,481317
2026-08-28T00:18:28+00:00,NVDAX/USDT,NVDA,226.55,227.97999572753906,-62.9,08-27 00:00,478297
2026-08-28T00:18:28+00:00,AVGOX/USDT,AVGO,373.59,371.5400085449219,55.2,08-27 00:00,311193
2026-08-28T00:18:28+00:00,AAPLX/USDT,AAPL,316.03,314.5799865722656,46.1,08-27 00:00,44705
2026-08-28T00:18:28+00:00,COINX/USDT,COIN,191.55,190.72000122070312,43.5,08-27 00:00,197229
2026-08-28T00:18:28+00:00,SPYX/USDT,SPY,774.32,771.0999755859375,41.7,08-27 00:00,212305
2026-08-28T02:35:22+00:00,MCDX/USDT,MCD,264.52,260.05999755859375,171.7,08-27 00:00,121038
2026-08-28T02:35:22+00:00,MSTRX/USDT,MSTR,139.3,137.39999389648438,137.9,08-27 00:00,498226
2026-08-28T02:35:22+00:00,AVGOX/USDT,AVGO,374.53,371.5400085449219,80.6,08-27 00:00,219542
2026-08-28T02:35:22+00:00,NVDAX/USDT,NVDA,226.69,227.97999572753906,-56.8,08-27 00:00,476961
2026-08-28T02:35:22+00:00,SPYX/USDT,SPY,775.15,771.0999755859375,52.5,08-27 00:00,211372
2026-08-28T02:35:22+00:00,AAPLX/USDT,AAPL,316.1,314.5799865722656,48.2,08-27 00:00,50465
2026-08-28T02:35:22+00:00,GOOGLX/USDT,GOOGL,342.16,340.6499938964844,44.3,08-27 00:00,147993
2026-08-28T03:35:29+00:00,MCDX/USDT,MCD,264.61,260.05999755859375,175.0,08-27 00:00,121845
2026-08-28T03:35:29+00:00,AVGOX/USDT,AVGO,375.67,371.5400085449219,111.2,08-27 00:00,219841
2026-08-28T03:35:29+00:00,MSTRX/USDT,MSTR,138.69,137.39999389648438,93.9,08-27 00:00,509682
2026-08-28T03:35:29+00:00,SPYX/USDT,SPY,775.4,771.0999755859375,55.8,08-27 00:00,210902
2026-08-28T03:35:29+00:00,AAPLX/USDT,AAPL,316.21,314.5799865722656,51.8,08-27 00:00,50856
2026-08-28T03:35:29+00:00,NVDAX/USDT,NVDA,227.01,227.97999572753906,-42.5,08-27 00:00,480298
2026-08-28T03:35:29+00:00,GOOGLX/USDT,GOOGL,341.96,340.6499938964844,38.5,08-27 00:00,144582
2026-08-28T04:06:13+00:00,MCDX/USDT,MCD,264.72,260.05999755859375,179.2,08-27 00:00,120529
2026-08-28T04:06:13+00:00,AVGOX/USDT,AVGO,374.94,371.5400085449219,91.4,08-27 00:00,218050
2026-08-28T04:06:13+00:00,NVDAX/USDT,NVDA,226.59,227.97999572753906,-60.8,08-27 00:00,479207
2026-08-28T04:06:13+00:00,SPYX/USDT,SPY,774.98,771.0999755859375,50.3,08-27 00:00,214813
2026-08-28T04:06:13+00:00,MSTRX/USDT,MSTR,138.06,137.39999389648438,48.0,08-27 00:00,522016
2026-08-28T04:06:13+00:00,AAPLX/USDT,AAPL,315.95,314.5799865722656,43.6,08-27 00:00,50452
2026-08-28T04:06:13+00:00,COINX/USDT,COIN,189.96,190.72000122070312,-39.8,08-27 00:00,199258
2026-08-28T04:06:13+00:00,GOOGLX/USDT,GOOGL,341.74,340.6499938964844,32.0,08-27 00:00,142190
2026-08-28T04:30:31+00:00,MCDX/USDT,MCD,265.42,260.05999755859375,206.3,08-27 00:00,119838
2026-08-28T04:30:31+00:00,AVGOX/USDT,AVGO,374.91,371.5400085449219,90.8,08-27 00:00,217939
2026-08-28T04:30:31+00:00,MSTRX/USDT,MSTR,138.54,137.39999389648438,83.0,08-27 00:00,549505
2026-08-28T04:30:31+00:00,SPYX/USDT,SPY,775.08,771.0999755859375,51.6,08-27 00:00,218401
2026-08-28T04:30:31+00:00,NVDAX/USDT,NVDA,226.81,227.97999572753906,-51.1,08-27 00:00,477639
2026-08-28T04:30:31+00:00,AAPLX/USDT,AAPL,316.12,314.5799865722656,49.0,08-27 00:00,50837
2026-08-28T05:01:03+00:00,MCDX/USDT,MCD,265.42,260.05999755859375,206.3,08-27 00:00,119189
2026-08-28T05:01:03+00:00,AVGOX/USDT,AVGO,374.94,371.5400085449219,91.4,08-27 00:00,217078
2026-08-28T05:01:03+00:00,NVDAX/USDT,NVDA,226.81,227.97999572753906,-51.5,08-27 00:00,482381
2026-08-28T05:01:03+00:00,AAPLX/USDT,AAPL,316.15,314.5799865722656,50.1,08-27 00:00,49880
2026-08-28T05:01:03+00:00,SPYX/USDT,SPY,774.8,771.0999755859375,48.0,08-27 00:00,219586
2026-08-28T05:01:03+00:00,COINX/USDT,COIN,189.88,190.72000122070312,-43.8,08-27 00:00,201788
2026-08-28T05:01:03+00:00,GOOGLX/USDT,GOOGL,341.79,340.6499938964844,33.5,08-27 00:00,144139
2026-08-28T05:01:03+00:00,MSTRX/USDT,MSTR,137.86,137.39999389648438,33.1,08-27 00:00,590270
2026-08-28T05:31:09+00:00,MCDX/USDT,MCD,266.68,260.05999755859375,254.4,08-27 00:00,126580
2026-08-28T05:31:09+00:00,AVGOX/USDT,AVGO,374.94,371.5400085449219,91.4,08-27 00:00,216412
2026-08-28T05:31:09+00:00,NVDAX/USDT,NVDA,226.55,227.97999572753906,-62.7,08-27 00:00,482710
2026-08-28T05:31:09+00:00,SPYX/USDT,SPY,775.53,771.0999755859375,57.5,08-27 00:00,264185
2026-08-28T05:31:09+00:00,MSTRX/USDT,MSTR,138.18,137.39999389648438,56.4,08-27 00:00,644685
2026-08-28T05:31:09+00:00,COINX/USDT,COIN,189.75,190.72000122070312,-50.6,08-27 00:00,201388
2026-08-28T05:31:09+00:00,AAPLX/USDT,AAPL,316.13,314.5799865722656,49.4,08-27 00:00,51700
2026-08-28T05:31:09+00:00,GOOGLX/USDT,GOOGL,341.81,340.6499938964844,34.2,08-27 00:00,152879
2026-08-28T06:30:19+00:00,MCDX/USDT,MCD,266.06,260.05999755859375,230.9,08-27 00:00,127088
2026-08-28T06:30:19+00:00,MSTRX/USDT,MSTR,138.32,137.39999389648438,67.3,08-27 00:00,738297
2026-08-28T06:30:19+00:00,NVDAX/USDT,NVDA,226.54,227.97999572753906,-63.4,08-27 00:00,495555
2026-08-28T06:30:19+00:00,SPYX/USDT,SPY,775.55,771.0999755859375,57.6,08-27 00:00,283461
2026-08-28T06:30:19+00:00,AAPLX/USDT,AAPL,316.26,314.5799865722656,53.4,08-27 00:00,55704
2026-08-28T06:30:19+00:00,AVGOX/USDT,AVGO,373.52,371.5400085449219,53.3,08-27 00:00,214794
2026-08-28T07:01:18+00:00,MCDX/USDT,MCD,266.06,260.05999755859375,230.9,08-27 00:00,125992
2026-08-28T07:01:18+00:00,MSTRX/USDT,MSTR,138.7,137.39999389648438,94.6,08-27 00:00,766004
2026-08-28T07:01:18+00:00,AAPLX/USDT,AAPL,316.78,314.5799865722656,69.9,08-27 00:00,58024
2026-08-28T07:01:18+00:00,SPYX/USDT,SPY,776.25,771.0999755859375,66.8,08-27 00:00,281043
2026-08-28T07:01:18+00:00,NVDAX/USDT,NVDA,227.09,227.97999572753906,-39.0,08-27 00:00,504226
2026-08-28T07:01:18+00:00,GOOGLX/USDT,GOOGL,341.88,340.6499938964844,36.0,08-27 00:00,161321
2026-08-28T07:01:18+00:00,AVGOX/USDT,AVGO,372.74,371.5400085449219,32.2,08-27 00:00,181594
2026-08-28T07:31:23+00:00,MCDX/USDT,MCD,265.75,260.05999755859375,218.6,08-27 00:00,125633
2026-08-28T07:31:23+00:00,SPYX/USDT,SPY,776.32,771.0999755859375,67.7,08-27 00:00,285718
2026-08-28T07:31:23+00:00,MSTRX/USDT,MSTR,138.3,137.39999389648438,65.5,08-27 00:00,792556
2026-08-28T07:31:23+00:00,AAPLX/USDT,AAPL,316.47,314.5799865722656,59.9,08-27 00:00,65181
2026-08-28T07:31:23+00:00,NVDAX/USDT,NVDA,226.82,227.97999572753906,-50.7,08-27 00:00,514500
2026-08-28T07:31:23+00:00,GOOGLX/USDT,GOOGL,342.05,340.6499938964844,41.1,08-27 00:00,156836
2026-08-28T07:31:23+00:00,COINX/USDT,COIN,189.94,190.72000122070312,-40.6,08-27 00:00,201935
2026-08-28T08:00:41+00:00,MCDX/USDT,MCD,267.96,260.05999755859375,303.8,08-27 00:00,127142
2026-08-28T08:00:41+00:00,SPYX/USDT,SPY,775.99,771.0999755859375,63.4,08-27 00:00,290998
2026-08-28T08:00:41+00:00,NVDAX/USDT,NVDA,226.59,227.97999572753906,-60.8,08-27 00:00,526558
2026-08-28T08:00:41+00:00,AAPLX/USDT,AAPL,316.27,314.5799865722656,53.9,08-27 00:00,69634
2026-08-28T08:00:41+00:00,COINX/USDT,COIN,189.87,190.72000122070312,-44.6,08-27 00:00,200783
2026-08-28T08:00:41+00:00,GOOGLX/USDT,GOOGL,341.7,340.6499938964844,30.8,08-27 00:00,155167
2026-08-28T08:00:41+00:00,AMZNX/USDT,AMZN,257.05,256.260009765625,30.6,08-27 00:00,26286
2026-08-28T08:31:53+00:00,MCDX/USDT,MCD,266.74,260.05999755859375,256.9,08-27 00:00,128297
2026-08-28T08:31:53+00:00,SPYX/USDT,SPY,775.97,771.0999755859375,63.2,08-27 00:00,309327
2026-08-28T08:31:53+00:00,GOOGLX/USDT,GOOGL,342.67,340.6499938964844,59.3,08-27 00:00,157820
2026-08-28T08:31:53+00:00,AAPLX/USDT,AAPL,316.38,314.5799865722656,57.2,08-27 00:00,72886
2026-08-28T08:31:53+00:00,COINX/USDT,COIN,189.75,190.72000122070312,-50.9,08-27 00:00,199388
2026-08-28T08:31:53+00:00,AMZNX/USDT,AMZN,257.56,256.260009765625,50.9,08-27 00:00,26199
2026-08-28T09:09:08+00:00,MCDX/USDT,MCD,268.39,260.05999755859375,320.3,08-27 00:00,148031
2026-08-28T09:09:08+00:00,COINX/USDT,COIN,188.16,190.72000122070312,-134.5,08-27 00:00,200420
2026-08-28T09:09:08+00:00,MSTRX/USDT,MSTR,135.84,137.39999389648438,-113.2,08-27 00:00,951039
2026-08-28T09:09:08+00:00,NVDAX/USDT,NVDA,225.64,227.97999572753906,-102.6,08-27 00:00,545078
2026-08-28T09:09:08+00:00,TSLAX/USDT,TSLA,357.4,354.80999755859375,73.1,08-27 00:00,453564
2026-08-28T09:09:08+00:00,AAPLX/USDT,AAPL,316.59,314.5799865722656,63.9,08-27 00:00,73812
2026-08-28T09:09:08+00:00,GOOGLX/USDT,GOOGL,342.62,340.6499938964844,58.0,08-27 00:00,158857
2026-08-28T09:09:08+00:00,AMZNX/USDT,AMZN,257.72,256.260009765625,56.8,08-27 00:00,24494
2026-08-28T09:09:08+00:00,SPYX/USDT,SPY,775.42,771.0999755859375,56.0,08-27 00:00,310222
2026-08-28T09:57:33+00:00,MCDX/USDT,MCD,263.79,260.05999755859375,143.6,08-27 00:00,165337
2026-08-28T09:57:33+00:00,SPYX/USDT,SPY,776.1,771.0999755859375,64.8,08-27 00:00,310047
2026-08-28T09:57:33+00:00,GOOGLX/USDT,GOOGL,342.74,340.6499938964844,61.4,08-27 00:00,162282
2026-08-28T09:57:33+00:00,AAPLX/USDT,AAPL,316.19,314.5799865722656,51.2,08-27 00:00,73885
2026-08-28T09:57:33+00:00,AMZNX/USDT,AMZN,257.37,256.260009765625,43.3,08-27 00:00,24584
2026-08-28T10:14:10+00:00,MSTRX/USDT,MSTR,134.25,137.39999389648438,-229.6,08-27 00:00,1051557
2026-08-28T10:14:10+00:00,MCDX/USDT,MCD,265.61,260.05999755859375,213.4,08-27 00:00,164285
2026-08-28T10:14:10+00:00,COINX/USDT,COIN,187.12,190.72000122070312,-188.8,08-27 00:00,199310
2026-08-28T10:14:10+00:00,NVDAX/USDT,NVDA,226.11,227.97999572753906,-82.0,08-27 00:00,557431
2026-08-28T10:14:10+00:00,SPYX/USDT,SPY,776.09,771.0999755859375,64.7,08-27 00:00,324124
2026-08-28T10:14:10+00:00,GOOGLX/USDT,GOOGL,342.53,340.6499938964844,55.2,08-27 00:00,167443
2026-08-28T10:14:10+00:00,AAPLX/USDT,AAPL,316.28,314.5799865722656,54.2,08-27 00:00,80160
2026-08-28T10:14:10+00:00,TSLAX/USDT,TSLA,356.16,354.80999755859375,38.0,08-27 00:00,452654
2026-08-28T10:14:10+00:00,AMZNX/USDT,AMZN,257.22,256.260009765625,37.3,08-27 00:00,24514
2026-08-28T10:30:31+00:00,MSTRX/USDT,MSTR,134.63,137.39999389648438,-201.6,08-27 00:00,1084006
2026-08-28T10:30:31+00:00,MCDX/USDT,MCD,265.28,260.05999755859375,200.9,08-27 00:00,149820
2026-08-28T10:30:31+00:00,COINX/USDT,COIN,187.56,190.72000122070312,-165.4,08-27 00:00,199744
2026-08-28T10:30:31+00:00,SPYX/USDT,SPY,776.06,771.0999755859375,64.3,08-27 00:00,325341
2026-08-28T10:30:31+00:00,NVDAX/USDT,NVDA,226.56,227.97999572753906,-62.1,08-27 00:00,556481
2026-08-28T10:30:31+00:00,GOOGLX/USDT,GOOGL,342.49,340.6499938964844,54.0,08-27 00:00,162994
2026-08-28T10:30:31+00:00,AAPLX/USDT,AAPL,316.24,314.5799865722656,52.8,08-27 00:00,79660
2026-08-28T10:30:31+00:00,TSLAX/USDT,TSLA,356.37,354.80999755859375,44.0,08-27 00:00,454706
2026-08-28T10:30:31+00:00,AMZNX/USDT,AMZN,257.24,256.260009765625,38.0,08-27 00:00,24715
2026-08-28T11:31:04+00:00,MCDX/USDT,MCD,265.67,260.05999755859375,215.9,08-27 00:00,152395
2026-08-28T11:31:04+00:00,MSTRX/USDT,MSTR,136.14,137.39999389648438,-91.7,08-27 00:00,1127014
2026-08-28T11:31:04+00:00,COINX/USDT,COIN,189.21,190.72000122070312,-79.2,08-27 00:00,197281
2026-08-28T11:31:04+00:00,SPYX/USDT,SPY,776.06,771.0999755859375,64.3,08-27 00:00,323103
2026-08-28T11:31:04+00:00,AAPLX/USDT,AAPL,316.5,314.5799865722656,60.9,08-27 00:00,80170
2026-08-28T11:31:04+00:00,GOOGLX/USDT,GOOGL,342.41,340.6499938964844,51.8,08-27 00:00,162974
2026-08-28T11:31:04+00:00,AMZNX/USDT,AMZN,257.44,256.260009765625,45.9,08-27 00:00,24176
2026-08-28T11:31:04+00:00,TSLAX/USDT,TSLA,356.26,354.80999755859375,41.0,08-27 00:00,457463
2026-08-28T11:31:04+00:00,AVGOX/USDT,AVGO,372.95,371.5400085449219,37.9,08-27 00:00,181424
2026-08-28T12:01:15+00:00,MCDX/USDT,MCD,265.42,260.05999755859375,206.1,08-27 00:00,156390
2026-08-28T12:01:15+00:00,MSTRX/USDT,MSTR,135.4,137.39999389648438,-145.9,08-27 00:00,1128596
2026-08-28T12:01:15+00:00,COINX/USDT,COIN,188.19,190.72000122070312,-132.9,08-27 00:00,199715
2026-08-28T12:01:15+00:00,AAPLX/USDT,AAPL,317.22,314.5799865722656,83.9,08-27 00:00,81132
2026-08-28T12:01:15+00:00,SPYX/USDT,SPY,775.59,771.0999755859375,58.2,08-27 00:00,321305
2026-08-28T12:01:15+00:00,NVDAX/USDT,NVDA,226.85,227.97999572753906,-49.6,08-27 00:00,573371
2026-08-28T12:01:15+00:00,GOOGLX/USDT,GOOGL,342.16,340.6499938964844,44.3,08-27 00:00,163044
2026-08-28T12:01:15+00:00,AMZNX/USDT,AMZN,257.17,256.260009765625,35.3,08-27 00:00,24072
2026-08-28T12:01:15+00:00,AVGOX/USDT,AVGO,372.79,371.5400085449219,33.6,08-27 00:00,180371
2026-08-28T12:30:16+00:00,MCDX/USDT,MCD,265.42,260.05999755859375,206.3,08-27 00:00,159707
2026-08-28T12:30:16+00:00,MSTRX/USDT,MSTR,135.31,137.39999389648438,-152.1,08-27 00:00,1131218
2026-08-28T12:30:16+00:00,COINX/USDT,COIN,188.07,190.72000122070312,-138.7,08-27 00:00,198631
2026-08-28T12:30:16+00:00,AVGOX/USDT,AVGO,374.88,371.5400085449219,90.0,08-27 00:00,181451
2026-08-28T12:30:16+00:00,AAPLX/USDT,AAPL,317.12,314.5799865722656,80.7,08-27 00:00,81689
2026-08-28T12:30:16+00:00,SPYX/USDT,SPY,776.6,771.0999755859375,71.3,08-27 00:00,326126
2026-08-28T12:30:16+00:00,GOOGLX/USDT,GOOGL,342.44,340.6499938964844,52.5,08-27 00:00,166256
2026-08-28T12:30:16+00:00,AMZNX/USDT,AMZN,257.19,256.260009765625,36.1,08-27 00:00,23622
2026-08-28T13:00:22+00:00,MSTRX/USDT,MSTR,134.79,137.39999389648438,-190.3,08-27 00:00,1150020
2026-08-28T13:00:22+00:00,COINX/USDT,COIN,187.72,190.72000122070312,-157.0,08-27 00:00,199571
2026-08-28T13:00:22+00:00,MCDX/USDT,MCD,264.12,260.05999755859375,155.9,08-27 00:00,159075
2026-08-28T13:00:22+00:00,AVGOX/USDT,AVGO,376.45,371.5400085449219,132.0,08-27 00:00,181185
2026-08-28T13:00:22+00:00,AAPLX/USDT,AAPL,316.94,314.5799865722656,74.9,08-27 00:00,81919
2026-08-28T13:00:22+00:00,SPYX/USDT,SPY,776.69,771.0999755859375,72.5,08-27 00:00,327696
2026-08-28T13:00:22+00:00,AMZNX/USDT,AMZN,257.71,256.260009765625,56.4,08-27 00:00,23477
2026-08-28T13:00:22+00:00,GOOGLX/USDT,GOOGL,342.36,340.6499938964844,50.1,08-27 00:00,163955
2026-08-28T13:30:52+00:00,MCDX/USDT,MCD,265.29,260.44500732421875,186.0,08-28 00:00,158936
2026-08-28T13:30:52+00:00,SPYX/USDT,SPY,776.44,771.9310302734375,58.4,08-28 00:00,329058
2026-08-28T13:30:52+00:00,MSTRX/USDT,MSTR,134.69,133.91099548339844,57.8,08-28 00:00,1154312
2026-08-28T13:30:52+00:00,AVGOX/USDT,AVGO,375.84,374.4150085449219,37.9,08-28 00:00,170913
2026-08-28T13:30:52+00:00,AAPLX/USDT,AAPL,316.97,315.9049987792969,33.6,08-28 00:00,82385
2026-08-28T14:00:35+00:00,MCDX/USDT,MCD,267.61,264.07501220703125,133.9,08-28 00:00,158485
2026-08-28T14:00:35+00:00,AVGOX/USDT,AVGO,376.51,373.7950134277344,72.6,08-28 00:00,124652
2026-08-28T14:00:35+00:00,SPYX/USDT,SPY,777.22,772.719970703125,58.2,08-28 00:00,336939
2026-08-28T14:00:35+00:00,COINX/USDT,COIN,187.22,187.91000366210938,-37.0,08-28 00:00,168376
2026-08-28T14:30:40+00:00,MCDX/USDT,MCD,267.64,263.70989990234375,149.0,08-28 00:00,158724
2026-08-28T14:30:40+00:00,AVGOX/USDT,AVGO,375.21,372.1600036621094,82.0,08-28 00:00,119051
2026-08-28T14:30:40+00:00,SPYX/USDT,SPY,775.44,771.22998046875,54.7,08-28 00:00,339498
2026-08-28T17:12:55+00:00,MCDX/USDT,MCD,268.48,263.4898986816406,189.2,08-28 00:00,155046
2026-08-28T17:12:55+00:00,AVGOX/USDT,AVGO,369.34,366.1650085449219,86.7,08-28 00:00,120746
2026-08-28T17:12:55+00:00,SPYX/USDT,SPY,773.55,768.97998046875,59.4,08-28 00:00,370801
2026-08-28T18:01:17+00:00,MCDX/USDT,MCD,268.95,263.2950134277344,214.6,08-28 00:00,152496
2026-08-28T18:01:17+00:00,AVGOX/USDT,AVGO,370.66,367.8699951171875,75.8,08-28 00:00,118280
2026-08-28T18:01:17+00:00,SPYX/USDT,SPY,773.87,769.39501953125,58.1,08-28 00:00,376340
2026-08-28T18:01:17+00:00,QQQX/USDT,QQQ,718.84,716.6099853515625,31.0,08-28 00:00,166164
2026-08-28T18:49:55+00:00,MCDX/USDT,MCD,268.95,264.0299987792969,186.2,08-28 00:00,149763
2026-08-28T18:49:55+00:00,AVGOX/USDT,AVGO,370.66,367.552490234375,84.5,08-28 00:00,118960
2026-08-28T18:49:55+00:00,SPYX/USDT,SPY,773.58,768.7899780273438,62.2,08-28 00:00,338476
2026-08-28T18:49:55+00:00,MSTRX/USDT,MSTR,127.19,126.4800033569336,56.1,08-28 00:00,1496911
2026-08-28T18:49:55+00:00,QQQX/USDT,QQQ,718.19,715.7529907226562,34.0,08-28 00:00,165100
2026-08-28T18:49:55+00:00,AAPLX/USDT,AAPL,320.51,319.45001220703125,33.2,08-28 00:00,281416
2026-08-28T19:07:51+00:00,MCDX/USDT,MCD,268.79,263.9200134277344,184.7,08-28 00:00,151913
2026-08-28T19:07:51+00:00,AVGOX/USDT,AVGO,370.66,367.3232116699219,90.8,08-28 00:00,118579
2026-08-28T19:07:51+00:00,SPYX/USDT,SPY,773.35,768.9400024414062,57.4,08-28 00:00,330571
2026-08-28T21:09:50+00:00,MCDX/USDT,MCD,266.88,265.0,70.9,08-28 00:00,144064
2026-08-28T21:09:50+00:00,SPYX/USDT,SPY,773.66,769.3499755859375,56.0,08-28 00:00,332699
2026-08-28T21:09:50+00:00,AVGOX/USDT,AVGO,370.38,368.7900085449219,43.2,08-28 00:00,115698
2026-08-28T21:09:50+00:00,AAPLX/USDT,AAPL,320.94,319.70001220703125,38.9,08-28 00:00,285182
2026-08-28T21:09:50+00:00,QQQX/USDT,QQQ,718.68,716.4299926757812,31.5,08-28 00:00,167756
2026-08-28T21:42:45+00:00,MCDX/USDT,MCD,266.73,265.0,65.1,08-28 00:00,134958
2026-08-28T21:42:45+00:00,SPYX/USDT,SPY,774.01,769.3499755859375,60.6,08-28 00:00,329985
2026-08-28T21:42:45+00:00,AVGOX/USDT,AVGO,370.4,368.7900085449219,43.7,08-28 00:00,116396
2026-08-28T21:42:45+00:00,AAPLX/USDT,AAPL,320.74,319.70001220703125,32.5,08-28 00:00,286487
2026-08-28T22:29:54+00:00,MCDX/USDT,MCD,267.5,265.0,94.2,08-28 00:00,134304
2026-08-28T22:29:54+00:00,SPYX/USDT,SPY,774.06,769.3499755859375,61.2,08-28 00:00,334368
2026-08-28T22:29:54+00:00,AVGOX/USDT,AVGO,370.38,368.7900085449219,43.0,08-28 00:00,117406
2026-08-28T22:29:54+00:00,COINX/USDT,COIN,178.06,178.63999938964844,-32.2,08-28 00:00,197442
2026-08-28T22:29:54+00:00,AAPLX/USDT,AAPL,320.72,319.70001220703125,31.7,08-28 00:00,287583
2026-08-28T22:39:09+00:00,MCDX/USDT,MCD,267.5,265.0,94.2,08-28 00:00,134744
2026-08-28T22:39:09+00:00,SPYX/USDT,SPY,774.02,769.3499755859375,60.8,08-28 00:00,336852
2026-08-28T22:39:09+00:00,AVGOX/USDT,AVGO,370.44,368.7900085449219,44.6,08-28 00:00,116600
2026-08-28T22:39:09+00:00,AAPLX/USDT,AAPL,320.8,319.70001220703125,34.4,08-28 00:00,286101
2026-08-28T23:39:55+00:00,MCDX/USDT,MCD,266.79,265.0,67.5,08-28 00:00,142286
2026-08-28T23:39:55+00:00,SPYX/USDT,SPY,773.97,769.3499755859375,60.1,08-28 00:00,335060
2026-08-28T23:39:55+00:00,AVGOX/USDT,AVGO,370.56,368.7900085449219,48.1,08-28 00:00,116682
2026-08-28T23:39:55+00:00,AAPLX/USDT,AAPL,320.91,319.70001220703125,37.8,08-28 00:00,286194
2026-08-29T00:16:00+00:00,MCDX/USDT,MCD,267.26,265.0,85.5,08-28 00:00,139247
2026-08-29T00:16:00+00:00,AVGOX/USDT,AVGO,371.28,368.7900085449219,67.7,08-28 00:00,114617
2026-08-29T00:16:00+00:00,MSTRX/USDT,MSTR,128.03,127.30999755859375,56.2,08-28 00:00,1546612
2026-08-29T00:16:00+00:00,SPYX/USDT,SPY,773.36,769.3499755859375,52.1,08-28 00:00,334294
2026-08-29T00:16:00+00:00,AAPLX/USDT,AAPL,320.96,319.70001220703125,39.3,08-28 00:00,285806
2026-08-29T00:32:37+00:00,MCDX/USDT,MCD,267.26,265.0,85.5,08-28 00:00,139167
2026-08-29T00:32:37+00:00,AVGOX/USDT,AVGO,371.09,368.7900085449219,62.2,08-28 00:00,114268
2026-08-29T00:32:37+00:00,SPYX/USDT,SPY,773.69,769.3499755859375,56.5,08-28 00:00,333355
2026-08-29T00:32:37+00:00,MSTRX/USDT,MSTR,128.01,127.30999755859375,55.4,08-28 00:00,1545913
2026-08-29T00:32:37+00:00,AAPLX/USDT,AAPL,320.93,319.70001220703125,38.5,08-28 00:00,285934
2026-08-29T09:00:16+00:00,AVGOX/USDT,AVGO,371.74,368.7900085449219,80.0,08-28 00:00,86885
2026-08-29T09:00:16+00:00,SPYX/USDT,SPY,775.13,769.3499755859375,75.2,08-28 00:00,181322
2026-08-29T09:00:16+00:00,AAPLX/USDT,AAPL,321.98,319.70001220703125,71.2,08-28 00:00,273026
2026-08-29T09:00:16+00:00,NVDAX/USDT,NVDA,218.94,217.5500030517578,64.1,08-28 00:00,426828
2026-08-29T09:00:16+00:00,MCDX/USDT,MCD,266.16,265.0,44.0,08-28 00:00,91562
2026-08-29T09:00:16+00:00,QQQX/USDT,QQQ,719.2,716.4299926757812,38.7,08-28 00:00,110318
2026-08-29T09:00:16+00:00,COINX/USDT,COIN,177.99,178.63999938964844,-36.4,08-28 00:00,178430
2026-08-29T09:30:25+00:00,AVGOX/USDT,AVGO,371.61,368.7900085449219,76.5,08-28 00:00,84146
2026-08-29T09:30:25+00:00,AAPLX/USDT,AAPL,322.04,319.70001220703125,73.2,08-28 00:00,273380
2026-08-29T09:30:25+00:00,SPYX/USDT,SPY,774.96,769.3499755859375,72.9,08-28 00:00,176409
2026-08-29T09:30:25+00:00,NVDAX/USDT,NVDA,218.95,217.5500030517578,64.6,08-28 00:00,412661
2026-08-29T09:30:25+00:00,MCDX/USDT,MCD,266.21,265.0,45.7,08-28 00:00,73386
2026-08-29T09:30:25+00:00,QQQX/USDT,QQQ,719.23,716.4299926757812,39.1,08-28 00:00,105169
2026-08-29T09:30:25+00:00,TSLAX/USDT,TSLA,349.81,348.75,30.5,08-28 00:00,289904
2026-08-29T10:00:31+00:00,MCDX/USDT,MCD,267.72,265.0,102.6,08-28 00:00,70510
2026-08-29T10:00:31+00:00,AVGOX/USDT,AVGO,371.52,368.7900085449219,74.2,08-28 00:00,81390
2026-08-29T10:00:31+00:00,SPYX/USDT,SPY,774.83,769.3499755859375,71.2,08-28 00:00,172385
2026-08-29T10:00:31+00:00,AAPLX/USDT,AAPL,321.87,319.70001220703125,67.9,08-28 00:00,274224
2026-08-29T10:00:31+00:00,NVDAX/USDT,NVDA,218.9,217.5500030517578,62.1,08-28 00:00,408728
2026-08-29T10:00:31+00:00,QQQX/USDT,QQQ,718.89,716.4299926757812,34.3,08-28 00:00,102562
2026-08-29T10:30:43+00:00,MCDX/USDT,MCD,267.51,265.0,94.9,08-28 00:00,69345
2026-08-29T10:30:43+00:00,AVGOX/USDT,AVGO,371.83,368.7900085449219,82.6,08-28 00:00,77588
2026-08-29T10:30:43+00:00,SPYX/USDT,SPY,774.91,769.3499755859375,72.3,08-28 00:00,159002
2026-08-29T10:30:43+00:00,AAPLX/USDT,AAPL,321.88,319.70001220703125,68.0,08-28 00:00,266429
2026-08-29T10:30:43+00:00,NVDAX/USDT,NVDA,218.89,217.5500030517578,61.6,08-28 00:00,399280
2026-08-29T10:30:43+00:00,QQQX/USDT,QQQ,718.88,716.4299926757812,34.2,08-28 00:00,100858
2026-08-29T10:30:43+00:00,MSTRX/USDT,MSTR,127.69,127.30999755859375,30.2,08-28 00:00,902371
2026-08-29T11:00:51+00:00,MCDX/USDT,MCD,267.45,265.0,92.5,08-28 00:00,66805
2026-08-29T11:00:51+00:00,AVGOX/USDT,AVGO,371.74,368.7900085449219,80.0,08-28 00:00,75770
2026-08-29T11:00:51+00:00,SPYX/USDT,SPY,775.12,769.3499755859375,75.1,08-28 00:00,157335
2026-08-29T11:00:51+00:00,AAPLX/USDT,AAPL,321.76,319.70001220703125,64.4,08-28 00:00,266587
2026-08-29T11:00:51+00:00,NVDAX/USDT,NVDA,218.94,217.5500030517578,64.1,08-28 00:00,389458
2026-08-29T11:00:51+00:00,QQQX/USDT,QQQ,719.18,716.4299926757812,38.5,08-28 00:00,92813
2026-08-29T11:30:57+00:00,MCDX/USDT,MCD,267.68,265.0,100.9,08-28 00:00,64640
2026-08-29T11:30:57+00:00,AVGOX/USDT,AVGO,372.07,368.7900085449219,89.1,08-28 00:00,74496
2026-08-29T11:30:57+00:00,SPYX/USDT,SPY,775.05,769.3499755859375,74.0,08-28 00:00,152851
2026-08-29T11:30:57+00:00,NVDAX/USDT,NVDA,219.04,217.5500030517578,68.3,08-28 00:00,387167
2026-08-29T11:30:57+00:00,AAPLX/USDT,AAPL,321.73,319.70001220703125,63.5,08-28 00:00,265471
2026-08-29T11:30:57+00:00,QQQX/USDT,QQQ,719.19,716.4299926757812,38.5,08-28 00:00,92036
2026-08-29T11:30:57+00:00,MSTRX/USDT,MSTR,127.71,127.30999755859375,31.0,08-28 00:00,850242
2026-08-30T07:42:31+00:00,NVDAX/USDT,NVDA,219.11,217.55,71.7
2026-08-30T07:42:32+00:00,TSLAX/USDT,TSLA,350.99,348.75,64.1
2026-08-30T07:42:32+00:00,COINX/USDT,COIN,179.82,178.64,66.1
2026-08-30T07:42:32+00:00,MSTRX/USDT,MSTR,129.22,127.31,149.6
2026-08-30T07:42:32+00:00,AAPLX/USDT,AAPL,321.34,319.7,51.3
2026-08-30T07:42:33+00:00,AMZNX/USDT,AMZN,266.49,266.43,2.1
2026-08-30T07:42:33+00:00,GOOGLX/USDT,GOOGL,346.32,346.59,-7.6
2026-08-30T07:42:33+00:00,QQQX/USDT,QQQ,719.87,716.43,48.0
2026-08-30T07:42:34+00:00,SPYX/USDT,SPY,775.03,769.35,73.8
2026-08-30T07:42:34+00:00,MCDX/USDT,MCD,268.15,265.0,119.1
2026-08-30T07:42:34+00:00,AVGOX/USDT,AVGO,373.85,368.79,137.1
2026-08-31T07:56:37+00:00,NVDAX/USDT,NVDA,219.06,217.55,69.2
2026-08-31T07:56:38+00:00,TSLAX/USDT,TSLA,348.87,348.75,3.3
2026-08-31T07:56:38+00:00,COINX/USDT,COIN,179.82,178.64,66.1
2026-08-31T07:56:38+00:00,MSTRX/USDT,MSTR,128.98,127.31,130.8
2026-08-31T07:56:39+00:00,AAPLX/USDT,AAPL,319.73,319.7,0.9
2026-08-31T07:56:39+00:00,AMZNX/USDT,AMZN,265.84,266.43,-22.3
2026-08-31T07:56:39+00:00,GOOGLX/USDT,GOOGL,345.76,346.59,-23.9
2026-08-31T07:56:39+00:00,QQQX/USDT,QQQ,718.94,716.43,35.1
2026-08-31T07:56:40+00:00,SPYX/USDT,SPY,772.66,769.35,43.1
2026-08-31T07:56:40+00:00,MCDX/USDT,MCD,268.75,265.0,141.5
2026-08-31T07:56:40+00:00,AVGOX/USDT,AVGO,373.74,368.79,134.1
